ISO-10303-21;
HEADER;
FILE_DESCRIPTION(('Open CASCADE Model'),'2;1');
FILE_NAME('Open CASCADE Shape Model','2026-09-24T15:22:10',('Author'),(
    'Open CASCADE'),'Open CASCADE STEP processor 8.0','build123d',
  'Unknown');
FILE_SCHEMA(('AUTOMOTIVE_DESIGN { 1 0 10303 214 1 1 1 1 }'));
ENDSEC;
DATA;
#1 = APPLICATION_PROTOCOL_DEFINITION('international standard',
  'automotive_design',2000,#2);
#2 = APPLICATION_CONTEXT(
  'core data for automotive mechanical design processes');
#3 = SHAPE_DEFINITION_REPRESENTATION(#4,#10);
#4 = PRODUCT_DEFINITION_SHAPE('','',#5);
#5 = PRODUCT_DEFINITION('design','',#6,#9);
#6 = PRODUCT_DEFINITION_FORMATION('','',#7);
#7 = PRODUCT('COMPOUND','COMPOUND','',(#8));
#8 = PRODUCT_CONTEXT('',#2,'mechanical');
#9 = PRODUCT_DEFINITION_CONTEXT('part definition',#2,'design');
#10 = ADVANCED_BREP_SHAPE_REPRESENTATION('',(#11,#15),#3437);
#11 = AXIS2_PLACEMENT_3D('',#12,#13,#14);
#12 = CARTESIAN_POINT('',(0.,0.,0.));
#13 = DIRECTION('',(0.,0.,1.));
#14 = DIRECTION('',(1.,0.,-0.));
#15 = MANIFOLD_SOLID_BREP('',#16);
#16 = CLOSED_SHELL('',(#17,#477,#551,#720,#796,#1001,#1612,#1724,#1797,
    #1877,#1902,#1928,#1935,#2047,#2120,#2200,#2225,#2251,#2258,#2341,
    #2423,#2523,#2549,#2604,#2639,#2694,#2729,#2784,#2788,#2814,#2822,
    #2898,#3056,#3083,#3110,#3117,#3164,#3191,#3218,#3225,#3270,#3297,
    #3322,#3350,#3376,#3403,#3428));
#17 = ADVANCED_FACE('',(#18,#257,#367),#32,.F.);
#18 = FACE_BOUND('',#19,.F.);
#19 = EDGE_LOOP('',(#20,#55,#84,#112,#141,#169,#198,#226));
#20 = ORIENTED_EDGE('',*,*,#21,.T.);
#21 = EDGE_CURVE('',#22,#24,#26,.T.);
#22 = VERTEX_POINT('',#23);
#23 = CARTESIAN_POINT('',(18.988283229402,6.5,-1.));
#24 = VERTEX_POINT('',#25);
#25 = CARTESIAN_POINT('',(14.587354112381,6.5,-1.));
#26 = SURFACE_CURVE('',#27,(#31,#43),.PCURVE_S1.);
#27 = LINE('',#28,#29);
#28 = CARTESIAN_POINT('',(18.988283229402,6.5,-1.));
#29 = VECTOR('',#30,1.);
#30 = DIRECTION('',(-1.,0.,0.));
#31 = PCURVE('',#32,#37);
#32 = PLANE('',#33);
#33 = AXIS2_PLACEMENT_3D('',#34,#35,#36);
#34 = CARTESIAN_POINT('',(0.,0.,-1.));
#35 = DIRECTION('',(0.,0.,1.));
#36 = DIRECTION('',(1.,0.,-0.));
#37 = DEFINITIONAL_REPRESENTATION('',(#38),#42);
#38 = LINE('',#39,#40);
#39 = CARTESIAN_POINT('',(18.988283229402,6.5));
#40 = VECTOR('',#41,1.);
#41 = DIRECTION('',(-1.,0.));
#42 = ( GEOMETRIC_REPRESENTATION_CONTEXT(2) 
PARAMETRIC_REPRESENTATION_CONTEXT() REPRESENTATION_CONTEXT('2D SPACE',''
  ) );
#43 = PCURVE('',#44,#49);
#44 = PLANE('',#45);
#45 = AXIS2_PLACEMENT_3D('',#46,#47,#48);
#46 = CARTESIAN_POINT('',(12.8,6.5,-1.));
#47 = DIRECTION('',(-0.,1.,0.));
#48 = DIRECTION('',(0.,0.,1.));
#49 = DEFINITIONAL_REPRESENTATION('',(#50),#54);
#50 = LINE('',#51,#52);
#51 = CARTESIAN_POINT('',(0.,6.188283229402));
#52 = VECTOR('',#53,1.);
#53 = DIRECTION('',(0.,-1.));
#54 = ( GEOMETRIC_REPRESENTATION_CONTEXT(2) 
PARAMETRIC_REPRESENTATION_CONTEXT() REPRESENTATION_CONTEXT('2D SPACE',''
  ) );
#55 = ORIENTED_EDGE('',*,*,#56,.T.);
#56 = EDGE_CURVE('',#24,#57,#59,.T.);
#57 = VERTEX_POINT('',#58);
#58 = CARTESIAN_POINT('',(-14.58735411238,6.5,-1.));
#59 = SURFACE_CURVE('',#60,(#65,#72),.PCURVE_S1.);
#60 = CIRCLE('',#61,15.97);
#61 = AXIS2_PLACEMENT_3D('',#62,#63,#64);
#62 = CARTESIAN_POINT('',(0.,0.,-1.));
#63 = DIRECTION('',(0.,0.,1.));
#64 = DIRECTION('',(1.,0.,-0.));
#65 = PCURVE('',#32,#66);
#66 = DEFINITIONAL_REPRESENTATION('',(#67),#71);
#67 = CIRCLE('',#68,15.97);
#68 = AXIS2_PLACEMENT_2D('',#69,#70);
#69 = CARTESIAN_POINT('',(0.,0.));
#70 = DIRECTION('',(1.,0.));
#71 = ( GEOMETRIC_REPRESENTATION_CONTEXT(2) 
PARAMETRIC_REPRESENTATION_CONTEXT() REPRESENTATION_CONTEXT('2D SPACE',''
  ) );
#72 = PCURVE('',#73,#78);
#73 = CYLINDRICAL_SURFACE('',#74,15.97);
#74 = AXIS2_PLACEMENT_3D('',#75,#76,#77);
#75 = CARTESIAN_POINT('',(0.,0.,-1.));
#76 = DIRECTION('',(0.,0.,1.));
#77 = DIRECTION('',(1.,0.,-0.));
#78 = DEFINITIONAL_REPRESENTATION('',(#79),#83);
#79 = LINE('',#80,#81);
#80 = CARTESIAN_POINT('',(0.,0.));
#81 = VECTOR('',#82,1.);
#82 = DIRECTION('',(1.,0.));
#83 = ( GEOMETRIC_REPRESENTATION_CONTEXT(2) 
PARAMETRIC_REPRESENTATION_CONTEXT() REPRESENTATION_CONTEXT('2D SPACE',''
  ) );
#84 = ORIENTED_EDGE('',*,*,#85,.T.);
#85 = EDGE_CURVE('',#57,#86,#88,.T.);
#86 = VERTEX_POINT('',#87);
#87 = CARTESIAN_POINT('',(-18.9882832294,6.5,-1.));
#88 = SURFACE_CURVE('',#89,(#93,#100),.PCURVE_S1.);
#89 = LINE('',#90,#91);
#90 = CARTESIAN_POINT('',(-12.8,6.5,-1.));
#91 = VECTOR('',#92,1.);
#92 = DIRECTION('',(-1.,0.,0.));
#93 = PCURVE('',#32,#94);
#94 = DEFINITIONAL_REPRESENTATION('',(#95),#99);
#95 = LINE('',#96,#97);
#96 = CARTESIAN_POINT('',(-12.8,6.5));
#97 = VECTOR('',#98,1.);
#98 = DIRECTION('',(-1.,0.));
#99 = ( GEOMETRIC_REPRESENTATION_CONTEXT(2) 
PARAMETRIC_REPRESENTATION_CONTEXT() REPRESENTATION_CONTEXT('2D SPACE',''
  ) );
#100 = PCURVE('',#101,#106);
#101 = PLANE('',#102);
#102 = AXIS2_PLACEMENT_3D('',#103,#104,#105);
#103 = CARTESIAN_POINT('',(-15.97,6.5,-1.));
#104 = DIRECTION('',(-0.,1.,0.));
#105 = DIRECTION('',(0.,0.,1.));
#106 = DEFINITIONAL_REPRESENTATION('',(#107),#111);
#107 = LINE('',#108,#109);
#108 = CARTESIAN_POINT('',(0.,3.17));
#109 = VECTOR('',#110,1.);
#110 = DIRECTION('',(0.,-1.));
#111 = ( GEOMETRIC_REPRESENTATION_CONTEXT(2) 
PARAMETRIC_REPRESENTATION_CONTEXT() REPRESENTATION_CONTEXT('2D SPACE',''
  ) );
#112 = ORIENTED_EDGE('',*,*,#113,.T.);
#113 = EDGE_CURVE('',#86,#114,#116,.T.);
#114 = VERTEX_POINT('',#115);
#115 = CARTESIAN_POINT('',(-18.9882832294,-6.5,-1.));
#116 = SURFACE_CURVE('',#117,(#122,#129),.PCURVE_S1.);
#117 = CIRCLE('',#118,20.07);
#118 = AXIS2_PLACEMENT_3D('',#119,#120,#121);
#119 = CARTESIAN_POINT('',(0.,0.,-1.));
#120 = DIRECTION('',(0.,0.,1.));
#121 = DIRECTION('',(-0.946102801664,0.323866467364,0.));
#122 = PCURVE('',#32,#123);
#123 = DEFINITIONAL_REPRESENTATION('',(#124),#128);
#124 = CIRCLE('',#125,20.07);
#125 = AXIS2_PLACEMENT_2D('',#126,#127);
#126 = CARTESIAN_POINT('',(0.,0.));
#127 = DIRECTION('',(-0.946102801664,0.323866467364));
#128 = ( GEOMETRIC_REPRESENTATION_CONTEXT(2) 
PARAMETRIC_REPRESENTATION_CONTEXT() REPRESENTATION_CONTEXT('2D SPACE',''
  ) );
#129 = PCURVE('',#130,#135);
#130 = CYLINDRICAL_SURFACE('',#131,20.07);
#131 = AXIS2_PLACEMENT_3D('',#132,#133,#134);
#132 = CARTESIAN_POINT('',(0.,0.,-2.));
#133 = DIRECTION('',(0.,0.,1.));
#134 = DIRECTION('',(1.,0.,-0.));
#135 = DEFINITIONAL_REPRESENTATION('',(#136),#140);
#136 = LINE('',#137,#138);
#137 = CARTESIAN_POINT('',(2.81177927884,1.));
#138 = VECTOR('',#139,1.);
#139 = DIRECTION('',(1.,0.));
#140 = ( GEOMETRIC_REPRESENTATION_CONTEXT(2) 
PARAMETRIC_REPRESENTATION_CONTEXT() REPRESENTATION_CONTEXT('2D SPACE',''
  ) );
#141 = ORIENTED_EDGE('',*,*,#142,.T.);
#142 = EDGE_CURVE('',#114,#143,#145,.T.);
#143 = VERTEX_POINT('',#144);
#144 = CARTESIAN_POINT('',(-14.58735411238,-6.5,-1.));
#145 = SURFACE_CURVE('',#146,(#150,#157),.PCURVE_S1.);
#146 = LINE('',#147,#148);
#147 = CARTESIAN_POINT('',(-18.9882832294,-6.5,-1.));
#148 = VECTOR('',#149,1.);
#149 = DIRECTION('',(1.,0.,0.));
#150 = PCURVE('',#32,#151);
#151 = DEFINITIONAL_REPRESENTATION('',(#152),#156);
#152 = LINE('',#153,#154);
#153 = CARTESIAN_POINT('',(-18.9882832294,-6.5));
#154 = VECTOR('',#155,1.);
#155 = DIRECTION('',(1.,0.));
#156 = ( GEOMETRIC_REPRESENTATION_CONTEXT(2) 
PARAMETRIC_REPRESENTATION_CONTEXT() REPRESENTATION_CONTEXT('2D SPACE',''
  ) );
#157 = PCURVE('',#158,#163);
#158 = PLANE('',#159);
#159 = AXIS2_PLACEMENT_3D('',#160,#161,#162);
#160 = CARTESIAN_POINT('',(-15.97,-6.5,-1.));
#161 = DIRECTION('',(-0.,1.,0.));
#162 = DIRECTION('',(0.,0.,1.));
#163 = DEFINITIONAL_REPRESENTATION('',(#164),#168);
#164 = LINE('',#165,#166);
#165 = CARTESIAN_POINT('',(0.,-3.018283229402));
#166 = VECTOR('',#167,1.);
#167 = DIRECTION('',(0.,1.));
#168 = ( GEOMETRIC_REPRESENTATION_CONTEXT(2) 
PARAMETRIC_REPRESENTATION_CONTEXT() REPRESENTATION_CONTEXT('2D SPACE',''
  ) );
#169 = ORIENTED_EDGE('',*,*,#170,.T.);
#170 = EDGE_CURVE('',#143,#171,#173,.T.);
#171 = VERTEX_POINT('',#172);
#172 = CARTESIAN_POINT('',(14.587354112381,-6.5,-1.));
#173 = SURFACE_CURVE('',#174,(#179,#186),.PCURVE_S1.);
#174 = CIRCLE('',#175,15.97);
#175 = AXIS2_PLACEMENT_3D('',#176,#177,#178);
#176 = CARTESIAN_POINT('',(0.,0.,-1.));
#177 = DIRECTION('',(0.,0.,1.));
#178 = DIRECTION('',(1.,0.,-0.));
#179 = PCURVE('',#32,#180);
#180 = DEFINITIONAL_REPRESENTATION('',(#181),#185);
#181 = CIRCLE('',#182,15.97);
#182 = AXIS2_PLACEMENT_2D('',#183,#184);
#183 = CARTESIAN_POINT('',(0.,0.));
#184 = DIRECTION('',(1.,0.));
#185 = ( GEOMETRIC_REPRESENTATION_CONTEXT(2) 
PARAMETRIC_REPRESENTATION_CONTEXT() REPRESENTATION_CONTEXT('2D SPACE',''
  ) );
#186 = PCURVE('',#187,#192);
#187 = CYLINDRICAL_SURFACE('',#188,15.97);
#188 = AXIS2_PLACEMENT_3D('',#189,#190,#191);
#189 = CARTESIAN_POINT('',(0.,0.,-1.));
#190 = DIRECTION('',(0.,0.,1.));
#191 = DIRECTION('',(1.,0.,-0.));
#192 = DEFINITIONAL_REPRESENTATION('',(#193),#197);
#193 = LINE('',#194,#195);
#194 = CARTESIAN_POINT('',(0.,0.));
#195 = VECTOR('',#196,1.);
#196 = DIRECTION('',(1.,0.));
#197 = ( GEOMETRIC_REPRESENTATION_CONTEXT(2) 
PARAMETRIC_REPRESENTATION_CONTEXT() REPRESENTATION_CONTEXT('2D SPACE',''
  ) );
#198 = ORIENTED_EDGE('',*,*,#199,.T.);
#199 = EDGE_CURVE('',#171,#200,#202,.T.);
#200 = VERTEX_POINT('',#201);
#201 = CARTESIAN_POINT('',(18.988283229402,-6.5,-1.));
#202 = SURFACE_CURVE('',#203,(#207,#214),.PCURVE_S1.);
#203 = LINE('',#204,#205);
#204 = CARTESIAN_POINT('',(12.8,-6.5,-1.));
#205 = VECTOR('',#206,1.);
#206 = DIRECTION('',(1.,0.,0.));
#207 = PCURVE('',#32,#208);
#208 = DEFINITIONAL_REPRESENTATION('',(#209),#213);
#209 = LINE('',#210,#211);
#210 = CARTESIAN_POINT('',(12.8,-6.5));
#211 = VECTOR('',#212,1.);
#212 = DIRECTION('',(1.,0.));
#213 = ( GEOMETRIC_REPRESENTATION_CONTEXT(2) 
PARAMETRIC_REPRESENTATION_CONTEXT() REPRESENTATION_CONTEXT('2D SPACE',''
  ) );
#214 = PCURVE('',#215,#220);
#215 = PLANE('',#216);
#216 = AXIS2_PLACEMENT_3D('',#217,#218,#219);
#217 = CARTESIAN_POINT('',(12.8,-6.5,-1.));
#218 = DIRECTION('',(-0.,1.,0.));
#219 = DIRECTION('',(0.,0.,1.));
#220 = DEFINITIONAL_REPRESENTATION('',(#221),#225);
#221 = LINE('',#222,#223);
#222 = CARTESIAN_POINT('',(0.,0.));
#223 = VECTOR('',#224,1.);
#224 = DIRECTION('',(0.,1.));
#225 = ( GEOMETRIC_REPRESENTATION_CONTEXT(2) 
PARAMETRIC_REPRESENTATION_CONTEXT() REPRESENTATION_CONTEXT('2D SPACE',''
  ) );
#226 = ORIENTED_EDGE('',*,*,#227,.F.);
#227 = EDGE_CURVE('',#22,#200,#228,.T.);
#228 = SURFACE_CURVE('',#229,(#234,#245),.PCURVE_S1.);
#229 = CIRCLE('',#230,20.07);
#230 = AXIS2_PLACEMENT_3D('',#231,#232,#233);
#231 = CARTESIAN_POINT('',(0.,0.,-1.));
#232 = DIRECTION('',(0.,0.,-1.));
#233 = DIRECTION('',(0.946102801664,0.323866467364,0.));
#234 = PCURVE('',#32,#235);
#235 = DEFINITIONAL_REPRESENTATION('',(#236),#244);
#236 = ( BOUNDED_CURVE() B_SPLINE_CURVE(2,(#237,#238,#239,#240,#241,#242
,#243),.UNSPECIFIED.,.T.,.F.) B_SPLINE_CURVE_WITH_KNOTS((1,2,2,2,2,1),(
    -2.094395102393,0.,2.094395102393,4.188790204786,6.28318530718,
8.377580409573),.UNSPECIFIED.) CURVE() GEOMETRIC_REPRESENTATION_ITEM() 
RATIONAL_B_SPLINE_CURVE((1.,0.5,1.,0.5,1.,0.5,1.)) REPRESENTATION_ITEM(
  '') );
#237 = CARTESIAN_POINT('',(18.988283229402,6.5));
#238 = CARTESIAN_POINT('',(30.2466134786,-26.38867130183));
#239 = CARTESIAN_POINT('',(-3.864976490102,-19.69433565091));
#240 = CARTESIAN_POINT('',(-37.9765664588,-13.));
#241 = CARTESIAN_POINT('',(-15.1233067393,13.194335650916));
#242 = CARTESIAN_POINT('',(7.729952980205,39.388671301833));
#243 = CARTESIAN_POINT('',(18.988283229402,6.5));
#244 = ( GEOMETRIC_REPRESENTATION_CONTEXT(2) 
PARAMETRIC_REPRESENTATION_CONTEXT() REPRESENTATION_CONTEXT('2D SPACE',''
  ) );
#245 = PCURVE('',#246,#251);
#246 = CYLINDRICAL_SURFACE('',#247,20.07);
#247 = AXIS2_PLACEMENT_3D('',#248,#249,#250);
#248 = CARTESIAN_POINT('',(0.,0.,-2.));
#249 = DIRECTION('',(0.,0.,1.));
#250 = DIRECTION('',(1.,0.,-0.));
#251 = DEFINITIONAL_REPRESENTATION('',(#252),#256);
#252 = LINE('',#253,#254);
#253 = CARTESIAN_POINT('',(6.61299868193,1.));
#254 = VECTOR('',#255,1.);
#255 = DIRECTION('',(-1.,-0.));
#256 = ( GEOMETRIC_REPRESENTATION_CONTEXT(2) 
PARAMETRIC_REPRESENTATION_CONTEXT() REPRESENTATION_CONTEXT('2D SPACE',''
  ) );
#257 = FACE_BOUND('',#258,.F.);
#258 = EDGE_LOOP('',(#259,#288,#315,#342));
#259 = ORIENTED_EDGE('',*,*,#260,.F.);
#260 = EDGE_CURVE('',#261,#263,#265,.T.);
#261 = VERTEX_POINT('',#262);
#262 = CARTESIAN_POINT('',(18.57,4.4,-1.));
#263 = VERTEX_POINT('',#264);
#264 = CARTESIAN_POINT('',(16.77,4.4,-1.));
#265 = SURFACE_CURVE('',#266,(#270,#277),.PCURVE_S1.);
#266 = LINE('',#267,#268);
#267 = CARTESIAN_POINT('',(14.785,4.4,-1.));
#268 = VECTOR('',#269,1.);
#269 = DIRECTION('',(-1.,-0.,0.));
#270 = PCURVE('',#32,#271);
#271 = DEFINITIONAL_REPRESENTATION('',(#272),#276);
#272 = LINE('',#273,#274);
#273 = CARTESIAN_POINT('',(14.785,4.4));
#274 = VECTOR('',#275,1.);
#275 = DIRECTION('',(-1.,0.));
#276 = ( GEOMETRIC_REPRESENTATION_CONTEXT(2) 
PARAMETRIC_REPRESENTATION_CONTEXT() REPRESENTATION_CONTEXT('2D SPACE',''
  ) );
#277 = PCURVE('',#278,#283);
#278 = PLANE('',#279);
#279 = AXIS2_PLACEMENT_3D('',#280,#281,#282);
#280 = CARTESIAN_POINT('',(16.77,4.4,-2.));
#281 = DIRECTION('',(-0.,1.,0.));
#282 = DIRECTION('',(0.,0.,1.));
#283 = DEFINITIONAL_REPRESENTATION('',(#284),#287);
#284 = B_SPLINE_CURVE_WITH_KNOTS('',1,(#285,#286),.UNSPECIFIED.,.F.,.F.,
  (2,2),(-3.785,-1.985),.PIECEWISE_BEZIER_KNOTS.);
#285 = CARTESIAN_POINT('',(1.,1.8));
#286 = CARTESIAN_POINT('',(1.,0.));
#287 = ( GEOMETRIC_REPRESENTATION_CONTEXT(2) 
PARAMETRIC_REPRESENTATION_CONTEXT() REPRESENTATION_CONTEXT('2D SPACE',''
  ) );
#288 = ORIENTED_EDGE('',*,*,#289,.F.);
#289 = EDGE_CURVE('',#290,#261,#292,.T.);
#290 = VERTEX_POINT('',#291);
#291 = CARTESIAN_POINT('',(18.57,-4.4,-1.));
#292 = SURFACE_CURVE('',#293,(#297,#304),.PCURVE_S1.);
#293 = LINE('',#294,#295);
#294 = CARTESIAN_POINT('',(18.57,-5.45,-1.));
#295 = VECTOR('',#296,1.);
#296 = DIRECTION('',(-0.,1.,0.));
#297 = PCURVE('',#32,#298);
#298 = DEFINITIONAL_REPRESENTATION('',(#299),#303);
#299 = LINE('',#300,#301);
#300 = CARTESIAN_POINT('',(18.57,-5.45));
#301 = VECTOR('',#302,1.);
#302 = DIRECTION('',(0.,1.));
#303 = ( GEOMETRIC_REPRESENTATION_CONTEXT(2) 
PARAMETRIC_REPRESENTATION_CONTEXT() REPRESENTATION_CONTEXT('2D SPACE',''
  ) );
#304 = PCURVE('',#305,#310);
#305 = PLANE('',#306);
#306 = AXIS2_PLACEMENT_3D('',#307,#308,#309);
#307 = CARTESIAN_POINT('',(18.57,-4.4,-2.));
#308 = DIRECTION('',(1.,0.,-0.));
#309 = DIRECTION('',(0.,0.,1.));
#310 = DEFINITIONAL_REPRESENTATION('',(#311),#314);
#311 = B_SPLINE_CURVE_WITH_KNOTS('',1,(#312,#313),.UNSPECIFIED.,.F.,.F.,
  (2,2),(1.05,9.85),.PIECEWISE_BEZIER_KNOTS.);
#312 = CARTESIAN_POINT('',(1.,0.));
#313 = CARTESIAN_POINT('',(1.,-8.8));
#314 = ( GEOMETRIC_REPRESENTATION_CONTEXT(2) 
PARAMETRIC_REPRESENTATION_CONTEXT() REPRESENTATION_CONTEXT('2D SPACE',''
  ) );
#315 = ORIENTED_EDGE('',*,*,#316,.T.);
#316 = EDGE_CURVE('',#290,#317,#319,.T.);
#317 = VERTEX_POINT('',#318);
#318 = CARTESIAN_POINT('',(16.77,-4.4,-1.));
#319 = SURFACE_CURVE('',#320,(#324,#331),.PCURVE_S1.);
#320 = LINE('',#321,#322);
#321 = CARTESIAN_POINT('',(14.785,-4.4,-1.));
#322 = VECTOR('',#323,1.);
#323 = DIRECTION('',(-1.,-0.,0.));
#324 = PCURVE('',#32,#325);
#325 = DEFINITIONAL_REPRESENTATION('',(#326),#330);
#326 = LINE('',#327,#328);
#327 = CARTESIAN_POINT('',(14.785,-4.4));
#328 = VECTOR('',#329,1.);
#329 = DIRECTION('',(-1.,0.));
#330 = ( GEOMETRIC_REPRESENTATION_CONTEXT(2) 
PARAMETRIC_REPRESENTATION_CONTEXT() REPRESENTATION_CONTEXT('2D SPACE',''
  ) );
#331 = PCURVE('',#332,#337);
#332 = PLANE('',#333);
#333 = AXIS2_PLACEMENT_3D('',#334,#335,#336);
#334 = CARTESIAN_POINT('',(16.77,-4.4,-2.));
#335 = DIRECTION('',(-0.,1.,0.));
#336 = DIRECTION('',(0.,0.,1.));
#337 = DEFINITIONAL_REPRESENTATION('',(#338),#341);
#338 = B_SPLINE_CURVE_WITH_KNOTS('',1,(#339,#340),.UNSPECIFIED.,.F.,.F.,
  (2,2),(-3.785,-1.985),.PIECEWISE_BEZIER_KNOTS.);
#339 = CARTESIAN_POINT('',(1.,1.8));
#340 = CARTESIAN_POINT('',(1.,0.));
#341 = ( GEOMETRIC_REPRESENTATION_CONTEXT(2) 
PARAMETRIC_REPRESENTATION_CONTEXT() REPRESENTATION_CONTEXT('2D SPACE',''
  ) );
#342 = ORIENTED_EDGE('',*,*,#343,.T.);
#343 = EDGE_CURVE('',#317,#263,#344,.T.);
#344 = SURFACE_CURVE('',#345,(#349,#356),.PCURVE_S1.);
#345 = LINE('',#346,#347);
#346 = CARTESIAN_POINT('',(16.77,-5.45,-1.));
#347 = VECTOR('',#348,1.);
#348 = DIRECTION('',(-0.,1.,0.));
#349 = PCURVE('',#32,#350);
#350 = DEFINITIONAL_REPRESENTATION('',(#351),#355);
#351 = LINE('',#352,#353);
#352 = CARTESIAN_POINT('',(16.77,-5.45));
#353 = VECTOR('',#354,1.);
#354 = DIRECTION('',(0.,1.));
#355 = ( GEOMETRIC_REPRESENTATION_CONTEXT(2) 
PARAMETRIC_REPRESENTATION_CONTEXT() REPRESENTATION_CONTEXT('2D SPACE',''
  ) );
#356 = PCURVE('',#357,#362);
#357 = PLANE('',#358);
#358 = AXIS2_PLACEMENT_3D('',#359,#360,#361);
#359 = CARTESIAN_POINT('',(16.77,-4.4,-2.));
#360 = DIRECTION('',(1.,0.,-0.));
#361 = DIRECTION('',(0.,0.,1.));
#362 = DEFINITIONAL_REPRESENTATION('',(#363),#366);
#363 = B_SPLINE_CURVE_WITH_KNOTS('',1,(#364,#365),.UNSPECIFIED.,.F.,.F.,
  (2,2),(1.05,9.85),.PIECEWISE_BEZIER_KNOTS.);
#364 = CARTESIAN_POINT('',(1.,0.));
#365 = CARTESIAN_POINT('',(1.,-8.8));
#366 = ( GEOMETRIC_REPRESENTATION_CONTEXT(2) 
PARAMETRIC_REPRESENTATION_CONTEXT() REPRESENTATION_CONTEXT('2D SPACE',''
  ) );
#367 = FACE_BOUND('',#368,.F.);
#368 = EDGE_LOOP('',(#369,#398,#425,#452));
#369 = ORIENTED_EDGE('',*,*,#370,.F.);
#370 = EDGE_CURVE('',#371,#373,#375,.T.);
#371 = VERTEX_POINT('',#372);
#372 = CARTESIAN_POINT('',(-16.77,4.4,-1.));
#373 = VERTEX_POINT('',#374);
#374 = CARTESIAN_POINT('',(-18.57,4.4,-1.));
#375 = SURFACE_CURVE('',#376,(#380,#387),.PCURVE_S1.);
#376 = LINE('',#377,#378);
#377 = CARTESIAN_POINT('',(-17.27,4.4,-1.));
#378 = VECTOR('',#379,1.);
#379 = DIRECTION('',(-1.,-0.,0.));
#380 = PCURVE('',#32,#381);
#381 = DEFINITIONAL_REPRESENTATION('',(#382),#386);
#382 = LINE('',#383,#384);
#383 = CARTESIAN_POINT('',(-17.27,4.4));
#384 = VECTOR('',#385,1.);
#385 = DIRECTION('',(-1.,0.));
#386 = ( GEOMETRIC_REPRESENTATION_CONTEXT(2) 
PARAMETRIC_REPRESENTATION_CONTEXT() REPRESENTATION_CONTEXT('2D SPACE',''
  ) );
#387 = PCURVE('',#388,#393);
#388 = PLANE('',#389);
#389 = AXIS2_PLACEMENT_3D('',#390,#391,#392);
#390 = CARTESIAN_POINT('',(-18.57,4.4,-2.));
#391 = DIRECTION('',(-0.,1.,0.));
#392 = DIRECTION('',(0.,0.,1.));
#393 = DEFINITIONAL_REPRESENTATION('',(#394),#397);
#394 = B_SPLINE_CURVE_WITH_KNOTS('',1,(#395,#396),.UNSPECIFIED.,.F.,.F.,
  (2,2),(-0.5,1.3),.PIECEWISE_BEZIER_KNOTS.);
#395 = CARTESIAN_POINT('',(1.,1.8));
#396 = CARTESIAN_POINT('',(1.,0.));
#397 = ( GEOMETRIC_REPRESENTATION_CONTEXT(2) 
PARAMETRIC_REPRESENTATION_CONTEXT() REPRESENTATION_CONTEXT('2D SPACE',''
  ) );
#398 = ORIENTED_EDGE('',*,*,#399,.F.);
#399 = EDGE_CURVE('',#400,#371,#402,.T.);
#400 = VERTEX_POINT('',#401);
#401 = CARTESIAN_POINT('',(-16.77,-4.4,-1.));
#402 = SURFACE_CURVE('',#403,(#407,#414),.PCURVE_S1.);
#403 = LINE('',#404,#405);
#404 = CARTESIAN_POINT('',(-16.77,-5.45,-1.));
#405 = VECTOR('',#406,1.);
#406 = DIRECTION('',(-0.,1.,0.));
#407 = PCURVE('',#32,#408);
#408 = DEFINITIONAL_REPRESENTATION('',(#409),#413);
#409 = LINE('',#410,#411);
#410 = CARTESIAN_POINT('',(-16.77,-5.45));
#411 = VECTOR('',#412,1.);
#412 = DIRECTION('',(0.,1.));
#413 = ( GEOMETRIC_REPRESENTATION_CONTEXT(2) 
PARAMETRIC_REPRESENTATION_CONTEXT() REPRESENTATION_CONTEXT('2D SPACE',''
  ) );
#414 = PCURVE('',#415,#420);
#415 = PLANE('',#416);
#416 = AXIS2_PLACEMENT_3D('',#417,#418,#419);
#417 = CARTESIAN_POINT('',(-16.77,-4.4,-2.));
#418 = DIRECTION('',(1.,0.,-0.));
#419 = DIRECTION('',(0.,0.,1.));
#420 = DEFINITIONAL_REPRESENTATION('',(#421),#424);
#421 = B_SPLINE_CURVE_WITH_KNOTS('',1,(#422,#423),.UNSPECIFIED.,.F.,.F.,
  (2,2),(1.05,9.85),.PIECEWISE_BEZIER_KNOTS.);
#422 = CARTESIAN_POINT('',(1.,0.));
#423 = CARTESIAN_POINT('',(1.,-8.8));
#424 = ( GEOMETRIC_REPRESENTATION_CONTEXT(2) 
PARAMETRIC_REPRESENTATION_CONTEXT() REPRESENTATION_CONTEXT('2D SPACE',''
  ) );
#425 = ORIENTED_EDGE('',*,*,#426,.T.);
#426 = EDGE_CURVE('',#400,#427,#429,.T.);
#427 = VERTEX_POINT('',#428);
#428 = CARTESIAN_POINT('',(-18.57,-4.4,-1.));
#429 = SURFACE_CURVE('',#430,(#434,#441),.PCURVE_S1.);
#430 = LINE('',#431,#432);
#431 = CARTESIAN_POINT('',(-17.27,-4.4,-1.));
#432 = VECTOR('',#433,1.);
#433 = DIRECTION('',(-1.,-0.,0.));
#434 = PCURVE('',#32,#435);
#435 = DEFINITIONAL_REPRESENTATION('',(#436),#440);
#436 = LINE('',#437,#438);
#437 = CARTESIAN_POINT('',(-17.27,-4.4));
#438 = VECTOR('',#439,1.);
#439 = DIRECTION('',(-1.,0.));
#440 = ( GEOMETRIC_REPRESENTATION_CONTEXT(2) 
PARAMETRIC_REPRESENTATION_CONTEXT() REPRESENTATION_CONTEXT('2D SPACE',''
  ) );
#441 = PCURVE('',#442,#447);
#442 = PLANE('',#443);
#443 = AXIS2_PLACEMENT_3D('',#444,#445,#446);
#444 = CARTESIAN_POINT('',(-18.57,-4.4,-2.));
#445 = DIRECTION('',(-0.,1.,0.));
#446 = DIRECTION('',(0.,0.,1.));
#447 = DEFINITIONAL_REPRESENTATION('',(#448),#451);
#448 = B_SPLINE_CURVE_WITH_KNOTS('',1,(#449,#450),.UNSPECIFIED.,.F.,.F.,
  (2,2),(-0.5,1.3),.PIECEWISE_BEZIER_KNOTS.);
#449 = CARTESIAN_POINT('',(1.,1.8));
#450 = CARTESIAN_POINT('',(1.,0.));
#451 = ( GEOMETRIC_REPRESENTATION_CONTEXT(2) 
PARAMETRIC_REPRESENTATION_CONTEXT() REPRESENTATION_CONTEXT('2D SPACE',''
  ) );
#452 = ORIENTED_EDGE('',*,*,#453,.T.);
#453 = EDGE_CURVE('',#427,#373,#454,.T.);
#454 = SURFACE_CURVE('',#455,(#459,#466),.PCURVE_S1.);
#455 = LINE('',#456,#457);
#456 = CARTESIAN_POINT('',(-18.57,-5.45,-1.));
#457 = VECTOR('',#458,1.);
#458 = DIRECTION('',(-0.,1.,0.));
#459 = PCURVE('',#32,#460);
#460 = DEFINITIONAL_REPRESENTATION('',(#461),#465);
#461 = LINE('',#462,#463);
#462 = CARTESIAN_POINT('',(-18.57,-5.45));
#463 = VECTOR('',#464,1.);
#464 = DIRECTION('',(0.,1.));
#465 = ( GEOMETRIC_REPRESENTATION_CONTEXT(2) 
PARAMETRIC_REPRESENTATION_CONTEXT() REPRESENTATION_CONTEXT('2D SPACE',''
  ) );
#466 = PCURVE('',#467,#472);
#467 = PLANE('',#468);
#468 = AXIS2_PLACEMENT_3D('',#469,#470,#471);
#469 = CARTESIAN_POINT('',(-18.57,-4.4,-2.));
#470 = DIRECTION('',(1.,0.,-0.));
#471 = DIRECTION('',(0.,0.,1.));
#472 = DEFINITIONAL_REPRESENTATION('',(#473),#476);
#473 = B_SPLINE_CURVE_WITH_KNOTS('',1,(#474,#475),.UNSPECIFIED.,.F.,.F.,
  (2,2),(1.05,9.85),.PIECEWISE_BEZIER_KNOTS.);
#474 = CARTESIAN_POINT('',(1.,0.));
#475 = CARTESIAN_POINT('',(1.,-8.8));
#476 = ( GEOMETRIC_REPRESENTATION_CONTEXT(2) 
PARAMETRIC_REPRESENTATION_CONTEXT() REPRESENTATION_CONTEXT('2D SPACE',''
  ) );
#477 = ADVANCED_FACE('',(#478),#467,.T.);
#478 = FACE_BOUND('',#479,.T.);
#479 = EDGE_LOOP('',(#480,#503,#504,#527));
#480 = ORIENTED_EDGE('',*,*,#481,.F.);
#481 = EDGE_CURVE('',#427,#482,#484,.T.);
#482 = VERTEX_POINT('',#483);
#483 = CARTESIAN_POINT('',(-18.57,-4.4,2.2));
#484 = SURFACE_CURVE('',#485,(#489,#496),.PCURVE_S1.);
#485 = LINE('',#486,#487);
#486 = CARTESIAN_POINT('',(-18.57,-4.4,-2.));
#487 = VECTOR('',#488,1.);
#488 = DIRECTION('',(0.,0.,1.));
#489 = PCURVE('',#467,#490);
#490 = DEFINITIONAL_REPRESENTATION('',(#491),#495);
#491 = LINE('',#492,#493);
#492 = CARTESIAN_POINT('',(0.,0.));
#493 = VECTOR('',#494,1.);
#494 = DIRECTION('',(1.,0.));
#495 = ( GEOMETRIC_REPRESENTATION_CONTEXT(2) 
PARAMETRIC_REPRESENTATION_CONTEXT() REPRESENTATION_CONTEXT('2D SPACE',''
  ) );
#496 = PCURVE('',#442,#497);
#497 = DEFINITIONAL_REPRESENTATION('',(#498),#502);
#498 = LINE('',#499,#500);
#499 = CARTESIAN_POINT('',(0.,0.));
#500 = VECTOR('',#501,1.);
#501 = DIRECTION('',(1.,0.));
#502 = ( GEOMETRIC_REPRESENTATION_CONTEXT(2) 
PARAMETRIC_REPRESENTATION_CONTEXT() REPRESENTATION_CONTEXT('2D SPACE',''
  ) );
#503 = ORIENTED_EDGE('',*,*,#453,.T.);
#504 = ORIENTED_EDGE('',*,*,#505,.T.);
#505 = EDGE_CURVE('',#373,#506,#508,.T.);
#506 = VERTEX_POINT('',#507);
#507 = CARTESIAN_POINT('',(-18.57,4.4,2.2));
#508 = SURFACE_CURVE('',#509,(#513,#520),.PCURVE_S1.);
#509 = LINE('',#510,#511);
#510 = CARTESIAN_POINT('',(-18.57,4.4,-2.));
#511 = VECTOR('',#512,1.);
#512 = DIRECTION('',(0.,0.,1.));
#513 = PCURVE('',#467,#514);
#514 = DEFINITIONAL_REPRESENTATION('',(#515),#519);
#515 = LINE('',#516,#517);
#516 = CARTESIAN_POINT('',(0.,-8.8));
#517 = VECTOR('',#518,1.);
#518 = DIRECTION('',(1.,0.));
#519 = ( GEOMETRIC_REPRESENTATION_CONTEXT(2) 
PARAMETRIC_REPRESENTATION_CONTEXT() REPRESENTATION_CONTEXT('2D SPACE',''
  ) );
#520 = PCURVE('',#388,#521);
#521 = DEFINITIONAL_REPRESENTATION('',(#522),#526);
#522 = LINE('',#523,#524);
#523 = CARTESIAN_POINT('',(0.,0.));
#524 = VECTOR('',#525,1.);
#525 = DIRECTION('',(1.,0.));
#526 = ( GEOMETRIC_REPRESENTATION_CONTEXT(2) 
PARAMETRIC_REPRESENTATION_CONTEXT() REPRESENTATION_CONTEXT('2D SPACE',''
  ) );
#527 = ORIENTED_EDGE('',*,*,#528,.F.);
#528 = EDGE_CURVE('',#482,#506,#529,.T.);
#529 = SURFACE_CURVE('',#530,(#534,#540),.PCURVE_S1.);
#530 = LINE('',#531,#532);
#531 = CARTESIAN_POINT('',(-18.57,-5.45,2.2));
#532 = VECTOR('',#533,1.);
#533 = DIRECTION('',(-0.,1.,0.));
#534 = PCURVE('',#467,#535);
#535 = DEFINITIONAL_REPRESENTATION('',(#536),#539);
#536 = B_SPLINE_CURVE_WITH_KNOTS('',1,(#537,#538),.UNSPECIFIED.,.F.,.F.,
  (2,2),(1.05,9.85),.PIECEWISE_BEZIER_KNOTS.);
#537 = CARTESIAN_POINT('',(4.2,0.));
#538 = CARTESIAN_POINT('',(4.2,-8.8));
#539 = ( GEOMETRIC_REPRESENTATION_CONTEXT(2) 
PARAMETRIC_REPRESENTATION_CONTEXT() REPRESENTATION_CONTEXT('2D SPACE',''
  ) );
#540 = PCURVE('',#541,#546);
#541 = PLANE('',#542);
#542 = AXIS2_PLACEMENT_3D('',#543,#544,#545);
#543 = CARTESIAN_POINT('',(-20.07,-6.5,2.2));
#544 = DIRECTION('',(0.,0.,1.));
#545 = DIRECTION('',(1.,0.,-0.));
#546 = DEFINITIONAL_REPRESENTATION('',(#547),#550);
#547 = B_SPLINE_CURVE_WITH_KNOTS('',1,(#548,#549),.UNSPECIFIED.,.F.,.F.,
  (2,2),(1.05,9.85),.PIECEWISE_BEZIER_KNOTS.);
#548 = CARTESIAN_POINT('',(1.5,2.1));
#549 = CARTESIAN_POINT('',(1.5,10.9));
#550 = ( GEOMETRIC_REPRESENTATION_CONTEXT(2) 
PARAMETRIC_REPRESENTATION_CONTEXT() REPRESENTATION_CONTEXT('2D SPACE',''
  ) );
#551 = ADVANCED_FACE('',(#552,#656),#541,.T.);
#552 = FACE_BOUND('',#553,.T.);
#553 = EDGE_LOOP('',(#554,#579,#607,#630));
#554 = ORIENTED_EDGE('',*,*,#555,.F.);
#555 = EDGE_CURVE('',#556,#558,#560,.T.);
#556 = VERTEX_POINT('',#557);
#557 = CARTESIAN_POINT('',(-18.9882832294,6.5,2.2));
#558 = VERTEX_POINT('',#559);
#559 = CARTESIAN_POINT('',(-15.97,6.5,2.2));
#560 = SURFACE_CURVE('',#561,(#565,#572),.PCURVE_S1.);
#561 = LINE('',#562,#563);
#562 = CARTESIAN_POINT('',(-20.07,6.5,2.2));
#563 = VECTOR('',#564,1.);
#564 = DIRECTION('',(1.,0.,-0.));
#565 = PCURVE('',#541,#566);
#566 = DEFINITIONAL_REPRESENTATION('',(#567),#571);
#567 = LINE('',#568,#569);
#568 = CARTESIAN_POINT('',(0.,13.));
#569 = VECTOR('',#570,1.);
#570 = DIRECTION('',(1.,0.));
#571 = ( GEOMETRIC_REPRESENTATION_CONTEXT(2) 
PARAMETRIC_REPRESENTATION_CONTEXT() REPRESENTATION_CONTEXT('2D SPACE',''
  ) );
#572 = PCURVE('',#101,#573);
#573 = DEFINITIONAL_REPRESENTATION('',(#574),#578);
#574 = LINE('',#575,#576);
#575 = CARTESIAN_POINT('',(3.2,-4.1));
#576 = VECTOR('',#577,1.);
#577 = DIRECTION('',(0.,1.));
#578 = ( GEOMETRIC_REPRESENTATION_CONTEXT(2) 
PARAMETRIC_REPRESENTATION_CONTEXT() REPRESENTATION_CONTEXT('2D SPACE',''
  ) );
#579 = ORIENTED_EDGE('',*,*,#580,.F.);
#580 = EDGE_CURVE('',#581,#556,#583,.T.);
#581 = VERTEX_POINT('',#582);
#582 = CARTESIAN_POINT('',(-18.9882832294,-6.5,2.2));
#583 = SURFACE_CURVE('',#584,(#589,#600),.PCURVE_S1.);
#584 = CIRCLE('',#585,20.07);
#585 = AXIS2_PLACEMENT_3D('',#586,#587,#588);
#586 = CARTESIAN_POINT('',(0.,0.,2.2));
#587 = DIRECTION('',(-0.,0.,-1.));
#588 = DIRECTION('',(-0.946102801664,-0.323866467364,0.));
#589 = PCURVE('',#541,#590);
#590 = DEFINITIONAL_REPRESENTATION('',(#591),#599);
#591 = ( BOUNDED_CURVE() B_SPLINE_CURVE(2,(#592,#593,#594,#595,#596,#597
,#598),.UNSPECIFIED.,.T.,.F.) B_SPLINE_CURVE_WITH_KNOTS((1,2,2,2,2,1),(
    -2.094395102393,0.,2.094395102393,4.188790204786,6.28318530718,
8.377580409573),.UNSPECIFIED.) CURVE() GEOMETRIC_REPRESENTATION_ITEM() 
RATIONAL_B_SPLINE_CURVE((1.,0.5,1.,0.5,1.,0.5,1.)) REPRESENTATION_ITEM(
  '') );
#592 = CARTESIAN_POINT('',(1.081716770598,0.));
#593 = CARTESIAN_POINT('',(-10.1766134786,32.888671301833));
#594 = CARTESIAN_POINT('',(23.934976490102,26.194335650916));
#595 = CARTESIAN_POINT('',(58.046566458805,19.5));
#596 = CARTESIAN_POINT('',(35.1933067393,-6.694335650916));
#597 = CARTESIAN_POINT('',(12.340047019795,-32.88867130183));
#598 = CARTESIAN_POINT('',(1.081716770598,0.));
#599 = ( GEOMETRIC_REPRESENTATION_CONTEXT(2) 
PARAMETRIC_REPRESENTATION_CONTEXT() REPRESENTATION_CONTEXT('2D SPACE',''
  ) );
#600 = PCURVE('',#130,#601);
#601 = DEFINITIONAL_REPRESENTATION('',(#602),#606);
#602 = LINE('',#603,#604);
#603 = CARTESIAN_POINT('',(3.47140602834,4.2));
#604 = VECTOR('',#605,1.);
#605 = DIRECTION('',(-1.,-0.));
#606 = ( GEOMETRIC_REPRESENTATION_CONTEXT(2) 
PARAMETRIC_REPRESENTATION_CONTEXT() REPRESENTATION_CONTEXT('2D SPACE',''
  ) );
#607 = ORIENTED_EDGE('',*,*,#608,.T.);
#608 = EDGE_CURVE('',#581,#609,#611,.T.);
#609 = VERTEX_POINT('',#610);
#610 = CARTESIAN_POINT('',(-15.97,-6.5,2.2));
#611 = SURFACE_CURVE('',#612,(#616,#623),.PCURVE_S1.);
#612 = LINE('',#613,#614);
#613 = CARTESIAN_POINT('',(-20.07,-6.5,2.2));
#614 = VECTOR('',#615,1.);
#615 = DIRECTION('',(1.,0.,-0.));
#616 = PCURVE('',#541,#617);
#617 = DEFINITIONAL_REPRESENTATION('',(#618),#622);
#618 = LINE('',#619,#620);
#619 = CARTESIAN_POINT('',(0.,0.));
#620 = VECTOR('',#621,1.);
#621 = DIRECTION('',(1.,0.));
#622 = ( GEOMETRIC_REPRESENTATION_CONTEXT(2) 
PARAMETRIC_REPRESENTATION_CONTEXT() REPRESENTATION_CONTEXT('2D SPACE',''
  ) );
#623 = PCURVE('',#158,#624);
#624 = DEFINITIONAL_REPRESENTATION('',(#625),#629);
#625 = LINE('',#626,#627);
#626 = CARTESIAN_POINT('',(3.2,-4.1));
#627 = VECTOR('',#628,1.);
#628 = DIRECTION('',(0.,1.));
#629 = ( GEOMETRIC_REPRESENTATION_CONTEXT(2) 
PARAMETRIC_REPRESENTATION_CONTEXT() REPRESENTATION_CONTEXT('2D SPACE',''
  ) );
#630 = ORIENTED_EDGE('',*,*,#631,.T.);
#631 = EDGE_CURVE('',#609,#558,#632,.T.);
#632 = SURFACE_CURVE('',#633,(#637,#644),.PCURVE_S1.);
#633 = LINE('',#634,#635);
#634 = CARTESIAN_POINT('',(-15.97,-6.5,2.2));
#635 = VECTOR('',#636,1.);
#636 = DIRECTION('',(-0.,1.,0.));
#637 = PCURVE('',#541,#638);
#638 = DEFINITIONAL_REPRESENTATION('',(#639),#643);
#639 = LINE('',#640,#641);
#640 = CARTESIAN_POINT('',(4.1,0.));
#641 = VECTOR('',#642,1.);
#642 = DIRECTION('',(0.,1.));
#643 = ( GEOMETRIC_REPRESENTATION_CONTEXT(2) 
PARAMETRIC_REPRESENTATION_CONTEXT() REPRESENTATION_CONTEXT('2D SPACE',''
  ) );
#644 = PCURVE('',#645,#650);
#645 = PLANE('',#646);
#646 = AXIS2_PLACEMENT_3D('',#647,#648,#649);
#647 = CARTESIAN_POINT('',(-15.97,-6.5,-1.));
#648 = DIRECTION('',(1.,0.,-0.));
#649 = DIRECTION('',(0.,0.,1.));
#650 = DEFINITIONAL_REPRESENTATION('',(#651),#655);
#651 = LINE('',#652,#653);
#652 = CARTESIAN_POINT('',(3.2,0.));
#653 = VECTOR('',#654,1.);
#654 = DIRECTION('',(0.,-1.));
#655 = ( GEOMETRIC_REPRESENTATION_CONTEXT(2) 
PARAMETRIC_REPRESENTATION_CONTEXT() REPRESENTATION_CONTEXT('2D SPACE',''
  ) );
#656 = FACE_BOUND('',#657,.T.);
#657 = EDGE_LOOP('',(#658,#679,#680,#701));
#658 = ORIENTED_EDGE('',*,*,#659,.T.);
#659 = EDGE_CURVE('',#660,#482,#662,.T.);
#660 = VERTEX_POINT('',#661);
#661 = CARTESIAN_POINT('',(-16.77,-4.4,2.2));
#662 = SURFACE_CURVE('',#663,(#667,#673),.PCURVE_S1.);
#663 = LINE('',#664,#665);
#664 = CARTESIAN_POINT('',(-19.32,-4.4,2.2));
#665 = VECTOR('',#666,1.);
#666 = DIRECTION('',(-1.,-0.,0.));
#667 = PCURVE('',#541,#668);
#668 = DEFINITIONAL_REPRESENTATION('',(#669),#672);
#669 = B_SPLINE_CURVE_WITH_KNOTS('',1,(#670,#671),.UNSPECIFIED.,.F.,.F.,
  (2,2),(-2.55,-0.75),.PIECEWISE_BEZIER_KNOTS.);
#670 = CARTESIAN_POINT('',(3.3,2.1));
#671 = CARTESIAN_POINT('',(1.5,2.1));
#672 = ( GEOMETRIC_REPRESENTATION_CONTEXT(2) 
PARAMETRIC_REPRESENTATION_CONTEXT() REPRESENTATION_CONTEXT('2D SPACE',''
  ) );
#673 = PCURVE('',#442,#674);
#674 = DEFINITIONAL_REPRESENTATION('',(#675),#678);
#675 = B_SPLINE_CURVE_WITH_KNOTS('',1,(#676,#677),.UNSPECIFIED.,.F.,.F.,
  (2,2),(-2.55,-0.75),.PIECEWISE_BEZIER_KNOTS.);
#676 = CARTESIAN_POINT('',(4.2,1.8));
#677 = CARTESIAN_POINT('',(4.2,0.));
#678 = ( GEOMETRIC_REPRESENTATION_CONTEXT(2) 
PARAMETRIC_REPRESENTATION_CONTEXT() REPRESENTATION_CONTEXT('2D SPACE',''
  ) );
#679 = ORIENTED_EDGE('',*,*,#528,.T.);
#680 = ORIENTED_EDGE('',*,*,#681,.F.);
#681 = EDGE_CURVE('',#682,#506,#684,.T.);
#682 = VERTEX_POINT('',#683);
#683 = CARTESIAN_POINT('',(-16.77,4.4,2.2));
#684 = SURFACE_CURVE('',#685,(#689,#695),.PCURVE_S1.);
#685 = LINE('',#686,#687);
#686 = CARTESIAN_POINT('',(-19.32,4.4,2.2));
#687 = VECTOR('',#688,1.);
#688 = DIRECTION('',(-1.,-0.,0.));
#689 = PCURVE('',#541,#690);
#690 = DEFINITIONAL_REPRESENTATION('',(#691),#694);
#691 = B_SPLINE_CURVE_WITH_KNOTS('',1,(#692,#693),.UNSPECIFIED.,.F.,.F.,
  (2,2),(-2.55,-0.75),.PIECEWISE_BEZIER_KNOTS.);
#692 = CARTESIAN_POINT('',(3.3,10.9));
#693 = CARTESIAN_POINT('',(1.5,10.9));
#694 = ( GEOMETRIC_REPRESENTATION_CONTEXT(2) 
PARAMETRIC_REPRESENTATION_CONTEXT() REPRESENTATION_CONTEXT('2D SPACE',''
  ) );
#695 = PCURVE('',#388,#696);
#696 = DEFINITIONAL_REPRESENTATION('',(#697),#700);
#697 = B_SPLINE_CURVE_WITH_KNOTS('',1,(#698,#699),.UNSPECIFIED.,.F.,.F.,
  (2,2),(-2.55,-0.75),.PIECEWISE_BEZIER_KNOTS.);
#698 = CARTESIAN_POINT('',(4.2,1.8));
#699 = CARTESIAN_POINT('',(4.2,0.));
#700 = ( GEOMETRIC_REPRESENTATION_CONTEXT(2) 
PARAMETRIC_REPRESENTATION_CONTEXT() REPRESENTATION_CONTEXT('2D SPACE',''
  ) );
#701 = ORIENTED_EDGE('',*,*,#702,.F.);
#702 = EDGE_CURVE('',#660,#682,#703,.T.);
#703 = SURFACE_CURVE('',#704,(#708,#714),.PCURVE_S1.);
#704 = LINE('',#705,#706);
#705 = CARTESIAN_POINT('',(-16.77,-5.45,2.2));
#706 = VECTOR('',#707,1.);
#707 = DIRECTION('',(-0.,1.,0.));
#708 = PCURVE('',#541,#709);
#709 = DEFINITIONAL_REPRESENTATION('',(#710),#713);
#710 = B_SPLINE_CURVE_WITH_KNOTS('',1,(#711,#712),.UNSPECIFIED.,.F.,.F.,
  (2,2),(1.05,9.85),.PIECEWISE_BEZIER_KNOTS.);
#711 = CARTESIAN_POINT('',(3.3,2.1));
#712 = CARTESIAN_POINT('',(3.3,10.9));
#713 = ( GEOMETRIC_REPRESENTATION_CONTEXT(2) 
PARAMETRIC_REPRESENTATION_CONTEXT() REPRESENTATION_CONTEXT('2D SPACE',''
  ) );
#714 = PCURVE('',#415,#715);
#715 = DEFINITIONAL_REPRESENTATION('',(#716),#719);
#716 = B_SPLINE_CURVE_WITH_KNOTS('',1,(#717,#718),.UNSPECIFIED.,.F.,.F.,
  (2,2),(1.05,9.85),.PIECEWISE_BEZIER_KNOTS.);
#717 = CARTESIAN_POINT('',(4.2,0.));
#718 = CARTESIAN_POINT('',(4.2,-8.8));
#719 = ( GEOMETRIC_REPRESENTATION_CONTEXT(2) 
PARAMETRIC_REPRESENTATION_CONTEXT() REPRESENTATION_CONTEXT('2D SPACE',''
  ) );
#720 = ADVANCED_FACE('',(#721),#645,.T.);
#721 = FACE_BOUND('',#722,.T.);
#722 = EDGE_LOOP('',(#723,#746,#774,#795));
#723 = ORIENTED_EDGE('',*,*,#724,.F.);
#724 = EDGE_CURVE('',#725,#609,#727,.T.);
#725 = VERTEX_POINT('',#726);
#726 = CARTESIAN_POINT('',(-15.97,-6.5,0.2));
#727 = SURFACE_CURVE('',#728,(#732,#739),.PCURVE_S1.);
#728 = LINE('',#729,#730);
#729 = CARTESIAN_POINT('',(-15.97,-6.5,-1.));
#730 = VECTOR('',#731,1.);
#731 = DIRECTION('',(0.,0.,1.));
#732 = PCURVE('',#645,#733);
#733 = DEFINITIONAL_REPRESENTATION('',(#734),#738);
#734 = LINE('',#735,#736);
#735 = CARTESIAN_POINT('',(0.,0.));
#736 = VECTOR('',#737,1.);
#737 = DIRECTION('',(1.,0.));
#738 = ( GEOMETRIC_REPRESENTATION_CONTEXT(2) 
PARAMETRIC_REPRESENTATION_CONTEXT() REPRESENTATION_CONTEXT('2D SPACE',''
  ) );
#739 = PCURVE('',#158,#740);
#740 = DEFINITIONAL_REPRESENTATION('',(#741),#745);
#741 = LINE('',#742,#743);
#742 = CARTESIAN_POINT('',(0.,1.7763568394E-15));
#743 = VECTOR('',#744,1.);
#744 = DIRECTION('',(1.,0.));
#745 = ( GEOMETRIC_REPRESENTATION_CONTEXT(2) 
PARAMETRIC_REPRESENTATION_CONTEXT() REPRESENTATION_CONTEXT('2D SPACE',''
  ) );
#746 = ORIENTED_EDGE('',*,*,#747,.F.);
#747 = EDGE_CURVE('',#748,#725,#750,.T.);
#748 = VERTEX_POINT('',#749);
#749 = CARTESIAN_POINT('',(-15.97,6.5,0.2));
#750 = SURFACE_CURVE('',#751,(#755,#762),.PCURVE_S1.);
#751 = LINE('',#752,#753);
#752 = CARTESIAN_POINT('',(-15.97,6.5,0.2));
#753 = VECTOR('',#754,1.);
#754 = DIRECTION('',(0.,-1.,0.));
#755 = PCURVE('',#645,#756);
#756 = DEFINITIONAL_REPRESENTATION('',(#757),#761);
#757 = LINE('',#758,#759);
#758 = CARTESIAN_POINT('',(1.2,-13.));
#759 = VECTOR('',#760,1.);
#760 = DIRECTION('',(0.,1.));
#761 = ( GEOMETRIC_REPRESENTATION_CONTEXT(2) 
PARAMETRIC_REPRESENTATION_CONTEXT() REPRESENTATION_CONTEXT('2D SPACE',''
  ) );
#762 = PCURVE('',#763,#768);
#763 = PLANE('',#764);
#764 = AXIS2_PLACEMENT_3D('',#765,#766,#767);
#765 = CARTESIAN_POINT('',(12.8,-6.5,0.2));
#766 = DIRECTION('',(0.,0.,1.));
#767 = DIRECTION('',(1.,0.,-0.));
#768 = DEFINITIONAL_REPRESENTATION('',(#769),#773);
#769 = LINE('',#770,#771);
#770 = CARTESIAN_POINT('',(-28.77,13.));
#771 = VECTOR('',#772,1.);
#772 = DIRECTION('',(0.,-1.));
#773 = ( GEOMETRIC_REPRESENTATION_CONTEXT(2) 
PARAMETRIC_REPRESENTATION_CONTEXT() REPRESENTATION_CONTEXT('2D SPACE',''
  ) );
#774 = ORIENTED_EDGE('',*,*,#775,.T.);
#775 = EDGE_CURVE('',#748,#558,#776,.T.);
#776 = SURFACE_CURVE('',#777,(#781,#788),.PCURVE_S1.);
#777 = LINE('',#778,#779);
#778 = CARTESIAN_POINT('',(-15.97,6.5,-1.));
#779 = VECTOR('',#780,1.);
#780 = DIRECTION('',(0.,0.,1.));
#781 = PCURVE('',#645,#782);
#782 = DEFINITIONAL_REPRESENTATION('',(#783),#787);
#783 = LINE('',#784,#785);
#784 = CARTESIAN_POINT('',(0.,-13.));
#785 = VECTOR('',#786,1.);
#786 = DIRECTION('',(1.,0.));
#787 = ( GEOMETRIC_REPRESENTATION_CONTEXT(2) 
PARAMETRIC_REPRESENTATION_CONTEXT() REPRESENTATION_CONTEXT('2D SPACE',''
  ) );
#788 = PCURVE('',#101,#789);
#789 = DEFINITIONAL_REPRESENTATION('',(#790),#794);
#790 = LINE('',#791,#792);
#791 = CARTESIAN_POINT('',(0.,1.7763568394E-15));
#792 = VECTOR('',#793,1.);
#793 = DIRECTION('',(1.,0.));
#794 = ( GEOMETRIC_REPRESENTATION_CONTEXT(2) 
PARAMETRIC_REPRESENTATION_CONTEXT() REPRESENTATION_CONTEXT('2D SPACE',''
  ) );
#795 = ORIENTED_EDGE('',*,*,#631,.F.);
#796 = ADVANCED_FACE('',(#797,#966),#763,.T.);
#797 = FACE_BOUND('',#798,.T.);
#798 = EDGE_LOOP('',(#799,#824,#848,#869,#870,#893,#917,#940));
#799 = ORIENTED_EDGE('',*,*,#800,.F.);
#800 = EDGE_CURVE('',#801,#803,#805,.T.);
#801 = VERTEX_POINT('',#802);
#802 = CARTESIAN_POINT('',(14.587354112381,6.5,0.2));
#803 = VERTEX_POINT('',#804);
#804 = CARTESIAN_POINT('',(15.97,6.5,0.2));
#805 = SURFACE_CURVE('',#806,(#810,#817),.PCURVE_S1.);
#806 = LINE('',#807,#808);
#807 = CARTESIAN_POINT('',(12.8,6.5,0.2));
#808 = VECTOR('',#809,1.);
#809 = DIRECTION('',(1.,0.,-0.));
#810 = PCURVE('',#763,#811);
#811 = DEFINITIONAL_REPRESENTATION('',(#812),#816);
#812 = LINE('',#813,#814);
#813 = CARTESIAN_POINT('',(0.,13.));
#814 = VECTOR('',#815,1.);
#815 = DIRECTION('',(1.,0.));
#816 = ( GEOMETRIC_REPRESENTATION_CONTEXT(2) 
PARAMETRIC_REPRESENTATION_CONTEXT() REPRESENTATION_CONTEXT('2D SPACE',''
  ) );
#817 = PCURVE('',#44,#818);
#818 = DEFINITIONAL_REPRESENTATION('',(#819),#823);
#819 = LINE('',#820,#821);
#820 = CARTESIAN_POINT('',(1.2,0.));
#821 = VECTOR('',#822,1.);
#822 = DIRECTION('',(0.,1.));
#823 = ( GEOMETRIC_REPRESENTATION_CONTEXT(2) 
PARAMETRIC_REPRESENTATION_CONTEXT() REPRESENTATION_CONTEXT('2D SPACE',''
  ) );
#824 = ORIENTED_EDGE('',*,*,#825,.T.);
#825 = EDGE_CURVE('',#801,#826,#828,.T.);
#826 = VERTEX_POINT('',#827);
#827 = CARTESIAN_POINT('',(-14.58735411238,6.5,0.2));
#828 = SURFACE_CURVE('',#829,(#834,#841),.PCURVE_S1.);
#829 = CIRCLE('',#830,15.97);
#830 = AXIS2_PLACEMENT_3D('',#831,#832,#833);
#831 = CARTESIAN_POINT('',(0.,0.,0.2));
#832 = DIRECTION('',(0.,0.,1.));
#833 = DIRECTION('',(1.,0.,-0.));
#834 = PCURVE('',#763,#835);
#835 = DEFINITIONAL_REPRESENTATION('',(#836),#840);
#836 = CIRCLE('',#837,15.97);
#837 = AXIS2_PLACEMENT_2D('',#838,#839);
#838 = CARTESIAN_POINT('',(-12.8,6.5));
#839 = DIRECTION('',(1.,0.));
#840 = ( GEOMETRIC_REPRESENTATION_CONTEXT(2) 
PARAMETRIC_REPRESENTATION_CONTEXT() REPRESENTATION_CONTEXT('2D SPACE',''
  ) );
#841 = PCURVE('',#73,#842);
#842 = DEFINITIONAL_REPRESENTATION('',(#843),#847);
#843 = LINE('',#844,#845);
#844 = CARTESIAN_POINT('',(0.,1.2));
#845 = VECTOR('',#846,1.);
#846 = DIRECTION('',(1.,0.));
#847 = ( GEOMETRIC_REPRESENTATION_CONTEXT(2) 
PARAMETRIC_REPRESENTATION_CONTEXT() REPRESENTATION_CONTEXT('2D SPACE',''
  ) );
#848 = ORIENTED_EDGE('',*,*,#849,.F.);
#849 = EDGE_CURVE('',#748,#826,#850,.T.);
#850 = SURFACE_CURVE('',#851,(#855,#862),.PCURVE_S1.);
#851 = LINE('',#852,#853);
#852 = CARTESIAN_POINT('',(-15.97,6.5,0.2));
#853 = VECTOR('',#854,1.);
#854 = DIRECTION('',(1.,0.,-0.));
#855 = PCURVE('',#763,#856);
#856 = DEFINITIONAL_REPRESENTATION('',(#857),#861);
#857 = LINE('',#858,#859);
#858 = CARTESIAN_POINT('',(-28.77,13.));
#859 = VECTOR('',#860,1.);
#860 = DIRECTION('',(1.,0.));
#861 = ( GEOMETRIC_REPRESENTATION_CONTEXT(2) 
PARAMETRIC_REPRESENTATION_CONTEXT() REPRESENTATION_CONTEXT('2D SPACE',''
  ) );
#862 = PCURVE('',#101,#863);
#863 = DEFINITIONAL_REPRESENTATION('',(#864),#868);
#864 = LINE('',#865,#866);
#865 = CARTESIAN_POINT('',(1.2,0.));
#866 = VECTOR('',#867,1.);
#867 = DIRECTION('',(0.,1.));
#868 = ( GEOMETRIC_REPRESENTATION_CONTEXT(2) 
PARAMETRIC_REPRESENTATION_CONTEXT() REPRESENTATION_CONTEXT('2D SPACE',''
  ) );
#869 = ORIENTED_EDGE('',*,*,#747,.T.);
#870 = ORIENTED_EDGE('',*,*,#871,.T.);
#871 = EDGE_CURVE('',#725,#872,#874,.T.);
#872 = VERTEX_POINT('',#873);
#873 = CARTESIAN_POINT('',(-14.58735411238,-6.5,0.2));
#874 = SURFACE_CURVE('',#875,(#879,#886),.PCURVE_S1.);
#875 = LINE('',#876,#877);
#876 = CARTESIAN_POINT('',(-15.97,-6.5,0.2));
#877 = VECTOR('',#878,1.);
#878 = DIRECTION('',(1.,0.,-0.));
#879 = PCURVE('',#763,#880);
#880 = DEFINITIONAL_REPRESENTATION('',(#881),#885);
#881 = LINE('',#882,#883);
#882 = CARTESIAN_POINT('',(-28.77,0.));
#883 = VECTOR('',#884,1.);
#884 = DIRECTION('',(1.,0.));
#885 = ( GEOMETRIC_REPRESENTATION_CONTEXT(2) 
PARAMETRIC_REPRESENTATION_CONTEXT() REPRESENTATION_CONTEXT('2D SPACE',''
  ) );
#886 = PCURVE('',#158,#887);
#887 = DEFINITIONAL_REPRESENTATION('',(#888),#892);
#888 = LINE('',#889,#890);
#889 = CARTESIAN_POINT('',(1.2,0.));
#890 = VECTOR('',#891,1.);
#891 = DIRECTION('',(0.,1.));
#892 = ( GEOMETRIC_REPRESENTATION_CONTEXT(2) 
PARAMETRIC_REPRESENTATION_CONTEXT() REPRESENTATION_CONTEXT('2D SPACE',''
  ) );
#893 = ORIENTED_EDGE('',*,*,#894,.T.);
#894 = EDGE_CURVE('',#872,#895,#897,.T.);
#895 = VERTEX_POINT('',#896);
#896 = CARTESIAN_POINT('',(14.587354112381,-6.5,0.2));
#897 = SURFACE_CURVE('',#898,(#903,#910),.PCURVE_S1.);
#898 = CIRCLE('',#899,15.97);
#899 = AXIS2_PLACEMENT_3D('',#900,#901,#902);
#900 = CARTESIAN_POINT('',(0.,0.,0.2));
#901 = DIRECTION('',(0.,0.,1.));
#902 = DIRECTION('',(1.,0.,-0.));
#903 = PCURVE('',#763,#904);
#904 = DEFINITIONAL_REPRESENTATION('',(#905),#909);
#905 = CIRCLE('',#906,15.97);
#906 = AXIS2_PLACEMENT_2D('',#907,#908);
#907 = CARTESIAN_POINT('',(-12.8,6.5));
#908 = DIRECTION('',(1.,0.));
#909 = ( GEOMETRIC_REPRESENTATION_CONTEXT(2) 
PARAMETRIC_REPRESENTATION_CONTEXT() REPRESENTATION_CONTEXT('2D SPACE',''
  ) );
#910 = PCURVE('',#187,#911);
#911 = DEFINITIONAL_REPRESENTATION('',(#912),#916);
#912 = LINE('',#913,#914);
#913 = CARTESIAN_POINT('',(0.,1.2));
#914 = VECTOR('',#915,1.);
#915 = DIRECTION('',(1.,0.));
#916 = ( GEOMETRIC_REPRESENTATION_CONTEXT(2) 
PARAMETRIC_REPRESENTATION_CONTEXT() REPRESENTATION_CONTEXT('2D SPACE',''
  ) );
#917 = ORIENTED_EDGE('',*,*,#918,.T.);
#918 = EDGE_CURVE('',#895,#919,#921,.T.);
#919 = VERTEX_POINT('',#920);
#920 = CARTESIAN_POINT('',(15.97,-6.5,0.2));
#921 = SURFACE_CURVE('',#922,(#926,#933),.PCURVE_S1.);
#922 = LINE('',#923,#924);
#923 = CARTESIAN_POINT('',(12.8,-6.5,0.2));
#924 = VECTOR('',#925,1.);
#925 = DIRECTION('',(1.,0.,-0.));
#926 = PCURVE('',#763,#927);
#927 = DEFINITIONAL_REPRESENTATION('',(#928),#932);
#928 = LINE('',#929,#930);
#929 = CARTESIAN_POINT('',(0.,0.));
#930 = VECTOR('',#931,1.);
#931 = DIRECTION('',(1.,0.));
#932 = ( GEOMETRIC_REPRESENTATION_CONTEXT(2) 
PARAMETRIC_REPRESENTATION_CONTEXT() REPRESENTATION_CONTEXT('2D SPACE',''
  ) );
#933 = PCURVE('',#215,#934);
#934 = DEFINITIONAL_REPRESENTATION('',(#935),#939);
#935 = LINE('',#936,#937);
#936 = CARTESIAN_POINT('',(1.2,0.));
#937 = VECTOR('',#938,1.);
#938 = DIRECTION('',(0.,1.));
#939 = ( GEOMETRIC_REPRESENTATION_CONTEXT(2) 
PARAMETRIC_REPRESENTATION_CONTEXT() REPRESENTATION_CONTEXT('2D SPACE',''
  ) );
#940 = ORIENTED_EDGE('',*,*,#941,.F.);
#941 = EDGE_CURVE('',#803,#919,#942,.T.);
#942 = SURFACE_CURVE('',#943,(#947,#954),.PCURVE_S1.);
#943 = LINE('',#944,#945);
#944 = CARTESIAN_POINT('',(15.97,6.5,0.2));
#945 = VECTOR('',#946,1.);
#946 = DIRECTION('',(0.,-1.,0.));
#947 = PCURVE('',#763,#948);
#948 = DEFINITIONAL_REPRESENTATION('',(#949),#953);
#949 = LINE('',#950,#951);
#950 = CARTESIAN_POINT('',(3.17,13.));
#951 = VECTOR('',#952,1.);
#952 = DIRECTION('',(0.,-1.));
#953 = ( GEOMETRIC_REPRESENTATION_CONTEXT(2) 
PARAMETRIC_REPRESENTATION_CONTEXT() REPRESENTATION_CONTEXT('2D SPACE',''
  ) );
#954 = PCURVE('',#955,#960);
#955 = PLANE('',#956);
#956 = AXIS2_PLACEMENT_3D('',#957,#958,#959);
#957 = CARTESIAN_POINT('',(15.97,-6.5,-1.));
#958 = DIRECTION('',(1.,0.,-0.));
#959 = DIRECTION('',(0.,0.,1.));
#960 = DEFINITIONAL_REPRESENTATION('',(#961),#965);
#961 = LINE('',#962,#963);
#962 = CARTESIAN_POINT('',(1.2,-13.));
#963 = VECTOR('',#964,1.);
#964 = DIRECTION('',(0.,1.));
#965 = ( GEOMETRIC_REPRESENTATION_CONTEXT(2) 
PARAMETRIC_REPRESENTATION_CONTEXT() REPRESENTATION_CONTEXT('2D SPACE',''
  ) );
#966 = FACE_BOUND('',#967,.T.);
#967 = EDGE_LOOP('',(#968));
#968 = ORIENTED_EDGE('',*,*,#969,.T.);
#969 = EDGE_CURVE('',#970,#970,#972,.T.);
#970 = VERTEX_POINT('',#971);
#971 = CARTESIAN_POINT('',(13.7,-3.355532229664E-15,0.2));
#972 = SURFACE_CURVE('',#973,(#978,#989),.PCURVE_S1.);
#973 = CIRCLE('',#974,13.7);
#974 = AXIS2_PLACEMENT_3D('',#975,#976,#977);
#975 = CARTESIAN_POINT('',(-1.009231838097E-13,1.65310991187E-14,0.2));
#976 = DIRECTION('',(0.,0.,-1.));
#977 = DIRECTION('',(1.,-1.451578930537E-15,0.));
#978 = PCURVE('',#763,#979);
#979 = DEFINITIONAL_REPRESENTATION('',(#980),#988);
#980 = ( BOUNDED_CURVE() B_SPLINE_CURVE(2,(#981,#982,#983,#984,#985,#986
,#987),.UNSPECIFIED.,.T.,.F.) B_SPLINE_CURVE_WITH_KNOTS((1,2,2,2,2,1),(
    -2.094395102393,0.,2.094395102393,4.188790204786,6.28318530718,
8.377580409573),.UNSPECIFIED.) CURVE() GEOMETRIC_REPRESENTATION_ITEM() 
RATIONAL_B_SPLINE_CURVE((1.,0.5,1.,0.5,1.,0.5,1.)) REPRESENTATION_ITEM(
  '') );
#981 = CARTESIAN_POINT('',(0.9,6.5));
#982 = CARTESIAN_POINT('',(0.9,-17.22909606369));
#983 = CARTESIAN_POINT('',(-19.65,-5.364548031847));
#984 = CARTESIAN_POINT('',(-40.2,6.5));
#985 = CARTESIAN_POINT('',(-19.65,18.364548031847));
#986 = CARTESIAN_POINT('',(0.9,30.229096063694));
#987 = CARTESIAN_POINT('',(0.9,6.5));
#988 = ( GEOMETRIC_REPRESENTATION_CONTEXT(2) 
PARAMETRIC_REPRESENTATION_CONTEXT() REPRESENTATION_CONTEXT('2D SPACE',''
  ) );
#989 = PCURVE('',#990,#995);
#990 = CYLINDRICAL_SURFACE('',#991,13.7);
#991 = AXIS2_PLACEMENT_3D('',#992,#993,#994);
#992 = CARTESIAN_POINT('',(0.,0.,0.2));
#993 = DIRECTION('',(0.,0.,1.));
#994 = DIRECTION('',(1.,0.,-0.));
#995 = DEFINITIONAL_REPRESENTATION('',(#996),#1000);
#996 = LINE('',#997,#998);
#997 = CARTESIAN_POINT('',(6.28318530718,0.));
#998 = VECTOR('',#999,1.);
#999 = DIRECTION('',(-1.,-0.));
#1000 = ( GEOMETRIC_REPRESENTATION_CONTEXT(2) 
PARAMETRIC_REPRESENTATION_CONTEXT() REPRESENTATION_CONTEXT('2D SPACE',''
  ) );
#1001 = ADVANCED_FACE('',(#1002,#1284,#1448),#990,.T.);
#1002 = FACE_BOUND('',#1003,.T.);
#1003 = EDGE_LOOP('',(#1004,#1038,#1067,#1090,#1117,#1118,#1142,#1174,
    #1225,#1246,#1247,#1248));
#1004 = ORIENTED_EDGE('',*,*,#1005,.T.);
#1005 = EDGE_CURVE('',#1006,#1008,#1010,.T.);
#1006 = VERTEX_POINT('',#1007);
#1007 = CARTESIAN_POINT('',(13.491866216267,-2.378980034037,1.68));
#1008 = VERTEX_POINT('',#1009);
#1009 = CARTESIAN_POINT('',(13.479670046432,-2.447140257389,3.1));
#1010 = SURFACE_CURVE('',#1011,(#1016,#1026),.PCURVE_S1.);
#1011 = ELLIPSE('',#1012,281.28820022261,13.7);
#1012 = AXIS2_PLACEMENT_3D('',#1013,#1014,#1015);
#1013 = CARTESIAN_POINT('',(0.,0.,1.680000000016));
#1014 = DIRECTION('',(-0.173442097537,-0.983639014517,
    -4.870449591969E-02));
#1015 = DIRECTION('',(-8.457446960644E-03,-4.796456518826E-02,
    0.998813231829));
#1016 = PCURVE('',#990,#1017);
#1017 = DEFINITIONAL_REPRESENTATION('',(#1018),#1025);
#1018 = B_SPLINE_CURVE_WITH_KNOTS('',5,(#1019,#1020,#1021,#1022,#1023,
    #1024),.UNSPECIFIED.,.F.,.F.,(6,6),(4.711883560224,4.717948630557),
  .PIECEWISE_BEZIER_KNOTS.);
#1019 = CARTESIAN_POINT('',(6.109157802141,1.338));
#1020 = CARTESIAN_POINT('',(6.107944788074,1.678801567052));
#1021 = CARTESIAN_POINT('',(6.106731774008,2.019603395278));
#1022 = CARTESIAN_POINT('',(6.105518759941,2.360404439976));
#1023 = CARTESIAN_POINT('',(6.104305745874,2.701203656445));
#1024 = CARTESIAN_POINT('',(6.103092731808,3.042));
#1025 = ( GEOMETRIC_REPRESENTATION_CONTEXT(2) 
PARAMETRIC_REPRESENTATION_CONTEXT() REPRESENTATION_CONTEXT('2D SPACE',''
  ) );
#1026 = PCURVE('',#1027,#1032);
#1027 = PLANE('',#1028);
#1028 = AXIS2_PLACEMENT_3D('',#1029,#1030,#1031);
#1029 = CARTESIAN_POINT('',(13.664319176398,-2.464583052438,
    2.794719791324));
#1030 = DIRECTION('',(-0.173442097537,-0.983639014517,
    -4.870449591969E-02));
#1031 = DIRECTION('',(8.457446960641E-03,4.796456518826E-02,
    -0.998813231829));
#1032 = DEFINITIONAL_REPRESENTATION('',(#1033),#1037);
#1033 = ELLIPSE('',#1034,281.28820022261,13.7);
#1034 = AXIS2_PLACEMENT_2D('',#1035,#1036);
#1035 = CARTESIAN_POINT('',(1.116044277134,-13.88469782031));
#1036 = DIRECTION('',(-1.,-2.634184954659E-15));
#1037 = ( GEOMETRIC_REPRESENTATION_CONTEXT(2) 
PARAMETRIC_REPRESENTATION_CONTEXT() REPRESENTATION_CONTEXT('2D SPACE',''
  ) );
#1038 = ORIENTED_EDGE('',*,*,#1039,.T.);
#1039 = EDGE_CURVE('',#1008,#1040,#1042,.T.);
#1040 = VERTEX_POINT('',#1041);
#1041 = CARTESIAN_POINT('',(13.7,-3.355532229664E-15,3.1));
#1042 = SURFACE_CURVE('',#1043,(#1048,#1055),.PCURVE_S1.);
#1043 = CIRCLE('',#1044,13.7);
#1044 = AXIS2_PLACEMENT_3D('',#1045,#1046,#1047);
#1045 = CARTESIAN_POINT('',(0.,0.,3.1));
#1046 = DIRECTION('',(0.,0.,1.));
#1047 = DIRECTION('',(1.,0.,-0.));
#1048 = PCURVE('',#990,#1049);
#1049 = DEFINITIONAL_REPRESENTATION('',(#1050),#1054);
#1050 = LINE('',#1051,#1052);
#1051 = CARTESIAN_POINT('',(0.,2.9));
#1052 = VECTOR('',#1053,1.);
#1053 = DIRECTION('',(1.,0.));
#1054 = ( GEOMETRIC_REPRESENTATION_CONTEXT(2) 
PARAMETRIC_REPRESENTATION_CONTEXT() REPRESENTATION_CONTEXT('2D SPACE',''
  ) );
#1055 = PCURVE('',#1056,#1061);
#1056 = PLANE('',#1057);
#1057 = AXIS2_PLACEMENT_3D('',#1058,#1059,#1060);
#1058 = CARTESIAN_POINT('',(0.,0.,3.1));
#1059 = DIRECTION('',(0.,0.,1.));
#1060 = DIRECTION('',(1.,0.,-0.));
#1061 = DEFINITIONAL_REPRESENTATION('',(#1062),#1066);
#1062 = CIRCLE('',#1063,13.7);
#1063 = AXIS2_PLACEMENT_2D('',#1064,#1065);
#1064 = CARTESIAN_POINT('',(0.,0.));
#1065 = DIRECTION('',(1.,0.));
#1066 = ( GEOMETRIC_REPRESENTATION_CONTEXT(2) 
PARAMETRIC_REPRESENTATION_CONTEXT() REPRESENTATION_CONTEXT('2D SPACE',''
  ) );
#1067 = ORIENTED_EDGE('',*,*,#1068,.T.);
#1068 = EDGE_CURVE('',#1040,#1069,#1071,.T.);
#1069 = VERTEX_POINT('',#1070);
#1070 = CARTESIAN_POINT('',(13.7,-3.355532229664E-15,6.335714285714));
#1071 = SEAM_CURVE('',#1072,(#1076,#1083),.PCURVE_S1.);
#1072 = LINE('',#1073,#1074);
#1073 = CARTESIAN_POINT('',(13.7,-3.355532229664E-15,0.2));
#1074 = VECTOR('',#1075,1.);
#1075 = DIRECTION('',(0.,0.,1.));
#1076 = PCURVE('',#990,#1077);
#1077 = DEFINITIONAL_REPRESENTATION('',(#1078),#1082);
#1078 = LINE('',#1079,#1080);
#1079 = CARTESIAN_POINT('',(6.28318530718,-0.));
#1080 = VECTOR('',#1081,1.);
#1081 = DIRECTION('',(0.,1.));
#1082 = ( GEOMETRIC_REPRESENTATION_CONTEXT(2) 
PARAMETRIC_REPRESENTATION_CONTEXT() REPRESENTATION_CONTEXT('2D SPACE',''
  ) );
#1083 = PCURVE('',#990,#1084);
#1084 = DEFINITIONAL_REPRESENTATION('',(#1085),#1089);
#1085 = LINE('',#1086,#1087);
#1086 = CARTESIAN_POINT('',(0.,-0.));
#1087 = VECTOR('',#1088,1.);
#1088 = DIRECTION('',(0.,1.));
#1089 = ( GEOMETRIC_REPRESENTATION_CONTEXT(2) 
PARAMETRIC_REPRESENTATION_CONTEXT() REPRESENTATION_CONTEXT('2D SPACE',''
  ) );
#1090 = ORIENTED_EDGE('',*,*,#1091,.F.);
#1091 = EDGE_CURVE('',#1069,#1069,#1092,.T.);
#1092 = SURFACE_CURVE('',#1093,(#1098,#1105),.PCURVE_S1.);
#1093 = CIRCLE('',#1094,13.7);
#1094 = AXIS2_PLACEMENT_3D('',#1095,#1096,#1097);
#1095 = CARTESIAN_POINT('',(0.,0.,6.335714285714));
#1096 = DIRECTION('',(0.,0.,1.));
#1097 = DIRECTION('',(0.,-1.,0.));
#1098 = PCURVE('',#990,#1099);
#1099 = DEFINITIONAL_REPRESENTATION('',(#1100),#1104);
#1100 = LINE('',#1101,#1102);
#1101 = CARTESIAN_POINT('',(-1.570796326795,6.135714285714));
#1102 = VECTOR('',#1103,1.);
#1103 = DIRECTION('',(1.,0.));
#1104 = ( GEOMETRIC_REPRESENTATION_CONTEXT(2) 
PARAMETRIC_REPRESENTATION_CONTEXT() REPRESENTATION_CONTEXT('2D SPACE',''
  ) );
#1105 = PCURVE('',#1106,#1111);
#1106 = CONICAL_SURFACE('',#1107,14.7,1.29249666779);
#1107 = AXIS2_PLACEMENT_3D('',#1108,#1109,#1110);
#1108 = CARTESIAN_POINT('',(0.,0.,6.05));
#1109 = DIRECTION('',(-0.,-0.,-1.));
#1110 = DIRECTION('',(1.,0.,-0.));
#1111 = DEFINITIONAL_REPRESENTATION('',(#1112),#1116);
#1112 = LINE('',#1113,#1114);
#1113 = CARTESIAN_POINT('',(1.570796326795,-0.285714285714));
#1114 = VECTOR('',#1115,1.);
#1115 = DIRECTION('',(-1.,-0.));
#1116 = ( GEOMETRIC_REPRESENTATION_CONTEXT(2) 
PARAMETRIC_REPRESENTATION_CONTEXT() REPRESENTATION_CONTEXT('2D SPACE',''
  ) );
#1117 = ORIENTED_EDGE('',*,*,#1068,.F.);
#1118 = ORIENTED_EDGE('',*,*,#1119,.T.);
#1119 = EDGE_CURVE('',#1040,#1120,#1122,.T.);
#1120 = VERTEX_POINT('',#1121);
#1121 = CARTESIAN_POINT('',(13.501738864353,2.322293615981,3.1));
#1122 = SURFACE_CURVE('',#1123,(#1128,#1135),.PCURVE_S1.);
#1123 = CIRCLE('',#1124,13.7);
#1124 = AXIS2_PLACEMENT_3D('',#1125,#1126,#1127);
#1125 = CARTESIAN_POINT('',(0.,0.,3.1));
#1126 = DIRECTION('',(0.,0.,1.));
#1127 = DIRECTION('',(1.,0.,-0.));
#1128 = PCURVE('',#990,#1129);
#1129 = DEFINITIONAL_REPRESENTATION('',(#1130),#1134);
#1130 = LINE('',#1131,#1132);
#1131 = CARTESIAN_POINT('',(0.,2.9));
#1132 = VECTOR('',#1133,1.);
#1133 = DIRECTION('',(1.,0.));
#1134 = ( GEOMETRIC_REPRESENTATION_CONTEXT(2) 
PARAMETRIC_REPRESENTATION_CONTEXT() REPRESENTATION_CONTEXT('2D SPACE',''
  ) );
#1135 = PCURVE('',#1056,#1136);
#1136 = DEFINITIONAL_REPRESENTATION('',(#1137),#1141);
#1137 = CIRCLE('',#1138,13.7);
#1138 = AXIS2_PLACEMENT_2D('',#1139,#1140);
#1139 = CARTESIAN_POINT('',(0.,0.));
#1140 = DIRECTION('',(1.,0.));
#1141 = ( GEOMETRIC_REPRESENTATION_CONTEXT(2) 
PARAMETRIC_REPRESENTATION_CONTEXT() REPRESENTATION_CONTEXT('2D SPACE',''
  ) );
#1142 = ORIENTED_EDGE('',*,*,#1143,.F.);
#1143 = EDGE_CURVE('',#1144,#1120,#1146,.T.);
#1144 = VERTEX_POINT('',#1145);
#1145 = CARTESIAN_POINT('',(13.491866216203,2.378980034401,
    1.919999992408));
#1146 = SURFACE_CURVE('',#1147,(#1152,#1162),.PCURVE_S1.);
#1147 = ELLIPSE('',#1148,281.28820022263,13.7);
#1148 = AXIS2_PLACEMENT_3D('',#1149,#1150,#1151);
#1149 = CARTESIAN_POINT('',(0.,0.,1.919999999982));
#1150 = DIRECTION('',(0.173442097537,-0.983639014517,-4.870449591969E-02
    ));
#1151 = DIRECTION('',(8.457446960644E-03,-4.796456518826E-02,
    0.998813231829));
#1152 = PCURVE('',#990,#1153);
#1153 = DEFINITIONAL_REPRESENTATION('',(#1154),#1161);
#1154 = B_SPLINE_CURVE_WITH_KNOTS('',5,(#1155,#1156,#1157,#1158,#1159,
    #1160),.UNSPECIFIED.,.F.,.F.,(6,6),(4.711968983303,4.717008964012),
  .PIECEWISE_BEZIER_KNOTS.);
#1155 = CARTESIAN_POINT('',(0.174952922281,1.601999985386));
#1156 = CARTESIAN_POINT('',(0.173944926139,1.885200887787));
#1157 = CARTESIAN_POINT('',(0.172936929997,2.168401940057));
#1158 = CARTESIAN_POINT('',(0.171928933855,2.451602542719));
#1159 = CARTESIAN_POINT('',(0.170920937714,2.7348020963));
#1160 = CARTESIAN_POINT('',(0.169912941572,3.018000001329));
#1161 = ( GEOMETRIC_REPRESENTATION_CONTEXT(2) 
PARAMETRIC_REPRESENTATION_CONTEXT() REPRESENTATION_CONTEXT('2D SPACE',''
  ) );
#1162 = PCURVE('',#1163,#1168);
#1163 = PLANE('',#1164);
#1164 = AXIS2_PLACEMENT_3D('',#1165,#1166,#1167);
#1165 = CARTESIAN_POINT('',(13.683196926038,2.357521891983,
    3.034719787238));
#1166 = DIRECTION('',(0.173442097537,-0.983639014517,-4.870449591969E-02
    ));
#1167 = DIRECTION('',(-0.984807753012,-0.173648177667,4.463095719284E-19
    ));
#1168 = DEFINITIONAL_REPRESENTATION('',(#1169),#1173);
#1169 = ELLIPSE('',#1170,281.28820022263,13.7);
#1170 = AXIS2_PLACEMENT_2D('',#1171,#1172);
#1171 = CARTESIAN_POINT('',(13.884697799108,1.116044273076));
#1172 = DIRECTION('',(5.917675227523E-19,-1.));
#1173 = ( GEOMETRIC_REPRESENTATION_CONTEXT(2) 
PARAMETRIC_REPRESENTATION_CONTEXT() REPRESENTATION_CONTEXT('2D SPACE',''
  ) );
#1174 = ORIENTED_EDGE('',*,*,#1175,.F.);
#1175 = EDGE_CURVE('',#1176,#1144,#1178,.T.);
#1176 = VERTEX_POINT('',#1177);
#1177 = CARTESIAN_POINT('',(13.7,-3.355532229664E-15,1.799999996195));
#1178 = SURFACE_CURVE('',#1179,(#1188,#1200),.PCURVE_S1.);
#1179 = B_SPLINE_CURVE_WITH_KNOTS('',4,(#1180,#1181,#1182,#1183,#1184,
    #1185,#1186,#1187),.UNSPECIFIED.,.F.,.F.,(5,3,5),(0.,0.500000008528,
    1.),.UNSPECIFIED.);
#1180 = CARTESIAN_POINT('',(13.7,-3.400257167255E-15,1.799999996195));
#1181 = CARTESIAN_POINT('',(13.7,0.298887627885,1.814999994646));
#1182 = CARTESIAN_POINT('',(13.691305709924,0.597775327585,
    1.829999994196));
#1183 = CARTESIAN_POINT('',(13.673917135681,0.896283426382,
    1.844999995446));
#1184 = CARTESIAN_POINT('',(13.621817589322,1.491783955884,
    1.874999996471));
#1185 = CARTESIAN_POINT('',(13.587106605275,1.788776529698,
    1.889999998553));
#1186 = CARTESIAN_POINT('',(13.543767506426,2.08463319079,1.904999999782
    ));
#1187 = CARTESIAN_POINT('',(13.491866216203,2.378980034401,
    1.919999992408));
#1188 = PCURVE('',#990,#1189);
#1189 = DEFINITIONAL_REPRESENTATION('',(#1190),#1199);
#1190 = B_SPLINE_CURVE_WITH_KNOTS('',4,(#1191,#1192,#1193,#1194,#1195,
    #1196,#1197,#1198),.UNSPECIFIED.,.F.,.F.,(5,3,5),(0.,0.500000008528,
    1.),.UNSPECIFIED.);
#1191 = CARTESIAN_POINT('',(0.,1.599999996195));
#1192 = CARTESIAN_POINT('',(2.18166151741E-02,1.614999994646));
#1193 = CARTESIAN_POINT('',(4.363323207559E-02,1.629999994196));
#1194 = CARTESIAN_POINT('',(6.544984895873E-02,1.644999995446));
#1195 = CARTESIAN_POINT('',(0.109083078511,1.674999996471));
#1196 = CARTESIAN_POINT('',(0.130899694632,1.689999998553));
#1197 = CARTESIAN_POINT('',(0.152716310764,1.704999999782));
#1198 = CARTESIAN_POINT('',(0.174532925226,1.719999992408));
#1199 = ( GEOMETRIC_REPRESENTATION_CONTEXT(2) 
PARAMETRIC_REPRESENTATION_CONTEXT() REPRESENTATION_CONTEXT('2D SPACE',''
  ) );
#1200 = PCURVE('',#1201,#1214);
#1201 = B_SPLINE_SURFACE_WITH_KNOTS('',1,5,(
    (#1202,#1203,#1204,#1205,#1206,#1207)
    ,(#1208,#1209,#1210,#1211,#1212,#1213
    )),.UNSPECIFIED.,.F.,.F.,.F.,(2,2),(6,6),(0.,0.4),(0.,0.423611812766
    ),.PIECEWISE_BEZIER_KNOTS.);
#1202 = CARTESIAN_POINT('',(13.196423890364,-2.326885580737,1.68));
#1203 = CARTESIAN_POINT('',(13.358871149739,-1.405601391992,
    1.727999963446));
#1204 = CARTESIAN_POINT('',(13.440921193272,-0.47014103985,
    1.776000049128));
#1205 = CARTESIAN_POINT('',(13.440921193249,0.4701410405,1.823999937586)
  );
#1206 = CARTESIAN_POINT('',(13.358871149672,1.405601392638,
    1.872000023268));
#1207 = CARTESIAN_POINT('',(13.196423890251,2.326885581375,
    1.919999986714));
#1208 = CARTESIAN_POINT('',(13.590346991568,-2.396344851804,1.68));
#1209 = CARTESIAN_POINT('',(13.757643422522,-1.447559644449,
    1.727999984334));
#1210 = CARTESIAN_POINT('',(13.842142722933,-0.484175093747,
    1.776000021055));
#1211 = CARTESIAN_POINT('',(13.842142722923,0.484175094025,
    1.823999973251));
#1212 = CARTESIAN_POINT('',(13.757643422493,1.447559644725,
    1.872000009972));
#1213 = CARTESIAN_POINT('',(13.59034699152,2.396344852077,1.919999994306
    ));
#1214 = DEFINITIONAL_REPRESENTATION('',(#1215),#1224);
#1215 = B_SPLINE_CURVE_WITH_KNOTS('',4,(#1216,#1217,#1218,#1219,#1220,
    #1221,#1222,#1223),.UNSPECIFIED.,.F.,.F.,(5,3,5),(0.,0.500000008528,
    1.),.UNSPECIFIED.);
#1216 = CARTESIAN_POINT('',(0.300000537945,0.211805906366));
#1217 = CARTESIAN_POINT('',(0.300000537945,0.238281643051));
#1218 = CARTESIAN_POINT('',(0.30000046854,0.264757381793));
#1219 = CARTESIAN_POINT('',(0.300000339576,0.291233121473));
#1220 = CARTESIAN_POINT('',(0.300000112553,0.344184596772));
#1221 = CARTESIAN_POINT('',(0.30000000614,0.370660336698));
#1222 = CARTESIAN_POINT('',(0.3,0.397136075962));
#1223 = CARTESIAN_POINT('',(0.3,0.423611812766));
#1224 = ( GEOMETRIC_REPRESENTATION_CONTEXT(2) 
PARAMETRIC_REPRESENTATION_CONTEXT() REPRESENTATION_CONTEXT('2D SPACE',''
  ) );
#1225 = ORIENTED_EDGE('',*,*,#1226,.F.);
#1226 = EDGE_CURVE('',#970,#1176,#1227,.T.);
#1227 = SEAM_CURVE('',#1228,(#1232,#1239),.PCURVE_S1.);
#1228 = LINE('',#1229,#1230);
#1229 = CARTESIAN_POINT('',(13.7,-3.355532229664E-15,0.2));
#1230 = VECTOR('',#1231,1.);
#1231 = DIRECTION('',(0.,0.,1.));
#1232 = PCURVE('',#990,#1233);
#1233 = DEFINITIONAL_REPRESENTATION('',(#1234),#1238);
#1234 = LINE('',#1235,#1236);
#1235 = CARTESIAN_POINT('',(0.,-0.));
#1236 = VECTOR('',#1237,1.);
#1237 = DIRECTION('',(0.,1.));
#1238 = ( GEOMETRIC_REPRESENTATION_CONTEXT(2) 
PARAMETRIC_REPRESENTATION_CONTEXT() REPRESENTATION_CONTEXT('2D SPACE',''
  ) );
#1239 = PCURVE('',#990,#1240);
#1240 = DEFINITIONAL_REPRESENTATION('',(#1241),#1245);
#1241 = LINE('',#1242,#1243);
#1242 = CARTESIAN_POINT('',(6.28318530718,-0.));
#1243 = VECTOR('',#1244,1.);
#1244 = DIRECTION('',(0.,1.));
#1245 = ( GEOMETRIC_REPRESENTATION_CONTEXT(2) 
PARAMETRIC_REPRESENTATION_CONTEXT() REPRESENTATION_CONTEXT('2D SPACE',''
  ) );
#1246 = ORIENTED_EDGE('',*,*,#969,.F.);
#1247 = ORIENTED_EDGE('',*,*,#1226,.T.);
#1248 = ORIENTED_EDGE('',*,*,#1249,.F.);
#1249 = EDGE_CURVE('',#1006,#1176,#1250,.T.);
#1250 = SURFACE_CURVE('',#1251,(#1260,#1272),.PCURVE_S1.);
#1251 = B_SPLINE_CURVE_WITH_KNOTS('',4,(#1252,#1253,#1254,#1255,#1256,
    #1257,#1258,#1259),.UNSPECIFIED.,.F.,.F.,(5,3,5),(0.,0.499999991549,
    1.),.UNSPECIFIED.);
#1252 = CARTESIAN_POINT('',(13.491866216267,-2.378980034037,1.68));
#1253 = CARTESIAN_POINT('',(13.543767506483,-2.084633190424,
    1.694999992626));
#1254 = CARTESIAN_POINT('',(13.587106605323,-1.788776529331,
    1.709999993855));
#1255 = CARTESIAN_POINT('',(13.621817589362,-1.491783955516,
    1.724999995937));
#1256 = CARTESIAN_POINT('',(13.673917135698,-0.896283426104,
    1.754999996957));
#1257 = CARTESIAN_POINT('',(13.69130570993,-0.5977753274,1.769999998203)
  );
#1258 = CARTESIAN_POINT('',(13.7,-0.298887627793,1.784999997749));
#1259 = CARTESIAN_POINT('',(13.7,-3.552713678801E-15,1.799999996195));
#1260 = PCURVE('',#990,#1261);
#1261 = DEFINITIONAL_REPRESENTATION('',(#1262),#1271);
#1262 = B_SPLINE_CURVE_WITH_KNOTS('',4,(#1263,#1264,#1265,#1266,#1267,
    #1268,#1269,#1270),.UNSPECIFIED.,.F.,.F.,(5,3,5),(0.,0.499999991549,
    1.),.UNSPECIFIED.);
#1263 = CARTESIAN_POINT('',(6.10865238198,1.48));
#1264 = CARTESIAN_POINT('',(6.130468996442,1.494999992626));
#1265 = CARTESIAN_POINT('',(6.152285612574,1.509999993855));
#1266 = CARTESIAN_POINT('',(6.174102228696,1.524999995937));
#1267 = CARTESIAN_POINT('',(6.217735458241,1.554999996957));
#1268 = CARTESIAN_POINT('',(6.239552075118,1.569999998203));
#1269 = CARTESIAN_POINT('',(6.261368692012,1.584999997749));
#1270 = CARTESIAN_POINT('',(6.28318530718,1.599999996195));
#1271 = ( GEOMETRIC_REPRESENTATION_CONTEXT(2) 
PARAMETRIC_REPRESENTATION_CONTEXT() REPRESENTATION_CONTEXT('2D SPACE',''
  ) );
#1272 = PCURVE('',#1201,#1273);
#1273 = DEFINITIONAL_REPRESENTATION('',(#1274),#1283);
#1274 = B_SPLINE_CURVE_WITH_KNOTS('',4,(#1275,#1276,#1277,#1278,#1279,
    #1280,#1281,#1282),.UNSPECIFIED.,.F.,.F.,(5,3,5),(0.,0.499999991549,
    1.),.UNSPECIFIED.);
#1275 = CARTESIAN_POINT('',(0.3,0.));
#1276 = CARTESIAN_POINT('',(0.3,2.647573680413E-02));
#1277 = CARTESIAN_POINT('',(0.30000000614,5.29514760676E-02));
#1278 = CARTESIAN_POINT('',(0.300000112553,7.942721599358E-02));
#1279 = CARTESIAN_POINT('',(0.300000339576,0.132378691284));
#1280 = CARTESIAN_POINT('',(0.30000046854,0.158854430956));
#1281 = CARTESIAN_POINT('',(0.300000537945,0.18533016969));
#1282 = CARTESIAN_POINT('',(0.300000537945,0.211805906366));
#1283 = ( GEOMETRIC_REPRESENTATION_CONTEXT(2) 
PARAMETRIC_REPRESENTATION_CONTEXT() REPRESENTATION_CONTEXT('2D SPACE',''
  ) );
#1284 = FACE_BOUND('',#1285,.T.);
#1285 = EDGE_LOOP('',(#1286,#1357,#1389,#1418));
#1286 = ORIENTED_EDGE('',*,*,#1287,.F.);
#1287 = EDGE_CURVE('',#1288,#1290,#1292,.T.);
#1288 = VERTEX_POINT('',#1289);
#1289 = CARTESIAN_POINT('',(-4.685675963562,12.873788904767,1.68));
#1290 = VERTEX_POINT('',#1291);
#1291 = CARTESIAN_POINT('',(-8.806190252989,10.494808870492,
    1.919999992408));
#1292 = SURFACE_CURVE('',#1293,(#1308,#1326),.PCURVE_S1.);
#1293 = B_SPLINE_CURVE_WITH_KNOTS('',4,(#1294,#1295,#1296,#1297,#1298,
    #1299,#1300,#1301,#1302,#1303,#1304,#1305,#1306,#1307),
  .UNSPECIFIED.,.F.,.F.,(5,3,3,3,5),(0.,0.249999995755,0.5,
    0.750000004245,1.),.UNSPECIFIED.);
#1294 = CARTESIAN_POINT('',(-4.685675963562,12.873788904767,1.68));
#1295 = CARTESIAN_POINT('',(-4.966538452762,12.771563318776,
    1.694999992626));
#1296 = CARTESIAN_POINT('',(-5.244427386568,12.661167748803,
    1.709999993855));
#1297 = CARTESIAN_POINT('',(-5.518985992246,12.542732055864,
    1.724999995937));
#1298 = CARTESIAN_POINT('',(-6.060754351894,12.29010132179,
    1.754999996959));
#1299 = CARTESIAN_POINT('',(-6.327964235764,12.155906219437,
    1.769999998208));
#1300 = CARTESIAN_POINT('',(-6.591155721577,12.013991845677,
    1.784999997756));
#1301 = CARTESIAN_POINT('',(-7.108844278744,11.715104217831,
    1.814999994653));
#1302 = CARTESIAN_POINT('',(-7.363341474484,11.55813089193,1.8299999942)
  );
#1303 = CARTESIAN_POINT('',(-7.613162784116,11.393817895526,
    1.844999995449));
#1304 = CARTESIAN_POINT('',(-8.102831597415,11.050948100128,
    1.874999996471));
#1305 = CARTESIAN_POINT('',(-8.34267921905,10.872391219246,
    1.889999998553));
#1306 = CARTESIAN_POINT('',(-8.57722905401,10.68693012812,1.904999999782
    ));
#1307 = CARTESIAN_POINT('',(-8.806190252989,10.494808870492,
    1.919999992408));
#1308 = PCURVE('',#990,#1309);
#1309 = DEFINITIONAL_REPRESENTATION('',(#1310),#1325);
#1310 = B_SPLINE_CURVE_WITH_KNOTS('',4,(#1311,#1312,#1313,#1314,#1315,
    #1316,#1317,#1318,#1319,#1320,#1321,#1322,#1323,#1324),
  .UNSPECIFIED.,.F.,.F.,(5,3,3,3,5),(0.,0.249999995755,0.5,
    0.750000004245,1.),.UNSPECIFIED.);
#1311 = CARTESIAN_POINT('',(1.919862177194,1.48));
#1312 = CARTESIAN_POINT('',(1.941678791656,1.494999992626));
#1313 = CARTESIAN_POINT('',(1.963495407788,1.509999993855));
#1314 = CARTESIAN_POINT('',(1.98531202391,1.524999995937));
#1315 = CARTESIAN_POINT('',(2.028945253458,1.554999996959));
#1316 = CARTESIAN_POINT('',(2.050761870338,1.569999998208));
#1317 = CARTESIAN_POINT('',(2.072578487236,1.584999997756));
#1318 = CARTESIAN_POINT('',(2.116211717577,1.614999994653));
#1319 = CARTESIAN_POINT('',(2.138028334476,1.6299999942));
#1320 = CARTESIAN_POINT('',(2.159844951355,1.644999995449));
#1321 = CARTESIAN_POINT('',(2.203478180904,1.674999996471));
#1322 = CARTESIAN_POINT('',(2.225294797025,1.689999998553));
#1323 = CARTESIAN_POINT('',(2.247111413158,1.704999999782));
#1324 = CARTESIAN_POINT('',(2.26892802762,1.719999992408));
#1325 = ( GEOMETRIC_REPRESENTATION_CONTEXT(2) 
PARAMETRIC_REPRESENTATION_CONTEXT() REPRESENTATION_CONTEXT('2D SPACE',''
  ) );
#1326 = PCURVE('',#1327,#1340);
#1327 = B_SPLINE_SURFACE_WITH_KNOTS('',1,5,(
    (#1328,#1329,#1330,#1331,#1332,#1333)
    ,(#1334,#1335,#1336,#1337,#1338,#1339
    )),.UNSPECIFIED.,.F.,.F.,.F.,(2,2),(6,6),(0.,0.4),(0.,0.423611812766
    ),.PIECEWISE_BEZIER_KNOTS.);
#1328 = CARTESIAN_POINT('',(-4.583069920564,12.591881118531,1.68));
#1329 = CARTESIAN_POINT('',(-5.46214906181,12.271922477553,
    1.727999963446));
#1330 = CARTESIAN_POINT('',(-6.313306512764,11.875249723563,
    1.776000049128));
#1331 = CARTESIAN_POINT('',(-7.127614681059,11.405108683368,
    1.823999937586));
#1332 = CARTESIAN_POINT('',(-7.896722088455,10.86632108518,
    1.872000023268));
#1333 = CARTESIAN_POINT('',(-8.613353970296,10.264995537378,
    1.919999986714));
#1334 = CARTESIAN_POINT('',(-4.719877977894,12.967758166846,1.68));
#1335 = CARTESIAN_POINT('',(-5.625198285675,12.638248522336,
    1.727999984334));
#1336 = CARTESIAN_POINT('',(-6.501763430402,12.229734787743,
    1.776000021055));
#1337 = CARTESIAN_POINT('',(-7.340379292767,11.745559693848,
    1.823999973251));
#1338 = CARTESIAN_POINT('',(-8.132445137072,11.190688877724,
    1.872000009972));
#1339 = CARTESIAN_POINT('',(-8.870469013887,10.571413314863,
    1.919999994306));
#1340 = DEFINITIONAL_REPRESENTATION('',(#1341),#1356);
#1341 = B_SPLINE_CURVE_WITH_KNOTS('',4,(#1342,#1343,#1344,#1345,#1346,
    #1347,#1348,#1349,#1350,#1351,#1352,#1353,#1354,#1355),
  .UNSPECIFIED.,.F.,.F.,(5,3,3,3,5),(0.,0.249999995755,0.5,
    0.750000004245,1.),.UNSPECIFIED.);
#1342 = CARTESIAN_POINT('',(0.3,0.));
#1343 = CARTESIAN_POINT('',(0.3,2.647573680413E-02));
#1344 = CARTESIAN_POINT('',(0.30000000614,5.295147606761E-02));
#1345 = CARTESIAN_POINT('',(0.300000112553,7.942721599358E-02));
#1346 = CARTESIAN_POINT('',(0.300000339576,0.132378691288));
#1347 = CARTESIAN_POINT('',(0.30000046854,0.158854430965));
#1348 = CARTESIAN_POINT('',(0.300000537945,0.185330169703));
#1349 = CARTESIAN_POINT('',(0.300000537945,0.238281643063));
#1350 = CARTESIAN_POINT('',(0.30000046854,0.264757381801));
#1351 = CARTESIAN_POINT('',(0.300000339576,0.291233121477));
#1352 = CARTESIAN_POINT('',(0.300000112553,0.344184596772));
#1353 = CARTESIAN_POINT('',(0.30000000614,0.370660336698));
#1354 = CARTESIAN_POINT('',(0.3,0.397136075962));
#1355 = CARTESIAN_POINT('',(0.3,0.423611812766));
#1356 = ( GEOMETRIC_REPRESENTATION_CONTEXT(2) 
PARAMETRIC_REPRESENTATION_CONTEXT() REPRESENTATION_CONTEXT('2D SPACE',''
  ) );
#1357 = ORIENTED_EDGE('',*,*,#1358,.T.);
#1358 = EDGE_CURVE('',#1288,#1359,#1361,.T.);
#1359 = VERTEX_POINT('',#1360);
#1360 = CARTESIAN_POINT('',(-4.620549393693,12.897306823537,3.1));
#1361 = SURFACE_CURVE('',#1362,(#1367,#1377),.PCURVE_S1.);
#1362 = ELLIPSE('',#1363,281.28820022261,13.7);
#1363 = AXIS2_PLACEMENT_3D('',#1364,#1365,#1366);
#1364 = CARTESIAN_POINT('',(0.,0.,1.680000000016));
#1365 = DIRECTION('',(0.938577423493,0.341614244706,-4.870449591969E-02)
  );
#1366 = DIRECTION('',(4.576725541483E-02,1.665791867506E-02,
    0.998813231829));
#1367 = PCURVE('',#990,#1368);
#1368 = DEFINITIONAL_REPRESENTATION('',(#1369),#1376);
#1369 = B_SPLINE_CURVE_WITH_KNOTS('',5,(#1370,#1371,#1372,#1373,#1374,
    #1375),.UNSPECIFIED.,.F.,.F.,(6,6),(4.711883560224,4.717948630557),
  .PIECEWISE_BEZIER_KNOTS.);
#1370 = CARTESIAN_POINT('',(1.920367597354,1.338));
#1371 = CARTESIAN_POINT('',(1.919154583288,1.678801567052));
#1372 = CARTESIAN_POINT('',(1.917941569221,2.019603395278));
#1373 = CARTESIAN_POINT('',(1.916728555155,2.360404439976));
#1374 = CARTESIAN_POINT('',(1.915515541088,2.701203656445));
#1375 = CARTESIAN_POINT('',(1.914302527021,3.042));
#1376 = ( GEOMETRIC_REPRESENTATION_CONTEXT(2) 
PARAMETRIC_REPRESENTATION_CONTEXT() REPRESENTATION_CONTEXT('2D SPACE',''
  ) );
#1377 = PCURVE('',#1378,#1383);
#1378 = PLANE('',#1379);
#1379 = AXIS2_PLACEMENT_3D('',#1380,#1381,#1382);
#1380 = CARTESIAN_POINT('',(-4.697768055051,13.065939058399,
    2.794719791324));
#1381 = DIRECTION('',(0.938577423493,0.341614244706,-4.870449591969E-02)
  );
#1382 = DIRECTION('',(-4.576725541483E-02,-1.665791867506E-02,
    -0.998813231829));
#1383 = DEFINITIONAL_REPRESENTATION('',(#1384),#1388);
#1384 = ELLIPSE('',#1385,281.28820022261,13.7);
#1385 = AXIS2_PLACEMENT_2D('',#1386,#1387);
#1386 = CARTESIAN_POINT('',(1.116044277134,-13.88469782031));
#1387 = DIRECTION('',(-1.,-2.639677448618E-15));
#1388 = ( GEOMETRIC_REPRESENTATION_CONTEXT(2) 
PARAMETRIC_REPRESENTATION_CONTEXT() REPRESENTATION_CONTEXT('2D SPACE',''
  ) );
#1389 = ORIENTED_EDGE('',*,*,#1390,.T.);
#1390 = EDGE_CURVE('',#1359,#1391,#1393,.T.);
#1391 = VERTEX_POINT('',#1392);
#1392 = CARTESIAN_POINT('',(-8.762034698662,10.531702043803,3.1));
#1393 = SURFACE_CURVE('',#1394,(#1399,#1406),.PCURVE_S1.);
#1394 = CIRCLE('',#1395,13.7);
#1395 = AXIS2_PLACEMENT_3D('',#1396,#1397,#1398);
#1396 = CARTESIAN_POINT('',(0.,0.,3.1));
#1397 = DIRECTION('',(0.,0.,1.));
#1398 = DIRECTION('',(1.,0.,-0.));
#1399 = PCURVE('',#990,#1400);
#1400 = DEFINITIONAL_REPRESENTATION('',(#1401),#1405);
#1401 = LINE('',#1402,#1403);
#1402 = CARTESIAN_POINT('',(0.,2.9));
#1403 = VECTOR('',#1404,1.);
#1404 = DIRECTION('',(1.,0.));
#1405 = ( GEOMETRIC_REPRESENTATION_CONTEXT(2) 
PARAMETRIC_REPRESENTATION_CONTEXT() REPRESENTATION_CONTEXT('2D SPACE',''
  ) );
#1406 = PCURVE('',#1407,#1412);
#1407 = PLANE('',#1408);
#1408 = AXIS2_PLACEMENT_3D('',#1409,#1410,#1411);
#1409 = CARTESIAN_POINT('',(0.,0.,3.1));
#1410 = DIRECTION('',(0.,0.,1.));
#1411 = DIRECTION('',(1.,0.,-0.));
#1412 = DEFINITIONAL_REPRESENTATION('',(#1413),#1417);
#1413 = CIRCLE('',#1414,13.7);
#1414 = AXIS2_PLACEMENT_2D('',#1415,#1416);
#1415 = CARTESIAN_POINT('',(0.,0.));
#1416 = DIRECTION('',(1.,0.));
#1417 = ( GEOMETRIC_REPRESENTATION_CONTEXT(2) 
PARAMETRIC_REPRESENTATION_CONTEXT() REPRESENTATION_CONTEXT('2D SPACE',''
  ) );
#1418 = ORIENTED_EDGE('',*,*,#1419,.F.);
#1419 = EDGE_CURVE('',#1290,#1391,#1420,.T.);
#1420 = SURFACE_CURVE('',#1421,(#1426,#1436),.PCURVE_S1.);
#1421 = ELLIPSE('',#1422,281.28820022263,13.7);
#1422 = AXIS2_PLACEMENT_3D('',#1423,#1424,#1425);
#1423 = CARTESIAN_POINT('',(0.,0.,1.919999999982));
#1424 = DIRECTION('',(0.765135325956,0.642024769811,-4.870449591969E-02)
  );
#1425 = DIRECTION('',(3.730980845419E-02,3.130664651321E-02,
    0.998813231829));
#1426 = PCURVE('',#990,#1427);
#1427 = DEFINITIONAL_REPRESENTATION('',(#1428),#1435);
#1428 = B_SPLINE_CURVE_WITH_KNOTS('',5,(#1429,#1430,#1431,#1432,#1433,
    #1434),.UNSPECIFIED.,.F.,.F.,(6,6),(4.711968983303,4.717008964012),
  .PIECEWISE_BEZIER_KNOTS.);
#1429 = CARTESIAN_POINT('',(2.269348024674,1.601999985386));
#1430 = CARTESIAN_POINT('',(2.268340028532,1.885200887787));
#1431 = CARTESIAN_POINT('',(2.26733203239,2.168401940057));
#1432 = CARTESIAN_POINT('',(2.266324036249,2.451602542719));
#1433 = CARTESIAN_POINT('',(2.265316040107,2.7348020963));
#1434 = CARTESIAN_POINT('',(2.264308043965,3.018000001329));
#1435 = ( GEOMETRIC_REPRESENTATION_CONTEXT(2) 
PARAMETRIC_REPRESENTATION_CONTEXT() REPRESENTATION_CONTEXT('2D SPACE',''
  ) );
#1436 = PCURVE('',#1437,#1442);
#1437 = PLANE('',#1438);
#1438 = AXIS2_PLACEMENT_3D('',#1439,#1440,#1441);
#1439 = CARTESIAN_POINT('',(-8.883272311454,10.671235196943,
    3.034719787238));
#1440 = DIRECTION('',(0.765135325956,0.642024769811,-4.870449591969E-02)
  );
#1441 = DIRECTION('',(0.642787609687,-0.766044443119,4.463095719284E-19)
  );
#1442 = DEFINITIONAL_REPRESENTATION('',(#1443),#1447);
#1443 = ELLIPSE('',#1444,281.28820022263,13.7);
#1444 = AXIS2_PLACEMENT_2D('',#1445,#1446);
#1445 = CARTESIAN_POINT('',(13.884697799108,1.116044273076));
#1446 = DIRECTION('',(-2.610391747334E-18,-1.));
#1447 = ( GEOMETRIC_REPRESENTATION_CONTEXT(2) 
PARAMETRIC_REPRESENTATION_CONTEXT() REPRESENTATION_CONTEXT('2D SPACE',''
  ) );
#1448 = FACE_BOUND('',#1449,.T.);
#1449 = EDGE_LOOP('',(#1450,#1521,#1553,#1582));
#1450 = ORIENTED_EDGE('',*,*,#1451,.F.);
#1451 = EDGE_CURVE('',#1452,#1454,#1456,.T.);
#1452 = VERTEX_POINT('',#1453);
#1453 = CARTESIAN_POINT('',(-8.806190252706,-10.49480887073,1.68));
#1454 = VERTEX_POINT('',#1455);
#1455 = CARTESIAN_POINT('',(-4.685675963214,-12.87378890489,
    1.919999992408));
#1456 = SURFACE_CURVE('',#1457,(#1472,#1490),.PCURVE_S1.);
#1457 = B_SPLINE_CURVE_WITH_KNOTS('',4,(#1458,#1459,#1460,#1461,#1462,
    #1463,#1464,#1465,#1466,#1467,#1468,#1469,#1470,#1471),
  .UNSPECIFIED.,.F.,.F.,(5,3,3,3,5),(0.,0.249999995755,0.5,
    0.750000004245,1.),.UNSPECIFIED.);
#1458 = CARTESIAN_POINT('',(-8.806190252706,-10.49480887073,1.68));
#1459 = CARTESIAN_POINT('',(-8.577229053721,-10.68693012835,
    1.694999992626));
#1460 = CARTESIAN_POINT('',(-8.342679218756,-10.87239121947,
    1.709999993855));
#1461 = CARTESIAN_POINT('',(-8.102831597116,-11.05094810034,
    1.724999995937));
#1462 = CARTESIAN_POINT('',(-7.613162783808,-11.39381789573,
    1.754999996959));
#1463 = CARTESIAN_POINT('',(-7.363341474172,-11.55813089212,
    1.769999998208));
#1464 = CARTESIAN_POINT('',(-7.108844278427,-11.71510421802,
    1.784999997756));
#1465 = CARTESIAN_POINT('',(-6.591155721252,-12.01399184585,
    1.814999994653));
#1466 = CARTESIAN_POINT('',(-6.327964235435,-12.1559062196,1.8299999942)
  );
#1467 = CARTESIAN_POINT('',(-6.060754351561,-12.29010132195,
    1.844999995449));
#1468 = CARTESIAN_POINT('',(-5.518985991907,-12.54273205601,
    1.874999996471));
#1469 = CARTESIAN_POINT('',(-5.244427386225,-12.66116774894,
    1.889999998553));
#1470 = CARTESIAN_POINT('',(-4.966538452417,-12.77156331891,
    1.904999999782));
#1471 = CARTESIAN_POINT('',(-4.685675963214,-12.87378890489,
    1.919999992408));
#1472 = PCURVE('',#990,#1473);
#1473 = DEFINITIONAL_REPRESENTATION('',(#1474),#1489);
#1474 = B_SPLINE_CURVE_WITH_KNOTS('',4,(#1475,#1476,#1477,#1478,#1479,
    #1480,#1481,#1482,#1483,#1484,#1485,#1486,#1487,#1488),
  .UNSPECIFIED.,.F.,.F.,(5,3,3,3,5),(0.,0.249999995755,0.5,
    0.750000004245,1.),.UNSPECIFIED.);
#1475 = CARTESIAN_POINT('',(4.014257279587,1.48));
#1476 = CARTESIAN_POINT('',(4.036073894049,1.494999992626));
#1477 = CARTESIAN_POINT('',(4.057890510181,1.509999993855));
#1478 = CARTESIAN_POINT('',(4.079707126303,1.524999995937));
#1479 = CARTESIAN_POINT('',(4.123340355851,1.554999996959));
#1480 = CARTESIAN_POINT('',(4.145156972731,1.569999998208));
#1481 = CARTESIAN_POINT('',(4.166973589629,1.584999997756));
#1482 = CARTESIAN_POINT('',(4.210606819971,1.614999994653));
#1483 = CARTESIAN_POINT('',(4.232423436869,1.6299999942));
#1484 = CARTESIAN_POINT('',(4.254240053748,1.644999995449));
#1485 = CARTESIAN_POINT('',(4.297873283297,1.674999996471));
#1486 = CARTESIAN_POINT('',(4.319689899419,1.689999998553));
#1487 = CARTESIAN_POINT('',(4.341506515551,1.704999999782));
#1488 = CARTESIAN_POINT('',(4.363323130013,1.719999992408));
#1489 = ( GEOMETRIC_REPRESENTATION_CONTEXT(2) 
PARAMETRIC_REPRESENTATION_CONTEXT() REPRESENTATION_CONTEXT('2D SPACE',''
  ) );
#1490 = PCURVE('',#1491,#1504);
#1491 = B_SPLINE_SURFACE_WITH_KNOTS('',1,5,(
    (#1492,#1493,#1494,#1495,#1496,#1497)
    ,(#1498,#1499,#1500,#1501,#1502,#1503
    )),.UNSPECIFIED.,.F.,.F.,.F.,(2,2),(6,6),(0.,0.4),(0.,0.423611812766
    ),.PIECEWISE_BEZIER_KNOTS.);
#1492 = CARTESIAN_POINT('',(-8.6133539698,-10.26499553779,1.68));
#1493 = CARTESIAN_POINT('',(-7.89672208793,-10.86632108556,
    1.727999963446));
#1494 = CARTESIAN_POINT('',(-7.127614680507,-11.40510868371,
    1.776000049128));
#1495 = CARTESIAN_POINT('',(-6.31330651219,-11.87524972386,
    1.823999937586));
#1496 = CARTESIAN_POINT('',(-5.462149061217,-12.27192247781,
    1.872000023268));
#1497 = CARTESIAN_POINT('',(-4.583069919955,-12.59188111875,
    1.919999986714));
#1498 = CARTESIAN_POINT('',(-8.870469013674,-10.57141331504,1.68));
#1499 = CARTESIAN_POINT('',(-8.132445136847,-11.19068887788,
    1.727999984334));
#1500 = CARTESIAN_POINT('',(-7.340379292531,-11.74555969399,
    1.776000021055));
#1501 = CARTESIAN_POINT('',(-6.501763430156,-12.22973478787,
    1.823999973251));
#1502 = CARTESIAN_POINT('',(-5.625198285421,-12.63824852245,
    1.872000009972));
#1503 = CARTESIAN_POINT('',(-4.719877977633,-12.96775816694,
    1.919999994306));
#1504 = DEFINITIONAL_REPRESENTATION('',(#1505),#1520);
#1505 = B_SPLINE_CURVE_WITH_KNOTS('',4,(#1506,#1507,#1508,#1509,#1510,
    #1511,#1512,#1513,#1514,#1515,#1516,#1517,#1518,#1519),
  .UNSPECIFIED.,.F.,.F.,(5,3,3,3,5),(0.,0.249999995755,0.5,
    0.750000004245,1.),.UNSPECIFIED.);
#1506 = CARTESIAN_POINT('',(0.3,0.));
#1507 = CARTESIAN_POINT('',(0.3,2.647573680413E-02));
#1508 = CARTESIAN_POINT('',(0.30000000614,5.295147606761E-02));
#1509 = CARTESIAN_POINT('',(0.300000112553,7.942721599358E-02));
#1510 = CARTESIAN_POINT('',(0.300000339576,0.132378691288));
#1511 = CARTESIAN_POINT('',(0.30000046854,0.158854430965));
#1512 = CARTESIAN_POINT('',(0.300000537945,0.185330169703));
#1513 = CARTESIAN_POINT('',(0.300000537945,0.238281643063));
#1514 = CARTESIAN_POINT('',(0.30000046854,0.264757381801));
#1515 = CARTESIAN_POINT('',(0.300000339576,0.291233121477));
#1516 = CARTESIAN_POINT('',(0.300000112553,0.344184596772));
#1517 = CARTESIAN_POINT('',(0.30000000614,0.370660336698));
#1518 = CARTESIAN_POINT('',(0.3,0.397136075962));
#1519 = CARTESIAN_POINT('',(0.3,0.423611812766));
#1520 = ( GEOMETRIC_REPRESENTATION_CONTEXT(2) 
PARAMETRIC_REPRESENTATION_CONTEXT() REPRESENTATION_CONTEXT('2D SPACE',''
  ) );
#1521 = ORIENTED_EDGE('',*,*,#1522,.T.);
#1522 = EDGE_CURVE('',#1452,#1523,#1525,.T.);
#1523 = VERTEX_POINT('',#1524);
#1524 = CARTESIAN_POINT('',(-8.859120652739,-10.45016656614,3.1));
#1525 = SURFACE_CURVE('',#1526,(#1531,#1541),.PCURVE_S1.);
#1526 = ELLIPSE('',#1527,281.28820022261,13.7);
#1527 = AXIS2_PLACEMENT_3D('',#1528,#1529,#1530);
#1528 = CARTESIAN_POINT('',(0.,0.,1.680000000016));
#1529 = DIRECTION('',(-0.765135325956,0.642024769811,-4.870449591969E-02
    ));
#1530 = DIRECTION('',(-3.730980845419E-02,3.130664651321E-02,
    0.998813231829));
#1531 = PCURVE('',#990,#1532);
#1532 = DEFINITIONAL_REPRESENTATION('',(#1533),#1540);
#1533 = B_SPLINE_CURVE_WITH_KNOTS('',5,(#1534,#1535,#1536,#1537,#1538,
    #1539),.UNSPECIFIED.,.F.,.F.,(6,6),(4.711883560224,4.717948630557),
  .PIECEWISE_BEZIER_KNOTS.);
#1534 = CARTESIAN_POINT('',(4.014762699748,1.338));
#1535 = CARTESIAN_POINT('',(4.013549685681,1.678801567052));
#1536 = CARTESIAN_POINT('',(4.012336671614,2.019603395278));
#1537 = CARTESIAN_POINT('',(4.011123657548,2.360404439976));
#1538 = CARTESIAN_POINT('',(4.009910643481,2.701203656445));
#1539 = CARTESIAN_POINT('',(4.008697629415,3.042));
#1540 = ( GEOMETRIC_REPRESENTATION_CONTEXT(2) 
PARAMETRIC_REPRESENTATION_CONTEXT() REPRESENTATION_CONTEXT('2D SPACE',''
  ) );
#1541 = PCURVE('',#1542,#1547);
#1542 = PLANE('',#1543);
#1543 = AXIS2_PLACEMENT_3D('',#1544,#1545,#1546);
#1544 = CARTESIAN_POINT('',(-8.966551121347,-10.60135600596,
    2.794719791324));
#1545 = DIRECTION('',(-0.765135325956,0.642024769811,-4.870449591969E-02
    ));
#1546 = DIRECTION('',(3.730980845419E-02,-3.130664651321E-02,
    -0.998813231829));
#1547 = DEFINITIONAL_REPRESENTATION('',(#1548),#1552);
#1548 = ELLIPSE('',#1549,281.28820022261,13.7);
#1549 = AXIS2_PLACEMENT_2D('',#1550,#1551);
#1550 = CARTESIAN_POINT('',(1.116044277134,-13.88469782031));
#1551 = DIRECTION('',(-1.,-2.6307074921E-15));
#1552 = ( GEOMETRIC_REPRESENTATION_CONTEXT(2) 
PARAMETRIC_REPRESENTATION_CONTEXT() REPRESENTATION_CONTEXT('2D SPACE',''
  ) );
#1553 = ORIENTED_EDGE('',*,*,#1554,.T.);
#1554 = EDGE_CURVE('',#1523,#1555,#1557,.T.);
#1555 = VERTEX_POINT('',#1556);
#1556 = CARTESIAN_POINT('',(-4.73970416569,-12.85399565978,3.1));
#1557 = SURFACE_CURVE('',#1558,(#1563,#1570),.PCURVE_S1.);
#1558 = CIRCLE('',#1559,13.7);
#1559 = AXIS2_PLACEMENT_3D('',#1560,#1561,#1562);
#1560 = CARTESIAN_POINT('',(0.,0.,3.1));
#1561 = DIRECTION('',(0.,0.,1.));
#1562 = DIRECTION('',(1.,0.,-0.));
#1563 = PCURVE('',#990,#1564);
#1564 = DEFINITIONAL_REPRESENTATION('',(#1565),#1569);
#1565 = LINE('',#1566,#1567);
#1566 = CARTESIAN_POINT('',(0.,2.9));
#1567 = VECTOR('',#1568,1.);
#1568 = DIRECTION('',(1.,0.));
#1569 = ( GEOMETRIC_REPRESENTATION_CONTEXT(2) 
PARAMETRIC_REPRESENTATION_CONTEXT() REPRESENTATION_CONTEXT('2D SPACE',''
  ) );
#1570 = PCURVE('',#1571,#1576);
#1571 = PLANE('',#1572);
#1572 = AXIS2_PLACEMENT_3D('',#1573,#1574,#1575);
#1573 = CARTESIAN_POINT('',(0.,0.,3.1));
#1574 = DIRECTION('',(0.,0.,1.));
#1575 = DIRECTION('',(1.,0.,-0.));
#1576 = DEFINITIONAL_REPRESENTATION('',(#1577),#1581);
#1577 = CIRCLE('',#1578,13.7);
#1578 = AXIS2_PLACEMENT_2D('',#1579,#1580);
#1579 = CARTESIAN_POINT('',(0.,0.));
#1580 = DIRECTION('',(1.,0.));
#1581 = ( GEOMETRIC_REPRESENTATION_CONTEXT(2) 
PARAMETRIC_REPRESENTATION_CONTEXT() REPRESENTATION_CONTEXT('2D SPACE',''
  ) );
#1582 = ORIENTED_EDGE('',*,*,#1583,.F.);
#1583 = EDGE_CURVE('',#1454,#1555,#1584,.T.);
#1584 = SURFACE_CURVE('',#1585,(#1590,#1600),.PCURVE_S1.);
#1585 = ELLIPSE('',#1586,281.28820022263,13.7);
#1586 = AXIS2_PLACEMENT_3D('',#1587,#1588,#1589);
#1587 = CARTESIAN_POINT('',(0.,0.,1.919999999982));
#1588 = DIRECTION('',(-0.938577423493,0.341614244706,-4.870449591969E-02
    ));
#1589 = DIRECTION('',(-4.576725541483E-02,1.665791867505E-02,
    0.998813231829));
#1590 = PCURVE('',#990,#1591);
#1591 = DEFINITIONAL_REPRESENTATION('',(#1592),#1599);
#1592 = B_SPLINE_CURVE_WITH_KNOTS('',5,(#1593,#1594,#1595,#1596,#1597,
    #1598),.UNSPECIFIED.,.F.,.F.,(6,6),(4.711968983303,4.717008964012),
  .PIECEWISE_BEZIER_KNOTS.);
#1593 = CARTESIAN_POINT('',(4.363743127067,1.601999985386));
#1594 = CARTESIAN_POINT('',(4.362735130925,1.885200887787));
#1595 = CARTESIAN_POINT('',(4.361727134784,2.168401940057));
#1596 = CARTESIAN_POINT('',(4.360719138642,2.451602542719));
#1597 = CARTESIAN_POINT('',(4.3597111425,2.7348020963));
#1598 = CARTESIAN_POINT('',(4.358703146358,3.018000001329));
#1599 = ( GEOMETRIC_REPRESENTATION_CONTEXT(2) 
PARAMETRIC_REPRESENTATION_CONTEXT() REPRESENTATION_CONTEXT('2D SPACE',''
  ) );
#1600 = PCURVE('',#1601,#1606);
#1601 = PLANE('',#1602);
#1602 = AXIS2_PLACEMENT_3D('',#1603,#1604,#1605);
#1603 = CARTESIAN_POINT('',(-4.799924614584,-13.02875708892,
    3.034719787238));
#1604 = DIRECTION('',(-0.938577423493,0.341614244706,-4.870449591969E-02
    ));
#1605 = DIRECTION('',(0.342020143326,0.939692620786,4.463095719284E-19)
  );
#1606 = DEFINITIONAL_REPRESENTATION('',(#1607),#1611);
#1607 = ELLIPSE('',#1608,281.28820022263,13.7);
#1608 = AXIS2_PLACEMENT_2D('',#1609,#1610);
#1609 = CARTESIAN_POINT('',(13.884697799108,1.116044273076));
#1610 = DIRECTION('',(1.76994913445E-18,-1.));
#1611 = ( GEOMETRIC_REPRESENTATION_CONTEXT(2) 
PARAMETRIC_REPRESENTATION_CONTEXT() REPRESENTATION_CONTEXT('2D SPACE',''
  ) );
#1612 = ADVANCED_FACE('',(#1613),#1601,.F.);
#1613 = FACE_BOUND('',#1614,.F.);
#1614 = EDGE_LOOP('',(#1615,#1636,#1637,#1658,#1692));
#1615 = ORIENTED_EDGE('',*,*,#1616,.T.);
#1616 = EDGE_CURVE('',#1617,#1555,#1619,.T.);
#1617 = VERTEX_POINT('',#1618);
#1618 = CARTESIAN_POINT('',(-5.01336159993,-13.60586328102,3.1));
#1619 = SURFACE_CURVE('',#1620,(#1624,#1630),.PCURVE_S1.);
#1620 = LINE('',#1621,#1622);
#1621 = CARTESIAN_POINT('',(-2.428492695029,-6.503994332555,3.1));
#1622 = VECTOR('',#1623,1.);
#1623 = DIRECTION('',(0.342020143326,0.939692620786,-0.));
#1624 = PCURVE('',#1601,#1625);
#1625 = DEFINITIONAL_REPRESENTATION('',(#1626),#1629);
#1626 = B_SPLINE_CURVE_WITH_KNOTS('',1,(#1627,#1628),.UNSPECIFIED.,.F.,
  .F.,(2,2),(-7.557651084594,-6.457651061682),.PIECEWISE_BEZIER_KNOTS.);
#1627 = CARTESIAN_POINT('',(-0.61530218504,-6.535777729165E-02));
#1628 = CARTESIAN_POINT('',(0.484697837872,-6.535777729165E-02));
#1629 = ( GEOMETRIC_REPRESENTATION_CONTEXT(2) 
PARAMETRIC_REPRESENTATION_CONTEXT() REPRESENTATION_CONTEXT('2D SPACE',''
  ) );
#1630 = PCURVE('',#1571,#1631);
#1631 = DEFINITIONAL_REPRESENTATION('',(#1632),#1635);
#1632 = B_SPLINE_CURVE_WITH_KNOTS('',1,(#1633,#1634),.UNSPECIFIED.,.F.,
  .F.,(2,2),(-7.557651084594,-6.457651061682),.PIECEWISE_BEZIER_KNOTS.);
#1633 = CARTESIAN_POINT('',(-5.013361602186,-13.60586328722));
#1634 = CARTESIAN_POINT('',(-4.637139436692,-12.57220138282));
#1635 = ( GEOMETRIC_REPRESENTATION_CONTEXT(2) 
PARAMETRIC_REPRESENTATION_CONTEXT() REPRESENTATION_CONTEXT('2D SPACE',''
  ) );
#1636 = ORIENTED_EDGE('',*,*,#1583,.F.);
#1637 = ORIENTED_EDGE('',*,*,#1638,.T.);
#1638 = EDGE_CURVE('',#1454,#1639,#1641,.T.);
#1639 = VERTEX_POINT('',#1640);
#1640 = CARTESIAN_POINT('',(-4.719877977633,-12.96775816694,
    1.919999994306));
#1641 = SURFACE_CURVE('',#1642,(#1645,#1651),.PCURVE_S1.);
#1642 = B_SPLINE_CURVE_WITH_KNOTS('',1,(#1643,#1644),.UNSPECIFIED.,.F.,
  .F.,(2,2),(0.,0.4),.PIECEWISE_BEZIER_KNOTS.);
#1643 = CARTESIAN_POINT('',(-4.583069919955,-12.59188111875,
    1.919999986714));
#1644 = CARTESIAN_POINT('',(-4.719877977633,-12.96775816694,
    1.919999994306));
#1645 = PCURVE('',#1601,#1646);
#1646 = DEFINITIONAL_REPRESENTATION('',(#1647),#1650);
#1647 = B_SPLINE_CURVE_WITH_KNOTS('',1,(#1648,#1649),.UNSPECIFIED.,.F.,
  .F.,(2,2),(0.,0.4),.PIECEWISE_BEZIER_KNOTS.);
#1648 = CARTESIAN_POINT('',(0.484697799108,1.11604428636));
#1649 = CARTESIAN_POINT('',(8.469779910787E-02,1.116044278759));
#1650 = ( GEOMETRIC_REPRESENTATION_CONTEXT(2) 
PARAMETRIC_REPRESENTATION_CONTEXT() REPRESENTATION_CONTEXT('2D SPACE',''
  ) );
#1651 = PCURVE('',#1491,#1652);
#1652 = DEFINITIONAL_REPRESENTATION('',(#1653),#1657);
#1653 = LINE('',#1654,#1655);
#1654 = CARTESIAN_POINT('',(0.,0.423611812766));
#1655 = VECTOR('',#1656,1.);
#1656 = DIRECTION('',(1.,0.));
#1657 = ( GEOMETRIC_REPRESENTATION_CONTEXT(2) 
PARAMETRIC_REPRESENTATION_CONTEXT() REPRESENTATION_CONTEXT('2D SPACE',''
  ) );
#1658 = ORIENTED_EDGE('',*,*,#1659,.T.);
#1659 = EDGE_CURVE('',#1639,#1660,#1662,.T.);
#1660 = VERTEX_POINT('',#1661);
#1661 = CARTESIAN_POINT('',(-4.997472376893,-13.61164649227,
    2.753237487746));
#1662 = SURFACE_CURVE('',#1663,(#1666,#1672),.PCURVE_S1.);
#1663 = B_SPLINE_CURVE_WITH_KNOTS('',1,(#1664,#1665),.UNSPECIFIED.,.F.,
  .F.,(2,2),(0.,1.089006678802),.PIECEWISE_BEZIER_KNOTS.);
#1664 = CARTESIAN_POINT('',(-4.719877977633,-12.96775816694,
    1.919999994306));
#1665 = CARTESIAN_POINT('',(-4.997472376893,-13.61164649227,
    2.753237487746));
#1666 = PCURVE('',#1601,#1667);
#1667 = DEFINITIONAL_REPRESENTATION('',(#1668),#1671);
#1668 = B_SPLINE_CURVE_WITH_KNOTS('',1,(#1669,#1670),.UNSPECIFIED.,.F.,
  .F.,(2,2),(0.,1.089006678802),.PIECEWISE_BEZIER_KNOTS.);
#1669 = CARTESIAN_POINT('',(8.469779910787E-02,1.116044278759));
#1670 = CARTESIAN_POINT('',(-0.61530218504,0.281816750642));
#1671 = ( GEOMETRIC_REPRESENTATION_CONTEXT(2) 
PARAMETRIC_REPRESENTATION_CONTEXT() REPRESENTATION_CONTEXT('2D SPACE',''
  ) );
#1672 = PCURVE('',#1673,#1686);
#1673 = B_SPLINE_SURFACE_WITH_KNOTS('',1,5,(
    (#1674,#1675,#1676,#1677,#1678,#1679)
    ,(#1680,#1681,#1682,#1683,#1684,#1685
    )),.UNSPECIFIED.,.F.,.F.,.F.,(2,2),(6,6),(0.,1.089006678802),(0.,
    0.423611812766),.PIECEWISE_BEZIER_KNOTS.);
#1674 = CARTESIAN_POINT('',(-8.870469013674,-10.57141331504,1.68));
#1675 = CARTESIAN_POINT('',(-8.132445136847,-11.19068887788,
    1.727999984334));
#1676 = CARTESIAN_POINT('',(-7.340379292531,-11.74555969399,
    1.776000021055));
#1677 = CARTESIAN_POINT('',(-6.501763430156,-12.22973478787,
    1.823999973251));
#1678 = CARTESIAN_POINT('',(-5.625198285421,-12.63824852245,
    1.872000009972));
#1679 = CARTESIAN_POINT('',(-4.719877977633,-12.96775816694,
    1.919999994306));
#1680 = CARTESIAN_POINT('',(-9.35154520924,-11.0815275593,2.513237480154
    ));
#1681 = CARTESIAN_POINT('',(-8.577908614771,-11.73438854046,
    2.561237501015));
#1682 = CARTESIAN_POINT('',(-7.747299253061,-12.31973710282,
    2.609237452212));
#1683 = CARTESIAN_POINT('',(-6.867570392931,-12.8309407706,
    2.657237515951));
#1684 = CARTESIAN_POINT('',(-5.947744582222,-13.26275714477,
    2.705237466831));
#1685 = CARTESIAN_POINT('',(-4.997472376893,-13.61164649227,
    2.753237487746));
#1686 = DEFINITIONAL_REPRESENTATION('',(#1687),#1691);
#1687 = LINE('',#1688,#1689);
#1688 = CARTESIAN_POINT('',(0.,0.423611812766));
#1689 = VECTOR('',#1690,1.);
#1690 = DIRECTION('',(1.,0.));
#1691 = ( GEOMETRIC_REPRESENTATION_CONTEXT(2) 
PARAMETRIC_REPRESENTATION_CONTEXT() REPRESENTATION_CONTEXT('2D SPACE',''
  ) );
#1692 = ORIENTED_EDGE('',*,*,#1693,.T.);
#1693 = EDGE_CURVE('',#1660,#1617,#1694,.T.);
#1694 = SURFACE_CURVE('',#1695,(#1698,#1704),.PCURVE_S1.);
#1695 = B_SPLINE_CURVE_WITH_KNOTS('',1,(#1696,#1697),.UNSPECIFIED.,.F.,
  .F.,(2,2),(0.,1.205772485184),.PIECEWISE_BEZIER_KNOTS.);
#1696 = CARTESIAN_POINT('',(-4.997472376893,-13.61164649227,
    2.753237487746));
#1697 = CARTESIAN_POINT('',(-5.052657266358,-13.59156081074,
    3.957579000524));
#1698 = PCURVE('',#1601,#1699);
#1699 = DEFINITIONAL_REPRESENTATION('',(#1700),#1703);
#1700 = B_SPLINE_CURVE_WITH_KNOTS('',1,(#1701,#1702),.UNSPECIFIED.,.F.,
  .F.,(2,2),(0.,1.205772485184),.PIECEWISE_BEZIER_KNOTS.);
#1701 = CARTESIAN_POINT('',(-0.61530218504,0.281816750642));
#1702 = CARTESIAN_POINT('',(-0.615302162128,-0.923955734542));
#1703 = ( GEOMETRIC_REPRESENTATION_CONTEXT(2) 
PARAMETRIC_REPRESENTATION_CONTEXT() REPRESENTATION_CONTEXT('2D SPACE',''
  ) );
#1704 = PCURVE('',#1705,#1718);
#1705 = B_SPLINE_SURFACE_WITH_KNOTS('',1,5,(
    (#1706,#1707,#1708,#1709,#1710,#1711)
    ,(#1712,#1713,#1714,#1715,#1716,#1717
    )),.UNSPECIFIED.,.F.,.F.,.F.,(2,2),(6,6),(0.,1.205772485184),(0.,
    0.423611812766),.PIECEWISE_BEZIER_KNOTS.);
#1706 = CARTESIAN_POINT('',(-9.35154520924,-11.0815275593,2.513237480154
    ));
#1707 = CARTESIAN_POINT('',(-8.577908614771,-11.73438854046,
    2.561237501015));
#1708 = CARTESIAN_POINT('',(-7.747299253061,-12.31973710282,
    2.609237452212));
#1709 = CARTESIAN_POINT('',(-6.867570392931,-12.8309407706,
    2.657237515951));
#1710 = CARTESIAN_POINT('',(-5.947744582222,-13.26275714477,
    2.705237466831));
#1711 = CARTESIAN_POINT('',(-4.997472376893,-13.61164649227,
    2.753237487746));
#1712 = CARTESIAN_POINT('',(-9.396532349701,-11.04377886633,
    3.717578992932));
#1713 = CARTESIAN_POINT('',(-8.625531071164,-11.69978049348,
    3.765579013754));
#1714 = CARTESIAN_POINT('',(-7.797283088516,-12.2884998388,
    3.813578965179));
#1715 = CARTESIAN_POINT('',(-6.919614564049,-12.80327211103,
    3.861579028918));
#1716 = CARTESIAN_POINT('',(-6.00152724894,-13.23881889026,3.90957897957
    ));
#1717 = CARTESIAN_POINT('',(-5.052657266358,-13.59156081074,
    3.957579000524));
#1718 = DEFINITIONAL_REPRESENTATION('',(#1719),#1723);
#1719 = LINE('',#1720,#1721);
#1720 = CARTESIAN_POINT('',(0.,0.423611812766));
#1721 = VECTOR('',#1722,1.);
#1722 = DIRECTION('',(1.,0.));
#1723 = ( GEOMETRIC_REPRESENTATION_CONTEXT(2) 
PARAMETRIC_REPRESENTATION_CONTEXT() REPRESENTATION_CONTEXT('2D SPACE',''
  ) );
#1724 = ADVANCED_FACE('',(#1725),#1673,.F.);
#1725 = FACE_BOUND('',#1726,.F.);
#1726 = EDGE_LOOP('',(#1727,#1752,#1773,#1796));
#1727 = ORIENTED_EDGE('',*,*,#1728,.F.);
#1728 = EDGE_CURVE('',#1729,#1639,#1731,.T.);
#1729 = VERTEX_POINT('',#1730);
#1730 = CARTESIAN_POINT('',(-8.870469013674,-10.57141331504,1.68));
#1731 = SURFACE_CURVE('',#1732,(#1739,#1745),.PCURVE_S1.);
#1732 = B_SPLINE_CURVE_WITH_KNOTS('',5,(#1733,#1734,#1735,#1736,#1737,
    #1738),.UNSPECIFIED.,.F.,.F.,(6,6),(0.,0.423611812766),
  .PIECEWISE_BEZIER_KNOTS.);
#1733 = CARTESIAN_POINT('',(-8.870469013674,-10.57141331504,1.68));
#1734 = CARTESIAN_POINT('',(-8.132445136847,-11.19068887788,
    1.727999984334));
#1735 = CARTESIAN_POINT('',(-7.340379292531,-11.74555969399,
    1.776000021055));
#1736 = CARTESIAN_POINT('',(-6.501763430156,-12.22973478787,
    1.823999973251));
#1737 = CARTESIAN_POINT('',(-5.625198285421,-12.63824852245,
    1.872000009972));
#1738 = CARTESIAN_POINT('',(-4.719877977633,-12.96775816694,
    1.919999994306));
#1739 = PCURVE('',#1673,#1740);
#1740 = DEFINITIONAL_REPRESENTATION('',(#1741),#1744);
#1741 = B_SPLINE_CURVE_WITH_KNOTS('',1,(#1742,#1743),.UNSPECIFIED.,.F.,
  .F.,(2,2),(0.,0.423611812766),.PIECEWISE_BEZIER_KNOTS.);
#1742 = CARTESIAN_POINT('',(0.,0.));
#1743 = CARTESIAN_POINT('',(0.,0.423611812766));
#1744 = ( GEOMETRIC_REPRESENTATION_CONTEXT(2) 
PARAMETRIC_REPRESENTATION_CONTEXT() REPRESENTATION_CONTEXT('2D SPACE',''
  ) );
#1745 = PCURVE('',#1491,#1746);
#1746 = DEFINITIONAL_REPRESENTATION('',(#1747),#1751);
#1747 = LINE('',#1748,#1749);
#1748 = CARTESIAN_POINT('',(0.4,0.));
#1749 = VECTOR('',#1750,1.);
#1750 = DIRECTION('',(0.,1.));
#1751 = ( GEOMETRIC_REPRESENTATION_CONTEXT(2) 
PARAMETRIC_REPRESENTATION_CONTEXT() REPRESENTATION_CONTEXT('2D SPACE',''
  ) );
#1752 = ORIENTED_EDGE('',*,*,#1753,.T.);
#1753 = EDGE_CURVE('',#1729,#1754,#1756,.T.);
#1754 = VERTEX_POINT('',#1755);
#1755 = CARTESIAN_POINT('',(-9.35154520924,-11.0815275593,2.513237480154
    ));
#1756 = SURFACE_CURVE('',#1757,(#1760,#1767),.PCURVE_S1.);
#1757 = B_SPLINE_CURVE_WITH_KNOTS('',1,(#1758,#1759),.UNSPECIFIED.,.F.,
  .F.,(2,2),(0.,1.089006678802),.PIECEWISE_BEZIER_KNOTS.);
#1758 = CARTESIAN_POINT('',(-8.870469013674,-10.57141331504,1.68));
#1759 = CARTESIAN_POINT('',(-9.35154520924,-11.0815275593,2.513237480154
    ));
#1760 = PCURVE('',#1673,#1761);
#1761 = DEFINITIONAL_REPRESENTATION('',(#1762),#1766);
#1762 = LINE('',#1763,#1764);
#1763 = CARTESIAN_POINT('',(0.,0.));
#1764 = VECTOR('',#1765,1.);
#1765 = DIRECTION('',(1.,0.));
#1766 = ( GEOMETRIC_REPRESENTATION_CONTEXT(2) 
PARAMETRIC_REPRESENTATION_CONTEXT() REPRESENTATION_CONTEXT('2D SPACE',''
  ) );
#1767 = PCURVE('',#1542,#1768);
#1768 = DEFINITIONAL_REPRESENTATION('',(#1769),#1772);
#1769 = B_SPLINE_CURVE_WITH_KNOTS('',1,(#1770,#1771),.UNSPECIFIED.,.F.,
  .F.,(2,2),(0.,1.089006678802),.PIECEWISE_BEZIER_KNOTS.);
#1770 = CARTESIAN_POINT('',(1.11604427715,-8.469782031511E-02));
#1771 = CARTESIAN_POINT('',(0.281816762334,0.615302179685));
#1772 = ( GEOMETRIC_REPRESENTATION_CONTEXT(2) 
PARAMETRIC_REPRESENTATION_CONTEXT() REPRESENTATION_CONTEXT('2D SPACE',''
  ) );
#1773 = ORIENTED_EDGE('',*,*,#1774,.T.);
#1774 = EDGE_CURVE('',#1754,#1660,#1775,.T.);
#1775 = SURFACE_CURVE('',#1776,(#1783,#1790),.PCURVE_S1.);
#1776 = B_SPLINE_CURVE_WITH_KNOTS('',5,(#1777,#1778,#1779,#1780,#1781,
    #1782),.UNSPECIFIED.,.F.,.F.,(6,6),(0.,0.423611812766),
  .PIECEWISE_BEZIER_KNOTS.);
#1777 = CARTESIAN_POINT('',(-9.35154520924,-11.0815275593,2.513237480154
    ));
#1778 = CARTESIAN_POINT('',(-8.577908614771,-11.73438854046,
    2.561237501015));
#1779 = CARTESIAN_POINT('',(-7.747299253061,-12.31973710282,
    2.609237452212));
#1780 = CARTESIAN_POINT('',(-6.867570392931,-12.8309407706,
    2.657237515951));
#1781 = CARTESIAN_POINT('',(-5.947744582222,-13.26275714477,
    2.705237466831));
#1782 = CARTESIAN_POINT('',(-4.997472376893,-13.61164649227,
    2.753237487746));
#1783 = PCURVE('',#1673,#1784);
#1784 = DEFINITIONAL_REPRESENTATION('',(#1785),#1789);
#1785 = LINE('',#1786,#1787);
#1786 = CARTESIAN_POINT('',(1.089006678802,0.));
#1787 = VECTOR('',#1788,1.);
#1788 = DIRECTION('',(0.,1.));
#1789 = ( GEOMETRIC_REPRESENTATION_CONTEXT(2) 
PARAMETRIC_REPRESENTATION_CONTEXT() REPRESENTATION_CONTEXT('2D SPACE',''
  ) );
#1790 = PCURVE('',#1705,#1791);
#1791 = DEFINITIONAL_REPRESENTATION('',(#1792),#1795);
#1792 = B_SPLINE_CURVE_WITH_KNOTS('',1,(#1793,#1794),.UNSPECIFIED.,.F.,
  .F.,(2,2),(0.,0.423611812766),.PIECEWISE_BEZIER_KNOTS.);
#1793 = CARTESIAN_POINT('',(0.,0.));
#1794 = CARTESIAN_POINT('',(0.,0.423611812766));
#1795 = ( GEOMETRIC_REPRESENTATION_CONTEXT(2) 
PARAMETRIC_REPRESENTATION_CONTEXT() REPRESENTATION_CONTEXT('2D SPACE',''
  ) );
#1796 = ORIENTED_EDGE('',*,*,#1659,.F.);
#1797 = ADVANCED_FACE('',(#1798),#1705,.F.);
#1798 = FACE_BOUND('',#1799,.F.);
#1799 = EDGE_LOOP('',(#1800,#1801,#1822,#1876));
#1800 = ORIENTED_EDGE('',*,*,#1774,.F.);
#1801 = ORIENTED_EDGE('',*,*,#1802,.T.);
#1802 = EDGE_CURVE('',#1754,#1803,#1805,.T.);
#1803 = VERTEX_POINT('',#1804);
#1804 = CARTESIAN_POINT('',(-9.373463218059,-11.06313616619,3.1));
#1805 = SURFACE_CURVE('',#1806,(#1809,#1816),.PCURVE_S1.);
#1806 = B_SPLINE_CURVE_WITH_KNOTS('',1,(#1807,#1808),.UNSPECIFIED.,.F.,
  .F.,(2,2),(0.,1.205772485184),.PIECEWISE_BEZIER_KNOTS.);
#1807 = CARTESIAN_POINT('',(-9.35154520924,-11.0815275593,2.513237480154
    ));
#1808 = CARTESIAN_POINT('',(-9.396532349701,-11.04377886633,
    3.717578992932));
#1809 = PCURVE('',#1705,#1810);
#1810 = DEFINITIONAL_REPRESENTATION('',(#1811),#1815);
#1811 = LINE('',#1812,#1813);
#1812 = CARTESIAN_POINT('',(0.,0.));
#1813 = VECTOR('',#1814,1.);
#1814 = DIRECTION('',(1.,0.));
#1815 = ( GEOMETRIC_REPRESENTATION_CONTEXT(2) 
PARAMETRIC_REPRESENTATION_CONTEXT() REPRESENTATION_CONTEXT('2D SPACE',''
  ) );
#1816 = PCURVE('',#1542,#1817);
#1817 = DEFINITIONAL_REPRESENTATION('',(#1818),#1821);
#1818 = B_SPLINE_CURVE_WITH_KNOTS('',1,(#1819,#1820),.UNSPECIFIED.,.F.,
  .F.,(2,2),(0.,1.205772485184),.PIECEWISE_BEZIER_KNOTS.);
#1819 = CARTESIAN_POINT('',(0.281816762334,0.615302179685));
#1820 = CARTESIAN_POINT('',(-0.92395572285,0.615302179685));
#1821 = ( GEOMETRIC_REPRESENTATION_CONTEXT(2) 
PARAMETRIC_REPRESENTATION_CONTEXT() REPRESENTATION_CONTEXT('2D SPACE',''
  ) );
#1822 = ORIENTED_EDGE('',*,*,#1823,.T.);
#1823 = EDGE_CURVE('',#1803,#1617,#1824,.T.);
#1824 = SURFACE_CURVE('',#1825,(#1840,#1858),.PCURVE_S1.);
#1825 = B_SPLINE_CURVE_WITH_KNOTS('',4,(#1826,#1827,#1828,#1829,#1830,
    #1831,#1832,#1833,#1834,#1835,#1836,#1837,#1838,#1839),
  .UNSPECIFIED.,.F.,.F.,(5,3,3,3,5),(0.,0.250000329045,0.50000043261,
    0.750000321464,1.),.UNSPECIFIED.);
#1826 = CARTESIAN_POINT('',(-9.373463218059,-11.06313616619,3.1));
#1827 = CARTESIAN_POINT('',(-9.131542830688,-11.26810344082,3.1));
#1828 = CARTESIAN_POINT('',(-8.883646389899,-11.46601737052,3.1));
#1829 = CARTESIAN_POINT('',(-8.63008254642,-11.65661628977,3.1));
#1830 = CARTESIAN_POINT('',(-8.112281205255,-12.02271686286,3.1));
#1831 = CARTESIAN_POINT('',(-7.84804358389,-12.19821861326,3.1));
#1832 = CARTESIAN_POINT('',(-7.57879933604,-12.36593837517,3.1));
#1833 = CARTESIAN_POINT('',(-7.030996898429,-12.68540610806,3.1));
#1834 = CARTESIAN_POINT('',(-6.752438583146,-12.83715417011,3.1));
#1835 = CARTESIAN_POINT('',(-6.469572585701,-12.98071265134,3.1));
#1836 = CARTESIAN_POINT('',(-5.895957408411,-13.25110511091,3.1));
#1837 = CARTESIAN_POINT('',(-5.60520809741,-13.37793917761,3.1));
#1838 = CARTESIAN_POINT('',(-5.310882923307,-13.49623851233,3.1));
#1839 = CARTESIAN_POINT('',(-5.01336159993,-13.60586328102,3.1));
#1840 = PCURVE('',#1705,#1841);
#1841 = DEFINITIONAL_REPRESENTATION('',(#1842),#1857);
#1842 = B_SPLINE_CURVE_WITH_KNOTS('',4,(#1843,#1844,#1845,#1846,#1847,
    #1848,#1849,#1850,#1851,#1852,#1853,#1854,#1855,#1856),
  .UNSPECIFIED.,.F.,.F.,(5,3,3,3,5),(0.,0.250000329045,0.50000043261,
    0.750000321464,1.),.UNSPECIFIED.);
#1843 = CARTESIAN_POINT('',(0.587459698317,0.));
#1844 = CARTESIAN_POINT('',(0.572441877122,2.647572419486E-02));
#1845 = CARTESIAN_POINT('',(0.557424057043,5.295145908861E-02));
#1846 = CARTESIAN_POINT('',(0.542406232063,7.94272034491E-02));
#1847 = CARTESIAN_POINT('',(0.512370588959,0.132378679106));
#1848 = CARTESIAN_POINT('',(0.497352768137,0.158854414924));
#1849 = CARTESIAN_POINT('',(0.482334942061,0.185330157963));
#1850 = CARTESIAN_POINT('',(0.452299296835,0.238281632105));
#1851 = CARTESIAN_POINT('',(0.437281475123,0.264757367492));
#1852 = CARTESIAN_POINT('',(0.422263650095,0.291233110808));
#1853 = CARTESIAN_POINT('',(0.392228007286,0.344184586119));
#1854 = CARTESIAN_POINT('',(0.377210186831,0.370660322594));
#1855 = CARTESIAN_POINT('',(0.362192362332,0.397136065341));
#1856 = CARTESIAN_POINT('',(0.347174527933,0.423611812766));
#1857 = ( GEOMETRIC_REPRESENTATION_CONTEXT(2) 
PARAMETRIC_REPRESENTATION_CONTEXT() REPRESENTATION_CONTEXT('2D SPACE',''
  ) );
#1858 = PCURVE('',#1571,#1859);
#1859 = DEFINITIONAL_REPRESENTATION('',(#1860),#1875);
#1860 = B_SPLINE_CURVE_WITH_KNOTS('',4,(#1861,#1862,#1863,#1864,#1865,
    #1866,#1867,#1868,#1869,#1870,#1871,#1872,#1873,#1874),
  .UNSPECIFIED.,.F.,.F.,(5,3,3,3,5),(0.,0.250000329045,0.50000043261,
    0.750000321464,1.),.UNSPECIFIED.);
#1861 = CARTESIAN_POINT('',(-9.373463218059,-11.06313616619));
#1862 = CARTESIAN_POINT('',(-9.131542830688,-11.26810344082));
#1863 = CARTESIAN_POINT('',(-8.883646389899,-11.46601737052));
#1864 = CARTESIAN_POINT('',(-8.63008254642,-11.65661628977));
#1865 = CARTESIAN_POINT('',(-8.112281205255,-12.02271686286));
#1866 = CARTESIAN_POINT('',(-7.84804358389,-12.19821861326));
#1867 = CARTESIAN_POINT('',(-7.57879933604,-12.36593837517));
#1868 = CARTESIAN_POINT('',(-7.030996898429,-12.68540610806));
#1869 = CARTESIAN_POINT('',(-6.752438583146,-12.83715417011));
#1870 = CARTESIAN_POINT('',(-6.469572585701,-12.98071265134));
#1871 = CARTESIAN_POINT('',(-5.895957408411,-13.25110511091));
#1872 = CARTESIAN_POINT('',(-5.60520809741,-13.37793917761));
#1873 = CARTESIAN_POINT('',(-5.310882923307,-13.49623851233));
#1874 = CARTESIAN_POINT('',(-5.01336159993,-13.60586328102));
#1875 = ( GEOMETRIC_REPRESENTATION_CONTEXT(2) 
PARAMETRIC_REPRESENTATION_CONTEXT() REPRESENTATION_CONTEXT('2D SPACE',''
  ) );
#1876 = ORIENTED_EDGE('',*,*,#1693,.F.);
#1877 = ADVANCED_FACE('',(#1878),#1571,.T.);
#1878 = FACE_BOUND('',#1879,.T.);
#1879 = EDGE_LOOP('',(#1880,#1899,#1900,#1901));
#1880 = ORIENTED_EDGE('',*,*,#1881,.F.);
#1881 = EDGE_CURVE('',#1803,#1523,#1882,.T.);
#1882 = SURFACE_CURVE('',#1883,(#1887,#1893),.PCURVE_S1.);
#1883 = LINE('',#1884,#1885);
#1884 = CARTESIAN_POINT('',(-4.515498739174,-5.273639545786,3.1));
#1885 = VECTOR('',#1886,1.);
#1886 = DIRECTION('',(0.642787609687,0.766044443119,-0.));
#1887 = PCURVE('',#1571,#1888);
#1888 = DEFINITIONAL_REPRESENTATION('',(#1889),#1892);
#1889 = B_SPLINE_CURVE_WITH_KNOTS('',1,(#1890,#1891),.UNSPECIFIED.,.F.,
  .F.,(2,2),(-7.557651089842,-6.457651089842),.PIECEWISE_BEZIER_KNOTS.);
#1890 = CARTESIAN_POINT('',(-9.373463218059,-11.06313616619));
#1891 = CARTESIAN_POINT('',(-8.666396847403,-10.22048727876));
#1892 = ( GEOMETRIC_REPRESENTATION_CONTEXT(2) 
PARAMETRIC_REPRESENTATION_CONTEXT() REPRESENTATION_CONTEXT('2D SPACE',''
  ) );
#1893 = PCURVE('',#1542,#1894);
#1894 = DEFINITIONAL_REPRESENTATION('',(#1895),#1898);
#1895 = B_SPLINE_CURVE_WITH_KNOTS('',1,(#1896,#1897),.UNSPECIFIED.,.F.,
  .F.,(2,2),(-7.557651089842,-6.457651089842),.PIECEWISE_BEZIER_KNOTS.);
#1896 = CARTESIAN_POINT('',(-0.305642935984,0.615302179685));
#1897 = CARTESIAN_POINT('',(-0.305642935984,-0.484697820315));
#1898 = ( GEOMETRIC_REPRESENTATION_CONTEXT(2) 
PARAMETRIC_REPRESENTATION_CONTEXT() REPRESENTATION_CONTEXT('2D SPACE',''
  ) );
#1899 = ORIENTED_EDGE('',*,*,#1823,.T.);
#1900 = ORIENTED_EDGE('',*,*,#1616,.T.);
#1901 = ORIENTED_EDGE('',*,*,#1554,.F.);
#1902 = ADVANCED_FACE('',(#1903),#1542,.T.);
#1903 = FACE_BOUND('',#1904,.T.);
#1904 = EDGE_LOOP('',(#1905,#1906,#1907,#1926,#1927));
#1905 = ORIENTED_EDGE('',*,*,#1881,.T.);
#1906 = ORIENTED_EDGE('',*,*,#1522,.F.);
#1907 = ORIENTED_EDGE('',*,*,#1908,.T.);
#1908 = EDGE_CURVE('',#1452,#1729,#1909,.T.);
#1909 = SURFACE_CURVE('',#1910,(#1913,#1919),.PCURVE_S1.);
#1910 = B_SPLINE_CURVE_WITH_KNOTS('',1,(#1911,#1912),.UNSPECIFIED.,.F.,
  .F.,(2,2),(0.,0.4),.PIECEWISE_BEZIER_KNOTS.);
#1911 = CARTESIAN_POINT('',(-8.6133539698,-10.26499553779,1.68));
#1912 = CARTESIAN_POINT('',(-8.870469013674,-10.57141331504,1.68));
#1913 = PCURVE('',#1542,#1914);
#1914 = DEFINITIONAL_REPRESENTATION('',(#1915),#1918);
#1915 = B_SPLINE_CURVE_WITH_KNOTS('',1,(#1916,#1917),.UNSPECIFIED.,.F.,
  .F.,(2,2),(0.,0.4),.PIECEWISE_BEZIER_KNOTS.);
#1916 = CARTESIAN_POINT('',(1.11604427715,-0.484697820315));
#1917 = CARTESIAN_POINT('',(1.11604427715,-8.469782031511E-02));
#1918 = ( GEOMETRIC_REPRESENTATION_CONTEXT(2) 
PARAMETRIC_REPRESENTATION_CONTEXT() REPRESENTATION_CONTEXT('2D SPACE',''
  ) );
#1919 = PCURVE('',#1491,#1920);
#1920 = DEFINITIONAL_REPRESENTATION('',(#1921),#1925);
#1921 = LINE('',#1922,#1923);
#1922 = CARTESIAN_POINT('',(0.,0.));
#1923 = VECTOR('',#1924,1.);
#1924 = DIRECTION('',(1.,0.));
#1925 = ( GEOMETRIC_REPRESENTATION_CONTEXT(2) 
PARAMETRIC_REPRESENTATION_CONTEXT() REPRESENTATION_CONTEXT('2D SPACE',''
  ) );
#1926 = ORIENTED_EDGE('',*,*,#1753,.T.);
#1927 = ORIENTED_EDGE('',*,*,#1802,.T.);
#1928 = ADVANCED_FACE('',(#1929),#1491,.F.);
#1929 = FACE_BOUND('',#1930,.F.);
#1930 = EDGE_LOOP('',(#1931,#1932,#1933,#1934));
#1931 = ORIENTED_EDGE('',*,*,#1451,.F.);
#1932 = ORIENTED_EDGE('',*,*,#1908,.T.);
#1933 = ORIENTED_EDGE('',*,*,#1728,.T.);
#1934 = ORIENTED_EDGE('',*,*,#1638,.F.);
#1935 = ADVANCED_FACE('',(#1936),#1437,.F.);
#1936 = FACE_BOUND('',#1937,.F.);
#1937 = EDGE_LOOP('',(#1938,#1959,#1960,#1981,#2015));
#1938 = ORIENTED_EDGE('',*,*,#1939,.T.);
#1939 = EDGE_CURVE('',#1940,#1391,#1942,.T.);
#1940 = VERTEX_POINT('',#1941);
#1941 = CARTESIAN_POINT('',(-9.276342441819,11.144630144408,3.1));
#1942 = SURFACE_CURVE('',#1943,(#1947,#1953),.PCURVE_S1.);
#1943 = LINE('',#1944,#1945);
#1944 = CARTESIAN_POINT('',(-4.418377970548,5.355133533077,3.1));
#1945 = VECTOR('',#1946,1.);
#1946 = DIRECTION('',(0.642787609687,-0.766044443119,0.));
#1947 = PCURVE('',#1437,#1948);
#1948 = DEFINITIONAL_REPRESENTATION('',(#1949),#1952);
#1949 = B_SPLINE_CURVE_WITH_KNOTS('',1,(#1950,#1951),.UNSPECIFIED.,.F.,
  .F.,(2,2),(-7.557651084594,-6.457651061682),.PIECEWISE_BEZIER_KNOTS.);
#1950 = CARTESIAN_POINT('',(-0.61530218504,-6.535777729165E-02));
#1951 = CARTESIAN_POINT('',(0.484697837872,-6.535777729165E-02));
#1952 = ( GEOMETRIC_REPRESENTATION_CONTEXT(2) 
PARAMETRIC_REPRESENTATION_CONTEXT() REPRESENTATION_CONTEXT('2D SPACE',''
  ) );
#1953 = PCURVE('',#1407,#1954);
#1954 = DEFINITIONAL_REPRESENTATION('',(#1955),#1958);
#1955 = B_SPLINE_CURVE_WITH_KNOTS('',1,(#1956,#1957),.UNSPECIFIED.,.F.,
  .F.,(2,2),(-7.557651084594,-6.457651061682),.PIECEWISE_BEZIER_KNOTS.);
#1956 = CARTESIAN_POINT('',(-9.276342446059,11.144630149462));
#1957 = CARTESIAN_POINT('',(-8.569276060676,10.301981244479));
#1958 = ( GEOMETRIC_REPRESENTATION_CONTEXT(2) 
PARAMETRIC_REPRESENTATION_CONTEXT() REPRESENTATION_CONTEXT('2D SPACE',''
  ) );
#1959 = ORIENTED_EDGE('',*,*,#1419,.F.);
#1960 = ORIENTED_EDGE('',*,*,#1961,.T.);
#1961 = EDGE_CURVE('',#1290,#1962,#1964,.T.);
#1962 = VERTEX_POINT('',#1963);
#1963 = CARTESIAN_POINT('',(-8.870469013887,10.571413314863,
    1.919999994306));
#1964 = SURFACE_CURVE('',#1965,(#1968,#1974),.PCURVE_S1.);
#1965 = B_SPLINE_CURVE_WITH_KNOTS('',1,(#1966,#1967),.UNSPECIFIED.,.F.,
  .F.,(2,2),(0.,0.4),.PIECEWISE_BEZIER_KNOTS.);
#1966 = CARTESIAN_POINT('',(-8.613353970296,10.264995537378,
    1.919999986714));
#1967 = CARTESIAN_POINT('',(-8.870469013887,10.571413314863,
    1.919999994306));
#1968 = PCURVE('',#1437,#1969);
#1969 = DEFINITIONAL_REPRESENTATION('',(#1970),#1973);
#1970 = B_SPLINE_CURVE_WITH_KNOTS('',1,(#1971,#1972),.UNSPECIFIED.,.F.,
  .F.,(2,2),(0.,0.4),.PIECEWISE_BEZIER_KNOTS.);
#1971 = CARTESIAN_POINT('',(0.484697799108,1.11604428636));
#1972 = CARTESIAN_POINT('',(8.469779910787E-02,1.116044278759));
#1973 = ( GEOMETRIC_REPRESENTATION_CONTEXT(2) 
PARAMETRIC_REPRESENTATION_CONTEXT() REPRESENTATION_CONTEXT('2D SPACE',''
  ) );
#1974 = PCURVE('',#1327,#1975);
#1975 = DEFINITIONAL_REPRESENTATION('',(#1976),#1980);
#1976 = LINE('',#1977,#1978);
#1977 = CARTESIAN_POINT('',(0.,0.423611812766));
#1978 = VECTOR('',#1979,1.);
#1979 = DIRECTION('',(1.,0.));
#1980 = ( GEOMETRIC_REPRESENTATION_CONTEXT(2) 
PARAMETRIC_REPRESENTATION_CONTEXT() REPRESENTATION_CONTEXT('2D SPACE',''
  ) );
#1981 = ORIENTED_EDGE('',*,*,#1982,.T.);
#1982 = EDGE_CURVE('',#1962,#1983,#1985,.T.);
#1983 = VERTEX_POINT('',#1984);
#1984 = CARTESIAN_POINT('',(-9.289295461197,11.133761279238,
    2.753237487746));
#1985 = SURFACE_CURVE('',#1986,(#1989,#1995),.PCURVE_S1.);
#1986 = B_SPLINE_CURVE_WITH_KNOTS('',1,(#1987,#1988),.UNSPECIFIED.,.F.,
  .F.,(2,2),(0.,1.089006678802),.PIECEWISE_BEZIER_KNOTS.);
#1987 = CARTESIAN_POINT('',(-8.870469013887,10.571413314863,
    1.919999994306));
#1988 = CARTESIAN_POINT('',(-9.289295461197,11.133761279238,
    2.753237487746));
#1989 = PCURVE('',#1437,#1990);
#1990 = DEFINITIONAL_REPRESENTATION('',(#1991),#1994);
#1991 = B_SPLINE_CURVE_WITH_KNOTS('',1,(#1992,#1993),.UNSPECIFIED.,.F.,
  .F.,(2,2),(0.,1.089006678802),.PIECEWISE_BEZIER_KNOTS.);
#1992 = CARTESIAN_POINT('',(8.469779910787E-02,1.116044278759));
#1993 = CARTESIAN_POINT('',(-0.61530218504,0.281816750642));
#1994 = ( GEOMETRIC_REPRESENTATION_CONTEXT(2) 
PARAMETRIC_REPRESENTATION_CONTEXT() REPRESENTATION_CONTEXT('2D SPACE',''
  ) );
#1995 = PCURVE('',#1996,#2009);
#1996 = B_SPLINE_SURFACE_WITH_KNOTS('',1,5,(
    (#1997,#1998,#1999,#2000,#2001,#2002)
    ,(#2003,#2004,#2005,#2006,#2007,#2008
    )),.UNSPECIFIED.,.F.,.F.,.F.,(2,2),(6,6),(0.,1.089006678802),(0.,
    0.423611812766),.PIECEWISE_BEZIER_KNOTS.);
#1997 = CARTESIAN_POINT('',(-4.719877977894,12.967758166846,1.68));
#1998 = CARTESIAN_POINT('',(-5.625198285675,12.638248522336,
    1.727999984334));
#1999 = CARTESIAN_POINT('',(-6.501763430402,12.229734787743,
    1.776000021055));
#2000 = CARTESIAN_POINT('',(-7.340379292767,11.745559693848,
    1.823999973251));
#2001 = CARTESIAN_POINT('',(-8.132445137072,11.190688877724,
    1.872000009972));
#2002 = CARTESIAN_POINT('',(-8.870469013887,10.571413314863,
    1.919999994306));
#2003 = CARTESIAN_POINT('',(-4.921111774478,13.639439495494,
    2.513237480154));
#2004 = CARTESIAN_POINT('',(-5.873324266536,13.295881041966,
    2.561237501015));
#2005 = CARTESIAN_POINT('',(-6.795555672464,12.869226515285,
    2.609237452212));
#2006 = CARTESIAN_POINT('',(-7.678135465335,12.36296080786,
    2.657237515951));
#2007 = CARTESIAN_POINT('',(-8.512012320491,11.782276475815,
    2.705237466831));
#2008 = CARTESIAN_POINT('',(-9.289295461197,11.133761279238,
    2.753237487746));
#2009 = DEFINITIONAL_REPRESENTATION('',(#2010),#2014);
#2010 = LINE('',#2011,#2012);
#2011 = CARTESIAN_POINT('',(0.,0.423611812766));
#2012 = VECTOR('',#2013,1.);
#2013 = DIRECTION('',(1.,0.));
#2014 = ( GEOMETRIC_REPRESENTATION_CONTEXT(2) 
PARAMETRIC_REPRESENTATION_CONTEXT() REPRESENTATION_CONTEXT('2D SPACE',''
  ) );
#2015 = ORIENTED_EDGE('',*,*,#2016,.T.);
#2016 = EDGE_CURVE('',#1983,#1940,#2017,.T.);
#2017 = SURFACE_CURVE('',#2018,(#2021,#2027),.PCURVE_S1.);
#2018 = B_SPLINE_CURVE_WITH_KNOTS('',1,(#2019,#2020),.UNSPECIFIED.,.F.,
  .F.,(2,2),(0.,1.205772485184),.PIECEWISE_BEZIER_KNOTS.);
#2019 = CARTESIAN_POINT('',(-9.289295461197,11.133761279238,
    2.753237487746));
#2020 = CARTESIAN_POINT('',(-9.244308306007,11.171509954655,
    3.957579000524));
#2021 = PCURVE('',#1437,#2022);
#2022 = DEFINITIONAL_REPRESENTATION('',(#2023),#2026);
#2023 = B_SPLINE_CURVE_WITH_KNOTS('',1,(#2024,#2025),.UNSPECIFIED.,.F.,
  .F.,(2,2),(0.,1.205772485184),.PIECEWISE_BEZIER_KNOTS.);
#2024 = CARTESIAN_POINT('',(-0.61530218504,0.281816750642));
#2025 = CARTESIAN_POINT('',(-0.615302162128,-0.923955734542));
#2026 = ( GEOMETRIC_REPRESENTATION_CONTEXT(2) 
PARAMETRIC_REPRESENTATION_CONTEXT() REPRESENTATION_CONTEXT('2D SPACE',''
  ) );
#2027 = PCURVE('',#2028,#2041);
#2028 = B_SPLINE_SURFACE_WITH_KNOTS('',1,5,(
    (#2029,#2030,#2031,#2032,#2033,#2034)
    ,(#2035,#2036,#2037,#2038,#2039,#2040
    )),.UNSPECIFIED.,.F.,.F.,.F.,(2,2),(6,6),(0.,1.205772485184),(0.,
    0.423611812766),.PIECEWISE_BEZIER_KNOTS.);
#2029 = CARTESIAN_POINT('',(-4.921111774478,13.639439495494,
    2.513237480154));
#2030 = CARTESIAN_POINT('',(-5.873324266536,13.295881041966,
    2.561237501015));
#2031 = CARTESIAN_POINT('',(-6.795555672464,12.869226515285,
    2.609237452212));
#2032 = CARTESIAN_POINT('',(-7.678135465335,12.36296080786,
    2.657237515951));
#2033 = CARTESIAN_POINT('',(-8.512012320491,11.782276475815,
    2.705237466831));
#2034 = CARTESIAN_POINT('',(-9.289295461197,11.133761279238,
    2.753237487746));
#2035 = CARTESIAN_POINT('',(-4.865926877176,13.659525155493,
    3.717578992932));
#2036 = CARTESIAN_POINT('',(-5.819541590478,13.319819275502,
    3.765579013754));
#2037 = CARTESIAN_POINT('',(-6.74351149055,12.896895154557,
    3.813578965179));
#2038 = CARTESIAN_POINT('',(-7.628151617693,12.394198052379,
    3.861579028918));
#2039 = CARTESIAN_POINT('',(-8.464389850596,11.816884504217,
    3.90957897957));
#2040 = CARTESIAN_POINT('',(-9.244308306007,11.171509954655,
    3.957579000524));
#2041 = DEFINITIONAL_REPRESENTATION('',(#2042),#2046);
#2042 = LINE('',#2043,#2044);
#2043 = CARTESIAN_POINT('',(0.,0.423611812766));
#2044 = VECTOR('',#2045,1.);
#2045 = DIRECTION('',(1.,0.));
#2046 = ( GEOMETRIC_REPRESENTATION_CONTEXT(2) 
PARAMETRIC_REPRESENTATION_CONTEXT() REPRESENTATION_CONTEXT('2D SPACE',''
  ) );
#2047 = ADVANCED_FACE('',(#2048),#1996,.F.);
#2048 = FACE_BOUND('',#2049,.F.);
#2049 = EDGE_LOOP('',(#2050,#2075,#2096,#2119));
#2050 = ORIENTED_EDGE('',*,*,#2051,.F.);
#2051 = EDGE_CURVE('',#2052,#1962,#2054,.T.);
#2052 = VERTEX_POINT('',#2053);
#2053 = CARTESIAN_POINT('',(-4.719877977894,12.967758166846,1.68));
#2054 = SURFACE_CURVE('',#2055,(#2062,#2068),.PCURVE_S1.);
#2055 = B_SPLINE_CURVE_WITH_KNOTS('',5,(#2056,#2057,#2058,#2059,#2060,
    #2061),.UNSPECIFIED.,.F.,.F.,(6,6),(0.,0.423611812766),
  .PIECEWISE_BEZIER_KNOTS.);
#2056 = CARTESIAN_POINT('',(-4.719877977894,12.967758166846,1.68));
#2057 = CARTESIAN_POINT('',(-5.625198285675,12.638248522336,
    1.727999984334));
#2058 = CARTESIAN_POINT('',(-6.501763430402,12.229734787743,
    1.776000021055));
#2059 = CARTESIAN_POINT('',(-7.340379292767,11.745559693848,
    1.823999973251));
#2060 = CARTESIAN_POINT('',(-8.132445137072,11.190688877724,
    1.872000009972));
#2061 = CARTESIAN_POINT('',(-8.870469013887,10.571413314863,
    1.919999994306));
#2062 = PCURVE('',#1996,#2063);
#2063 = DEFINITIONAL_REPRESENTATION('',(#2064),#2067);
#2064 = B_SPLINE_CURVE_WITH_KNOTS('',1,(#2065,#2066),.UNSPECIFIED.,.F.,
  .F.,(2,2),(0.,0.423611812766),.PIECEWISE_BEZIER_KNOTS.);
#2065 = CARTESIAN_POINT('',(0.,0.));
#2066 = CARTESIAN_POINT('',(0.,0.423611812766));
#2067 = ( GEOMETRIC_REPRESENTATION_CONTEXT(2) 
PARAMETRIC_REPRESENTATION_CONTEXT() REPRESENTATION_CONTEXT('2D SPACE',''
  ) );
#2068 = PCURVE('',#1327,#2069);
#2069 = DEFINITIONAL_REPRESENTATION('',(#2070),#2074);
#2070 = LINE('',#2071,#2072);
#2071 = CARTESIAN_POINT('',(0.4,0.));
#2072 = VECTOR('',#2073,1.);
#2073 = DIRECTION('',(0.,1.));
#2074 = ( GEOMETRIC_REPRESENTATION_CONTEXT(2) 
PARAMETRIC_REPRESENTATION_CONTEXT() REPRESENTATION_CONTEXT('2D SPACE',''
  ) );
#2075 = ORIENTED_EDGE('',*,*,#2076,.T.);
#2076 = EDGE_CURVE('',#2052,#2077,#2079,.T.);
#2077 = VERTEX_POINT('',#2078);
#2078 = CARTESIAN_POINT('',(-4.921111774478,13.639439495494,
    2.513237480154));
#2079 = SURFACE_CURVE('',#2080,(#2083,#2090),.PCURVE_S1.);
#2080 = B_SPLINE_CURVE_WITH_KNOTS('',1,(#2081,#2082),.UNSPECIFIED.,.F.,
  .F.,(2,2),(0.,1.089006678802),.PIECEWISE_BEZIER_KNOTS.);
#2081 = CARTESIAN_POINT('',(-4.719877977894,12.967758166846,1.68));
#2082 = CARTESIAN_POINT('',(-4.921111774478,13.639439495494,
    2.513237480154));
#2083 = PCURVE('',#1996,#2084);
#2084 = DEFINITIONAL_REPRESENTATION('',(#2085),#2089);
#2085 = LINE('',#2086,#2087);
#2086 = CARTESIAN_POINT('',(0.,0.));
#2087 = VECTOR('',#2088,1.);
#2088 = DIRECTION('',(1.,0.));
#2089 = ( GEOMETRIC_REPRESENTATION_CONTEXT(2) 
PARAMETRIC_REPRESENTATION_CONTEXT() REPRESENTATION_CONTEXT('2D SPACE',''
  ) );
#2090 = PCURVE('',#1378,#2091);
#2091 = DEFINITIONAL_REPRESENTATION('',(#2092),#2095);
#2092 = B_SPLINE_CURVE_WITH_KNOTS('',1,(#2093,#2094),.UNSPECIFIED.,.F.,
  .F.,(2,2),(0.,1.089006678802),.PIECEWISE_BEZIER_KNOTS.);
#2093 = CARTESIAN_POINT('',(1.11604427715,-8.469782031511E-02));
#2094 = CARTESIAN_POINT('',(0.281816762334,0.615302179685));
#2095 = ( GEOMETRIC_REPRESENTATION_CONTEXT(2) 
PARAMETRIC_REPRESENTATION_CONTEXT() REPRESENTATION_CONTEXT('2D SPACE',''
  ) );
#2096 = ORIENTED_EDGE('',*,*,#2097,.T.);
#2097 = EDGE_CURVE('',#2077,#1983,#2098,.T.);
#2098 = SURFACE_CURVE('',#2099,(#2106,#2113),.PCURVE_S1.);
#2099 = B_SPLINE_CURVE_WITH_KNOTS('',5,(#2100,#2101,#2102,#2103,#2104,
    #2105),.UNSPECIFIED.,.F.,.F.,(6,6),(0.,0.423611812766),
  .PIECEWISE_BEZIER_KNOTS.);
#2100 = CARTESIAN_POINT('',(-4.921111774478,13.639439495494,
    2.513237480154));
#2101 = CARTESIAN_POINT('',(-5.873324266536,13.295881041966,
    2.561237501015));
#2102 = CARTESIAN_POINT('',(-6.795555672464,12.869226515285,
    2.609237452212));
#2103 = CARTESIAN_POINT('',(-7.678135465335,12.36296080786,
    2.657237515951));
#2104 = CARTESIAN_POINT('',(-8.512012320491,11.782276475815,
    2.705237466831));
#2105 = CARTESIAN_POINT('',(-9.289295461197,11.133761279238,
    2.753237487746));
#2106 = PCURVE('',#1996,#2107);
#2107 = DEFINITIONAL_REPRESENTATION('',(#2108),#2112);
#2108 = LINE('',#2109,#2110);
#2109 = CARTESIAN_POINT('',(1.089006678802,0.));
#2110 = VECTOR('',#2111,1.);
#2111 = DIRECTION('',(0.,1.));
#2112 = ( GEOMETRIC_REPRESENTATION_CONTEXT(2) 
PARAMETRIC_REPRESENTATION_CONTEXT() REPRESENTATION_CONTEXT('2D SPACE',''
  ) );
#2113 = PCURVE('',#2028,#2114);
#2114 = DEFINITIONAL_REPRESENTATION('',(#2115),#2118);
#2115 = B_SPLINE_CURVE_WITH_KNOTS('',1,(#2116,#2117),.UNSPECIFIED.,.F.,
  .F.,(2,2),(0.,0.423611812766),.PIECEWISE_BEZIER_KNOTS.);
#2116 = CARTESIAN_POINT('',(0.,0.));
#2117 = CARTESIAN_POINT('',(0.,0.423611812766));
#2118 = ( GEOMETRIC_REPRESENTATION_CONTEXT(2) 
PARAMETRIC_REPRESENTATION_CONTEXT() REPRESENTATION_CONTEXT('2D SPACE',''
  ) );
#2119 = ORIENTED_EDGE('',*,*,#1982,.F.);
#2120 = ADVANCED_FACE('',(#2121),#2028,.F.);
#2121 = FACE_BOUND('',#2122,.F.);
#2122 = EDGE_LOOP('',(#2123,#2124,#2145,#2199));
#2123 = ORIENTED_EDGE('',*,*,#2097,.F.);
#2124 = ORIENTED_EDGE('',*,*,#2125,.T.);
#2125 = EDGE_CURVE('',#2077,#2126,#2128,.T.);
#2126 = VERTEX_POINT('',#2127);
#2127 = CARTESIAN_POINT('',(-4.894225356419,13.649225351373,3.1));
#2128 = SURFACE_CURVE('',#2129,(#2132,#2139),.PCURVE_S1.);
#2129 = B_SPLINE_CURVE_WITH_KNOTS('',1,(#2130,#2131),.UNSPECIFIED.,.F.,
  .F.,(2,2),(0.,1.205772485184),.PIECEWISE_BEZIER_KNOTS.);
#2130 = CARTESIAN_POINT('',(-4.921111774478,13.639439495494,
    2.513237480154));
#2131 = CARTESIAN_POINT('',(-4.865926877176,13.659525155493,
    3.717578992932));
#2132 = PCURVE('',#2028,#2133);
#2133 = DEFINITIONAL_REPRESENTATION('',(#2134),#2138);
#2134 = LINE('',#2135,#2136);
#2135 = CARTESIAN_POINT('',(0.,0.));
#2136 = VECTOR('',#2137,1.);
#2137 = DIRECTION('',(1.,0.));
#2138 = ( GEOMETRIC_REPRESENTATION_CONTEXT(2) 
PARAMETRIC_REPRESENTATION_CONTEXT() REPRESENTATION_CONTEXT('2D SPACE',''
  ) );
#2139 = PCURVE('',#1378,#2140);
#2140 = DEFINITIONAL_REPRESENTATION('',(#2141),#2144);
#2141 = B_SPLINE_CURVE_WITH_KNOTS('',1,(#2142,#2143),.UNSPECIFIED.,.F.,
  .F.,(2,2),(0.,1.205772485184),.PIECEWISE_BEZIER_KNOTS.);
#2142 = CARTESIAN_POINT('',(0.281816762334,0.615302179685));
#2143 = CARTESIAN_POINT('',(-0.92395572285,0.615302179685));
#2144 = ( GEOMETRIC_REPRESENTATION_CONTEXT(2) 
PARAMETRIC_REPRESENTATION_CONTEXT() REPRESENTATION_CONTEXT('2D SPACE',''
  ) );
#2145 = ORIENTED_EDGE('',*,*,#2146,.T.);
#2146 = EDGE_CURVE('',#2126,#1940,#2147,.T.);
#2147 = SURFACE_CURVE('',#2148,(#2163,#2181),.PCURVE_S1.);
#2148 = B_SPLINE_CURVE_WITH_KNOTS('',4,(#2149,#2150,#2151,#2152,#2153,
    #2154,#2155,#2156,#2157,#2158,#2159,#2160,#2161,#2162),
  .UNSPECIFIED.,.F.,.F.,(5,3,3,3,5),(0.,0.250000329045,0.50000043261,
    0.750000321464,1.),.UNSPECIFIED.);
#2149 = CARTESIAN_POINT('',(-4.894225356419,13.649225351373,3.1));
#2150 = CARTESIAN_POINT('',(-5.192692416878,13.542199787532,3.1));
#2151 = CARTESIAN_POINT('',(-5.488039128157,13.426472137151,3.1));
#2152 = CARTESIAN_POINT('',(-5.779884555901,13.302178866843,3.1));
#2153 = CARTESIAN_POINT('',(-6.355837623118,13.036800037825,3.1));
#2154 = CARTESIAN_POINT('',(-6.639945408058,12.895714420288,3.1));
#2155 = CARTESIAN_POINT('',(-6.919817106514,12.746401942783,3.1));
#2156 = CARTESIAN_POINT('',(-7.470385497689,12.431724982,3.1));
#2157 = CARTESIAN_POINT('',(-7.741082332045,12.266360435557,3.1));
#2158 = CARTESIAN_POINT('',(-8.006840622442,12.093170536518,3.1));
#2159 = CARTESIAN_POINT('',(-8.527814950067,11.731601450774,3.1));
#2160 = CARTESIAN_POINT('',(-8.783031129389,11.54322219466,3.1));
#2161 = CARTESIAN_POINT('',(-9.032643945564,11.347478784277,3.1));
#2162 = CARTESIAN_POINT('',(-9.276342441819,11.144630144408,3.1));
#2163 = PCURVE('',#2028,#2164);
#2164 = DEFINITIONAL_REPRESENTATION('',(#2165),#2180);
#2165 = B_SPLINE_CURVE_WITH_KNOTS('',4,(#2166,#2167,#2168,#2169,#2170,
    #2171,#2172,#2173,#2174,#2175,#2176,#2177,#2178,#2179),
  .UNSPECIFIED.,.F.,.F.,(5,3,3,3,5),(0.,0.250000329045,0.50000043261,
    0.750000321464,1.),.UNSPECIFIED.);
#2166 = CARTESIAN_POINT('',(0.587459698317,0.));
#2167 = CARTESIAN_POINT('',(0.572441877122,2.647572419485E-02));
#2168 = CARTESIAN_POINT('',(0.557424057043,5.295145908861E-02));
#2169 = CARTESIAN_POINT('',(0.542406232063,7.942720344909E-02));
#2170 = CARTESIAN_POINT('',(0.512370588959,0.132378679106));
#2171 = CARTESIAN_POINT('',(0.497352768137,0.158854414924));
#2172 = CARTESIAN_POINT('',(0.482334942061,0.185330157963));
#2173 = CARTESIAN_POINT('',(0.452299296835,0.238281632105));
#2174 = CARTESIAN_POINT('',(0.437281475123,0.264757367492));
#2175 = CARTESIAN_POINT('',(0.422263650095,0.291233110808));
#2176 = CARTESIAN_POINT('',(0.392228007286,0.344184586119));
#2177 = CARTESIAN_POINT('',(0.377210186831,0.370660322594));
#2178 = CARTESIAN_POINT('',(0.362192362332,0.397136065341));
#2179 = CARTESIAN_POINT('',(0.347174527933,0.423611812766));
#2180 = ( GEOMETRIC_REPRESENTATION_CONTEXT(2) 
PARAMETRIC_REPRESENTATION_CONTEXT() REPRESENTATION_CONTEXT('2D SPACE',''
  ) );
#2181 = PCURVE('',#1407,#2182);
#2182 = DEFINITIONAL_REPRESENTATION('',(#2183),#2198);
#2183 = B_SPLINE_CURVE_WITH_KNOTS('',4,(#2184,#2185,#2186,#2187,#2188,
    #2189,#2190,#2191,#2192,#2193,#2194,#2195,#2196,#2197),
  .UNSPECIFIED.,.F.,.F.,(5,3,3,3,5),(0.,0.250000329045,0.50000043261,
    0.750000321464,1.),.UNSPECIFIED.);
#2184 = CARTESIAN_POINT('',(-4.894225356419,13.649225351373));
#2185 = CARTESIAN_POINT('',(-5.192692416878,13.542199787532));
#2186 = CARTESIAN_POINT('',(-5.488039128157,13.426472137151));
#2187 = CARTESIAN_POINT('',(-5.779884555901,13.302178866843));
#2188 = CARTESIAN_POINT('',(-6.355837623118,13.036800037825));
#2189 = CARTESIAN_POINT('',(-6.639945408058,12.895714420288));
#2190 = CARTESIAN_POINT('',(-6.919817106514,12.746401942783));
#2191 = CARTESIAN_POINT('',(-7.470385497689,12.431724982));
#2192 = CARTESIAN_POINT('',(-7.741082332045,12.266360435557));
#2193 = CARTESIAN_POINT('',(-8.006840622442,12.093170536518));
#2194 = CARTESIAN_POINT('',(-8.527814950067,11.731601450774));
#2195 = CARTESIAN_POINT('',(-8.783031129389,11.54322219466));
#2196 = CARTESIAN_POINT('',(-9.032643945564,11.347478784277));
#2197 = CARTESIAN_POINT('',(-9.276342441819,11.144630144408));
#2198 = ( GEOMETRIC_REPRESENTATION_CONTEXT(2) 
PARAMETRIC_REPRESENTATION_CONTEXT() REPRESENTATION_CONTEXT('2D SPACE',''
  ) );
#2199 = ORIENTED_EDGE('',*,*,#2016,.F.);
#2200 = ADVANCED_FACE('',(#2201),#1407,.T.);
#2201 = FACE_BOUND('',#2202,.T.);
#2202 = EDGE_LOOP('',(#2203,#2222,#2223,#2224));
#2203 = ORIENTED_EDGE('',*,*,#2204,.F.);
#2204 = EDGE_CURVE('',#2126,#1359,#2205,.T.);
#2205 = SURFACE_CURVE('',#2206,(#2210,#2216),.PCURVE_S1.);
#2206 = LINE('',#2207,#2208);
#2207 = CARTESIAN_POINT('',(-2.309356447466,6.547356391774,3.1));
#2208 = VECTOR('',#2209,1.);
#2209 = DIRECTION('',(0.342020143326,-0.939692620786,0.));
#2210 = PCURVE('',#1407,#2211);
#2211 = DEFINITIONAL_REPRESENTATION('',(#2212),#2215);
#2212 = B_SPLINE_CURVE_WITH_KNOTS('',1,(#2213,#2214),.UNSPECIFIED.,.F.,
  .F.,(2,2),(-7.557651089842,-6.457651089842),.PIECEWISE_BEZIER_KNOTS.);
#2213 = CARTESIAN_POINT('',(-4.894225356419,13.649225351373));
#2214 = CARTESIAN_POINT('',(-4.518003198761,12.615563468509));
#2215 = ( GEOMETRIC_REPRESENTATION_CONTEXT(2) 
PARAMETRIC_REPRESENTATION_CONTEXT() REPRESENTATION_CONTEXT('2D SPACE',''
  ) );
#2216 = PCURVE('',#1378,#2217);
#2217 = DEFINITIONAL_REPRESENTATION('',(#2218),#2221);
#2218 = B_SPLINE_CURVE_WITH_KNOTS('',1,(#2219,#2220),.UNSPECIFIED.,.F.,
  .F.,(2,2),(-7.557651089842,-6.457651089842),.PIECEWISE_BEZIER_KNOTS.);
#2219 = CARTESIAN_POINT('',(-0.305642935984,0.615302179685));
#2220 = CARTESIAN_POINT('',(-0.305642935984,-0.484697820315));
#2221 = ( GEOMETRIC_REPRESENTATION_CONTEXT(2) 
PARAMETRIC_REPRESENTATION_CONTEXT() REPRESENTATION_CONTEXT('2D SPACE',''
  ) );
#2222 = ORIENTED_EDGE('',*,*,#2146,.T.);
#2223 = ORIENTED_EDGE('',*,*,#1939,.T.);
#2224 = ORIENTED_EDGE('',*,*,#1390,.F.);
#2225 = ADVANCED_FACE('',(#2226),#1378,.T.);
#2226 = FACE_BOUND('',#2227,.T.);
#2227 = EDGE_LOOP('',(#2228,#2229,#2230,#2249,#2250));
#2228 = ORIENTED_EDGE('',*,*,#2204,.T.);
#2229 = ORIENTED_EDGE('',*,*,#1358,.F.);
#2230 = ORIENTED_EDGE('',*,*,#2231,.T.);
#2231 = EDGE_CURVE('',#1288,#2052,#2232,.T.);
#2232 = SURFACE_CURVE('',#2233,(#2236,#2242),.PCURVE_S1.);
#2233 = B_SPLINE_CURVE_WITH_KNOTS('',1,(#2234,#2235),.UNSPECIFIED.,.F.,
  .F.,(2,2),(0.,0.4),.PIECEWISE_BEZIER_KNOTS.);
#2234 = CARTESIAN_POINT('',(-4.583069920564,12.591881118531,1.68));
#2235 = CARTESIAN_POINT('',(-4.719877977894,12.967758166846,1.68));
#2236 = PCURVE('',#1378,#2237);
#2237 = DEFINITIONAL_REPRESENTATION('',(#2238),#2241);
#2238 = B_SPLINE_CURVE_WITH_KNOTS('',1,(#2239,#2240),.UNSPECIFIED.,.F.,
  .F.,(2,2),(0.,0.4),.PIECEWISE_BEZIER_KNOTS.);
#2239 = CARTESIAN_POINT('',(1.11604427715,-0.484697820315));
#2240 = CARTESIAN_POINT('',(1.11604427715,-8.469782031511E-02));
#2241 = ( GEOMETRIC_REPRESENTATION_CONTEXT(2) 
PARAMETRIC_REPRESENTATION_CONTEXT() REPRESENTATION_CONTEXT('2D SPACE',''
  ) );
#2242 = PCURVE('',#1327,#2243);
#2243 = DEFINITIONAL_REPRESENTATION('',(#2244),#2248);
#2244 = LINE('',#2245,#2246);
#2245 = CARTESIAN_POINT('',(0.,0.));
#2246 = VECTOR('',#2247,1.);
#2247 = DIRECTION('',(1.,0.));
#2248 = ( GEOMETRIC_REPRESENTATION_CONTEXT(2) 
PARAMETRIC_REPRESENTATION_CONTEXT() REPRESENTATION_CONTEXT('2D SPACE',''
  ) );
#2249 = ORIENTED_EDGE('',*,*,#2076,.T.);
#2250 = ORIENTED_EDGE('',*,*,#2125,.T.);
#2251 = ADVANCED_FACE('',(#2252),#1327,.F.);
#2252 = FACE_BOUND('',#2253,.F.);
#2253 = EDGE_LOOP('',(#2254,#2255,#2256,#2257));
#2254 = ORIENTED_EDGE('',*,*,#1287,.F.);
#2255 = ORIENTED_EDGE('',*,*,#2231,.T.);
#2256 = ORIENTED_EDGE('',*,*,#2051,.T.);
#2257 = ORIENTED_EDGE('',*,*,#1961,.F.);
#2258 = ADVANCED_FACE('',(#2259),#1201,.F.);
#2259 = FACE_BOUND('',#2260,.F.);
#2260 = EDGE_LOOP('',(#2261,#2262,#2283,#2321,#2340));
#2261 = ORIENTED_EDGE('',*,*,#1249,.F.);
#2262 = ORIENTED_EDGE('',*,*,#2263,.T.);
#2263 = EDGE_CURVE('',#1006,#2264,#2266,.T.);
#2264 = VERTEX_POINT('',#2265);
#2265 = CARTESIAN_POINT('',(13.590346991568,-2.396344851804,1.68));
#2266 = SURFACE_CURVE('',#2267,(#2270,#2277),.PCURVE_S1.);
#2267 = B_SPLINE_CURVE_WITH_KNOTS('',1,(#2268,#2269),.UNSPECIFIED.,.F.,
  .F.,(2,2),(0.,0.4),.PIECEWISE_BEZIER_KNOTS.);
#2268 = CARTESIAN_POINT('',(13.196423890364,-2.326885580737,1.68));
#2269 = CARTESIAN_POINT('',(13.590346991568,-2.396344851804,1.68));
#2270 = PCURVE('',#1201,#2271);
#2271 = DEFINITIONAL_REPRESENTATION('',(#2272),#2276);
#2272 = LINE('',#2273,#2274);
#2273 = CARTESIAN_POINT('',(0.,0.));
#2274 = VECTOR('',#2275,1.);
#2275 = DIRECTION('',(1.,0.));
#2276 = ( GEOMETRIC_REPRESENTATION_CONTEXT(2) 
PARAMETRIC_REPRESENTATION_CONTEXT() REPRESENTATION_CONTEXT('2D SPACE',''
  ) );
#2277 = PCURVE('',#1027,#2278);
#2278 = DEFINITIONAL_REPRESENTATION('',(#2279),#2282);
#2279 = B_SPLINE_CURVE_WITH_KNOTS('',1,(#2280,#2281),.UNSPECIFIED.,.F.,
  .F.,(2,2),(0.,0.4),.PIECEWISE_BEZIER_KNOTS.);
#2280 = CARTESIAN_POINT('',(1.11604427715,-0.484697820315));
#2281 = CARTESIAN_POINT('',(1.11604427715,-8.469782031511E-02));
#2282 = ( GEOMETRIC_REPRESENTATION_CONTEXT(2) 
PARAMETRIC_REPRESENTATION_CONTEXT() REPRESENTATION_CONTEXT('2D SPACE',''
  ) );
#2283 = ORIENTED_EDGE('',*,*,#2284,.T.);
#2284 = EDGE_CURVE('',#2264,#2285,#2287,.T.);
#2285 = VERTEX_POINT('',#2286);
#2286 = CARTESIAN_POINT('',(13.59034699152,2.396344852077,1.919999994306
    ));
#2287 = SURFACE_CURVE('',#2288,(#2295,#2302),.PCURVE_S1.);
#2288 = B_SPLINE_CURVE_WITH_KNOTS('',5,(#2289,#2290,#2291,#2292,#2293,
    #2294),.UNSPECIFIED.,.F.,.F.,(6,6),(0.,0.423611812766),
  .PIECEWISE_BEZIER_KNOTS.);
#2289 = CARTESIAN_POINT('',(13.590346991568,-2.396344851804,1.68));
#2290 = CARTESIAN_POINT('',(13.757643422522,-1.447559644449,
    1.727999984334));
#2291 = CARTESIAN_POINT('',(13.842142722933,-0.484175093747,
    1.776000021055));
#2292 = CARTESIAN_POINT('',(13.842142722923,0.484175094025,
    1.823999973251));
#2293 = CARTESIAN_POINT('',(13.757643422493,1.447559644725,
    1.872000009972));
#2294 = CARTESIAN_POINT('',(13.59034699152,2.396344852077,1.919999994306
    ));
#2295 = PCURVE('',#1201,#2296);
#2296 = DEFINITIONAL_REPRESENTATION('',(#2297),#2301);
#2297 = LINE('',#2298,#2299);
#2298 = CARTESIAN_POINT('',(0.4,0.));
#2299 = VECTOR('',#2300,1.);
#2300 = DIRECTION('',(0.,1.));
#2301 = ( GEOMETRIC_REPRESENTATION_CONTEXT(2) 
PARAMETRIC_REPRESENTATION_CONTEXT() REPRESENTATION_CONTEXT('2D SPACE',''
  ) );
#2302 = PCURVE('',#2303,#2316);
#2303 = B_SPLINE_SURFACE_WITH_KNOTS('',1,5,(
    (#2304,#2305,#2306,#2307,#2308,#2309)
    ,(#2310,#2311,#2312,#2313,#2314,#2315
    )),.UNSPECIFIED.,.F.,.F.,.F.,(2,2),(6,6),(0.,1.089006678802),(0.,
    0.423611812766),.PIECEWISE_BEZIER_KNOTS.);
#2304 = CARTESIAN_POINT('',(13.590346991568,-2.396344851804,1.68));
#2305 = CARTESIAN_POINT('',(13.757643422522,-1.447559644449,
    1.727999984334));
#2306 = CARTESIAN_POINT('',(13.842142722933,-0.484175093747,
    1.776000021055));
#2307 = CARTESIAN_POINT('',(13.842142722923,0.484175094025,
    1.823999973251));
#2308 = CARTESIAN_POINT('',(13.757643422493,1.447559644725,
    1.872000009972));
#2309 = CARTESIAN_POINT('',(13.59034699152,2.396344852077,1.919999994306
    ));
#2310 = CARTESIAN_POINT('',(14.272656983717,-2.557911936187,
    2.513237480154));
#2311 = CARTESIAN_POINT('',(14.451232881307,-1.5614925015,2.561237501015
    ));
#2312 = CARTESIAN_POINT('',(14.542854925525,-0.549489412457,
    2.609237452212));
#2313 = CARTESIAN_POINT('',(14.545705858266,0.467979962749,
    2.657237515951));
#2314 = CARTESIAN_POINT('',(14.459756902713,1.480480668964,
    2.705237466831));
#2315 = CARTESIAN_POINT('',(14.28676783809,2.477885213037,2.753237487746
    ));
#2316 = DEFINITIONAL_REPRESENTATION('',(#2317),#2320);
#2317 = B_SPLINE_CURVE_WITH_KNOTS('',1,(#2318,#2319),.UNSPECIFIED.,.F.,
  .F.,(2,2),(0.,0.423611812766),.PIECEWISE_BEZIER_KNOTS.);
#2318 = CARTESIAN_POINT('',(0.,0.));
#2319 = CARTESIAN_POINT('',(0.,0.423611812766));
#2320 = ( GEOMETRIC_REPRESENTATION_CONTEXT(2) 
PARAMETRIC_REPRESENTATION_CONTEXT() REPRESENTATION_CONTEXT('2D SPACE',''
  ) );
#2321 = ORIENTED_EDGE('',*,*,#2322,.F.);
#2322 = EDGE_CURVE('',#1144,#2285,#2323,.T.);
#2323 = SURFACE_CURVE('',#2324,(#2327,#2334),.PCURVE_S1.);
#2324 = B_SPLINE_CURVE_WITH_KNOTS('',1,(#2325,#2326),.UNSPECIFIED.,.F.,
  .F.,(2,2),(0.,0.4),.PIECEWISE_BEZIER_KNOTS.);
#2325 = CARTESIAN_POINT('',(13.196423890251,2.326885581375,
    1.919999986714));
#2326 = CARTESIAN_POINT('',(13.59034699152,2.396344852077,1.919999994306
    ));
#2327 = PCURVE('',#1201,#2328);
#2328 = DEFINITIONAL_REPRESENTATION('',(#2329),#2333);
#2329 = LINE('',#2330,#2331);
#2330 = CARTESIAN_POINT('',(0.,0.423611812766));
#2331 = VECTOR('',#2332,1.);
#2332 = DIRECTION('',(1.,0.));
#2333 = ( GEOMETRIC_REPRESENTATION_CONTEXT(2) 
PARAMETRIC_REPRESENTATION_CONTEXT() REPRESENTATION_CONTEXT('2D SPACE',''
  ) );
#2334 = PCURVE('',#1163,#2335);
#2335 = DEFINITIONAL_REPRESENTATION('',(#2336),#2339);
#2336 = B_SPLINE_CURVE_WITH_KNOTS('',1,(#2337,#2338),.UNSPECIFIED.,.F.,
  .F.,(2,2),(0.,0.4),.PIECEWISE_BEZIER_KNOTS.);
#2337 = CARTESIAN_POINT('',(0.484697799108,1.11604428636));
#2338 = CARTESIAN_POINT('',(8.469779910787E-02,1.116044278759));
#2339 = ( GEOMETRIC_REPRESENTATION_CONTEXT(2) 
PARAMETRIC_REPRESENTATION_CONTEXT() REPRESENTATION_CONTEXT('2D SPACE',''
  ) );
#2340 = ORIENTED_EDGE('',*,*,#1175,.F.);
#2341 = ADVANCED_FACE('',(#2342),#2303,.F.);
#2342 = FACE_BOUND('',#2343,.F.);
#2343 = EDGE_LOOP('',(#2344,#2345,#2366,#2404));
#2344 = ORIENTED_EDGE('',*,*,#2284,.F.);
#2345 = ORIENTED_EDGE('',*,*,#2346,.T.);
#2346 = EDGE_CURVE('',#2264,#2347,#2349,.T.);
#2347 = VERTEX_POINT('',#2348);
#2348 = CARTESIAN_POINT('',(14.272656983717,-2.557911936187,
    2.513237480154));
#2349 = SURFACE_CURVE('',#2350,(#2353,#2360),.PCURVE_S1.);
#2350 = B_SPLINE_CURVE_WITH_KNOTS('',1,(#2351,#2352),.UNSPECIFIED.,.F.,
  .F.,(2,2),(0.,1.089006678802),.PIECEWISE_BEZIER_KNOTS.);
#2351 = CARTESIAN_POINT('',(13.590346991568,-2.396344851804,1.68));
#2352 = CARTESIAN_POINT('',(14.272656983717,-2.557911936187,
    2.513237480154));
#2353 = PCURVE('',#2303,#2354);
#2354 = DEFINITIONAL_REPRESENTATION('',(#2355),#2359);
#2355 = LINE('',#2356,#2357);
#2356 = CARTESIAN_POINT('',(0.,0.));
#2357 = VECTOR('',#2358,1.);
#2358 = DIRECTION('',(1.,0.));
#2359 = ( GEOMETRIC_REPRESENTATION_CONTEXT(2) 
PARAMETRIC_REPRESENTATION_CONTEXT() REPRESENTATION_CONTEXT('2D SPACE',''
  ) );
#2360 = PCURVE('',#1027,#2361);
#2361 = DEFINITIONAL_REPRESENTATION('',(#2362),#2365);
#2362 = B_SPLINE_CURVE_WITH_KNOTS('',1,(#2363,#2364),.UNSPECIFIED.,.F.,
  .F.,(2,2),(0.,1.089006678802),.PIECEWISE_BEZIER_KNOTS.);
#2363 = CARTESIAN_POINT('',(1.11604427715,-8.469782031511E-02));
#2364 = CARTESIAN_POINT('',(0.281816762334,0.615302179685));
#2365 = ( GEOMETRIC_REPRESENTATION_CONTEXT(2) 
PARAMETRIC_REPRESENTATION_CONTEXT() REPRESENTATION_CONTEXT('2D SPACE',''
  ) );
#2366 = ORIENTED_EDGE('',*,*,#2367,.T.);
#2367 = EDGE_CURVE('',#2347,#2368,#2370,.T.);
#2368 = VERTEX_POINT('',#2369);
#2369 = CARTESIAN_POINT('',(14.28676783809,2.477885213037,2.753237487746
    ));
#2370 = SURFACE_CURVE('',#2371,(#2378,#2385),.PCURVE_S1.);
#2371 = B_SPLINE_CURVE_WITH_KNOTS('',5,(#2372,#2373,#2374,#2375,#2376,
    #2377),.UNSPECIFIED.,.F.,.F.,(6,6),(0.,0.423611812766),
  .PIECEWISE_BEZIER_KNOTS.);
#2372 = CARTESIAN_POINT('',(14.272656983717,-2.557911936187,
    2.513237480154));
#2373 = CARTESIAN_POINT('',(14.451232881307,-1.5614925015,2.561237501015
    ));
#2374 = CARTESIAN_POINT('',(14.542854925525,-0.549489412457,
    2.609237452212));
#2375 = CARTESIAN_POINT('',(14.545705858266,0.467979962749,
    2.657237515951));
#2376 = CARTESIAN_POINT('',(14.459756902713,1.480480668964,
    2.705237466831));
#2377 = CARTESIAN_POINT('',(14.28676783809,2.477885213037,2.753237487746
    ));
#2378 = PCURVE('',#2303,#2379);
#2379 = DEFINITIONAL_REPRESENTATION('',(#2380),#2384);
#2380 = LINE('',#2381,#2382);
#2381 = CARTESIAN_POINT('',(1.089006678802,0.));
#2382 = VECTOR('',#2383,1.);
#2383 = DIRECTION('',(0.,1.));
#2384 = ( GEOMETRIC_REPRESENTATION_CONTEXT(2) 
PARAMETRIC_REPRESENTATION_CONTEXT() REPRESENTATION_CONTEXT('2D SPACE',''
  ) );
#2385 = PCURVE('',#2386,#2399);
#2386 = B_SPLINE_SURFACE_WITH_KNOTS('',1,5,(
    (#2387,#2388,#2389,#2390,#2391,#2392)
    ,(#2393,#2394,#2395,#2396,#2397,#2398
    )),.UNSPECIFIED.,.F.,.F.,.F.,(2,2),(6,6),(0.,1.205772485184),(0.,
    0.423611812766),.PIECEWISE_BEZIER_KNOTS.);
#2387 = CARTESIAN_POINT('',(14.272656983717,-2.557911936187,
    2.513237480154));
#2388 = CARTESIAN_POINT('',(14.451232881307,-1.5614925015,2.561237501015
    ));
#2389 = CARTESIAN_POINT('',(14.542854925525,-0.549489412457,
    2.609237452212));
#2390 = CARTESIAN_POINT('',(14.545705858266,0.467979962749,
    2.657237515951));
#2391 = CARTESIAN_POINT('',(14.459756902713,1.480480668964,
    2.705237466831));
#2392 = CARTESIAN_POINT('',(14.28676783809,2.477885213037,2.753237487746
    ));
#2393 = CARTESIAN_POINT('',(14.262459226877,-2.615746289155,
    3.717578992932));
#2394 = CARTESIAN_POINT('',(14.445072661642,-1.620038782017,
    3.765579013754));
#2395 = CARTESIAN_POINT('',(14.540794579066,-0.60839531575,
    3.813578965179));
#2396 = CARTESIAN_POINT('',(14.547766181743,0.409074058652,
    3.861579028918));
#2397 = CARTESIAN_POINT('',(14.465917099537,1.421934386043,3.90957897957
    ));
#2398 = CARTESIAN_POINT('',(14.296965572366,2.420050856091,
    3.957579000524));
#2399 = DEFINITIONAL_REPRESENTATION('',(#2400),#2403);
#2400 = B_SPLINE_CURVE_WITH_KNOTS('',1,(#2401,#2402),.UNSPECIFIED.,.F.,
  .F.,(2,2),(0.,0.423611812766),.PIECEWISE_BEZIER_KNOTS.);
#2401 = CARTESIAN_POINT('',(0.,0.));
#2402 = CARTESIAN_POINT('',(0.,0.423611812766));
#2403 = ( GEOMETRIC_REPRESENTATION_CONTEXT(2) 
PARAMETRIC_REPRESENTATION_CONTEXT() REPRESENTATION_CONTEXT('2D SPACE',''
  ) );
#2404 = ORIENTED_EDGE('',*,*,#2405,.F.);
#2405 = EDGE_CURVE('',#2285,#2368,#2406,.T.);
#2406 = SURFACE_CURVE('',#2407,(#2410,#2417),.PCURVE_S1.);
#2407 = B_SPLINE_CURVE_WITH_KNOTS('',1,(#2408,#2409),.UNSPECIFIED.,.F.,
  .F.,(2,2),(0.,1.089006678802),.PIECEWISE_BEZIER_KNOTS.);
#2408 = CARTESIAN_POINT('',(13.59034699152,2.396344852077,1.919999994306
    ));
#2409 = CARTESIAN_POINT('',(14.28676783809,2.477885213037,2.753237487746
    ));
#2410 = PCURVE('',#2303,#2411);
#2411 = DEFINITIONAL_REPRESENTATION('',(#2412),#2416);
#2412 = LINE('',#2413,#2414);
#2413 = CARTESIAN_POINT('',(0.,0.423611812766));
#2414 = VECTOR('',#2415,1.);
#2415 = DIRECTION('',(1.,0.));
#2416 = ( GEOMETRIC_REPRESENTATION_CONTEXT(2) 
PARAMETRIC_REPRESENTATION_CONTEXT() REPRESENTATION_CONTEXT('2D SPACE',''
  ) );
#2417 = PCURVE('',#1163,#2418);
#2418 = DEFINITIONAL_REPRESENTATION('',(#2419),#2422);
#2419 = B_SPLINE_CURVE_WITH_KNOTS('',1,(#2420,#2421),.UNSPECIFIED.,.F.,
  .F.,(2,2),(0.,1.089006678802),.PIECEWISE_BEZIER_KNOTS.);
#2420 = CARTESIAN_POINT('',(8.469779910787E-02,1.116044278759));
#2421 = CARTESIAN_POINT('',(-0.61530218504,0.281816750642));
#2422 = ( GEOMETRIC_REPRESENTATION_CONTEXT(2) 
PARAMETRIC_REPRESENTATION_CONTEXT() REPRESENTATION_CONTEXT('2D SPACE',''
  ) );
#2423 = ADVANCED_FACE('',(#2424),#2386,.F.);
#2424 = FACE_BOUND('',#2425,.F.);
#2425 = EDGE_LOOP('',(#2426,#2427,#2448,#2504));
#2426 = ORIENTED_EDGE('',*,*,#2367,.F.);
#2427 = ORIENTED_EDGE('',*,*,#2428,.T.);
#2428 = EDGE_CURVE('',#2347,#2429,#2431,.T.);
#2429 = VERTEX_POINT('',#2430);
#2430 = CARTESIAN_POINT('',(14.267688574477,-2.586089185182,3.1));
#2431 = SURFACE_CURVE('',#2432,(#2435,#2442),.PCURVE_S1.);
#2432 = B_SPLINE_CURVE_WITH_KNOTS('',1,(#2433,#2434),.UNSPECIFIED.,.F.,
  .F.,(2,2),(0.,1.205772485184),.PIECEWISE_BEZIER_KNOTS.);
#2433 = CARTESIAN_POINT('',(14.272656983717,-2.557911936187,
    2.513237480154));
#2434 = CARTESIAN_POINT('',(14.262459226877,-2.615746289155,
    3.717578992932));
#2435 = PCURVE('',#2386,#2436);
#2436 = DEFINITIONAL_REPRESENTATION('',(#2437),#2441);
#2437 = LINE('',#2438,#2439);
#2438 = CARTESIAN_POINT('',(0.,0.));
#2439 = VECTOR('',#2440,1.);
#2440 = DIRECTION('',(1.,0.));
#2441 = ( GEOMETRIC_REPRESENTATION_CONTEXT(2) 
PARAMETRIC_REPRESENTATION_CONTEXT() REPRESENTATION_CONTEXT('2D SPACE',''
  ) );
#2442 = PCURVE('',#1027,#2443);
#2443 = DEFINITIONAL_REPRESENTATION('',(#2444),#2447);
#2444 = B_SPLINE_CURVE_WITH_KNOTS('',1,(#2445,#2446),.UNSPECIFIED.,.F.,
  .F.,(2,2),(0.,1.205772485184),.PIECEWISE_BEZIER_KNOTS.);
#2445 = CARTESIAN_POINT('',(0.281816762334,0.615302179685));
#2446 = CARTESIAN_POINT('',(-0.92395572285,0.615302179685));
#2447 = ( GEOMETRIC_REPRESENTATION_CONTEXT(2) 
PARAMETRIC_REPRESENTATION_CONTEXT() REPRESENTATION_CONTEXT('2D SPACE',''
  ) );
#2448 = ORIENTED_EDGE('',*,*,#2449,.T.);
#2449 = EDGE_CURVE('',#2429,#2450,#2452,.T.);
#2450 = VERTEX_POINT('',#2451);
#2451 = CARTESIAN_POINT('',(14.289704041749,2.461233136615,3.1));
#2452 = SURFACE_CURVE('',#2453,(#2468,#2486),.PCURVE_S1.);
#2453 = B_SPLINE_CURVE_WITH_KNOTS('',4,(#2454,#2455,#2456,#2457,#2458,
    #2459,#2460,#2461,#2462,#2463,#2464,#2465,#2466,#2467),
  .UNSPECIFIED.,.F.,.F.,(5,3,3,3,5),(0.,0.250000329045,0.50000043261,
    0.750000321464,1.),.UNSPECIFIED.);
#2454 = CARTESIAN_POINT('',(14.267688574477,-2.586089185182,3.1));
#2455 = CARTESIAN_POINT('',(14.324235247566,-2.274096346711,3.1));
#2456 = CARTESIAN_POINT('',(14.371685518055,-1.960454766629,3.1));
#2457 = CARTESIAN_POINT('',(14.409967102321,-1.64556257707,3.1));
#2458 = CARTESIAN_POINT('',(14.468118828373,-1.014083174963,3.1));
#2459 = CARTESIAN_POINT('',(14.487988991947,-0.697495807024,3.1));
#2460 = CARTESIAN_POINT('',(14.498616442555,-0.380463567608,3.1));
#2461 = CARTESIAN_POINT('',(14.501382396118,0.253681126062,3.1));
#2462 = CARTESIAN_POINT('',(14.493520915191,0.570793734559,3.1));
#2463 = CARTESIAN_POINT('',(14.476413208143,0.887542114829,3.1));
#2464 = CARTESIAN_POINT('',(14.423772358479,1.519503660144,3.1));
#2465 = CARTESIAN_POINT('',(14.388239226798,1.83471698295,3.1));
#2466 = CARTESIAN_POINT('',(14.343526868871,2.14875972806,3.1));
#2467 = CARTESIAN_POINT('',(14.289704041749,2.461233136615,3.1));
#2468 = PCURVE('',#2386,#2469);
#2469 = DEFINITIONAL_REPRESENTATION('',(#2470),#2485);
#2470 = B_SPLINE_CURVE_WITH_KNOTS('',4,(#2471,#2472,#2473,#2474,#2475,
    #2476,#2477,#2478,#2479,#2480,#2481,#2482,#2483,#2484),
  .UNSPECIFIED.,.F.,.F.,(5,3,3,3,5),(0.,0.250000329045,0.50000043261,
    0.750000321464,1.),.UNSPECIFIED.);
#2471 = CARTESIAN_POINT('',(0.587459698317,0.));
#2472 = CARTESIAN_POINT('',(0.572441877122,2.647572419486E-02));
#2473 = CARTESIAN_POINT('',(0.557424057043,5.295145908861E-02));
#2474 = CARTESIAN_POINT('',(0.542406232063,7.94272034491E-02));
#2475 = CARTESIAN_POINT('',(0.512370588959,0.132378679106));
#2476 = CARTESIAN_POINT('',(0.497352768137,0.158854414924));
#2477 = CARTESIAN_POINT('',(0.482334942061,0.185330157963));
#2478 = CARTESIAN_POINT('',(0.452299296835,0.238281632105));
#2479 = CARTESIAN_POINT('',(0.437281475123,0.264757367492));
#2480 = CARTESIAN_POINT('',(0.422263650095,0.291233110808));
#2481 = CARTESIAN_POINT('',(0.392228007286,0.344184586119));
#2482 = CARTESIAN_POINT('',(0.377210186831,0.370660322594));
#2483 = CARTESIAN_POINT('',(0.362192362332,0.397136065341));
#2484 = CARTESIAN_POINT('',(0.347174527933,0.423611812766));
#2485 = ( GEOMETRIC_REPRESENTATION_CONTEXT(2) 
PARAMETRIC_REPRESENTATION_CONTEXT() REPRESENTATION_CONTEXT('2D SPACE',''
  ) );
#2486 = PCURVE('',#1056,#2487);
#2487 = DEFINITIONAL_REPRESENTATION('',(#2488),#2503);
#2488 = B_SPLINE_CURVE_WITH_KNOTS('',4,(#2489,#2490,#2491,#2492,#2493,
    #2494,#2495,#2496,#2497,#2498,#2499,#2500,#2501,#2502),
  .UNSPECIFIED.,.F.,.F.,(5,3,3,3,5),(0.,0.250000329045,0.50000043261,
    0.750000321464,1.),.UNSPECIFIED.);
#2489 = CARTESIAN_POINT('',(14.267688574477,-2.586089185182));
#2490 = CARTESIAN_POINT('',(14.324235247566,-2.274096346711));
#2491 = CARTESIAN_POINT('',(14.371685518055,-1.960454766629));
#2492 = CARTESIAN_POINT('',(14.409967102321,-1.64556257707));
#2493 = CARTESIAN_POINT('',(14.468118828373,-1.014083174963));
#2494 = CARTESIAN_POINT('',(14.487988991947,-0.697495807024));
#2495 = CARTESIAN_POINT('',(14.498616442555,-0.380463567608));
#2496 = CARTESIAN_POINT('',(14.501382396118,0.253681126062));
#2497 = CARTESIAN_POINT('',(14.493520915191,0.570793734559));
#2498 = CARTESIAN_POINT('',(14.476413208143,0.887542114829));
#2499 = CARTESIAN_POINT('',(14.423772358479,1.519503660144));
#2500 = CARTESIAN_POINT('',(14.388239226798,1.83471698295));
#2501 = CARTESIAN_POINT('',(14.343526868871,2.14875972806));
#2502 = CARTESIAN_POINT('',(14.289704041749,2.461233136615));
#2503 = ( GEOMETRIC_REPRESENTATION_CONTEXT(2) 
PARAMETRIC_REPRESENTATION_CONTEXT() REPRESENTATION_CONTEXT('2D SPACE',''
  ) );
#2504 = ORIENTED_EDGE('',*,*,#2505,.F.);
#2505 = EDGE_CURVE('',#2368,#2450,#2506,.T.);
#2506 = SURFACE_CURVE('',#2507,(#2510,#2517),.PCURVE_S1.);
#2507 = B_SPLINE_CURVE_WITH_KNOTS('',1,(#2508,#2509),.UNSPECIFIED.,.F.,
  .F.,(2,2),(0.,1.205772485184),.PIECEWISE_BEZIER_KNOTS.);
#2508 = CARTESIAN_POINT('',(14.28676783809,2.477885213037,2.753237487746
    ));
#2509 = CARTESIAN_POINT('',(14.296965572366,2.420050856091,
    3.957579000524));
#2510 = PCURVE('',#2386,#2511);
#2511 = DEFINITIONAL_REPRESENTATION('',(#2512),#2516);
#2512 = LINE('',#2513,#2514);
#2513 = CARTESIAN_POINT('',(0.,0.423611812766));
#2514 = VECTOR('',#2515,1.);
#2515 = DIRECTION('',(1.,0.));
#2516 = ( GEOMETRIC_REPRESENTATION_CONTEXT(2) 
PARAMETRIC_REPRESENTATION_CONTEXT() REPRESENTATION_CONTEXT('2D SPACE',''
  ) );
#2517 = PCURVE('',#1163,#2518);
#2518 = DEFINITIONAL_REPRESENTATION('',(#2519),#2522);
#2519 = B_SPLINE_CURVE_WITH_KNOTS('',1,(#2520,#2521),.UNSPECIFIED.,.F.,
  .F.,(2,2),(0.,1.205772485184),.PIECEWISE_BEZIER_KNOTS.);
#2520 = CARTESIAN_POINT('',(-0.61530218504,0.281816750642));
#2521 = CARTESIAN_POINT('',(-0.615302162128,-0.923955734542));
#2522 = ( GEOMETRIC_REPRESENTATION_CONTEXT(2) 
PARAMETRIC_REPRESENTATION_CONTEXT() REPRESENTATION_CONTEXT('2D SPACE',''
  ) );
#2523 = ADVANCED_FACE('',(#2524),#1163,.F.);
#2524 = FACE_BOUND('',#2525,.F.);
#2525 = EDGE_LOOP('',(#2526,#2545,#2546,#2547,#2548));
#2526 = ORIENTED_EDGE('',*,*,#2527,.T.);
#2527 = EDGE_CURVE('',#2450,#1120,#2528,.T.);
#2528 = SURFACE_CURVE('',#2529,(#2533,#2539),.PCURVE_S1.);
#2529 = LINE('',#2530,#2531);
#2530 = CARTESIAN_POINT('',(6.846870665577,1.148860799478,3.1));
#2531 = VECTOR('',#2532,1.);
#2532 = DIRECTION('',(-0.984807753012,-0.173648177667,0.));
#2533 = PCURVE('',#1163,#2534);
#2534 = DEFINITIONAL_REPRESENTATION('',(#2535),#2538);
#2535 = B_SPLINE_CURVE_WITH_KNOTS('',1,(#2536,#2537),.UNSPECIFIED.,.F.,
  .F.,(2,2),(-7.557651084594,-6.457651061682),.PIECEWISE_BEZIER_KNOTS.);
#2536 = CARTESIAN_POINT('',(-0.61530218504,-6.535777729165E-02));
#2537 = CARTESIAN_POINT('',(0.484697837872,-6.535777729165E-02));
#2538 = ( GEOMETRIC_REPRESENTATION_CONTEXT(2) 
PARAMETRIC_REPRESENTATION_CONTEXT() REPRESENTATION_CONTEXT('2D SPACE',''
  ) );
#2539 = PCURVE('',#1056,#2540);
#2540 = DEFINITIONAL_REPRESENTATION('',(#2541),#2544);
#2541 = B_SPLINE_CURVE_WITH_KNOTS('',1,(#2542,#2543),.UNSPECIFIED.,.F.,
  .F.,(2,2),(-7.557651084594,-6.457651061682),.PIECEWISE_BEZIER_KNOTS.);
#2542 = CARTESIAN_POINT('',(14.289704048246,2.46123313776));
#2543 = CARTESIAN_POINT('',(13.206415497368,2.270220138348));
#2544 = ( GEOMETRIC_REPRESENTATION_CONTEXT(2) 
PARAMETRIC_REPRESENTATION_CONTEXT() REPRESENTATION_CONTEXT('2D SPACE',''
  ) );
#2545 = ORIENTED_EDGE('',*,*,#1143,.F.);
#2546 = ORIENTED_EDGE('',*,*,#2322,.T.);
#2547 = ORIENTED_EDGE('',*,*,#2405,.T.);
#2548 = ORIENTED_EDGE('',*,*,#2505,.T.);
#2549 = ADVANCED_FACE('',(#2550),#1106,.T.);
#2550 = FACE_BOUND('',#2551,.T.);
#2551 = EDGE_LOOP('',(#2552,#2575,#2602,#2603));
#2552 = ORIENTED_EDGE('',*,*,#2553,.T.);
#2553 = EDGE_CURVE('',#1069,#2554,#2556,.T.);
#2554 = VERTEX_POINT('',#2555);
#2555 = CARTESIAN_POINT('',(13.3,-3.257560485732E-15,6.45));
#2556 = SEAM_CURVE('',#2557,(#2561,#2568),.PCURVE_S1.);
#2557 = LINE('',#2558,#2559);
#2558 = CARTESIAN_POINT('',(14.7,-3.600461589493E-15,6.05));
#2559 = VECTOR('',#2560,1.);
#2560 = DIRECTION('',(-0.961523947641,2.355054449564E-16,0.274721127897)
  );
#2561 = PCURVE('',#1106,#2562);
#2562 = DEFINITIONAL_REPRESENTATION('',(#2563),#2567);
#2563 = LINE('',#2564,#2565);
#2564 = CARTESIAN_POINT('',(-6.28318530718,0.));
#2565 = VECTOR('',#2566,1.);
#2566 = DIRECTION('',(-0.,-1.));
#2567 = ( GEOMETRIC_REPRESENTATION_CONTEXT(2) 
PARAMETRIC_REPRESENTATION_CONTEXT() REPRESENTATION_CONTEXT('2D SPACE',''
  ) );
#2568 = PCURVE('',#1106,#2569);
#2569 = DEFINITIONAL_REPRESENTATION('',(#2570),#2574);
#2570 = LINE('',#2571,#2572);
#2571 = CARTESIAN_POINT('',(0.,-0.));
#2572 = VECTOR('',#2573,1.);
#2573 = DIRECTION('',(-0.,-1.));
#2574 = ( GEOMETRIC_REPRESENTATION_CONTEXT(2) 
PARAMETRIC_REPRESENTATION_CONTEXT() REPRESENTATION_CONTEXT('2D SPACE',''
  ) );
#2575 = ORIENTED_EDGE('',*,*,#2576,.F.);
#2576 = EDGE_CURVE('',#2554,#2554,#2577,.T.);
#2577 = SURFACE_CURVE('',#2578,(#2583,#2590),.PCURVE_S1.);
#2578 = CIRCLE('',#2579,13.3);
#2579 = AXIS2_PLACEMENT_3D('',#2580,#2581,#2582);
#2580 = CARTESIAN_POINT('',(0.,0.,6.45));
#2581 = DIRECTION('',(0.,0.,1.));
#2582 = DIRECTION('',(1.,0.,-0.));
#2583 = PCURVE('',#1106,#2584);
#2584 = DEFINITIONAL_REPRESENTATION('',(#2585),#2589);
#2585 = LINE('',#2586,#2587);
#2586 = CARTESIAN_POINT('',(-0.,-0.4));
#2587 = VECTOR('',#2588,1.);
#2588 = DIRECTION('',(-1.,-0.));
#2589 = ( GEOMETRIC_REPRESENTATION_CONTEXT(2) 
PARAMETRIC_REPRESENTATION_CONTEXT() REPRESENTATION_CONTEXT('2D SPACE',''
  ) );
#2590 = PCURVE('',#2591,#2596);
#2591 = PLANE('',#2592);
#2592 = AXIS2_PLACEMENT_3D('',#2593,#2594,#2595);
#2593 = CARTESIAN_POINT('',(0.,0.,6.45));
#2594 = DIRECTION('',(0.,0.,1.));
#2595 = DIRECTION('',(1.,0.,-0.));
#2596 = DEFINITIONAL_REPRESENTATION('',(#2597),#2601);
#2597 = CIRCLE('',#2598,13.3);
#2598 = AXIS2_PLACEMENT_2D('',#2599,#2600);
#2599 = CARTESIAN_POINT('',(0.,0.));
#2600 = DIRECTION('',(1.,0.));
#2601 = ( GEOMETRIC_REPRESENTATION_CONTEXT(2) 
PARAMETRIC_REPRESENTATION_CONTEXT() REPRESENTATION_CONTEXT('2D SPACE',''
  ) );
#2602 = ORIENTED_EDGE('',*,*,#2553,.F.);
#2603 = ORIENTED_EDGE('',*,*,#1091,.T.);
#2604 = ADVANCED_FACE('',(#2605,#2608),#2591,.T.);
#2605 = FACE_BOUND('',#2606,.T.);
#2606 = EDGE_LOOP('',(#2607));
#2607 = ORIENTED_EDGE('',*,*,#2576,.T.);
#2608 = FACE_BOUND('',#2609,.T.);
#2609 = EDGE_LOOP('',(#2610));
#2610 = ORIENTED_EDGE('',*,*,#2611,.F.);
#2611 = EDGE_CURVE('',#2612,#2612,#2614,.T.);
#2612 = VERTEX_POINT('',#2613);
#2613 = CARTESIAN_POINT('',(12.8,-3.135095805817E-15,6.45));
#2614 = SURFACE_CURVE('',#2615,(#2620,#2627),.PCURVE_S1.);
#2615 = CIRCLE('',#2616,12.8);
#2616 = AXIS2_PLACEMENT_3D('',#2617,#2618,#2619);
#2617 = CARTESIAN_POINT('',(0.,0.,6.45));
#2618 = DIRECTION('',(0.,0.,1.));
#2619 = DIRECTION('',(1.,0.,-0.));
#2620 = PCURVE('',#2591,#2621);
#2621 = DEFINITIONAL_REPRESENTATION('',(#2622),#2626);
#2622 = CIRCLE('',#2623,12.8);
#2623 = AXIS2_PLACEMENT_2D('',#2624,#2625);
#2624 = CARTESIAN_POINT('',(0.,0.));
#2625 = DIRECTION('',(1.,0.));
#2626 = ( GEOMETRIC_REPRESENTATION_CONTEXT(2) 
PARAMETRIC_REPRESENTATION_CONTEXT() REPRESENTATION_CONTEXT('2D SPACE',''
  ) );
#2627 = PCURVE('',#2628,#2633);
#2628 = CYLINDRICAL_SURFACE('',#2629,12.8);
#2629 = AXIS2_PLACEMENT_3D('',#2630,#2631,#2632);
#2630 = CARTESIAN_POINT('',(0.,0.,0.));
#2631 = DIRECTION('',(0.,0.,1.));
#2632 = DIRECTION('',(1.,0.,-0.));
#2633 = DEFINITIONAL_REPRESENTATION('',(#2634),#2638);
#2634 = LINE('',#2635,#2636);
#2635 = CARTESIAN_POINT('',(0.,6.45));
#2636 = VECTOR('',#2637,1.);
#2637 = DIRECTION('',(1.,0.));
#2638 = ( GEOMETRIC_REPRESENTATION_CONTEXT(2) 
PARAMETRIC_REPRESENTATION_CONTEXT() REPRESENTATION_CONTEXT('2D SPACE',''
  ) );
#2639 = ADVANCED_FACE('',(#2640),#2628,.F.);
#2640 = FACE_BOUND('',#2641,.F.);
#2641 = EDGE_LOOP('',(#2642,#2665,#2666,#2667));
#2642 = ORIENTED_EDGE('',*,*,#2643,.T.);
#2643 = EDGE_CURVE('',#2644,#2612,#2646,.T.);
#2644 = VERTEX_POINT('',#2645);
#2645 = CARTESIAN_POINT('',(12.8,-3.135095805817E-15,3.8));
#2646 = SEAM_CURVE('',#2647,(#2651,#2658),.PCURVE_S1.);
#2647 = LINE('',#2648,#2649);
#2648 = CARTESIAN_POINT('',(12.8,-3.135095805817E-15,0.));
#2649 = VECTOR('',#2650,1.);
#2650 = DIRECTION('',(0.,0.,1.));
#2651 = PCURVE('',#2628,#2652);
#2652 = DEFINITIONAL_REPRESENTATION('',(#2653),#2657);
#2653 = LINE('',#2654,#2655);
#2654 = CARTESIAN_POINT('',(6.28318530718,-0.));
#2655 = VECTOR('',#2656,1.);
#2656 = DIRECTION('',(0.,1.));
#2657 = ( GEOMETRIC_REPRESENTATION_CONTEXT(2) 
PARAMETRIC_REPRESENTATION_CONTEXT() REPRESENTATION_CONTEXT('2D SPACE',''
  ) );
#2658 = PCURVE('',#2628,#2659);
#2659 = DEFINITIONAL_REPRESENTATION('',(#2660),#2664);
#2660 = LINE('',#2661,#2662);
#2661 = CARTESIAN_POINT('',(0.,-0.));
#2662 = VECTOR('',#2663,1.);
#2663 = DIRECTION('',(0.,1.));
#2664 = ( GEOMETRIC_REPRESENTATION_CONTEXT(2) 
PARAMETRIC_REPRESENTATION_CONTEXT() REPRESENTATION_CONTEXT('2D SPACE',''
  ) );
#2665 = ORIENTED_EDGE('',*,*,#2611,.F.);
#2666 = ORIENTED_EDGE('',*,*,#2643,.F.);
#2667 = ORIENTED_EDGE('',*,*,#2668,.T.);
#2668 = EDGE_CURVE('',#2644,#2644,#2669,.T.);
#2669 = SURFACE_CURVE('',#2670,(#2675,#2682),.PCURVE_S1.);
#2670 = CIRCLE('',#2671,12.8);
#2671 = AXIS2_PLACEMENT_3D('',#2672,#2673,#2674);
#2672 = CARTESIAN_POINT('',(0.,0.,3.8));
#2673 = DIRECTION('',(0.,0.,1.));
#2674 = DIRECTION('',(1.,0.,-0.));
#2675 = PCURVE('',#2628,#2676);
#2676 = DEFINITIONAL_REPRESENTATION('',(#2677),#2681);
#2677 = LINE('',#2678,#2679);
#2678 = CARTESIAN_POINT('',(0.,3.8));
#2679 = VECTOR('',#2680,1.);
#2680 = DIRECTION('',(1.,0.));
#2681 = ( GEOMETRIC_REPRESENTATION_CONTEXT(2) 
PARAMETRIC_REPRESENTATION_CONTEXT() REPRESENTATION_CONTEXT('2D SPACE',''
  ) );
#2682 = PCURVE('',#2683,#2688);
#2683 = PLANE('',#2684);
#2684 = AXIS2_PLACEMENT_3D('',#2685,#2686,#2687);
#2685 = CARTESIAN_POINT('',(0.,0.,3.8));
#2686 = DIRECTION('',(0.,0.,1.));
#2687 = DIRECTION('',(1.,0.,-0.));
#2688 = DEFINITIONAL_REPRESENTATION('',(#2689),#2693);
#2689 = CIRCLE('',#2690,12.8);
#2690 = AXIS2_PLACEMENT_2D('',#2691,#2692);
#2691 = CARTESIAN_POINT('',(0.,0.));
#2692 = DIRECTION('',(1.,0.));
#2693 = ( GEOMETRIC_REPRESENTATION_CONTEXT(2) 
PARAMETRIC_REPRESENTATION_CONTEXT() REPRESENTATION_CONTEXT('2D SPACE',''
  ) );
#2694 = ADVANCED_FACE('',(#2695,#2698),#2683,.T.);
#2695 = FACE_BOUND('',#2696,.T.);
#2696 = EDGE_LOOP('',(#2697));
#2697 = ORIENTED_EDGE('',*,*,#2668,.T.);
#2698 = FACE_BOUND('',#2699,.T.);
#2699 = EDGE_LOOP('',(#2700));
#2700 = ORIENTED_EDGE('',*,*,#2701,.F.);
#2701 = EDGE_CURVE('',#2702,#2702,#2704,.T.);
#2702 = VERTEX_POINT('',#2703);
#2703 = CARTESIAN_POINT('',(12.75,-2.632990618167E-15,3.8));
#2704 = SURFACE_CURVE('',#2705,(#2710,#2717),.PCURVE_S1.);
#2705 = CIRCLE('',#2706,10.75);
#2706 = AXIS2_PLACEMENT_3D('',#2707,#2708,#2709);
#2707 = CARTESIAN_POINT('',(2.,0.,3.8));
#2708 = DIRECTION('',(0.,0.,1.));
#2709 = DIRECTION('',(1.,0.,-0.));
#2710 = PCURVE('',#2683,#2711);
#2711 = DEFINITIONAL_REPRESENTATION('',(#2712),#2716);
#2712 = CIRCLE('',#2713,10.75);
#2713 = AXIS2_PLACEMENT_2D('',#2714,#2715);
#2714 = CARTESIAN_POINT('',(2.,0.));
#2715 = DIRECTION('',(1.,0.));
#2716 = ( GEOMETRIC_REPRESENTATION_CONTEXT(2) 
PARAMETRIC_REPRESENTATION_CONTEXT() REPRESENTATION_CONTEXT('2D SPACE',''
  ) );
#2717 = PCURVE('',#2718,#2723);
#2718 = CYLINDRICAL_SURFACE('',#2719,10.75);
#2719 = AXIS2_PLACEMENT_3D('',#2720,#2721,#2722);
#2720 = CARTESIAN_POINT('',(2.,0.,0.));
#2721 = DIRECTION('',(0.,0.,1.));
#2722 = DIRECTION('',(1.,0.,-0.));
#2723 = DEFINITIONAL_REPRESENTATION('',(#2724),#2728);
#2724 = LINE('',#2725,#2726);
#2725 = CARTESIAN_POINT('',(0.,3.8));
#2726 = VECTOR('',#2727,1.);
#2727 = DIRECTION('',(1.,0.));
#2728 = ( GEOMETRIC_REPRESENTATION_CONTEXT(2) 
PARAMETRIC_REPRESENTATION_CONTEXT() REPRESENTATION_CONTEXT('2D SPACE',''
  ) );
#2729 = ADVANCED_FACE('',(#2730),#2718,.F.);
#2730 = FACE_BOUND('',#2731,.F.);
#2731 = EDGE_LOOP('',(#2732,#2733,#2756,#2783));
#2732 = ORIENTED_EDGE('',*,*,#2701,.F.);
#2733 = ORIENTED_EDGE('',*,*,#2734,.F.);
#2734 = EDGE_CURVE('',#2735,#2702,#2737,.T.);
#2735 = VERTEX_POINT('',#2736);
#2736 = CARTESIAN_POINT('',(12.75,-2.632990618167E-15,0.));
#2737 = SEAM_CURVE('',#2738,(#2742,#2749),.PCURVE_S1.);
#2738 = LINE('',#2739,#2740);
#2739 = CARTESIAN_POINT('',(12.75,-2.632990618167E-15,0.));
#2740 = VECTOR('',#2741,1.);
#2741 = DIRECTION('',(0.,0.,1.));
#2742 = PCURVE('',#2718,#2743);
#2743 = DEFINITIONAL_REPRESENTATION('',(#2744),#2748);
#2744 = LINE('',#2745,#2746);
#2745 = CARTESIAN_POINT('',(6.28318530718,-0.));
#2746 = VECTOR('',#2747,1.);
#2747 = DIRECTION('',(0.,1.));
#2748 = ( GEOMETRIC_REPRESENTATION_CONTEXT(2) 
PARAMETRIC_REPRESENTATION_CONTEXT() REPRESENTATION_CONTEXT('2D SPACE',''
  ) );
#2749 = PCURVE('',#2718,#2750);
#2750 = DEFINITIONAL_REPRESENTATION('',(#2751),#2755);
#2751 = LINE('',#2752,#2753);
#2752 = CARTESIAN_POINT('',(0.,-0.));
#2753 = VECTOR('',#2754,1.);
#2754 = DIRECTION('',(0.,1.));
#2755 = ( GEOMETRIC_REPRESENTATION_CONTEXT(2) 
PARAMETRIC_REPRESENTATION_CONTEXT() REPRESENTATION_CONTEXT('2D SPACE',''
  ) );
#2756 = ORIENTED_EDGE('',*,*,#2757,.T.);
#2757 = EDGE_CURVE('',#2735,#2735,#2758,.T.);
#2758 = SURFACE_CURVE('',#2759,(#2764,#2771),.PCURVE_S1.);
#2759 = CIRCLE('',#2760,10.75);
#2760 = AXIS2_PLACEMENT_3D('',#2761,#2762,#2763);
#2761 = CARTESIAN_POINT('',(2.,0.,0.));
#2762 = DIRECTION('',(0.,0.,1.));
#2763 = DIRECTION('',(1.,0.,-0.));
#2764 = PCURVE('',#2718,#2765);
#2765 = DEFINITIONAL_REPRESENTATION('',(#2766),#2770);
#2766 = LINE('',#2767,#2768);
#2767 = CARTESIAN_POINT('',(0.,0.));
#2768 = VECTOR('',#2769,1.);
#2769 = DIRECTION('',(1.,0.));
#2770 = ( GEOMETRIC_REPRESENTATION_CONTEXT(2) 
PARAMETRIC_REPRESENTATION_CONTEXT() REPRESENTATION_CONTEXT('2D SPACE',''
  ) );
#2771 = PCURVE('',#2772,#2777);
#2772 = PLANE('',#2773);
#2773 = AXIS2_PLACEMENT_3D('',#2774,#2775,#2776);
#2774 = CARTESIAN_POINT('',(0.,0.,0.));
#2775 = DIRECTION('',(0.,0.,1.));
#2776 = DIRECTION('',(1.,0.,-0.));
#2777 = DEFINITIONAL_REPRESENTATION('',(#2778),#2782);
#2778 = CIRCLE('',#2779,10.75);
#2779 = AXIS2_PLACEMENT_2D('',#2780,#2781);
#2780 = CARTESIAN_POINT('',(2.,0.));
#2781 = DIRECTION('',(1.,0.));
#2782 = ( GEOMETRIC_REPRESENTATION_CONTEXT(2) 
PARAMETRIC_REPRESENTATION_CONTEXT() REPRESENTATION_CONTEXT('2D SPACE',''
  ) );
#2783 = ORIENTED_EDGE('',*,*,#2734,.T.);
#2784 = ADVANCED_FACE('',(#2785),#2772,.T.);
#2785 = FACE_BOUND('',#2786,.T.);
#2786 = EDGE_LOOP('',(#2787));
#2787 = ORIENTED_EDGE('',*,*,#2757,.T.);
#2788 = ADVANCED_FACE('',(#2789),#1056,.T.);
#2789 = FACE_BOUND('',#2790,.T.);
#2790 = EDGE_LOOP('',(#2791,#2810,#2811,#2812,#2813));
#2791 = ORIENTED_EDGE('',*,*,#2792,.F.);
#2792 = EDGE_CURVE('',#2429,#1008,#2793,.T.);
#2793 = SURFACE_CURVE('',#2794,(#2798,#2804),.PCURVE_S1.);
#2794 = LINE('',#2795,#2796);
#2795 = CARTESIAN_POINT('',(6.824855186639,-1.273716845988,3.1));
#2796 = VECTOR('',#2797,1.);
#2797 = DIRECTION('',(-0.984807753012,0.173648177667,0.));
#2798 = PCURVE('',#1056,#2799);
#2799 = DEFINITIONAL_REPRESENTATION('',(#2800),#2803);
#2800 = B_SPLINE_CURVE_WITH_KNOTS('',1,(#2801,#2802),.UNSPECIFIED.,.F.,
  .F.,(2,2),(-7.557651089842,-6.457651089842),.PIECEWISE_BEZIER_KNOTS.);
#2801 = CARTESIAN_POINT('',(14.267688574477,-2.586089185182));
#2802 = CARTESIAN_POINT('',(13.184400046164,-2.395076189748));
#2803 = ( GEOMETRIC_REPRESENTATION_CONTEXT(2) 
PARAMETRIC_REPRESENTATION_CONTEXT() REPRESENTATION_CONTEXT('2D SPACE',''
  ) );
#2804 = PCURVE('',#1027,#2805);
#2805 = DEFINITIONAL_REPRESENTATION('',(#2806),#2809);
#2806 = B_SPLINE_CURVE_WITH_KNOTS('',1,(#2807,#2808),.UNSPECIFIED.,.F.,
  .F.,(2,2),(-7.557651089842,-6.457651089842),.PIECEWISE_BEZIER_KNOTS.);
#2807 = CARTESIAN_POINT('',(-0.305642935984,0.615302179685));
#2808 = CARTESIAN_POINT('',(-0.305642935984,-0.484697820315));
#2809 = ( GEOMETRIC_REPRESENTATION_CONTEXT(2) 
PARAMETRIC_REPRESENTATION_CONTEXT() REPRESENTATION_CONTEXT('2D SPACE',''
  ) );
#2810 = ORIENTED_EDGE('',*,*,#2449,.T.);
#2811 = ORIENTED_EDGE('',*,*,#2527,.T.);
#2812 = ORIENTED_EDGE('',*,*,#1119,.F.);
#2813 = ORIENTED_EDGE('',*,*,#1039,.F.);
#2814 = ADVANCED_FACE('',(#2815),#1027,.T.);
#2815 = FACE_BOUND('',#2816,.T.);
#2816 = EDGE_LOOP('',(#2817,#2818,#2819,#2820,#2821));
#2817 = ORIENTED_EDGE('',*,*,#2792,.T.);
#2818 = ORIENTED_EDGE('',*,*,#1005,.F.);
#2819 = ORIENTED_EDGE('',*,*,#2263,.T.);
#2820 = ORIENTED_EDGE('',*,*,#2346,.T.);
#2821 = ORIENTED_EDGE('',*,*,#2428,.T.);
#2822 = ADVANCED_FACE('',(#2823),#955,.F.);
#2823 = FACE_BOUND('',#2824,.F.);
#2824 = EDGE_LOOP('',(#2825,#2848,#2849,#2872));
#2825 = ORIENTED_EDGE('',*,*,#2826,.F.);
#2826 = EDGE_CURVE('',#919,#2827,#2829,.T.);
#2827 = VERTEX_POINT('',#2828);
#2828 = CARTESIAN_POINT('',(15.97,-6.5,2.2));
#2829 = SURFACE_CURVE('',#2830,(#2834,#2841),.PCURVE_S1.);
#2830 = LINE('',#2831,#2832);
#2831 = CARTESIAN_POINT('',(15.97,-6.5,-1.));
#2832 = VECTOR('',#2833,1.);
#2833 = DIRECTION('',(0.,0.,1.));
#2834 = PCURVE('',#955,#2835);
#2835 = DEFINITIONAL_REPRESENTATION('',(#2836),#2840);
#2836 = LINE('',#2837,#2838);
#2837 = CARTESIAN_POINT('',(0.,0.));
#2838 = VECTOR('',#2839,1.);
#2839 = DIRECTION('',(1.,0.));
#2840 = ( GEOMETRIC_REPRESENTATION_CONTEXT(2) 
PARAMETRIC_REPRESENTATION_CONTEXT() REPRESENTATION_CONTEXT('2D SPACE',''
  ) );
#2841 = PCURVE('',#215,#2842);
#2842 = DEFINITIONAL_REPRESENTATION('',(#2843),#2847);
#2843 = LINE('',#2844,#2845);
#2844 = CARTESIAN_POINT('',(0.,3.17));
#2845 = VECTOR('',#2846,1.);
#2846 = DIRECTION('',(1.,0.));
#2847 = ( GEOMETRIC_REPRESENTATION_CONTEXT(2) 
PARAMETRIC_REPRESENTATION_CONTEXT() REPRESENTATION_CONTEXT('2D SPACE',''
  ) );
#2848 = ORIENTED_EDGE('',*,*,#941,.F.);
#2849 = ORIENTED_EDGE('',*,*,#2850,.T.);
#2850 = EDGE_CURVE('',#803,#2851,#2853,.T.);
#2851 = VERTEX_POINT('',#2852);
#2852 = CARTESIAN_POINT('',(15.97,6.5,2.2));
#2853 = SURFACE_CURVE('',#2854,(#2858,#2865),.PCURVE_S1.);
#2854 = LINE('',#2855,#2856);
#2855 = CARTESIAN_POINT('',(15.97,6.5,-1.));
#2856 = VECTOR('',#2857,1.);
#2857 = DIRECTION('',(0.,0.,1.));
#2858 = PCURVE('',#955,#2859);
#2859 = DEFINITIONAL_REPRESENTATION('',(#2860),#2864);
#2860 = LINE('',#2861,#2862);
#2861 = CARTESIAN_POINT('',(0.,-13.));
#2862 = VECTOR('',#2863,1.);
#2863 = DIRECTION('',(1.,0.));
#2864 = ( GEOMETRIC_REPRESENTATION_CONTEXT(2) 
PARAMETRIC_REPRESENTATION_CONTEXT() REPRESENTATION_CONTEXT('2D SPACE',''
  ) );
#2865 = PCURVE('',#44,#2866);
#2866 = DEFINITIONAL_REPRESENTATION('',(#2867),#2871);
#2867 = LINE('',#2868,#2869);
#2868 = CARTESIAN_POINT('',(0.,3.17));
#2869 = VECTOR('',#2870,1.);
#2870 = DIRECTION('',(1.,0.));
#2871 = ( GEOMETRIC_REPRESENTATION_CONTEXT(2) 
PARAMETRIC_REPRESENTATION_CONTEXT() REPRESENTATION_CONTEXT('2D SPACE',''
  ) );
#2872 = ORIENTED_EDGE('',*,*,#2873,.F.);
#2873 = EDGE_CURVE('',#2827,#2851,#2874,.T.);
#2874 = SURFACE_CURVE('',#2875,(#2879,#2886),.PCURVE_S1.);
#2875 = LINE('',#2876,#2877);
#2876 = CARTESIAN_POINT('',(15.97,-6.5,2.2));
#2877 = VECTOR('',#2878,1.);
#2878 = DIRECTION('',(-0.,1.,0.));
#2879 = PCURVE('',#955,#2880);
#2880 = DEFINITIONAL_REPRESENTATION('',(#2881),#2885);
#2881 = LINE('',#2882,#2883);
#2882 = CARTESIAN_POINT('',(3.2,0.));
#2883 = VECTOR('',#2884,1.);
#2884 = DIRECTION('',(0.,-1.));
#2885 = ( GEOMETRIC_REPRESENTATION_CONTEXT(2) 
PARAMETRIC_REPRESENTATION_CONTEXT() REPRESENTATION_CONTEXT('2D SPACE',''
  ) );
#2886 = PCURVE('',#2887,#2892);
#2887 = PLANE('',#2888);
#2888 = AXIS2_PLACEMENT_3D('',#2889,#2890,#2891);
#2889 = CARTESIAN_POINT('',(15.97,-6.5,2.2));
#2890 = DIRECTION('',(0.,0.,1.));
#2891 = DIRECTION('',(1.,0.,-0.));
#2892 = DEFINITIONAL_REPRESENTATION('',(#2893),#2897);
#2893 = LINE('',#2894,#2895);
#2894 = CARTESIAN_POINT('',(0.,0.));
#2895 = VECTOR('',#2896,1.);
#2896 = DIRECTION('',(0.,1.));
#2897 = ( GEOMETRIC_REPRESENTATION_CONTEXT(2) 
PARAMETRIC_REPRESENTATION_CONTEXT() REPRESENTATION_CONTEXT('2D SPACE',''
  ) );
#2898 = ADVANCED_FACE('',(#2899,#2970),#2887,.T.);
#2899 = FACE_BOUND('',#2900,.T.);
#2900 = EDGE_LOOP('',(#2901,#2924,#2925,#2948));
#2901 = ORIENTED_EDGE('',*,*,#2902,.F.);
#2902 = EDGE_CURVE('',#2851,#2903,#2905,.T.);
#2903 = VERTEX_POINT('',#2904);
#2904 = CARTESIAN_POINT('',(18.988283229402,6.5,2.2));
#2905 = SURFACE_CURVE('',#2906,(#2910,#2917),.PCURVE_S1.);
#2906 = LINE('',#2907,#2908);
#2907 = CARTESIAN_POINT('',(15.97,6.5,2.2));
#2908 = VECTOR('',#2909,1.);
#2909 = DIRECTION('',(1.,0.,-0.));
#2910 = PCURVE('',#2887,#2911);
#2911 = DEFINITIONAL_REPRESENTATION('',(#2912),#2916);
#2912 = LINE('',#2913,#2914);
#2913 = CARTESIAN_POINT('',(0.,13.));
#2914 = VECTOR('',#2915,1.);
#2915 = DIRECTION('',(1.,0.));
#2916 = ( GEOMETRIC_REPRESENTATION_CONTEXT(2) 
PARAMETRIC_REPRESENTATION_CONTEXT() REPRESENTATION_CONTEXT('2D SPACE',''
  ) );
#2917 = PCURVE('',#44,#2918);
#2918 = DEFINITIONAL_REPRESENTATION('',(#2919),#2923);
#2919 = LINE('',#2920,#2921);
#2920 = CARTESIAN_POINT('',(3.2,3.17));
#2921 = VECTOR('',#2922,1.);
#2922 = DIRECTION('',(0.,1.));
#2923 = ( GEOMETRIC_REPRESENTATION_CONTEXT(2) 
PARAMETRIC_REPRESENTATION_CONTEXT() REPRESENTATION_CONTEXT('2D SPACE',''
  ) );
#2924 = ORIENTED_EDGE('',*,*,#2873,.F.);
#2925 = ORIENTED_EDGE('',*,*,#2926,.T.);
#2926 = EDGE_CURVE('',#2827,#2927,#2929,.T.);
#2927 = VERTEX_POINT('',#2928);
#2928 = CARTESIAN_POINT('',(18.988283229402,-6.5,2.2));
#2929 = SURFACE_CURVE('',#2930,(#2934,#2941),.PCURVE_S1.);
#2930 = LINE('',#2931,#2932);
#2931 = CARTESIAN_POINT('',(15.97,-6.5,2.2));
#2932 = VECTOR('',#2933,1.);
#2933 = DIRECTION('',(1.,0.,-0.));
#2934 = PCURVE('',#2887,#2935);
#2935 = DEFINITIONAL_REPRESENTATION('',(#2936),#2940);
#2936 = LINE('',#2937,#2938);
#2937 = CARTESIAN_POINT('',(0.,0.));
#2938 = VECTOR('',#2939,1.);
#2939 = DIRECTION('',(1.,0.));
#2940 = ( GEOMETRIC_REPRESENTATION_CONTEXT(2) 
PARAMETRIC_REPRESENTATION_CONTEXT() REPRESENTATION_CONTEXT('2D SPACE',''
  ) );
#2941 = PCURVE('',#215,#2942);
#2942 = DEFINITIONAL_REPRESENTATION('',(#2943),#2947);
#2943 = LINE('',#2944,#2945);
#2944 = CARTESIAN_POINT('',(3.2,3.17));
#2945 = VECTOR('',#2946,1.);
#2946 = DIRECTION('',(0.,1.));
#2947 = ( GEOMETRIC_REPRESENTATION_CONTEXT(2) 
PARAMETRIC_REPRESENTATION_CONTEXT() REPRESENTATION_CONTEXT('2D SPACE',''
  ) );
#2948 = ORIENTED_EDGE('',*,*,#2949,.T.);
#2949 = EDGE_CURVE('',#2927,#2903,#2950,.T.);
#2950 = SURFACE_CURVE('',#2951,(#2956,#2963),.PCURVE_S1.);
#2951 = CIRCLE('',#2952,20.07);
#2952 = AXIS2_PLACEMENT_3D('',#2953,#2954,#2955);
#2953 = CARTESIAN_POINT('',(0.,0.,2.2));
#2954 = DIRECTION('',(0.,0.,1.));
#2955 = DIRECTION('',(0.946102801664,-0.323866467364,0.));
#2956 = PCURVE('',#2887,#2957);
#2957 = DEFINITIONAL_REPRESENTATION('',(#2958),#2962);
#2958 = CIRCLE('',#2959,20.07);
#2959 = AXIS2_PLACEMENT_2D('',#2960,#2961);
#2960 = CARTESIAN_POINT('',(-15.97,6.5));
#2961 = DIRECTION('',(0.946102801664,-0.323866467364));
#2962 = ( GEOMETRIC_REPRESENTATION_CONTEXT(2) 
PARAMETRIC_REPRESENTATION_CONTEXT() REPRESENTATION_CONTEXT('2D SPACE',''
  ) );
#2963 = PCURVE('',#246,#2964);
#2964 = DEFINITIONAL_REPRESENTATION('',(#2965),#2969);
#2965 = LINE('',#2966,#2967);
#2966 = CARTESIAN_POINT('',(5.953371932429,4.2));
#2967 = VECTOR('',#2968,1.);
#2968 = DIRECTION('',(1.,0.));
#2969 = ( GEOMETRIC_REPRESENTATION_CONTEXT(2) 
PARAMETRIC_REPRESENTATION_CONTEXT() REPRESENTATION_CONTEXT('2D SPACE',''
  ) );
#2970 = FACE_BOUND('',#2971,.T.);
#2971 = EDGE_LOOP('',(#2972,#2995,#3016,#3037));
#2972 = ORIENTED_EDGE('',*,*,#2973,.T.);
#2973 = EDGE_CURVE('',#2974,#2976,#2978,.T.);
#2974 = VERTEX_POINT('',#2975);
#2975 = CARTESIAN_POINT('',(18.57,-4.4,2.2));
#2976 = VERTEX_POINT('',#2977);
#2977 = CARTESIAN_POINT('',(16.77,-4.4,2.2));
#2978 = SURFACE_CURVE('',#2979,(#2983,#2989),.PCURVE_S1.);
#2979 = LINE('',#2980,#2981);
#2980 = CARTESIAN_POINT('',(16.37,-4.4,2.2));
#2981 = VECTOR('',#2982,1.);
#2982 = DIRECTION('',(-1.,-0.,0.));
#2983 = PCURVE('',#2887,#2984);
#2984 = DEFINITIONAL_REPRESENTATION('',(#2985),#2988);
#2985 = B_SPLINE_CURVE_WITH_KNOTS('',1,(#2986,#2987),.UNSPECIFIED.,.F.,
  .F.,(2,2),(-2.2,-0.4),.PIECEWISE_BEZIER_KNOTS.);
#2986 = CARTESIAN_POINT('',(2.6,2.1));
#2987 = CARTESIAN_POINT('',(0.8,2.1));
#2988 = ( GEOMETRIC_REPRESENTATION_CONTEXT(2) 
PARAMETRIC_REPRESENTATION_CONTEXT() REPRESENTATION_CONTEXT('2D SPACE',''
  ) );
#2989 = PCURVE('',#332,#2990);
#2990 = DEFINITIONAL_REPRESENTATION('',(#2991),#2994);
#2991 = B_SPLINE_CURVE_WITH_KNOTS('',1,(#2992,#2993),.UNSPECIFIED.,.F.,
  .F.,(2,2),(-2.2,-0.4),.PIECEWISE_BEZIER_KNOTS.);
#2992 = CARTESIAN_POINT('',(4.2,1.8));
#2993 = CARTESIAN_POINT('',(4.2,0.));
#2994 = ( GEOMETRIC_REPRESENTATION_CONTEXT(2) 
PARAMETRIC_REPRESENTATION_CONTEXT() REPRESENTATION_CONTEXT('2D SPACE',''
  ) );
#2995 = ORIENTED_EDGE('',*,*,#2996,.T.);
#2996 = EDGE_CURVE('',#2976,#2997,#2999,.T.);
#2997 = VERTEX_POINT('',#2998);
#2998 = CARTESIAN_POINT('',(16.77,4.4,2.2));
#2999 = SURFACE_CURVE('',#3000,(#3004,#3010),.PCURVE_S1.);
#3000 = LINE('',#3001,#3002);
#3001 = CARTESIAN_POINT('',(16.77,-5.45,2.2));
#3002 = VECTOR('',#3003,1.);
#3003 = DIRECTION('',(-0.,1.,0.));
#3004 = PCURVE('',#2887,#3005);
#3005 = DEFINITIONAL_REPRESENTATION('',(#3006),#3009);
#3006 = B_SPLINE_CURVE_WITH_KNOTS('',1,(#3007,#3008),.UNSPECIFIED.,.F.,
  .F.,(2,2),(1.05,9.85),.PIECEWISE_BEZIER_KNOTS.);
#3007 = CARTESIAN_POINT('',(0.8,2.1));
#3008 = CARTESIAN_POINT('',(0.8,10.9));
#3009 = ( GEOMETRIC_REPRESENTATION_CONTEXT(2) 
PARAMETRIC_REPRESENTATION_CONTEXT() REPRESENTATION_CONTEXT('2D SPACE',''
  ) );
#3010 = PCURVE('',#357,#3011);
#3011 = DEFINITIONAL_REPRESENTATION('',(#3012),#3015);
#3012 = B_SPLINE_CURVE_WITH_KNOTS('',1,(#3013,#3014),.UNSPECIFIED.,.F.,
  .F.,(2,2),(1.05,9.85),.PIECEWISE_BEZIER_KNOTS.);
#3013 = CARTESIAN_POINT('',(4.2,0.));
#3014 = CARTESIAN_POINT('',(4.2,-8.8));
#3015 = ( GEOMETRIC_REPRESENTATION_CONTEXT(2) 
PARAMETRIC_REPRESENTATION_CONTEXT() REPRESENTATION_CONTEXT('2D SPACE',''
  ) );
#3016 = ORIENTED_EDGE('',*,*,#3017,.F.);
#3017 = EDGE_CURVE('',#3018,#2997,#3020,.T.);
#3018 = VERTEX_POINT('',#3019);
#3019 = CARTESIAN_POINT('',(18.57,4.4,2.2));
#3020 = SURFACE_CURVE('',#3021,(#3025,#3031),.PCURVE_S1.);
#3021 = LINE('',#3022,#3023);
#3022 = CARTESIAN_POINT('',(16.37,4.4,2.2));
#3023 = VECTOR('',#3024,1.);
#3024 = DIRECTION('',(-1.,-0.,0.));
#3025 = PCURVE('',#2887,#3026);
#3026 = DEFINITIONAL_REPRESENTATION('',(#3027),#3030);
#3027 = B_SPLINE_CURVE_WITH_KNOTS('',1,(#3028,#3029),.UNSPECIFIED.,.F.,
  .F.,(2,2),(-2.2,-0.4),.PIECEWISE_BEZIER_KNOTS.);
#3028 = CARTESIAN_POINT('',(2.6,10.9));
#3029 = CARTESIAN_POINT('',(0.8,10.9));
#3030 = ( GEOMETRIC_REPRESENTATION_CONTEXT(2) 
PARAMETRIC_REPRESENTATION_CONTEXT() REPRESENTATION_CONTEXT('2D SPACE',''
  ) );
#3031 = PCURVE('',#278,#3032);
#3032 = DEFINITIONAL_REPRESENTATION('',(#3033),#3036);
#3033 = B_SPLINE_CURVE_WITH_KNOTS('',1,(#3034,#3035),.UNSPECIFIED.,.F.,
  .F.,(2,2),(-2.2,-0.4),.PIECEWISE_BEZIER_KNOTS.);
#3034 = CARTESIAN_POINT('',(4.2,1.8));
#3035 = CARTESIAN_POINT('',(4.2,0.));
#3036 = ( GEOMETRIC_REPRESENTATION_CONTEXT(2) 
PARAMETRIC_REPRESENTATION_CONTEXT() REPRESENTATION_CONTEXT('2D SPACE',''
  ) );
#3037 = ORIENTED_EDGE('',*,*,#3038,.F.);
#3038 = EDGE_CURVE('',#2974,#3018,#3039,.T.);
#3039 = SURFACE_CURVE('',#3040,(#3044,#3050),.PCURVE_S1.);
#3040 = LINE('',#3041,#3042);
#3041 = CARTESIAN_POINT('',(18.57,-5.45,2.2));
#3042 = VECTOR('',#3043,1.);
#3043 = DIRECTION('',(-0.,1.,0.));
#3044 = PCURVE('',#2887,#3045);
#3045 = DEFINITIONAL_REPRESENTATION('',(#3046),#3049);
#3046 = B_SPLINE_CURVE_WITH_KNOTS('',1,(#3047,#3048),.UNSPECIFIED.,.F.,
  .F.,(2,2),(1.05,9.85),.PIECEWISE_BEZIER_KNOTS.);
#3047 = CARTESIAN_POINT('',(2.6,2.1));
#3048 = CARTESIAN_POINT('',(2.6,10.9));
#3049 = ( GEOMETRIC_REPRESENTATION_CONTEXT(2) 
PARAMETRIC_REPRESENTATION_CONTEXT() REPRESENTATION_CONTEXT('2D SPACE',''
  ) );
#3050 = PCURVE('',#305,#3051);
#3051 = DEFINITIONAL_REPRESENTATION('',(#3052),#3055);
#3052 = B_SPLINE_CURVE_WITH_KNOTS('',1,(#3053,#3054),.UNSPECIFIED.,.F.,
  .F.,(2,2),(1.05,9.85),.PIECEWISE_BEZIER_KNOTS.);
#3053 = CARTESIAN_POINT('',(4.2,0.));
#3054 = CARTESIAN_POINT('',(4.2,-8.8));
#3055 = ( GEOMETRIC_REPRESENTATION_CONTEXT(2) 
PARAMETRIC_REPRESENTATION_CONTEXT() REPRESENTATION_CONTEXT('2D SPACE',''
  ) );
#3056 = ADVANCED_FACE('',(#3057),#442,.T.);
#3057 = FACE_BOUND('',#3058,.T.);
#3058 = EDGE_LOOP('',(#3059,#3080,#3081,#3082));
#3059 = ORIENTED_EDGE('',*,*,#3060,.F.);
#3060 = EDGE_CURVE('',#400,#660,#3061,.T.);
#3061 = SURFACE_CURVE('',#3062,(#3066,#3073),.PCURVE_S1.);
#3062 = LINE('',#3063,#3064);
#3063 = CARTESIAN_POINT('',(-16.77,-4.4,-2.));
#3064 = VECTOR('',#3065,1.);
#3065 = DIRECTION('',(0.,0.,1.));
#3066 = PCURVE('',#442,#3067);
#3067 = DEFINITIONAL_REPRESENTATION('',(#3068),#3072);
#3068 = LINE('',#3069,#3070);
#3069 = CARTESIAN_POINT('',(0.,1.8));
#3070 = VECTOR('',#3071,1.);
#3071 = DIRECTION('',(1.,0.));
#3072 = ( GEOMETRIC_REPRESENTATION_CONTEXT(2) 
PARAMETRIC_REPRESENTATION_CONTEXT() REPRESENTATION_CONTEXT('2D SPACE',''
  ) );
#3073 = PCURVE('',#415,#3074);
#3074 = DEFINITIONAL_REPRESENTATION('',(#3075),#3079);
#3075 = LINE('',#3076,#3077);
#3076 = CARTESIAN_POINT('',(0.,0.));
#3077 = VECTOR('',#3078,1.);
#3078 = DIRECTION('',(1.,0.));
#3079 = ( GEOMETRIC_REPRESENTATION_CONTEXT(2) 
PARAMETRIC_REPRESENTATION_CONTEXT() REPRESENTATION_CONTEXT('2D SPACE',''
  ) );
#3080 = ORIENTED_EDGE('',*,*,#426,.T.);
#3081 = ORIENTED_EDGE('',*,*,#481,.T.);
#3082 = ORIENTED_EDGE('',*,*,#659,.F.);
#3083 = ADVANCED_FACE('',(#3084),#415,.F.);
#3084 = FACE_BOUND('',#3085,.F.);
#3085 = EDGE_LOOP('',(#3086,#3087,#3088,#3109));
#3086 = ORIENTED_EDGE('',*,*,#3060,.F.);
#3087 = ORIENTED_EDGE('',*,*,#399,.T.);
#3088 = ORIENTED_EDGE('',*,*,#3089,.T.);
#3089 = EDGE_CURVE('',#371,#682,#3090,.T.);
#3090 = SURFACE_CURVE('',#3091,(#3095,#3102),.PCURVE_S1.);
#3091 = LINE('',#3092,#3093);
#3092 = CARTESIAN_POINT('',(-16.77,4.4,-2.));
#3093 = VECTOR('',#3094,1.);
#3094 = DIRECTION('',(0.,0.,1.));
#3095 = PCURVE('',#415,#3096);
#3096 = DEFINITIONAL_REPRESENTATION('',(#3097),#3101);
#3097 = LINE('',#3098,#3099);
#3098 = CARTESIAN_POINT('',(0.,-8.8));
#3099 = VECTOR('',#3100,1.);
#3100 = DIRECTION('',(1.,0.));
#3101 = ( GEOMETRIC_REPRESENTATION_CONTEXT(2) 
PARAMETRIC_REPRESENTATION_CONTEXT() REPRESENTATION_CONTEXT('2D SPACE',''
  ) );
#3102 = PCURVE('',#388,#3103);
#3103 = DEFINITIONAL_REPRESENTATION('',(#3104),#3108);
#3104 = LINE('',#3105,#3106);
#3105 = CARTESIAN_POINT('',(0.,1.8));
#3106 = VECTOR('',#3107,1.);
#3107 = DIRECTION('',(1.,0.));
#3108 = ( GEOMETRIC_REPRESENTATION_CONTEXT(2) 
PARAMETRIC_REPRESENTATION_CONTEXT() REPRESENTATION_CONTEXT('2D SPACE',''
  ) );
#3109 = ORIENTED_EDGE('',*,*,#702,.F.);
#3110 = ADVANCED_FACE('',(#3111),#388,.F.);
#3111 = FACE_BOUND('',#3112,.F.);
#3112 = EDGE_LOOP('',(#3113,#3114,#3115,#3116));
#3113 = ORIENTED_EDGE('',*,*,#3089,.F.);
#3114 = ORIENTED_EDGE('',*,*,#370,.T.);
#3115 = ORIENTED_EDGE('',*,*,#505,.T.);
#3116 = ORIENTED_EDGE('',*,*,#681,.F.);
#3117 = ADVANCED_FACE('',(#3118),#357,.T.);
#3118 = FACE_BOUND('',#3119,.T.);
#3119 = EDGE_LOOP('',(#3120,#3141,#3142,#3163));
#3120 = ORIENTED_EDGE('',*,*,#3121,.F.);
#3121 = EDGE_CURVE('',#317,#2976,#3122,.T.);
#3122 = SURFACE_CURVE('',#3123,(#3127,#3134),.PCURVE_S1.);
#3123 = LINE('',#3124,#3125);
#3124 = CARTESIAN_POINT('',(16.77,-4.4,-2.));
#3125 = VECTOR('',#3126,1.);
#3126 = DIRECTION('',(0.,0.,1.));
#3127 = PCURVE('',#357,#3128);
#3128 = DEFINITIONAL_REPRESENTATION('',(#3129),#3133);
#3129 = LINE('',#3130,#3131);
#3130 = CARTESIAN_POINT('',(0.,0.));
#3131 = VECTOR('',#3132,1.);
#3132 = DIRECTION('',(1.,0.));
#3133 = ( GEOMETRIC_REPRESENTATION_CONTEXT(2) 
PARAMETRIC_REPRESENTATION_CONTEXT() REPRESENTATION_CONTEXT('2D SPACE',''
  ) );
#3134 = PCURVE('',#332,#3135);
#3135 = DEFINITIONAL_REPRESENTATION('',(#3136),#3140);
#3136 = LINE('',#3137,#3138);
#3137 = CARTESIAN_POINT('',(0.,0.));
#3138 = VECTOR('',#3139,1.);
#3139 = DIRECTION('',(1.,0.));
#3140 = ( GEOMETRIC_REPRESENTATION_CONTEXT(2) 
PARAMETRIC_REPRESENTATION_CONTEXT() REPRESENTATION_CONTEXT('2D SPACE',''
  ) );
#3141 = ORIENTED_EDGE('',*,*,#343,.T.);
#3142 = ORIENTED_EDGE('',*,*,#3143,.T.);
#3143 = EDGE_CURVE('',#263,#2997,#3144,.T.);
#3144 = SURFACE_CURVE('',#3145,(#3149,#3156),.PCURVE_S1.);
#3145 = LINE('',#3146,#3147);
#3146 = CARTESIAN_POINT('',(16.77,4.4,-2.));
#3147 = VECTOR('',#3148,1.);
#3148 = DIRECTION('',(0.,0.,1.));
#3149 = PCURVE('',#357,#3150);
#3150 = DEFINITIONAL_REPRESENTATION('',(#3151),#3155);
#3151 = LINE('',#3152,#3153);
#3152 = CARTESIAN_POINT('',(0.,-8.8));
#3153 = VECTOR('',#3154,1.);
#3154 = DIRECTION('',(1.,0.));
#3155 = ( GEOMETRIC_REPRESENTATION_CONTEXT(2) 
PARAMETRIC_REPRESENTATION_CONTEXT() REPRESENTATION_CONTEXT('2D SPACE',''
  ) );
#3156 = PCURVE('',#278,#3157);
#3157 = DEFINITIONAL_REPRESENTATION('',(#3158),#3162);
#3158 = LINE('',#3159,#3160);
#3159 = CARTESIAN_POINT('',(0.,0.));
#3160 = VECTOR('',#3161,1.);
#3161 = DIRECTION('',(1.,0.));
#3162 = ( GEOMETRIC_REPRESENTATION_CONTEXT(2) 
PARAMETRIC_REPRESENTATION_CONTEXT() REPRESENTATION_CONTEXT('2D SPACE',''
  ) );
#3163 = ORIENTED_EDGE('',*,*,#2996,.F.);
#3164 = ADVANCED_FACE('',(#3165),#332,.T.);
#3165 = FACE_BOUND('',#3166,.T.);
#3166 = EDGE_LOOP('',(#3167,#3188,#3189,#3190));
#3167 = ORIENTED_EDGE('',*,*,#3168,.F.);
#3168 = EDGE_CURVE('',#290,#2974,#3169,.T.);
#3169 = SURFACE_CURVE('',#3170,(#3174,#3181),.PCURVE_S1.);
#3170 = LINE('',#3171,#3172);
#3171 = CARTESIAN_POINT('',(18.57,-4.4,-2.));
#3172 = VECTOR('',#3173,1.);
#3173 = DIRECTION('',(0.,0.,1.));
#3174 = PCURVE('',#332,#3175);
#3175 = DEFINITIONAL_REPRESENTATION('',(#3176),#3180);
#3176 = LINE('',#3177,#3178);
#3177 = CARTESIAN_POINT('',(0.,1.8));
#3178 = VECTOR('',#3179,1.);
#3179 = DIRECTION('',(1.,0.));
#3180 = ( GEOMETRIC_REPRESENTATION_CONTEXT(2) 
PARAMETRIC_REPRESENTATION_CONTEXT() REPRESENTATION_CONTEXT('2D SPACE',''
  ) );
#3181 = PCURVE('',#305,#3182);
#3182 = DEFINITIONAL_REPRESENTATION('',(#3183),#3187);
#3183 = LINE('',#3184,#3185);
#3184 = CARTESIAN_POINT('',(0.,0.));
#3185 = VECTOR('',#3186,1.);
#3186 = DIRECTION('',(1.,0.));
#3187 = ( GEOMETRIC_REPRESENTATION_CONTEXT(2) 
PARAMETRIC_REPRESENTATION_CONTEXT() REPRESENTATION_CONTEXT('2D SPACE',''
  ) );
#3188 = ORIENTED_EDGE('',*,*,#316,.T.);
#3189 = ORIENTED_EDGE('',*,*,#3121,.T.);
#3190 = ORIENTED_EDGE('',*,*,#2973,.F.);
#3191 = ADVANCED_FACE('',(#3192),#305,.F.);
#3192 = FACE_BOUND('',#3193,.F.);
#3193 = EDGE_LOOP('',(#3194,#3195,#3196,#3217));
#3194 = ORIENTED_EDGE('',*,*,#3168,.F.);
#3195 = ORIENTED_EDGE('',*,*,#289,.T.);
#3196 = ORIENTED_EDGE('',*,*,#3197,.T.);
#3197 = EDGE_CURVE('',#261,#3018,#3198,.T.);
#3198 = SURFACE_CURVE('',#3199,(#3203,#3210),.PCURVE_S1.);
#3199 = LINE('',#3200,#3201);
#3200 = CARTESIAN_POINT('',(18.57,4.4,-2.));
#3201 = VECTOR('',#3202,1.);
#3202 = DIRECTION('',(0.,0.,1.));
#3203 = PCURVE('',#305,#3204);
#3204 = DEFINITIONAL_REPRESENTATION('',(#3205),#3209);
#3205 = LINE('',#3206,#3207);
#3206 = CARTESIAN_POINT('',(0.,-8.8));
#3207 = VECTOR('',#3208,1.);
#3208 = DIRECTION('',(1.,0.));
#3209 = ( GEOMETRIC_REPRESENTATION_CONTEXT(2) 
PARAMETRIC_REPRESENTATION_CONTEXT() REPRESENTATION_CONTEXT('2D SPACE',''
  ) );
#3210 = PCURVE('',#278,#3211);
#3211 = DEFINITIONAL_REPRESENTATION('',(#3212),#3216);
#3212 = LINE('',#3213,#3214);
#3213 = CARTESIAN_POINT('',(0.,1.8));
#3214 = VECTOR('',#3215,1.);
#3215 = DIRECTION('',(1.,0.));
#3216 = ( GEOMETRIC_REPRESENTATION_CONTEXT(2) 
PARAMETRIC_REPRESENTATION_CONTEXT() REPRESENTATION_CONTEXT('2D SPACE',''
  ) );
#3217 = ORIENTED_EDGE('',*,*,#3038,.F.);
#3218 = ADVANCED_FACE('',(#3219),#278,.F.);
#3219 = FACE_BOUND('',#3220,.F.);
#3220 = EDGE_LOOP('',(#3221,#3222,#3223,#3224));
#3221 = ORIENTED_EDGE('',*,*,#3197,.F.);
#3222 = ORIENTED_EDGE('',*,*,#260,.T.);
#3223 = ORIENTED_EDGE('',*,*,#3143,.T.);
#3224 = ORIENTED_EDGE('',*,*,#3017,.F.);
#3225 = ADVANCED_FACE('',(#3226),#246,.T.);
#3226 = FACE_BOUND('',#3227,.T.);
#3227 = EDGE_LOOP('',(#3228,#3229,#3249,#3250));
#3228 = ORIENTED_EDGE('',*,*,#227,.F.);
#3229 = ORIENTED_EDGE('',*,*,#3230,.T.);
#3230 = EDGE_CURVE('',#22,#2903,#3231,.T.);
#3231 = SURFACE_CURVE('',#3232,(#3236,#3242),.PCURVE_S1.);
#3232 = LINE('',#3233,#3234);
#3233 = CARTESIAN_POINT('',(18.988283229402,6.5,-2.));
#3234 = VECTOR('',#3235,1.);
#3235 = DIRECTION('',(0.,0.,1.));
#3236 = PCURVE('',#246,#3237);
#3237 = DEFINITIONAL_REPRESENTATION('',(#3238),#3241);
#3238 = B_SPLINE_CURVE_WITH_KNOTS('',1,(#3239,#3240),.UNSPECIFIED.,.F.,
  .F.,(2,2),(1.,4.2),.PIECEWISE_BEZIER_KNOTS.);
#3239 = CARTESIAN_POINT('',(6.61299868193,1.));
#3240 = CARTESIAN_POINT('',(6.61299868193,4.2));
#3241 = ( GEOMETRIC_REPRESENTATION_CONTEXT(2) 
PARAMETRIC_REPRESENTATION_CONTEXT() REPRESENTATION_CONTEXT('2D SPACE',''
  ) );
#3242 = PCURVE('',#44,#3243);
#3243 = DEFINITIONAL_REPRESENTATION('',(#3244),#3248);
#3244 = LINE('',#3245,#3246);
#3245 = CARTESIAN_POINT('',(-1.,6.188283229402));
#3246 = VECTOR('',#3247,1.);
#3247 = DIRECTION('',(1.,0.));
#3248 = ( GEOMETRIC_REPRESENTATION_CONTEXT(2) 
PARAMETRIC_REPRESENTATION_CONTEXT() REPRESENTATION_CONTEXT('2D SPACE',''
  ) );
#3249 = ORIENTED_EDGE('',*,*,#2949,.F.);
#3250 = ORIENTED_EDGE('',*,*,#3251,.F.);
#3251 = EDGE_CURVE('',#200,#2927,#3252,.T.);
#3252 = SURFACE_CURVE('',#3253,(#3257,#3263),.PCURVE_S1.);
#3253 = LINE('',#3254,#3255);
#3254 = CARTESIAN_POINT('',(18.988283229402,-6.5,-2.));
#3255 = VECTOR('',#3256,1.);
#3256 = DIRECTION('',(0.,0.,1.));
#3257 = PCURVE('',#246,#3258);
#3258 = DEFINITIONAL_REPRESENTATION('',(#3259),#3262);
#3259 = B_SPLINE_CURVE_WITH_KNOTS('',1,(#3260,#3261),.UNSPECIFIED.,.F.,
  .F.,(2,2),(1.,4.2),.PIECEWISE_BEZIER_KNOTS.);
#3260 = CARTESIAN_POINT('',(5.953371932429,1.));
#3261 = CARTESIAN_POINT('',(5.953371932429,4.2));
#3262 = ( GEOMETRIC_REPRESENTATION_CONTEXT(2) 
PARAMETRIC_REPRESENTATION_CONTEXT() REPRESENTATION_CONTEXT('2D SPACE',''
  ) );
#3263 = PCURVE('',#215,#3264);
#3264 = DEFINITIONAL_REPRESENTATION('',(#3265),#3269);
#3265 = LINE('',#3266,#3267);
#3266 = CARTESIAN_POINT('',(-1.,6.188283229402));
#3267 = VECTOR('',#3268,1.);
#3268 = DIRECTION('',(1.,0.));
#3269 = ( GEOMETRIC_REPRESENTATION_CONTEXT(2) 
PARAMETRIC_REPRESENTATION_CONTEXT() REPRESENTATION_CONTEXT('2D SPACE',''
  ) );
#3270 = ADVANCED_FACE('',(#3271),#215,.F.);
#3271 = FACE_BOUND('',#3272,.F.);
#3272 = EDGE_LOOP('',(#3273,#3274,#3293,#3294,#3295,#3296));
#3273 = ORIENTED_EDGE('',*,*,#199,.F.);
#3274 = ORIENTED_EDGE('',*,*,#3275,.T.);
#3275 = EDGE_CURVE('',#171,#895,#3276,.T.);
#3276 = SURFACE_CURVE('',#3277,(#3281,#3287),.PCURVE_S1.);
#3277 = LINE('',#3278,#3279);
#3278 = CARTESIAN_POINT('',(14.587354112381,-6.5,-1.));
#3279 = VECTOR('',#3280,1.);
#3280 = DIRECTION('',(0.,0.,1.));
#3281 = PCURVE('',#215,#3282);
#3282 = DEFINITIONAL_REPRESENTATION('',(#3283),#3286);
#3283 = B_SPLINE_CURVE_WITH_KNOTS('',1,(#3284,#3285),.UNSPECIFIED.,.F.,
  .F.,(2,2),(-2.400000000069E-06,1.2000024),.PIECEWISE_BEZIER_KNOTS.);
#3284 = CARTESIAN_POINT('',(-2.400000000069E-06,1.787354112381));
#3285 = CARTESIAN_POINT('',(1.2000024,1.787354112381));
#3286 = ( GEOMETRIC_REPRESENTATION_CONTEXT(2) 
PARAMETRIC_REPRESENTATION_CONTEXT() REPRESENTATION_CONTEXT('2D SPACE',''
  ) );
#3287 = PCURVE('',#187,#3288);
#3288 = DEFINITIONAL_REPRESENTATION('',(#3289),#3292);
#3289 = B_SPLINE_CURVE_WITH_KNOTS('',1,(#3290,#3291),.UNSPECIFIED.,.F.,
  .F.,(2,2),(-2.400000000069E-06,1.2000024),.PIECEWISE_BEZIER_KNOTS.);
#3290 = CARTESIAN_POINT('',(5.864003592166,-2.400000000069E-06));
#3291 = CARTESIAN_POINT('',(5.864003592166,1.2000024));
#3292 = ( GEOMETRIC_REPRESENTATION_CONTEXT(2) 
PARAMETRIC_REPRESENTATION_CONTEXT() REPRESENTATION_CONTEXT('2D SPACE',''
  ) );
#3293 = ORIENTED_EDGE('',*,*,#918,.T.);
#3294 = ORIENTED_EDGE('',*,*,#2826,.T.);
#3295 = ORIENTED_EDGE('',*,*,#2926,.T.);
#3296 = ORIENTED_EDGE('',*,*,#3251,.F.);
#3297 = ADVANCED_FACE('',(#3298),#187,.T.);
#3298 = FACE_BOUND('',#3299,.T.);
#3299 = EDGE_LOOP('',(#3300,#3301,#3302,#3321));
#3300 = ORIENTED_EDGE('',*,*,#3275,.T.);
#3301 = ORIENTED_EDGE('',*,*,#894,.F.);
#3302 = ORIENTED_EDGE('',*,*,#3303,.F.);
#3303 = EDGE_CURVE('',#143,#872,#3304,.T.);
#3304 = SURFACE_CURVE('',#3305,(#3309,#3315),.PCURVE_S1.);
#3305 = LINE('',#3306,#3307);
#3306 = CARTESIAN_POINT('',(-14.58735411238,-6.5,-1.));
#3307 = VECTOR('',#3308,1.);
#3308 = DIRECTION('',(0.,0.,1.));
#3309 = PCURVE('',#187,#3310);
#3310 = DEFINITIONAL_REPRESENTATION('',(#3311),#3314);
#3311 = B_SPLINE_CURVE_WITH_KNOTS('',1,(#3312,#3313),.UNSPECIFIED.,.F.,
  .F.,(2,2),(-2.400000000069E-06,1.2000024),.PIECEWISE_BEZIER_KNOTS.);
#3312 = CARTESIAN_POINT('',(3.560774368603,-2.400000000069E-06));
#3313 = CARTESIAN_POINT('',(3.560774368603,1.2000024));
#3314 = ( GEOMETRIC_REPRESENTATION_CONTEXT(2) 
PARAMETRIC_REPRESENTATION_CONTEXT() REPRESENTATION_CONTEXT('2D SPACE',''
  ) );
#3315 = PCURVE('',#158,#3316);
#3316 = DEFINITIONAL_REPRESENTATION('',(#3317),#3320);
#3317 = B_SPLINE_CURVE_WITH_KNOTS('',1,(#3318,#3319),.UNSPECIFIED.,.F.,
  .F.,(2,2),(-2.400000000069E-06,1.2000024),.PIECEWISE_BEZIER_KNOTS.);
#3318 = CARTESIAN_POINT('',(-2.400000000069E-06,1.382645887619));
#3319 = CARTESIAN_POINT('',(1.2000024,1.382645887619));
#3320 = ( GEOMETRIC_REPRESENTATION_CONTEXT(2) 
PARAMETRIC_REPRESENTATION_CONTEXT() REPRESENTATION_CONTEXT('2D SPACE',''
  ) );
#3321 = ORIENTED_EDGE('',*,*,#170,.T.);
#3322 = ADVANCED_FACE('',(#3323),#158,.F.);
#3323 = FACE_BOUND('',#3324,.F.);
#3324 = EDGE_LOOP('',(#3325,#3326,#3346,#3347,#3348,#3349));
#3325 = ORIENTED_EDGE('',*,*,#142,.F.);
#3326 = ORIENTED_EDGE('',*,*,#3327,.T.);
#3327 = EDGE_CURVE('',#114,#581,#3328,.T.);
#3328 = SURFACE_CURVE('',#3329,(#3333,#3340),.PCURVE_S1.);
#3329 = LINE('',#3330,#3331);
#3330 = CARTESIAN_POINT('',(-18.9882832294,-6.5,-2.));
#3331 = VECTOR('',#3332,1.);
#3332 = DIRECTION('',(0.,0.,1.));
#3333 = PCURVE('',#158,#3334);
#3334 = DEFINITIONAL_REPRESENTATION('',(#3335),#3339);
#3335 = LINE('',#3336,#3337);
#3336 = CARTESIAN_POINT('',(-1.,-3.018283229402));
#3337 = VECTOR('',#3338,1.);
#3338 = DIRECTION('',(1.,0.));
#3339 = ( GEOMETRIC_REPRESENTATION_CONTEXT(2) 
PARAMETRIC_REPRESENTATION_CONTEXT() REPRESENTATION_CONTEXT('2D SPACE',''
  ) );
#3340 = PCURVE('',#130,#3341);
#3341 = DEFINITIONAL_REPRESENTATION('',(#3342),#3345);
#3342 = B_SPLINE_CURVE_WITH_KNOTS('',1,(#3343,#3344),.UNSPECIFIED.,.F.,
  .F.,(2,2),(0.68,4.52),.PIECEWISE_BEZIER_KNOTS.);
#3343 = CARTESIAN_POINT('',(3.47140602834,0.68));
#3344 = CARTESIAN_POINT('',(3.47140602834,4.52));
#3345 = ( GEOMETRIC_REPRESENTATION_CONTEXT(2) 
PARAMETRIC_REPRESENTATION_CONTEXT() REPRESENTATION_CONTEXT('2D SPACE',''
  ) );
#3346 = ORIENTED_EDGE('',*,*,#608,.T.);
#3347 = ORIENTED_EDGE('',*,*,#724,.F.);
#3348 = ORIENTED_EDGE('',*,*,#871,.T.);
#3349 = ORIENTED_EDGE('',*,*,#3303,.F.);
#3350 = ADVANCED_FACE('',(#3351),#130,.T.);
#3351 = FACE_BOUND('',#3352,.T.);
#3352 = EDGE_LOOP('',(#3353,#3354,#3355,#3356));
#3353 = ORIENTED_EDGE('',*,*,#113,.T.);
#3354 = ORIENTED_EDGE('',*,*,#3327,.T.);
#3355 = ORIENTED_EDGE('',*,*,#580,.T.);
#3356 = ORIENTED_EDGE('',*,*,#3357,.F.);
#3357 = EDGE_CURVE('',#86,#556,#3358,.T.);
#3358 = SURFACE_CURVE('',#3359,(#3363,#3369),.PCURVE_S1.);
#3359 = LINE('',#3360,#3361);
#3360 = CARTESIAN_POINT('',(-18.9882832294,6.5,-2.));
#3361 = VECTOR('',#3362,1.);
#3362 = DIRECTION('',(0.,0.,1.));
#3363 = PCURVE('',#130,#3364);
#3364 = DEFINITIONAL_REPRESENTATION('',(#3365),#3368);
#3365 = B_SPLINE_CURVE_WITH_KNOTS('',1,(#3366,#3367),.UNSPECIFIED.,.F.,
  .F.,(2,2),(0.68,4.52),.PIECEWISE_BEZIER_KNOTS.);
#3366 = CARTESIAN_POINT('',(2.81177927884,0.68));
#3367 = CARTESIAN_POINT('',(2.81177927884,4.52));
#3368 = ( GEOMETRIC_REPRESENTATION_CONTEXT(2) 
PARAMETRIC_REPRESENTATION_CONTEXT() REPRESENTATION_CONTEXT('2D SPACE',''
  ) );
#3369 = PCURVE('',#101,#3370);
#3370 = DEFINITIONAL_REPRESENTATION('',(#3371),#3375);
#3371 = LINE('',#3372,#3373);
#3372 = CARTESIAN_POINT('',(-1.,-3.018283229402));
#3373 = VECTOR('',#3374,1.);
#3374 = DIRECTION('',(1.,0.));
#3375 = ( GEOMETRIC_REPRESENTATION_CONTEXT(2) 
PARAMETRIC_REPRESENTATION_CONTEXT() REPRESENTATION_CONTEXT('2D SPACE',''
  ) );
#3376 = ADVANCED_FACE('',(#3377),#101,.T.);
#3377 = FACE_BOUND('',#3378,.T.);
#3378 = EDGE_LOOP('',(#3379,#3398,#3399,#3400,#3401,#3402));
#3379 = ORIENTED_EDGE('',*,*,#3380,.F.);
#3380 = EDGE_CURVE('',#57,#826,#3381,.T.);
#3381 = SURFACE_CURVE('',#3382,(#3386,#3392),.PCURVE_S1.);
#3382 = LINE('',#3383,#3384);
#3383 = CARTESIAN_POINT('',(-14.58735411238,6.5,-1.));
#3384 = VECTOR('',#3385,1.);
#3385 = DIRECTION('',(0.,0.,1.));
#3386 = PCURVE('',#101,#3387);
#3387 = DEFINITIONAL_REPRESENTATION('',(#3388),#3391);
#3388 = B_SPLINE_CURVE_WITH_KNOTS('',1,(#3389,#3390),.UNSPECIFIED.,.F.,
  .F.,(2,2),(-2.400000000069E-06,1.2000024),.PIECEWISE_BEZIER_KNOTS.);
#3389 = CARTESIAN_POINT('',(-2.400000000069E-06,1.382645887619));
#3390 = CARTESIAN_POINT('',(1.2000024,1.382645887619));
#3391 = ( GEOMETRIC_REPRESENTATION_CONTEXT(2) 
PARAMETRIC_REPRESENTATION_CONTEXT() REPRESENTATION_CONTEXT('2D SPACE',''
  ) );
#3392 = PCURVE('',#73,#3393);
#3393 = DEFINITIONAL_REPRESENTATION('',(#3394),#3397);
#3394 = B_SPLINE_CURVE_WITH_KNOTS('',1,(#3395,#3396),.UNSPECIFIED.,.F.,
  .F.,(2,2),(-2.400000000069E-06,1.2000024),.PIECEWISE_BEZIER_KNOTS.);
#3395 = CARTESIAN_POINT('',(2.722410938576,-2.400000000069E-06));
#3396 = CARTESIAN_POINT('',(2.722410938576,1.2000024));
#3397 = ( GEOMETRIC_REPRESENTATION_CONTEXT(2) 
PARAMETRIC_REPRESENTATION_CONTEXT() REPRESENTATION_CONTEXT('2D SPACE',''
  ) );
#3398 = ORIENTED_EDGE('',*,*,#85,.T.);
#3399 = ORIENTED_EDGE('',*,*,#3357,.T.);
#3400 = ORIENTED_EDGE('',*,*,#555,.T.);
#3401 = ORIENTED_EDGE('',*,*,#775,.F.);
#3402 = ORIENTED_EDGE('',*,*,#849,.T.);
#3403 = ADVANCED_FACE('',(#3404),#73,.T.);
#3404 = FACE_BOUND('',#3405,.T.);
#3405 = EDGE_LOOP('',(#3406,#3407,#3426,#3427));
#3406 = ORIENTED_EDGE('',*,*,#825,.F.);
#3407 = ORIENTED_EDGE('',*,*,#3408,.F.);
#3408 = EDGE_CURVE('',#24,#801,#3409,.T.);
#3409 = SURFACE_CURVE('',#3410,(#3414,#3420),.PCURVE_S1.);
#3410 = LINE('',#3411,#3412);
#3411 = CARTESIAN_POINT('',(14.587354112381,6.5,-1.));
#3412 = VECTOR('',#3413,1.);
#3413 = DIRECTION('',(0.,0.,1.));
#3414 = PCURVE('',#73,#3415);
#3415 = DEFINITIONAL_REPRESENTATION('',(#3416),#3419);
#3416 = B_SPLINE_CURVE_WITH_KNOTS('',1,(#3417,#3418),.UNSPECIFIED.,.F.,
  .F.,(2,2),(-2.400000000069E-06,1.2000024),.PIECEWISE_BEZIER_KNOTS.);
#3417 = CARTESIAN_POINT('',(0.419181715014,-2.400000000069E-06));
#3418 = CARTESIAN_POINT('',(0.419181715014,1.2000024));
#3419 = ( GEOMETRIC_REPRESENTATION_CONTEXT(2) 
PARAMETRIC_REPRESENTATION_CONTEXT() REPRESENTATION_CONTEXT('2D SPACE',''
  ) );
#3420 = PCURVE('',#44,#3421);
#3421 = DEFINITIONAL_REPRESENTATION('',(#3422),#3425);
#3422 = B_SPLINE_CURVE_WITH_KNOTS('',1,(#3423,#3424),.UNSPECIFIED.,.F.,
  .F.,(2,2),(-2.400000000069E-06,1.2000024),.PIECEWISE_BEZIER_KNOTS.);
#3423 = CARTESIAN_POINT('',(-2.400000000069E-06,1.787354112381));
#3424 = CARTESIAN_POINT('',(1.2000024,1.787354112381));
#3425 = ( GEOMETRIC_REPRESENTATION_CONTEXT(2) 
PARAMETRIC_REPRESENTATION_CONTEXT() REPRESENTATION_CONTEXT('2D SPACE',''
  ) );
#3426 = ORIENTED_EDGE('',*,*,#56,.T.);
#3427 = ORIENTED_EDGE('',*,*,#3380,.T.);
#3428 = ADVANCED_FACE('',(#3429),#44,.T.);
#3429 = FACE_BOUND('',#3430,.T.);
#3430 = EDGE_LOOP('',(#3431,#3432,#3433,#3434,#3435,#3436));
#3431 = ORIENTED_EDGE('',*,*,#3408,.T.);
#3432 = ORIENTED_EDGE('',*,*,#800,.T.);
#3433 = ORIENTED_EDGE('',*,*,#2850,.T.);
#3434 = ORIENTED_EDGE('',*,*,#2902,.T.);
#3435 = ORIENTED_EDGE('',*,*,#3230,.F.);
#3436 = ORIENTED_EDGE('',*,*,#21,.T.);
#3437 = ( GEOMETRIC_REPRESENTATION_CONTEXT(3) 
GLOBAL_UNCERTAINTY_ASSIGNED_CONTEXT((#3441)) 
GLOBAL_UNIT_ASSIGNED_CONTEXT((#3438,#3439,#3440)) REPRESENTATION_CONTEXT
('Context #1','3D Context with UNIT and UNCERTAINTY') );
#3438 = ( LENGTH_UNIT() NAMED_UNIT(*) SI_UNIT(.MILLI.,.METRE.) );
#3439 = ( NAMED_UNIT(*) PLANE_ANGLE_UNIT() SI_UNIT($,.RADIAN.) );
#3440 = ( NAMED_UNIT(*) SI_UNIT($,.STERADIAN.) SOLID_ANGLE_UNIT() );
#3441 = UNCERTAINTY_MEASURE_WITH_UNIT(LENGTH_MEASURE(1.E-06),#3438,
  'distance_accuracy_value','confusion accuracy');
#3442 = PRODUCT_RELATED_PRODUCT_CATEGORY('part',$,(#7));
ENDSEC;
END-ISO-10303-21;
