ISO-10303-21;
HEADER;
FILE_DESCRIPTION(('Open CASCADE Model'),'2;1');
FILE_NAME('Open CASCADE Shape Model','2026-09-25T09:18:18',('Author'),(
    'Open CASCADE'),'Open CASCADE STEP processor 8.0','build123d',
  'Unknown');
FILE_SCHEMA(('AUTOMOTIVE_DESIGN { 1 0 10303 214 1 1 1 1 }'));
ENDSEC;
DATA;
#1 = APPLICATION_PROTOCOL_DEFINITION('international standard',
  'automotive_design',2000,#2);
#2 = APPLICATION_CONTEXT(
  'core data for automotive mechanical design processes');
#3 = SHAPE_DEFINITION_REPRESENTATION(#4,#10);
#4 = PRODUCT_DEFINITION_SHAPE('','',#5);
#5 = PRODUCT_DEFINITION('design','',#6,#9);
#6 = PRODUCT_DEFINITION_FORMATION('','',#7);
#7 = PRODUCT('COMPOUND','COMPOUND','',(#8));
#8 = PRODUCT_CONTEXT('',#2,'mechanical');
#9 = PRODUCT_DEFINITION_CONTEXT('part definition',#2,'design');
#10 = ADVANCED_BREP_SHAPE_REPRESENTATION('',(#11,#15),#4113);
#11 = AXIS2_PLACEMENT_3D('',#12,#13,#14);
#12 = CARTESIAN_POINT('',(0.,0.,0.));
#13 = DIRECTION('',(0.,0.,1.));
#14 = DIRECTION('',(1.,0.,-0.));
#15 = MANIFOLD_SOLID_BREP('',#16);
#16 = CLOSED_SHELL('',(#17,#477,#551,#720,#796,#1011,#1622,#1734,#1807,
    #1887,#1912,#1938,#1945,#2057,#2130,#2210,#2235,#2261,#2268,#2351,
    #2433,#2533,#2559,#2614,#2649,#2704,#2739,#2794,#2798,#2824,#2832,
    #2908,#3066,#3139,#3342,#3397,#3587,#3630,#3673,#3716,#3743,#3770,
    #3777,#3824,#3851,#3878,#3885,#3930,#3961,#3986,#4018,#4044,#4075,
    #4100));
#17 = ADVANCED_FACE('',(#18,#257,#367),#32,.F.);
#18 = FACE_BOUND('',#19,.F.);
#19 = EDGE_LOOP('',(#20,#55,#84,#112,#141,#169,#198,#226));
#20 = ORIENTED_EDGE('',*,*,#21,.T.);
#21 = EDGE_CURVE('',#22,#24,#26,.T.);
#22 = VERTEX_POINT('',#23);
#23 = CARTESIAN_POINT('',(18.988283229402,6.5,-1.));
#24 = VERTEX_POINT('',#25);
#25 = CARTESIAN_POINT('',(14.587354112381,6.5,-1.));
#26 = SURFACE_CURVE('',#27,(#31,#43),.PCURVE_S1.);
#27 = LINE('',#28,#29);
#28 = CARTESIAN_POINT('',(18.988283229402,6.5,-1.));
#29 = VECTOR('',#30,1.);
#30 = DIRECTION('',(-1.,0.,0.));
#31 = PCURVE('',#32,#37);
#32 = PLANE('',#33);
#33 = AXIS2_PLACEMENT_3D('',#34,#35,#36);
#34 = CARTESIAN_POINT('',(0.,0.,-1.));
#35 = DIRECTION('',(0.,0.,1.));
#36 = DIRECTION('',(1.,0.,-0.));
#37 = DEFINITIONAL_REPRESENTATION('',(#38),#42);
#38 = LINE('',#39,#40);
#39 = CARTESIAN_POINT('',(18.988283229402,6.5));
#40 = VECTOR('',#41,1.);
#41 = DIRECTION('',(-1.,0.));
#42 = ( GEOMETRIC_REPRESENTATION_CONTEXT(2) 
PARAMETRIC_REPRESENTATION_CONTEXT() REPRESENTATION_CONTEXT('2D SPACE',''
  ) );
#43 = PCURVE('',#44,#49);
#44 = PLANE('',#45);
#45 = AXIS2_PLACEMENT_3D('',#46,#47,#48);
#46 = CARTESIAN_POINT('',(12.8,6.5,-1.));
#47 = DIRECTION('',(-0.,1.,0.));
#48 = DIRECTION('',(0.,0.,1.));
#49 = DEFINITIONAL_REPRESENTATION('',(#50),#54);
#50 = LINE('',#51,#52);
#51 = CARTESIAN_POINT('',(0.,6.188283229402));
#52 = VECTOR('',#53,1.);
#53 = DIRECTION('',(0.,-1.));
#54 = ( GEOMETRIC_REPRESENTATION_CONTEXT(2) 
PARAMETRIC_REPRESENTATION_CONTEXT() REPRESENTATION_CONTEXT('2D SPACE',''
  ) );
#55 = ORIENTED_EDGE('',*,*,#56,.T.);
#56 = EDGE_CURVE('',#24,#57,#59,.T.);
#57 = VERTEX_POINT('',#58);
#58 = CARTESIAN_POINT('',(-14.58735411238,6.5,-1.));
#59 = SURFACE_CURVE('',#60,(#65,#72),.PCURVE_S1.);
#60 = CIRCLE('',#61,15.97);
#61 = AXIS2_PLACEMENT_3D('',#62,#63,#64);
#62 = CARTESIAN_POINT('',(0.,0.,-1.));
#63 = DIRECTION('',(0.,0.,1.));
#64 = DIRECTION('',(1.,0.,-0.));
#65 = PCURVE('',#32,#66);
#66 = DEFINITIONAL_REPRESENTATION('',(#67),#71);
#67 = CIRCLE('',#68,15.97);
#68 = AXIS2_PLACEMENT_2D('',#69,#70);
#69 = CARTESIAN_POINT('',(0.,0.));
#70 = DIRECTION('',(1.,0.));
#71 = ( GEOMETRIC_REPRESENTATION_CONTEXT(2) 
PARAMETRIC_REPRESENTATION_CONTEXT() REPRESENTATION_CONTEXT('2D SPACE',''
  ) );
#72 = PCURVE('',#73,#78);
#73 = CYLINDRICAL_SURFACE('',#74,15.97);
#74 = AXIS2_PLACEMENT_3D('',#75,#76,#77);
#75 = CARTESIAN_POINT('',(0.,0.,-1.));
#76 = DIRECTION('',(0.,0.,1.));
#77 = DIRECTION('',(1.,0.,-0.));
#78 = DEFINITIONAL_REPRESENTATION('',(#79),#83);
#79 = LINE('',#80,#81);
#80 = CARTESIAN_POINT('',(0.,0.));
#81 = VECTOR('',#82,1.);
#82 = DIRECTION('',(1.,0.));
#83 = ( GEOMETRIC_REPRESENTATION_CONTEXT(2) 
PARAMETRIC_REPRESENTATION_CONTEXT() REPRESENTATION_CONTEXT('2D SPACE',''
  ) );
#84 = ORIENTED_EDGE('',*,*,#85,.T.);
#85 = EDGE_CURVE('',#57,#86,#88,.T.);
#86 = VERTEX_POINT('',#87);
#87 = CARTESIAN_POINT('',(-18.9882832294,6.5,-1.));
#88 = SURFACE_CURVE('',#89,(#93,#100),.PCURVE_S1.);
#89 = LINE('',#90,#91);
#90 = CARTESIAN_POINT('',(-12.8,6.5,-1.));
#91 = VECTOR('',#92,1.);
#92 = DIRECTION('',(-1.,0.,0.));
#93 = PCURVE('',#32,#94);
#94 = DEFINITIONAL_REPRESENTATION('',(#95),#99);
#95 = LINE('',#96,#97);
#96 = CARTESIAN_POINT('',(-12.8,6.5));
#97 = VECTOR('',#98,1.);
#98 = DIRECTION('',(-1.,0.));
#99 = ( GEOMETRIC_REPRESENTATION_CONTEXT(2) 
PARAMETRIC_REPRESENTATION_CONTEXT() REPRESENTATION_CONTEXT('2D SPACE',''
  ) );
#100 = PCURVE('',#101,#106);
#101 = PLANE('',#102);
#102 = AXIS2_PLACEMENT_3D('',#103,#104,#105);
#103 = CARTESIAN_POINT('',(-15.97,6.5,-1.));
#104 = DIRECTION('',(-0.,1.,0.));
#105 = DIRECTION('',(0.,0.,1.));
#106 = DEFINITIONAL_REPRESENTATION('',(#107),#111);
#107 = LINE('',#108,#109);
#108 = CARTESIAN_POINT('',(0.,3.17));
#109 = VECTOR('',#110,1.);
#110 = DIRECTION('',(0.,-1.));
#111 = ( GEOMETRIC_REPRESENTATION_CONTEXT(2) 
PARAMETRIC_REPRESENTATION_CONTEXT() REPRESENTATION_CONTEXT('2D SPACE',''
  ) );
#112 = ORIENTED_EDGE('',*,*,#113,.T.);
#113 = EDGE_CURVE('',#86,#114,#116,.T.);
#114 = VERTEX_POINT('',#115);
#115 = CARTESIAN_POINT('',(-18.9882832294,-6.5,-1.));
#116 = SURFACE_CURVE('',#117,(#122,#129),.PCURVE_S1.);
#117 = CIRCLE('',#118,20.07);
#118 = AXIS2_PLACEMENT_3D('',#119,#120,#121);
#119 = CARTESIAN_POINT('',(0.,0.,-1.));
#120 = DIRECTION('',(0.,0.,1.));
#121 = DIRECTION('',(-0.946102801664,0.323866467364,0.));
#122 = PCURVE('',#32,#123);
#123 = DEFINITIONAL_REPRESENTATION('',(#124),#128);
#124 = CIRCLE('',#125,20.07);
#125 = AXIS2_PLACEMENT_2D('',#126,#127);
#126 = CARTESIAN_POINT('',(0.,0.));
#127 = DIRECTION('',(-0.946102801664,0.323866467364));
#128 = ( GEOMETRIC_REPRESENTATION_CONTEXT(2) 
PARAMETRIC_REPRESENTATION_CONTEXT() REPRESENTATION_CONTEXT('2D SPACE',''
  ) );
#129 = PCURVE('',#130,#135);
#130 = CYLINDRICAL_SURFACE('',#131,20.07);
#131 = AXIS2_PLACEMENT_3D('',#132,#133,#134);
#132 = CARTESIAN_POINT('',(0.,0.,-2.));
#133 = DIRECTION('',(0.,0.,1.));
#134 = DIRECTION('',(1.,0.,-0.));
#135 = DEFINITIONAL_REPRESENTATION('',(#136),#140);
#136 = LINE('',#137,#138);
#137 = CARTESIAN_POINT('',(2.81177927884,1.));
#138 = VECTOR('',#139,1.);
#139 = DIRECTION('',(1.,0.));
#140 = ( GEOMETRIC_REPRESENTATION_CONTEXT(2) 
PARAMETRIC_REPRESENTATION_CONTEXT() REPRESENTATION_CONTEXT('2D SPACE',''
  ) );
#141 = ORIENTED_EDGE('',*,*,#142,.T.);
#142 = EDGE_CURVE('',#114,#143,#145,.T.);
#143 = VERTEX_POINT('',#144);
#144 = CARTESIAN_POINT('',(-14.58735411238,-6.5,-1.));
#145 = SURFACE_CURVE('',#146,(#150,#157),.PCURVE_S1.);
#146 = LINE('',#147,#148);
#147 = CARTESIAN_POINT('',(-18.9882832294,-6.5,-1.));
#148 = VECTOR('',#149,1.);
#149 = DIRECTION('',(1.,0.,0.));
#150 = PCURVE('',#32,#151);
#151 = DEFINITIONAL_REPRESENTATION('',(#152),#156);
#152 = LINE('',#153,#154);
#153 = CARTESIAN_POINT('',(-18.9882832294,-6.5));
#154 = VECTOR('',#155,1.);
#155 = DIRECTION('',(1.,0.));
#156 = ( GEOMETRIC_REPRESENTATION_CONTEXT(2) 
PARAMETRIC_REPRESENTATION_CONTEXT() REPRESENTATION_CONTEXT('2D SPACE',''
  ) );
#157 = PCURVE('',#158,#163);
#158 = PLANE('',#159);
#159 = AXIS2_PLACEMENT_3D('',#160,#161,#162);
#160 = CARTESIAN_POINT('',(-15.97,-6.5,-1.));
#161 = DIRECTION('',(-0.,1.,0.));
#162 = DIRECTION('',(0.,0.,1.));
#163 = DEFINITIONAL_REPRESENTATION('',(#164),#168);
#164 = LINE('',#165,#166);
#165 = CARTESIAN_POINT('',(0.,-3.018283229402));
#166 = VECTOR('',#167,1.);
#167 = DIRECTION('',(0.,1.));
#168 = ( GEOMETRIC_REPRESENTATION_CONTEXT(2) 
PARAMETRIC_REPRESENTATION_CONTEXT() REPRESENTATION_CONTEXT('2D SPACE',''
  ) );
#169 = ORIENTED_EDGE('',*,*,#170,.T.);
#170 = EDGE_CURVE('',#143,#171,#173,.T.);
#171 = VERTEX_POINT('',#172);
#172 = CARTESIAN_POINT('',(14.587354112381,-6.5,-1.));
#173 = SURFACE_CURVE('',#174,(#179,#186),.PCURVE_S1.);
#174 = CIRCLE('',#175,15.97);
#175 = AXIS2_PLACEMENT_3D('',#176,#177,#178);
#176 = CARTESIAN_POINT('',(0.,0.,-1.));
#177 = DIRECTION('',(0.,0.,1.));
#178 = DIRECTION('',(1.,0.,-0.));
#179 = PCURVE('',#32,#180);
#180 = DEFINITIONAL_REPRESENTATION('',(#181),#185);
#181 = CIRCLE('',#182,15.97);
#182 = AXIS2_PLACEMENT_2D('',#183,#184);
#183 = CARTESIAN_POINT('',(0.,0.));
#184 = DIRECTION('',(1.,0.));
#185 = ( GEOMETRIC_REPRESENTATION_CONTEXT(2) 
PARAMETRIC_REPRESENTATION_CONTEXT() REPRESENTATION_CONTEXT('2D SPACE',''
  ) );
#186 = PCURVE('',#187,#192);
#187 = CYLINDRICAL_SURFACE('',#188,15.97);
#188 = AXIS2_PLACEMENT_3D('',#189,#190,#191);
#189 = CARTESIAN_POINT('',(0.,0.,-1.));
#190 = DIRECTION('',(0.,0.,1.));
#191 = DIRECTION('',(1.,0.,-0.));
#192 = DEFINITIONAL_REPRESENTATION('',(#193),#197);
#193 = LINE('',#194,#195);
#194 = CARTESIAN_POINT('',(0.,0.));
#195 = VECTOR('',#196,1.);
#196 = DIRECTION('',(1.,0.));
#197 = ( GEOMETRIC_REPRESENTATION_CONTEXT(2) 
PARAMETRIC_REPRESENTATION_CONTEXT() REPRESENTATION_CONTEXT('2D SPACE',''
  ) );
#198 = ORIENTED_EDGE('',*,*,#199,.T.);
#199 = EDGE_CURVE('',#171,#200,#202,.T.);
#200 = VERTEX_POINT('',#201);
#201 = CARTESIAN_POINT('',(18.988283229402,-6.5,-1.));
#202 = SURFACE_CURVE('',#203,(#207,#214),.PCURVE_S1.);
#203 = LINE('',#204,#205);
#204 = CARTESIAN_POINT('',(12.8,-6.5,-1.));
#205 = VECTOR('',#206,1.);
#206 = DIRECTION('',(1.,0.,0.));
#207 = PCURVE('',#32,#208);
#208 = DEFINITIONAL_REPRESENTATION('',(#209),#213);
#209 = LINE('',#210,#211);
#210 = CARTESIAN_POINT('',(12.8,-6.5));
#211 = VECTOR('',#212,1.);
#212 = DIRECTION('',(1.,0.));
#213 = ( GEOMETRIC_REPRESENTATION_CONTEXT(2) 
PARAMETRIC_REPRESENTATION_CONTEXT() REPRESENTATION_CONTEXT('2D SPACE',''
  ) );
#214 = PCURVE('',#215,#220);
#215 = PLANE('',#216);
#216 = AXIS2_PLACEMENT_3D('',#217,#218,#219);
#217 = CARTESIAN_POINT('',(12.8,-6.5,-1.));
#218 = DIRECTION('',(-0.,1.,0.));
#219 = DIRECTION('',(0.,0.,1.));
#220 = DEFINITIONAL_REPRESENTATION('',(#221),#225);
#221 = LINE('',#222,#223);
#222 = CARTESIAN_POINT('',(0.,0.));
#223 = VECTOR('',#224,1.);
#224 = DIRECTION('',(0.,1.));
#225 = ( GEOMETRIC_REPRESENTATION_CONTEXT(2) 
PARAMETRIC_REPRESENTATION_CONTEXT() REPRESENTATION_CONTEXT('2D SPACE',''
  ) );
#226 = ORIENTED_EDGE('',*,*,#227,.F.);
#227 = EDGE_CURVE('',#22,#200,#228,.T.);
#228 = SURFACE_CURVE('',#229,(#234,#245),.PCURVE_S1.);
#229 = CIRCLE('',#230,20.07);
#230 = AXIS2_PLACEMENT_3D('',#231,#232,#233);
#231 = CARTESIAN_POINT('',(0.,0.,-1.));
#232 = DIRECTION('',(0.,0.,-1.));
#233 = DIRECTION('',(0.946102801664,0.323866467364,0.));
#234 = PCURVE('',#32,#235);
#235 = DEFINITIONAL_REPRESENTATION('',(#236),#244);
#236 = ( BOUNDED_CURVE() B_SPLINE_CURVE(2,(#237,#238,#239,#240,#241,#242
,#243),.UNSPECIFIED.,.T.,.F.) B_SPLINE_CURVE_WITH_KNOTS((1,2,2,2,2,1),(
    -2.094395102393,0.,2.094395102393,4.188790204786,6.28318530718,
8.377580409573),.UNSPECIFIED.) CURVE() GEOMETRIC_REPRESENTATION_ITEM() 
RATIONAL_B_SPLINE_CURVE((1.,0.5,1.,0.5,1.,0.5,1.)) REPRESENTATION_ITEM(
  '') );
#237 = CARTESIAN_POINT('',(18.988283229402,6.5));
#238 = CARTESIAN_POINT('',(30.2466134786,-26.38867130183));
#239 = CARTESIAN_POINT('',(-3.864976490102,-19.69433565091));
#240 = CARTESIAN_POINT('',(-37.9765664588,-13.));
#241 = CARTESIAN_POINT('',(-15.1233067393,13.194335650916));
#242 = CARTESIAN_POINT('',(7.729952980205,39.388671301833));
#243 = CARTESIAN_POINT('',(18.988283229402,6.5));
#244 = ( GEOMETRIC_REPRESENTATION_CONTEXT(2) 
PARAMETRIC_REPRESENTATION_CONTEXT() REPRESENTATION_CONTEXT('2D SPACE',''
  ) );
#245 = PCURVE('',#246,#251);
#246 = CYLINDRICAL_SURFACE('',#247,20.07);
#247 = AXIS2_PLACEMENT_3D('',#248,#249,#250);
#248 = CARTESIAN_POINT('',(0.,0.,-2.));
#249 = DIRECTION('',(0.,0.,1.));
#250 = DIRECTION('',(1.,0.,-0.));
#251 = DEFINITIONAL_REPRESENTATION('',(#252),#256);
#252 = LINE('',#253,#254);
#253 = CARTESIAN_POINT('',(6.61299868193,1.));
#254 = VECTOR('',#255,1.);
#255 = DIRECTION('',(-1.,-0.));
#256 = ( GEOMETRIC_REPRESENTATION_CONTEXT(2) 
PARAMETRIC_REPRESENTATION_CONTEXT() REPRESENTATION_CONTEXT('2D SPACE',''
  ) );
#257 = FACE_BOUND('',#258,.F.);
#258 = EDGE_LOOP('',(#259,#288,#315,#342));
#259 = ORIENTED_EDGE('',*,*,#260,.F.);
#260 = EDGE_CURVE('',#261,#263,#265,.T.);
#261 = VERTEX_POINT('',#262);
#262 = CARTESIAN_POINT('',(18.57,4.4,-1.));
#263 = VERTEX_POINT('',#264);
#264 = CARTESIAN_POINT('',(16.77,4.4,-1.));
#265 = SURFACE_CURVE('',#266,(#270,#277),.PCURVE_S1.);
#266 = LINE('',#267,#268);
#267 = CARTESIAN_POINT('',(14.785,4.4,-1.));
#268 = VECTOR('',#269,1.);
#269 = DIRECTION('',(-1.,-0.,0.));
#270 = PCURVE('',#32,#271);
#271 = DEFINITIONAL_REPRESENTATION('',(#272),#276);
#272 = LINE('',#273,#274);
#273 = CARTESIAN_POINT('',(14.785,4.4));
#274 = VECTOR('',#275,1.);
#275 = DIRECTION('',(-1.,0.));
#276 = ( GEOMETRIC_REPRESENTATION_CONTEXT(2) 
PARAMETRIC_REPRESENTATION_CONTEXT() REPRESENTATION_CONTEXT('2D SPACE',''
  ) );
#277 = PCURVE('',#278,#283);
#278 = PLANE('',#279);
#279 = AXIS2_PLACEMENT_3D('',#280,#281,#282);
#280 = CARTESIAN_POINT('',(16.77,4.4,-2.));
#281 = DIRECTION('',(-0.,1.,0.));
#282 = DIRECTION('',(0.,0.,1.));
#283 = DEFINITIONAL_REPRESENTATION('',(#284),#287);
#284 = B_SPLINE_CURVE_WITH_KNOTS('',1,(#285,#286),.UNSPECIFIED.,.F.,.F.,
  (2,2),(-3.785,-1.985),.PIECEWISE_BEZIER_KNOTS.);
#285 = CARTESIAN_POINT('',(1.,1.8));
#286 = CARTESIAN_POINT('',(1.,0.));
#287 = ( GEOMETRIC_REPRESENTATION_CONTEXT(2) 
PARAMETRIC_REPRESENTATION_CONTEXT() REPRESENTATION_CONTEXT('2D SPACE',''
  ) );
#288 = ORIENTED_EDGE('',*,*,#289,.F.);
#289 = EDGE_CURVE('',#290,#261,#292,.T.);
#290 = VERTEX_POINT('',#291);
#291 = CARTESIAN_POINT('',(18.57,-4.4,-1.));
#292 = SURFACE_CURVE('',#293,(#297,#304),.PCURVE_S1.);
#293 = LINE('',#294,#295);
#294 = CARTESIAN_POINT('',(18.57,-5.45,-1.));
#295 = VECTOR('',#296,1.);
#296 = DIRECTION('',(-0.,1.,0.));
#297 = PCURVE('',#32,#298);
#298 = DEFINITIONAL_REPRESENTATION('',(#299),#303);
#299 = LINE('',#300,#301);
#300 = CARTESIAN_POINT('',(18.57,-5.45));
#301 = VECTOR('',#302,1.);
#302 = DIRECTION('',(0.,1.));
#303 = ( GEOMETRIC_REPRESENTATION_CONTEXT(2) 
PARAMETRIC_REPRESENTATION_CONTEXT() REPRESENTATION_CONTEXT('2D SPACE',''
  ) );
#304 = PCURVE('',#305,#310);
#305 = PLANE('',#306);
#306 = AXIS2_PLACEMENT_3D('',#307,#308,#309);
#307 = CARTESIAN_POINT('',(18.57,-4.4,-2.));
#308 = DIRECTION('',(1.,0.,-0.));
#309 = DIRECTION('',(0.,0.,1.));
#310 = DEFINITIONAL_REPRESENTATION('',(#311),#314);
#311 = B_SPLINE_CURVE_WITH_KNOTS('',1,(#312,#313),.UNSPECIFIED.,.F.,.F.,
  (2,2),(1.05,9.85),.PIECEWISE_BEZIER_KNOTS.);
#312 = CARTESIAN_POINT('',(1.,0.));
#313 = CARTESIAN_POINT('',(1.,-8.8));
#314 = ( GEOMETRIC_REPRESENTATION_CONTEXT(2) 
PARAMETRIC_REPRESENTATION_CONTEXT() REPRESENTATION_CONTEXT('2D SPACE',''
  ) );
#315 = ORIENTED_EDGE('',*,*,#316,.T.);
#316 = EDGE_CURVE('',#290,#317,#319,.T.);
#317 = VERTEX_POINT('',#318);
#318 = CARTESIAN_POINT('',(16.77,-4.4,-1.));
#319 = SURFACE_CURVE('',#320,(#324,#331),.PCURVE_S1.);
#320 = LINE('',#321,#322);
#321 = CARTESIAN_POINT('',(14.785,-4.4,-1.));
#322 = VECTOR('',#323,1.);
#323 = DIRECTION('',(-1.,-0.,0.));
#324 = PCURVE('',#32,#325);
#325 = DEFINITIONAL_REPRESENTATION('',(#326),#330);
#326 = LINE('',#327,#328);
#327 = CARTESIAN_POINT('',(14.785,-4.4));
#328 = VECTOR('',#329,1.);
#329 = DIRECTION('',(-1.,0.));
#330 = ( GEOMETRIC_REPRESENTATION_CONTEXT(2) 
PARAMETRIC_REPRESENTATION_CONTEXT() REPRESENTATION_CONTEXT('2D SPACE',''
  ) );
#331 = PCURVE('',#332,#337);
#332 = PLANE('',#333);
#333 = AXIS2_PLACEMENT_3D('',#334,#335,#336);
#334 = CARTESIAN_POINT('',(16.77,-4.4,-2.));
#335 = DIRECTION('',(-0.,1.,0.));
#336 = DIRECTION('',(0.,0.,1.));
#337 = DEFINITIONAL_REPRESENTATION('',(#338),#341);
#338 = B_SPLINE_CURVE_WITH_KNOTS('',1,(#339,#340),.UNSPECIFIED.,.F.,.F.,
  (2,2),(-3.785,-1.985),.PIECEWISE_BEZIER_KNOTS.);
#339 = CARTESIAN_POINT('',(1.,1.8));
#340 = CARTESIAN_POINT('',(1.,0.));
#341 = ( GEOMETRIC_REPRESENTATION_CONTEXT(2) 
PARAMETRIC_REPRESENTATION_CONTEXT() REPRESENTATION_CONTEXT('2D SPACE',''
  ) );
#342 = ORIENTED_EDGE('',*,*,#343,.T.);
#343 = EDGE_CURVE('',#317,#263,#344,.T.);
#344 = SURFACE_CURVE('',#345,(#349,#356),.PCURVE_S1.);
#345 = LINE('',#346,#347);
#346 = CARTESIAN_POINT('',(16.77,-5.45,-1.));
#347 = VECTOR('',#348,1.);
#348 = DIRECTION('',(-0.,1.,0.));
#349 = PCURVE('',#32,#350);
#350 = DEFINITIONAL_REPRESENTATION('',(#351),#355);
#351 = LINE('',#352,#353);
#352 = CARTESIAN_POINT('',(16.77,-5.45));
#353 = VECTOR('',#354,1.);
#354 = DIRECTION('',(0.,1.));
#355 = ( GEOMETRIC_REPRESENTATION_CONTEXT(2) 
PARAMETRIC_REPRESENTATION_CONTEXT() REPRESENTATION_CONTEXT('2D SPACE',''
  ) );
#356 = PCURVE('',#357,#362);
#357 = PLANE('',#358);
#358 = AXIS2_PLACEMENT_3D('',#359,#360,#361);
#359 = CARTESIAN_POINT('',(16.77,-4.4,-2.));
#360 = DIRECTION('',(1.,0.,-0.));
#361 = DIRECTION('',(0.,0.,1.));
#362 = DEFINITIONAL_REPRESENTATION('',(#363),#366);
#363 = B_SPLINE_CURVE_WITH_KNOTS('',1,(#364,#365),.UNSPECIFIED.,.F.,.F.,
  (2,2),(1.05,9.85),.PIECEWISE_BEZIER_KNOTS.);
#364 = CARTESIAN_POINT('',(1.,0.));
#365 = CARTESIAN_POINT('',(1.,-8.8));
#366 = ( GEOMETRIC_REPRESENTATION_CONTEXT(2) 
PARAMETRIC_REPRESENTATION_CONTEXT() REPRESENTATION_CONTEXT('2D SPACE',''
  ) );
#367 = FACE_BOUND('',#368,.F.);
#368 = EDGE_LOOP('',(#369,#398,#425,#452));
#369 = ORIENTED_EDGE('',*,*,#370,.F.);
#370 = EDGE_CURVE('',#371,#373,#375,.T.);
#371 = VERTEX_POINT('',#372);
#372 = CARTESIAN_POINT('',(-16.77,4.4,-1.));
#373 = VERTEX_POINT('',#374);
#374 = CARTESIAN_POINT('',(-18.57,4.4,-1.));
#375 = SURFACE_CURVE('',#376,(#380,#387),.PCURVE_S1.);
#376 = LINE('',#377,#378);
#377 = CARTESIAN_POINT('',(-17.27,4.4,-1.));
#378 = VECTOR('',#379,1.);
#379 = DIRECTION('',(-1.,-0.,0.));
#380 = PCURVE('',#32,#381);
#381 = DEFINITIONAL_REPRESENTATION('',(#382),#386);
#382 = LINE('',#383,#384);
#383 = CARTESIAN_POINT('',(-17.27,4.4));
#384 = VECTOR('',#385,1.);
#385 = DIRECTION('',(-1.,0.));
#386 = ( GEOMETRIC_REPRESENTATION_CONTEXT(2) 
PARAMETRIC_REPRESENTATION_CONTEXT() REPRESENTATION_CONTEXT('2D SPACE',''
  ) );
#387 = PCURVE('',#388,#393);
#388 = PLANE('',#389);
#389 = AXIS2_PLACEMENT_3D('',#390,#391,#392);
#390 = CARTESIAN_POINT('',(-18.57,4.4,-2.));
#391 = DIRECTION('',(-0.,1.,0.));
#392 = DIRECTION('',(0.,0.,1.));
#393 = DEFINITIONAL_REPRESENTATION('',(#394),#397);
#394 = B_SPLINE_CURVE_WITH_KNOTS('',1,(#395,#396),.UNSPECIFIED.,.F.,.F.,
  (2,2),(-0.5,1.3),.PIECEWISE_BEZIER_KNOTS.);
#395 = CARTESIAN_POINT('',(1.,1.8));
#396 = CARTESIAN_POINT('',(1.,0.));
#397 = ( GEOMETRIC_REPRESENTATION_CONTEXT(2) 
PARAMETRIC_REPRESENTATION_CONTEXT() REPRESENTATION_CONTEXT('2D SPACE',''
  ) );
#398 = ORIENTED_EDGE('',*,*,#399,.F.);
#399 = EDGE_CURVE('',#400,#371,#402,.T.);
#400 = VERTEX_POINT('',#401);
#401 = CARTESIAN_POINT('',(-16.77,-4.4,-1.));
#402 = SURFACE_CURVE('',#403,(#407,#414),.PCURVE_S1.);
#403 = LINE('',#404,#405);
#404 = CARTESIAN_POINT('',(-16.77,-5.45,-1.));
#405 = VECTOR('',#406,1.);
#406 = DIRECTION('',(-0.,1.,0.));
#407 = PCURVE('',#32,#408);
#408 = DEFINITIONAL_REPRESENTATION('',(#409),#413);
#409 = LINE('',#410,#411);
#410 = CARTESIAN_POINT('',(-16.77,-5.45));
#411 = VECTOR('',#412,1.);
#412 = DIRECTION('',(0.,1.));
#413 = ( GEOMETRIC_REPRESENTATION_CONTEXT(2) 
PARAMETRIC_REPRESENTATION_CONTEXT() REPRESENTATION_CONTEXT('2D SPACE',''
  ) );
#414 = PCURVE('',#415,#420);
#415 = PLANE('',#416);
#416 = AXIS2_PLACEMENT_3D('',#417,#418,#419);
#417 = CARTESIAN_POINT('',(-16.77,-4.4,-2.));
#418 = DIRECTION('',(1.,0.,-0.));
#419 = DIRECTION('',(0.,0.,1.));
#420 = DEFINITIONAL_REPRESENTATION('',(#421),#424);
#421 = B_SPLINE_CURVE_WITH_KNOTS('',1,(#422,#423),.UNSPECIFIED.,.F.,.F.,
  (2,2),(1.05,9.85),.PIECEWISE_BEZIER_KNOTS.);
#422 = CARTESIAN_POINT('',(1.,0.));
#423 = CARTESIAN_POINT('',(1.,-8.8));
#424 = ( GEOMETRIC_REPRESENTATION_CONTEXT(2) 
PARAMETRIC_REPRESENTATION_CONTEXT() REPRESENTATION_CONTEXT('2D SPACE',''
  ) );
#425 = ORIENTED_EDGE('',*,*,#426,.T.);
#426 = EDGE_CURVE('',#400,#427,#429,.T.);
#427 = VERTEX_POINT('',#428);
#428 = CARTESIAN_POINT('',(-18.57,-4.4,-1.));
#429 = SURFACE_CURVE('',#430,(#434,#441),.PCURVE_S1.);
#430 = LINE('',#431,#432);
#431 = CARTESIAN_POINT('',(-17.27,-4.4,-1.));
#432 = VECTOR('',#433,1.);
#433 = DIRECTION('',(-1.,-0.,0.));
#434 = PCURVE('',#32,#435);
#435 = DEFINITIONAL_REPRESENTATION('',(#436),#440);
#436 = LINE('',#437,#438);
#437 = CARTESIAN_POINT('',(-17.27,-4.4));
#438 = VECTOR('',#439,1.);
#439 = DIRECTION('',(-1.,0.));
#440 = ( GEOMETRIC_REPRESENTATION_CONTEXT(2) 
PARAMETRIC_REPRESENTATION_CONTEXT() REPRESENTATION_CONTEXT('2D SPACE',''
  ) );
#441 = PCURVE('',#442,#447);
#442 = PLANE('',#443);
#443 = AXIS2_PLACEMENT_3D('',#444,#445,#446);
#444 = CARTESIAN_POINT('',(-18.57,-4.4,-2.));
#445 = DIRECTION('',(-0.,1.,0.));
#446 = DIRECTION('',(0.,0.,1.));
#447 = DEFINITIONAL_REPRESENTATION('',(#448),#451);
#448 = B_SPLINE_CURVE_WITH_KNOTS('',1,(#449,#450),.UNSPECIFIED.,.F.,.F.,
  (2,2),(-0.5,1.3),.PIECEWISE_BEZIER_KNOTS.);
#449 = CARTESIAN_POINT('',(1.,1.8));
#450 = CARTESIAN_POINT('',(1.,0.));
#451 = ( GEOMETRIC_REPRESENTATION_CONTEXT(2) 
PARAMETRIC_REPRESENTATION_CONTEXT() REPRESENTATION_CONTEXT('2D SPACE',''
  ) );
#452 = ORIENTED_EDGE('',*,*,#453,.T.);
#453 = EDGE_CURVE('',#427,#373,#454,.T.);
#454 = SURFACE_CURVE('',#455,(#459,#466),.PCURVE_S1.);
#455 = LINE('',#456,#457);
#456 = CARTESIAN_POINT('',(-18.57,-5.45,-1.));
#457 = VECTOR('',#458,1.);
#458 = DIRECTION('',(-0.,1.,0.));
#459 = PCURVE('',#32,#460);
#460 = DEFINITIONAL_REPRESENTATION('',(#461),#465);
#461 = LINE('',#462,#463);
#462 = CARTESIAN_POINT('',(-18.57,-5.45));
#463 = VECTOR('',#464,1.);
#464 = DIRECTION('',(0.,1.));
#465 = ( GEOMETRIC_REPRESENTATION_CONTEXT(2) 
PARAMETRIC_REPRESENTATION_CONTEXT() REPRESENTATION_CONTEXT('2D SPACE',''
  ) );
#466 = PCURVE('',#467,#472);
#467 = PLANE('',#468);
#468 = AXIS2_PLACEMENT_3D('',#469,#470,#471);
#469 = CARTESIAN_POINT('',(-18.57,-4.4,-2.));
#470 = DIRECTION('',(1.,0.,-0.));
#471 = DIRECTION('',(0.,0.,1.));
#472 = DEFINITIONAL_REPRESENTATION('',(#473),#476);
#473 = B_SPLINE_CURVE_WITH_KNOTS('',1,(#474,#475),.UNSPECIFIED.,.F.,.F.,
  (2,2),(1.05,9.85),.PIECEWISE_BEZIER_KNOTS.);
#474 = CARTESIAN_POINT('',(1.,0.));
#475 = CARTESIAN_POINT('',(1.,-8.8));
#476 = ( GEOMETRIC_REPRESENTATION_CONTEXT(2) 
PARAMETRIC_REPRESENTATION_CONTEXT() REPRESENTATION_CONTEXT('2D SPACE',''
  ) );
#477 = ADVANCED_FACE('',(#478),#467,.T.);
#478 = FACE_BOUND('',#479,.T.);
#479 = EDGE_LOOP('',(#480,#503,#504,#527));
#480 = ORIENTED_EDGE('',*,*,#481,.F.);
#481 = EDGE_CURVE('',#427,#482,#484,.T.);
#482 = VERTEX_POINT('',#483);
#483 = CARTESIAN_POINT('',(-18.57,-4.4,2.2));
#484 = SURFACE_CURVE('',#485,(#489,#496),.PCURVE_S1.);
#485 = LINE('',#486,#487);
#486 = CARTESIAN_POINT('',(-18.57,-4.4,-2.));
#487 = VECTOR('',#488,1.);
#488 = DIRECTION('',(0.,0.,1.));
#489 = PCURVE('',#467,#490);
#490 = DEFINITIONAL_REPRESENTATION('',(#491),#495);
#491 = LINE('',#492,#493);
#492 = CARTESIAN_POINT('',(0.,0.));
#493 = VECTOR('',#494,1.);
#494 = DIRECTION('',(1.,0.));
#495 = ( GEOMETRIC_REPRESENTATION_CONTEXT(2) 
PARAMETRIC_REPRESENTATION_CONTEXT() REPRESENTATION_CONTEXT('2D SPACE',''
  ) );
#496 = PCURVE('',#442,#497);
#497 = DEFINITIONAL_REPRESENTATION('',(#498),#502);
#498 = LINE('',#499,#500);
#499 = CARTESIAN_POINT('',(0.,0.));
#500 = VECTOR('',#501,1.);
#501 = DIRECTION('',(1.,0.));
#502 = ( GEOMETRIC_REPRESENTATION_CONTEXT(2) 
PARAMETRIC_REPRESENTATION_CONTEXT() REPRESENTATION_CONTEXT('2D SPACE',''
  ) );
#503 = ORIENTED_EDGE('',*,*,#453,.T.);
#504 = ORIENTED_EDGE('',*,*,#505,.T.);
#505 = EDGE_CURVE('',#373,#506,#508,.T.);
#506 = VERTEX_POINT('',#507);
#507 = CARTESIAN_POINT('',(-18.57,4.4,2.2));
#508 = SURFACE_CURVE('',#509,(#513,#520),.PCURVE_S1.);
#509 = LINE('',#510,#511);
#510 = CARTESIAN_POINT('',(-18.57,4.4,-2.));
#511 = VECTOR('',#512,1.);
#512 = DIRECTION('',(0.,0.,1.));
#513 = PCURVE('',#467,#514);
#514 = DEFINITIONAL_REPRESENTATION('',(#515),#519);
#515 = LINE('',#516,#517);
#516 = CARTESIAN_POINT('',(0.,-8.8));
#517 = VECTOR('',#518,1.);
#518 = DIRECTION('',(1.,0.));
#519 = ( GEOMETRIC_REPRESENTATION_CONTEXT(2) 
PARAMETRIC_REPRESENTATION_CONTEXT() REPRESENTATION_CONTEXT('2D SPACE',''
  ) );
#520 = PCURVE('',#388,#521);
#521 = DEFINITIONAL_REPRESENTATION('',(#522),#526);
#522 = LINE('',#523,#524);
#523 = CARTESIAN_POINT('',(0.,0.));
#524 = VECTOR('',#525,1.);
#525 = DIRECTION('',(1.,0.));
#526 = ( GEOMETRIC_REPRESENTATION_CONTEXT(2) 
PARAMETRIC_REPRESENTATION_CONTEXT() REPRESENTATION_CONTEXT('2D SPACE',''
  ) );
#527 = ORIENTED_EDGE('',*,*,#528,.F.);
#528 = EDGE_CURVE('',#482,#506,#529,.T.);
#529 = SURFACE_CURVE('',#530,(#534,#540),.PCURVE_S1.);
#530 = LINE('',#531,#532);
#531 = CARTESIAN_POINT('',(-18.57,-5.45,2.2));
#532 = VECTOR('',#533,1.);
#533 = DIRECTION('',(-0.,1.,0.));
#534 = PCURVE('',#467,#535);
#535 = DEFINITIONAL_REPRESENTATION('',(#536),#539);
#536 = B_SPLINE_CURVE_WITH_KNOTS('',1,(#537,#538),.UNSPECIFIED.,.F.,.F.,
  (2,2),(1.05,9.85),.PIECEWISE_BEZIER_KNOTS.);
#537 = CARTESIAN_POINT('',(4.2,0.));
#538 = CARTESIAN_POINT('',(4.2,-8.8));
#539 = ( GEOMETRIC_REPRESENTATION_CONTEXT(2) 
PARAMETRIC_REPRESENTATION_CONTEXT() REPRESENTATION_CONTEXT('2D SPACE',''
  ) );
#540 = PCURVE('',#541,#546);
#541 = PLANE('',#542);
#542 = AXIS2_PLACEMENT_3D('',#543,#544,#545);
#543 = CARTESIAN_POINT('',(-20.07,-6.5,2.2));
#544 = DIRECTION('',(0.,0.,1.));
#545 = DIRECTION('',(1.,0.,-0.));
#546 = DEFINITIONAL_REPRESENTATION('',(#547),#550);
#547 = B_SPLINE_CURVE_WITH_KNOTS('',1,(#548,#549),.UNSPECIFIED.,.F.,.F.,
  (2,2),(1.05,9.85),.PIECEWISE_BEZIER_KNOTS.);
#548 = CARTESIAN_POINT('',(1.5,2.1));
#549 = CARTESIAN_POINT('',(1.5,10.9));
#550 = ( GEOMETRIC_REPRESENTATION_CONTEXT(2) 
PARAMETRIC_REPRESENTATION_CONTEXT() REPRESENTATION_CONTEXT('2D SPACE',''
  ) );
#551 = ADVANCED_FACE('',(#552,#656),#541,.T.);
#552 = FACE_BOUND('',#553,.T.);
#553 = EDGE_LOOP('',(#554,#579,#607,#630));
#554 = ORIENTED_EDGE('',*,*,#555,.F.);
#555 = EDGE_CURVE('',#556,#558,#560,.T.);
#556 = VERTEX_POINT('',#557);
#557 = CARTESIAN_POINT('',(-18.9882832294,6.5,2.2));
#558 = VERTEX_POINT('',#559);
#559 = CARTESIAN_POINT('',(-15.97,6.5,2.2));
#560 = SURFACE_CURVE('',#561,(#565,#572),.PCURVE_S1.);
#561 = LINE('',#562,#563);
#562 = CARTESIAN_POINT('',(-20.07,6.5,2.2));
#563 = VECTOR('',#564,1.);
#564 = DIRECTION('',(1.,0.,-0.));
#565 = PCURVE('',#541,#566);
#566 = DEFINITIONAL_REPRESENTATION('',(#567),#571);
#567 = LINE('',#568,#569);
#568 = CARTESIAN_POINT('',(0.,13.));
#569 = VECTOR('',#570,1.);
#570 = DIRECTION('',(1.,0.));
#571 = ( GEOMETRIC_REPRESENTATION_CONTEXT(2) 
PARAMETRIC_REPRESENTATION_CONTEXT() REPRESENTATION_CONTEXT('2D SPACE',''
  ) );
#572 = PCURVE('',#101,#573);
#573 = DEFINITIONAL_REPRESENTATION('',(#574),#578);
#574 = LINE('',#575,#576);
#575 = CARTESIAN_POINT('',(3.2,-4.1));
#576 = VECTOR('',#577,1.);
#577 = DIRECTION('',(0.,1.));
#578 = ( GEOMETRIC_REPRESENTATION_CONTEXT(2) 
PARAMETRIC_REPRESENTATION_CONTEXT() REPRESENTATION_CONTEXT('2D SPACE',''
  ) );
#579 = ORIENTED_EDGE('',*,*,#580,.F.);
#580 = EDGE_CURVE('',#581,#556,#583,.T.);
#581 = VERTEX_POINT('',#582);
#582 = CARTESIAN_POINT('',(-18.9882832294,-6.5,2.2));
#583 = SURFACE_CURVE('',#584,(#589,#600),.PCURVE_S1.);
#584 = CIRCLE('',#585,20.07);
#585 = AXIS2_PLACEMENT_3D('',#586,#587,#588);
#586 = CARTESIAN_POINT('',(0.,0.,2.2));
#587 = DIRECTION('',(-0.,0.,-1.));
#588 = DIRECTION('',(-0.946102801664,-0.323866467364,0.));
#589 = PCURVE('',#541,#590);
#590 = DEFINITIONAL_REPRESENTATION('',(#591),#599);
#591 = ( BOUNDED_CURVE() B_SPLINE_CURVE(2,(#592,#593,#594,#595,#596,#597
,#598),.UNSPECIFIED.,.T.,.F.) B_SPLINE_CURVE_WITH_KNOTS((1,2,2,2,2,1),(
    -2.094395102393,0.,2.094395102393,4.188790204786,6.28318530718,
8.377580409573),.UNSPECIFIED.) CURVE() GEOMETRIC_REPRESENTATION_ITEM() 
RATIONAL_B_SPLINE_CURVE((1.,0.5,1.,0.5,1.,0.5,1.)) REPRESENTATION_ITEM(
  '') );
#592 = CARTESIAN_POINT('',(1.081716770598,0.));
#593 = CARTESIAN_POINT('',(-10.1766134786,32.888671301833));
#594 = CARTESIAN_POINT('',(23.934976490102,26.194335650916));
#595 = CARTESIAN_POINT('',(58.046566458805,19.5));
#596 = CARTESIAN_POINT('',(35.1933067393,-6.694335650916));
#597 = CARTESIAN_POINT('',(12.340047019795,-32.88867130183));
#598 = CARTESIAN_POINT('',(1.081716770598,0.));
#599 = ( GEOMETRIC_REPRESENTATION_CONTEXT(2) 
PARAMETRIC_REPRESENTATION_CONTEXT() REPRESENTATION_CONTEXT('2D SPACE',''
  ) );
#600 = PCURVE('',#130,#601);
#601 = DEFINITIONAL_REPRESENTATION('',(#602),#606);
#602 = LINE('',#603,#604);
#603 = CARTESIAN_POINT('',(3.47140602834,4.2));
#604 = VECTOR('',#605,1.);
#605 = DIRECTION('',(-1.,-0.));
#606 = ( GEOMETRIC_REPRESENTATION_CONTEXT(2) 
PARAMETRIC_REPRESENTATION_CONTEXT() REPRESENTATION_CONTEXT('2D SPACE',''
  ) );
#607 = ORIENTED_EDGE('',*,*,#608,.T.);
#608 = EDGE_CURVE('',#581,#609,#611,.T.);
#609 = VERTEX_POINT('',#610);
#610 = CARTESIAN_POINT('',(-15.97,-6.5,2.2));
#611 = SURFACE_CURVE('',#612,(#616,#623),.PCURVE_S1.);
#612 = LINE('',#613,#614);
#613 = CARTESIAN_POINT('',(-20.07,-6.5,2.2));
#614 = VECTOR('',#615,1.);
#615 = DIRECTION('',(1.,0.,-0.));
#616 = PCURVE('',#541,#617);
#617 = DEFINITIONAL_REPRESENTATION('',(#618),#622);
#618 = LINE('',#619,#620);
#619 = CARTESIAN_POINT('',(0.,0.));
#620 = VECTOR('',#621,1.);
#621 = DIRECTION('',(1.,0.));
#622 = ( GEOMETRIC_REPRESENTATION_CONTEXT(2) 
PARAMETRIC_REPRESENTATION_CONTEXT() REPRESENTATION_CONTEXT('2D SPACE',''
  ) );
#623 = PCURVE('',#158,#624);
#624 = DEFINITIONAL_REPRESENTATION('',(#625),#629);
#625 = LINE('',#626,#627);
#626 = CARTESIAN_POINT('',(3.2,-4.1));
#627 = VECTOR('',#628,1.);
#628 = DIRECTION('',(0.,1.));
#629 = ( GEOMETRIC_REPRESENTATION_CONTEXT(2) 
PARAMETRIC_REPRESENTATION_CONTEXT() REPRESENTATION_CONTEXT('2D SPACE',''
  ) );
#630 = ORIENTED_EDGE('',*,*,#631,.T.);
#631 = EDGE_CURVE('',#609,#558,#632,.T.);
#632 = SURFACE_CURVE('',#633,(#637,#644),.PCURVE_S1.);
#633 = LINE('',#634,#635);
#634 = CARTESIAN_POINT('',(-15.97,-6.5,2.2));
#635 = VECTOR('',#636,1.);
#636 = DIRECTION('',(-0.,1.,0.));
#637 = PCURVE('',#541,#638);
#638 = DEFINITIONAL_REPRESENTATION('',(#639),#643);
#639 = LINE('',#640,#641);
#640 = CARTESIAN_POINT('',(4.1,0.));
#641 = VECTOR('',#642,1.);
#642 = DIRECTION('',(0.,1.));
#643 = ( GEOMETRIC_REPRESENTATION_CONTEXT(2) 
PARAMETRIC_REPRESENTATION_CONTEXT() REPRESENTATION_CONTEXT('2D SPACE',''
  ) );
#644 = PCURVE('',#645,#650);
#645 = PLANE('',#646);
#646 = AXIS2_PLACEMENT_3D('',#647,#648,#649);
#647 = CARTESIAN_POINT('',(-15.97,-6.5,-1.));
#648 = DIRECTION('',(1.,0.,-0.));
#649 = DIRECTION('',(0.,0.,1.));
#650 = DEFINITIONAL_REPRESENTATION('',(#651),#655);
#651 = LINE('',#652,#653);
#652 = CARTESIAN_POINT('',(3.2,0.));
#653 = VECTOR('',#654,1.);
#654 = DIRECTION('',(0.,-1.));
#655 = ( GEOMETRIC_REPRESENTATION_CONTEXT(2) 
PARAMETRIC_REPRESENTATION_CONTEXT() REPRESENTATION_CONTEXT('2D SPACE',''
  ) );
#656 = FACE_BOUND('',#657,.T.);
#657 = EDGE_LOOP('',(#658,#679,#680,#701));
#658 = ORIENTED_EDGE('',*,*,#659,.T.);
#659 = EDGE_CURVE('',#660,#482,#662,.T.);
#660 = VERTEX_POINT('',#661);
#661 = CARTESIAN_POINT('',(-16.77,-4.4,2.2));
#662 = SURFACE_CURVE('',#663,(#667,#673),.PCURVE_S1.);
#663 = LINE('',#664,#665);
#664 = CARTESIAN_POINT('',(-19.32,-4.4,2.2));
#665 = VECTOR('',#666,1.);
#666 = DIRECTION('',(-1.,-0.,0.));
#667 = PCURVE('',#541,#668);
#668 = DEFINITIONAL_REPRESENTATION('',(#669),#672);
#669 = B_SPLINE_CURVE_WITH_KNOTS('',1,(#670,#671),.UNSPECIFIED.,.F.,.F.,
  (2,2),(-2.55,-0.75),.PIECEWISE_BEZIER_KNOTS.);
#670 = CARTESIAN_POINT('',(3.3,2.1));
#671 = CARTESIAN_POINT('',(1.5,2.1));
#672 = ( GEOMETRIC_REPRESENTATION_CONTEXT(2) 
PARAMETRIC_REPRESENTATION_CONTEXT() REPRESENTATION_CONTEXT('2D SPACE',''
  ) );
#673 = PCURVE('',#442,#674);
#674 = DEFINITIONAL_REPRESENTATION('',(#675),#678);
#675 = B_SPLINE_CURVE_WITH_KNOTS('',1,(#676,#677),.UNSPECIFIED.,.F.,.F.,
  (2,2),(-2.55,-0.75),.PIECEWISE_BEZIER_KNOTS.);
#676 = CARTESIAN_POINT('',(4.2,1.8));
#677 = CARTESIAN_POINT('',(4.2,0.));
#678 = ( GEOMETRIC_REPRESENTATION_CONTEXT(2) 
PARAMETRIC_REPRESENTATION_CONTEXT() REPRESENTATION_CONTEXT('2D SPACE',''
  ) );
#679 = ORIENTED_EDGE('',*,*,#528,.T.);
#680 = ORIENTED_EDGE('',*,*,#681,.F.);
#681 = EDGE_CURVE('',#682,#506,#684,.T.);
#682 = VERTEX_POINT('',#683);
#683 = CARTESIAN_POINT('',(-16.77,4.4,2.2));
#684 = SURFACE_CURVE('',#685,(#689,#695),.PCURVE_S1.);
#685 = LINE('',#686,#687);
#686 = CARTESIAN_POINT('',(-19.32,4.4,2.2));
#687 = VECTOR('',#688,1.);
#688 = DIRECTION('',(-1.,-0.,0.));
#689 = PCURVE('',#541,#690);
#690 = DEFINITIONAL_REPRESENTATION('',(#691),#694);
#691 = B_SPLINE_CURVE_WITH_KNOTS('',1,(#692,#693),.UNSPECIFIED.,.F.,.F.,
  (2,2),(-2.55,-0.75),.PIECEWISE_BEZIER_KNOTS.);
#692 = CARTESIAN_POINT('',(3.3,10.9));
#693 = CARTESIAN_POINT('',(1.5,10.9));
#694 = ( GEOMETRIC_REPRESENTATION_CONTEXT(2) 
PARAMETRIC_REPRESENTATION_CONTEXT() REPRESENTATION_CONTEXT('2D SPACE',''
  ) );
#695 = PCURVE('',#388,#696);
#696 = DEFINITIONAL_REPRESENTATION('',(#697),#700);
#697 = B_SPLINE_CURVE_WITH_KNOTS('',1,(#698,#699),.UNSPECIFIED.,.F.,.F.,
  (2,2),(-2.55,-0.75),.PIECEWISE_BEZIER_KNOTS.);
#698 = CARTESIAN_POINT('',(4.2,1.8));
#699 = CARTESIAN_POINT('',(4.2,0.));
#700 = ( GEOMETRIC_REPRESENTATION_CONTEXT(2) 
PARAMETRIC_REPRESENTATION_CONTEXT() REPRESENTATION_CONTEXT('2D SPACE',''
  ) );
#701 = ORIENTED_EDGE('',*,*,#702,.F.);
#702 = EDGE_CURVE('',#660,#682,#703,.T.);
#703 = SURFACE_CURVE('',#704,(#708,#714),.PCURVE_S1.);
#704 = LINE('',#705,#706);
#705 = CARTESIAN_POINT('',(-16.77,-5.45,2.2));
#706 = VECTOR('',#707,1.);
#707 = DIRECTION('',(-0.,1.,0.));
#708 = PCURVE('',#541,#709);
#709 = DEFINITIONAL_REPRESENTATION('',(#710),#713);
#710 = B_SPLINE_CURVE_WITH_KNOTS('',1,(#711,#712),.UNSPECIFIED.,.F.,.F.,
  (2,2),(1.05,9.85),.PIECEWISE_BEZIER_KNOTS.);
#711 = CARTESIAN_POINT('',(3.3,2.1));
#712 = CARTESIAN_POINT('',(3.3,10.9));
#713 = ( GEOMETRIC_REPRESENTATION_CONTEXT(2) 
PARAMETRIC_REPRESENTATION_CONTEXT() REPRESENTATION_CONTEXT('2D SPACE',''
  ) );
#714 = PCURVE('',#415,#715);
#715 = DEFINITIONAL_REPRESENTATION('',(#716),#719);
#716 = B_SPLINE_CURVE_WITH_KNOTS('',1,(#717,#718),.UNSPECIFIED.,.F.,.F.,
  (2,2),(1.05,9.85),.PIECEWISE_BEZIER_KNOTS.);
#717 = CARTESIAN_POINT('',(4.2,0.));
#718 = CARTESIAN_POINT('',(4.2,-8.8));
#719 = ( GEOMETRIC_REPRESENTATION_CONTEXT(2) 
PARAMETRIC_REPRESENTATION_CONTEXT() REPRESENTATION_CONTEXT('2D SPACE',''
  ) );
#720 = ADVANCED_FACE('',(#721),#645,.T.);
#721 = FACE_BOUND('',#722,.T.);
#722 = EDGE_LOOP('',(#723,#746,#774,#795));
#723 = ORIENTED_EDGE('',*,*,#724,.F.);
#724 = EDGE_CURVE('',#725,#609,#727,.T.);
#725 = VERTEX_POINT('',#726);
#726 = CARTESIAN_POINT('',(-15.97,-6.5,0.2));
#727 = SURFACE_CURVE('',#728,(#732,#739),.PCURVE_S1.);
#728 = LINE('',#729,#730);
#729 = CARTESIAN_POINT('',(-15.97,-6.5,-1.));
#730 = VECTOR('',#731,1.);
#731 = DIRECTION('',(0.,0.,1.));
#732 = PCURVE('',#645,#733);
#733 = DEFINITIONAL_REPRESENTATION('',(#734),#738);
#734 = LINE('',#735,#736);
#735 = CARTESIAN_POINT('',(0.,0.));
#736 = VECTOR('',#737,1.);
#737 = DIRECTION('',(1.,0.));
#738 = ( GEOMETRIC_REPRESENTATION_CONTEXT(2) 
PARAMETRIC_REPRESENTATION_CONTEXT() REPRESENTATION_CONTEXT('2D SPACE',''
  ) );
#739 = PCURVE('',#158,#740);
#740 = DEFINITIONAL_REPRESENTATION('',(#741),#745);
#741 = LINE('',#742,#743);
#742 = CARTESIAN_POINT('',(0.,1.7763568394E-15));
#743 = VECTOR('',#744,1.);
#744 = DIRECTION('',(1.,0.));
#745 = ( GEOMETRIC_REPRESENTATION_CONTEXT(2) 
PARAMETRIC_REPRESENTATION_CONTEXT() REPRESENTATION_CONTEXT('2D SPACE',''
  ) );
#746 = ORIENTED_EDGE('',*,*,#747,.F.);
#747 = EDGE_CURVE('',#748,#725,#750,.T.);
#748 = VERTEX_POINT('',#749);
#749 = CARTESIAN_POINT('',(-15.97,6.5,0.2));
#750 = SURFACE_CURVE('',#751,(#755,#762),.PCURVE_S1.);
#751 = LINE('',#752,#753);
#752 = CARTESIAN_POINT('',(-15.97,6.5,0.2));
#753 = VECTOR('',#754,1.);
#754 = DIRECTION('',(0.,-1.,0.));
#755 = PCURVE('',#645,#756);
#756 = DEFINITIONAL_REPRESENTATION('',(#757),#761);
#757 = LINE('',#758,#759);
#758 = CARTESIAN_POINT('',(1.2,-13.));
#759 = VECTOR('',#760,1.);
#760 = DIRECTION('',(0.,1.));
#761 = ( GEOMETRIC_REPRESENTATION_CONTEXT(2) 
PARAMETRIC_REPRESENTATION_CONTEXT() REPRESENTATION_CONTEXT('2D SPACE',''
  ) );
#762 = PCURVE('',#763,#768);
#763 = PLANE('',#764);
#764 = AXIS2_PLACEMENT_3D('',#765,#766,#767);
#765 = CARTESIAN_POINT('',(12.8,-6.5,0.2));
#766 = DIRECTION('',(0.,0.,1.));
#767 = DIRECTION('',(1.,0.,-0.));
#768 = DEFINITIONAL_REPRESENTATION('',(#769),#773);
#769 = LINE('',#770,#771);
#770 = CARTESIAN_POINT('',(-28.77,13.));
#771 = VECTOR('',#772,1.);
#772 = DIRECTION('',(0.,-1.));
#773 = ( GEOMETRIC_REPRESENTATION_CONTEXT(2) 
PARAMETRIC_REPRESENTATION_CONTEXT() REPRESENTATION_CONTEXT('2D SPACE',''
  ) );
#774 = ORIENTED_EDGE('',*,*,#775,.T.);
#775 = EDGE_CURVE('',#748,#558,#776,.T.);
#776 = SURFACE_CURVE('',#777,(#781,#788),.PCURVE_S1.);
#777 = LINE('',#778,#779);
#778 = CARTESIAN_POINT('',(-15.97,6.5,-1.));
#779 = VECTOR('',#780,1.);
#780 = DIRECTION('',(0.,0.,1.));
#781 = PCURVE('',#645,#782);
#782 = DEFINITIONAL_REPRESENTATION('',(#783),#787);
#783 = LINE('',#784,#785);
#784 = CARTESIAN_POINT('',(0.,-13.));
#785 = VECTOR('',#786,1.);
#786 = DIRECTION('',(1.,0.));
#787 = ( GEOMETRIC_REPRESENTATION_CONTEXT(2) 
PARAMETRIC_REPRESENTATION_CONTEXT() REPRESENTATION_CONTEXT('2D SPACE',''
  ) );
#788 = PCURVE('',#101,#789);
#789 = DEFINITIONAL_REPRESENTATION('',(#790),#794);
#790 = LINE('',#791,#792);
#791 = CARTESIAN_POINT('',(0.,1.7763568394E-15));
#792 = VECTOR('',#793,1.);
#793 = DIRECTION('',(1.,0.));
#794 = ( GEOMETRIC_REPRESENTATION_CONTEXT(2) 
PARAMETRIC_REPRESENTATION_CONTEXT() REPRESENTATION_CONTEXT('2D SPACE',''
  ) );
#795 = ORIENTED_EDGE('',*,*,#631,.F.);
#796 = ADVANCED_FACE('',(#797,#976),#763,.T.);
#797 = FACE_BOUND('',#798,.T.);
#798 = EDGE_LOOP('',(#799,#824,#853,#874,#875,#898,#927,#950));
#799 = ORIENTED_EDGE('',*,*,#800,.F.);
#800 = EDGE_CURVE('',#801,#803,#805,.T.);
#801 = VERTEX_POINT('',#802);
#802 = CARTESIAN_POINT('',(14.587354112381,6.5,0.2));
#803 = VERTEX_POINT('',#804);
#804 = CARTESIAN_POINT('',(15.97,6.5,0.2));
#805 = SURFACE_CURVE('',#806,(#810,#817),.PCURVE_S1.);
#806 = LINE('',#807,#808);
#807 = CARTESIAN_POINT('',(12.8,6.5,0.2));
#808 = VECTOR('',#809,1.);
#809 = DIRECTION('',(1.,0.,-0.));
#810 = PCURVE('',#763,#811);
#811 = DEFINITIONAL_REPRESENTATION('',(#812),#816);
#812 = LINE('',#813,#814);
#813 = CARTESIAN_POINT('',(0.,13.));
#814 = VECTOR('',#815,1.);
#815 = DIRECTION('',(1.,0.));
#816 = ( GEOMETRIC_REPRESENTATION_CONTEXT(2) 
PARAMETRIC_REPRESENTATION_CONTEXT() REPRESENTATION_CONTEXT('2D SPACE',''
  ) );
#817 = PCURVE('',#44,#818);
#818 = DEFINITIONAL_REPRESENTATION('',(#819),#823);
#819 = LINE('',#820,#821);
#820 = CARTESIAN_POINT('',(1.2,0.));
#821 = VECTOR('',#822,1.);
#822 = DIRECTION('',(0.,1.));
#823 = ( GEOMETRIC_REPRESENTATION_CONTEXT(2) 
PARAMETRIC_REPRESENTATION_CONTEXT() REPRESENTATION_CONTEXT('2D SPACE',''
  ) );
#824 = ORIENTED_EDGE('',*,*,#825,.T.);
#825 = EDGE_CURVE('',#801,#826,#828,.T.);
#826 = VERTEX_POINT('',#827);
#827 = CARTESIAN_POINT('',(-14.58735411238,6.5,0.2));
#828 = SURFACE_CURVE('',#829,(#834,#841),.PCURVE_S1.);
#829 = CIRCLE('',#830,15.97);
#830 = AXIS2_PLACEMENT_3D('',#831,#832,#833);
#831 = CARTESIAN_POINT('',(0.,0.,0.2));
#832 = DIRECTION('',(0.,0.,1.));
#833 = DIRECTION('',(1.,0.,-0.));
#834 = PCURVE('',#763,#835);
#835 = DEFINITIONAL_REPRESENTATION('',(#836),#840);
#836 = CIRCLE('',#837,15.97);
#837 = AXIS2_PLACEMENT_2D('',#838,#839);
#838 = CARTESIAN_POINT('',(-12.8,6.5));
#839 = DIRECTION('',(1.,0.));
#840 = ( GEOMETRIC_REPRESENTATION_CONTEXT(2) 
PARAMETRIC_REPRESENTATION_CONTEXT() REPRESENTATION_CONTEXT('2D SPACE',''
  ) );
#841 = PCURVE('',#842,#847);
#842 = CYLINDRICAL_SURFACE('',#843,15.97);
#843 = AXIS2_PLACEMENT_3D('',#844,#845,#846);
#844 = CARTESIAN_POINT('',(0.,0.,-1.));
#845 = DIRECTION('',(0.,0.,1.));
#846 = DIRECTION('',(1.,0.,-0.));
#847 = DEFINITIONAL_REPRESENTATION('',(#848),#852);
#848 = LINE('',#849,#850);
#849 = CARTESIAN_POINT('',(0.,1.2));
#850 = VECTOR('',#851,1.);
#851 = DIRECTION('',(1.,0.));
#852 = ( GEOMETRIC_REPRESENTATION_CONTEXT(2) 
PARAMETRIC_REPRESENTATION_CONTEXT() REPRESENTATION_CONTEXT('2D SPACE',''
  ) );
#853 = ORIENTED_EDGE('',*,*,#854,.F.);
#854 = EDGE_CURVE('',#748,#826,#855,.T.);
#855 = SURFACE_CURVE('',#856,(#860,#867),.PCURVE_S1.);
#856 = LINE('',#857,#858);
#857 = CARTESIAN_POINT('',(-15.97,6.5,0.2));
#858 = VECTOR('',#859,1.);
#859 = DIRECTION('',(1.,0.,-0.));
#860 = PCURVE('',#763,#861);
#861 = DEFINITIONAL_REPRESENTATION('',(#862),#866);
#862 = LINE('',#863,#864);
#863 = CARTESIAN_POINT('',(-28.77,13.));
#864 = VECTOR('',#865,1.);
#865 = DIRECTION('',(1.,0.));
#866 = ( GEOMETRIC_REPRESENTATION_CONTEXT(2) 
PARAMETRIC_REPRESENTATION_CONTEXT() REPRESENTATION_CONTEXT('2D SPACE',''
  ) );
#867 = PCURVE('',#101,#868);
#868 = DEFINITIONAL_REPRESENTATION('',(#869),#873);
#869 = LINE('',#870,#871);
#870 = CARTESIAN_POINT('',(1.2,0.));
#871 = VECTOR('',#872,1.);
#872 = DIRECTION('',(0.,1.));
#873 = ( GEOMETRIC_REPRESENTATION_CONTEXT(2) 
PARAMETRIC_REPRESENTATION_CONTEXT() REPRESENTATION_CONTEXT('2D SPACE',''
  ) );
#874 = ORIENTED_EDGE('',*,*,#747,.T.);
#875 = ORIENTED_EDGE('',*,*,#876,.T.);
#876 = EDGE_CURVE('',#725,#877,#879,.T.);
#877 = VERTEX_POINT('',#878);
#878 = CARTESIAN_POINT('',(-14.58735411238,-6.5,0.2));
#879 = SURFACE_CURVE('',#880,(#884,#891),.PCURVE_S1.);
#880 = LINE('',#881,#882);
#881 = CARTESIAN_POINT('',(-15.97,-6.5,0.2));
#882 = VECTOR('',#883,1.);
#883 = DIRECTION('',(1.,0.,-0.));
#884 = PCURVE('',#763,#885);
#885 = DEFINITIONAL_REPRESENTATION('',(#886),#890);
#886 = LINE('',#887,#888);
#887 = CARTESIAN_POINT('',(-28.77,0.));
#888 = VECTOR('',#889,1.);
#889 = DIRECTION('',(1.,0.));
#890 = ( GEOMETRIC_REPRESENTATION_CONTEXT(2) 
PARAMETRIC_REPRESENTATION_CONTEXT() REPRESENTATION_CONTEXT('2D SPACE',''
  ) );
#891 = PCURVE('',#158,#892);
#892 = DEFINITIONAL_REPRESENTATION('',(#893),#897);
#893 = LINE('',#894,#895);
#894 = CARTESIAN_POINT('',(1.2,0.));
#895 = VECTOR('',#896,1.);
#896 = DIRECTION('',(0.,1.));
#897 = ( GEOMETRIC_REPRESENTATION_CONTEXT(2) 
PARAMETRIC_REPRESENTATION_CONTEXT() REPRESENTATION_CONTEXT('2D SPACE',''
  ) );
#898 = ORIENTED_EDGE('',*,*,#899,.T.);
#899 = EDGE_CURVE('',#877,#900,#902,.T.);
#900 = VERTEX_POINT('',#901);
#901 = CARTESIAN_POINT('',(14.587354112381,-6.5,0.2));
#902 = SURFACE_CURVE('',#903,(#908,#915),.PCURVE_S1.);
#903 = CIRCLE('',#904,15.97);
#904 = AXIS2_PLACEMENT_3D('',#905,#906,#907);
#905 = CARTESIAN_POINT('',(0.,0.,0.2));
#906 = DIRECTION('',(0.,0.,1.));
#907 = DIRECTION('',(1.,0.,-0.));
#908 = PCURVE('',#763,#909);
#909 = DEFINITIONAL_REPRESENTATION('',(#910),#914);
#910 = CIRCLE('',#911,15.97);
#911 = AXIS2_PLACEMENT_2D('',#912,#913);
#912 = CARTESIAN_POINT('',(-12.8,6.5));
#913 = DIRECTION('',(1.,0.));
#914 = ( GEOMETRIC_REPRESENTATION_CONTEXT(2) 
PARAMETRIC_REPRESENTATION_CONTEXT() REPRESENTATION_CONTEXT('2D SPACE',''
  ) );
#915 = PCURVE('',#916,#921);
#916 = CYLINDRICAL_SURFACE('',#917,15.97);
#917 = AXIS2_PLACEMENT_3D('',#918,#919,#920);
#918 = CARTESIAN_POINT('',(0.,0.,-1.));
#919 = DIRECTION('',(0.,0.,1.));
#920 = DIRECTION('',(1.,0.,-0.));
#921 = DEFINITIONAL_REPRESENTATION('',(#922),#926);
#922 = LINE('',#923,#924);
#923 = CARTESIAN_POINT('',(0.,1.2));
#924 = VECTOR('',#925,1.);
#925 = DIRECTION('',(1.,0.));
#926 = ( GEOMETRIC_REPRESENTATION_CONTEXT(2) 
PARAMETRIC_REPRESENTATION_CONTEXT() REPRESENTATION_CONTEXT('2D SPACE',''
  ) );
#927 = ORIENTED_EDGE('',*,*,#928,.T.);
#928 = EDGE_CURVE('',#900,#929,#931,.T.);
#929 = VERTEX_POINT('',#930);
#930 = CARTESIAN_POINT('',(15.97,-6.5,0.2));
#931 = SURFACE_CURVE('',#932,(#936,#943),.PCURVE_S1.);
#932 = LINE('',#933,#934);
#933 = CARTESIAN_POINT('',(12.8,-6.5,0.2));
#934 = VECTOR('',#935,1.);
#935 = DIRECTION('',(1.,0.,-0.));
#936 = PCURVE('',#763,#937);
#937 = DEFINITIONAL_REPRESENTATION('',(#938),#942);
#938 = LINE('',#939,#940);
#939 = CARTESIAN_POINT('',(0.,0.));
#940 = VECTOR('',#941,1.);
#941 = DIRECTION('',(1.,0.));
#942 = ( GEOMETRIC_REPRESENTATION_CONTEXT(2) 
PARAMETRIC_REPRESENTATION_CONTEXT() REPRESENTATION_CONTEXT('2D SPACE',''
  ) );
#943 = PCURVE('',#215,#944);
#944 = DEFINITIONAL_REPRESENTATION('',(#945),#949);
#945 = LINE('',#946,#947);
#946 = CARTESIAN_POINT('',(1.2,0.));
#947 = VECTOR('',#948,1.);
#948 = DIRECTION('',(0.,1.));
#949 = ( GEOMETRIC_REPRESENTATION_CONTEXT(2) 
PARAMETRIC_REPRESENTATION_CONTEXT() REPRESENTATION_CONTEXT('2D SPACE',''
  ) );
#950 = ORIENTED_EDGE('',*,*,#951,.F.);
#951 = EDGE_CURVE('',#803,#929,#952,.T.);
#952 = SURFACE_CURVE('',#953,(#957,#964),.PCURVE_S1.);
#953 = LINE('',#954,#955);
#954 = CARTESIAN_POINT('',(15.97,6.5,0.2));
#955 = VECTOR('',#956,1.);
#956 = DIRECTION('',(0.,-1.,0.));
#957 = PCURVE('',#763,#958);
#958 = DEFINITIONAL_REPRESENTATION('',(#959),#963);
#959 = LINE('',#960,#961);
#960 = CARTESIAN_POINT('',(3.17,13.));
#961 = VECTOR('',#962,1.);
#962 = DIRECTION('',(0.,-1.));
#963 = ( GEOMETRIC_REPRESENTATION_CONTEXT(2) 
PARAMETRIC_REPRESENTATION_CONTEXT() REPRESENTATION_CONTEXT('2D SPACE',''
  ) );
#964 = PCURVE('',#965,#970);
#965 = PLANE('',#966);
#966 = AXIS2_PLACEMENT_3D('',#967,#968,#969);
#967 = CARTESIAN_POINT('',(15.97,-6.5,-1.));
#968 = DIRECTION('',(1.,0.,-0.));
#969 = DIRECTION('',(0.,0.,1.));
#970 = DEFINITIONAL_REPRESENTATION('',(#971),#975);
#971 = LINE('',#972,#973);
#972 = CARTESIAN_POINT('',(1.2,-13.));
#973 = VECTOR('',#974,1.);
#974 = DIRECTION('',(0.,1.));
#975 = ( GEOMETRIC_REPRESENTATION_CONTEXT(2) 
PARAMETRIC_REPRESENTATION_CONTEXT() REPRESENTATION_CONTEXT('2D SPACE',''
  ) );
#976 = FACE_BOUND('',#977,.T.);
#977 = EDGE_LOOP('',(#978));
#978 = ORIENTED_EDGE('',*,*,#979,.T.);
#979 = EDGE_CURVE('',#980,#980,#982,.T.);
#980 = VERTEX_POINT('',#981);
#981 = CARTESIAN_POINT('',(13.7,-3.355532229664E-15,0.2));
#982 = SURFACE_CURVE('',#983,(#988,#999),.PCURVE_S1.);
#983 = CIRCLE('',#984,13.7);
#984 = AXIS2_PLACEMENT_3D('',#985,#986,#987);
#985 = CARTESIAN_POINT('',(-1.009231838097E-13,1.65310991187E-14,0.2));
#986 = DIRECTION('',(0.,0.,-1.));
#987 = DIRECTION('',(1.,-1.451578930537E-15,0.));
#988 = PCURVE('',#763,#989);
#989 = DEFINITIONAL_REPRESENTATION('',(#990),#998);
#990 = ( BOUNDED_CURVE() B_SPLINE_CURVE(2,(#991,#992,#993,#994,#995,#996
,#997),.UNSPECIFIED.,.T.,.F.) B_SPLINE_CURVE_WITH_KNOTS((1,2,2,2,2,1),(
    -2.094395102393,0.,2.094395102393,4.188790204786,6.28318530718,
8.377580409573),.UNSPECIFIED.) CURVE() GEOMETRIC_REPRESENTATION_ITEM() 
RATIONAL_B_SPLINE_CURVE((1.,0.5,1.,0.5,1.,0.5,1.)) REPRESENTATION_ITEM(
  '') );
#991 = CARTESIAN_POINT('',(0.9,6.5));
#992 = CARTESIAN_POINT('',(0.9,-17.22909606369));
#993 = CARTESIAN_POINT('',(-19.65,-5.364548031847));
#994 = CARTESIAN_POINT('',(-40.2,6.5));
#995 = CARTESIAN_POINT('',(-19.65,18.364548031847));
#996 = CARTESIAN_POINT('',(0.9,30.229096063694));
#997 = CARTESIAN_POINT('',(0.9,6.5));
#998 = ( GEOMETRIC_REPRESENTATION_CONTEXT(2) 
PARAMETRIC_REPRESENTATION_CONTEXT() REPRESENTATION_CONTEXT('2D SPACE',''
  ) );
#999 = PCURVE('',#1000,#1005);
#1000 = CYLINDRICAL_SURFACE('',#1001,13.7);
#1001 = AXIS2_PLACEMENT_3D('',#1002,#1003,#1004);
#1002 = CARTESIAN_POINT('',(0.,0.,0.2));
#1003 = DIRECTION('',(0.,0.,1.));
#1004 = DIRECTION('',(1.,0.,-0.));
#1005 = DEFINITIONAL_REPRESENTATION('',(#1006),#1010);
#1006 = LINE('',#1007,#1008);
#1007 = CARTESIAN_POINT('',(6.28318530718,0.));
#1008 = VECTOR('',#1009,1.);
#1009 = DIRECTION('',(-1.,-0.));
#1010 = ( GEOMETRIC_REPRESENTATION_CONTEXT(2) 
PARAMETRIC_REPRESENTATION_CONTEXT() REPRESENTATION_CONTEXT('2D SPACE',''
  ) );
#1011 = ADVANCED_FACE('',(#1012,#1294,#1458),#1000,.T.);
#1012 = FACE_BOUND('',#1013,.T.);
#1013 = EDGE_LOOP('',(#1014,#1048,#1077,#1100,#1127,#1128,#1152,#1184,
    #1235,#1256,#1257,#1258));
#1014 = ORIENTED_EDGE('',*,*,#1015,.T.);
#1015 = EDGE_CURVE('',#1016,#1018,#1020,.T.);
#1016 = VERTEX_POINT('',#1017);
#1017 = CARTESIAN_POINT('',(13.491866216267,-2.378980034037,1.68));
#1018 = VERTEX_POINT('',#1019);
#1019 = CARTESIAN_POINT('',(13.479670046432,-2.447140257389,3.1));
#1020 = SURFACE_CURVE('',#1021,(#1026,#1036),.PCURVE_S1.);
#1021 = ELLIPSE('',#1022,281.28820022261,13.7);
#1022 = AXIS2_PLACEMENT_3D('',#1023,#1024,#1025);
#1023 = CARTESIAN_POINT('',(0.,0.,1.680000000016));
#1024 = DIRECTION('',(-0.173442097537,-0.983639014517,
    -4.870449591969E-02));
#1025 = DIRECTION('',(-8.457446960644E-03,-4.796456518826E-02,
    0.998813231829));
#1026 = PCURVE('',#1000,#1027);
#1027 = DEFINITIONAL_REPRESENTATION('',(#1028),#1035);
#1028 = B_SPLINE_CURVE_WITH_KNOTS('',5,(#1029,#1030,#1031,#1032,#1033,
    #1034),.UNSPECIFIED.,.F.,.F.,(6,6),(4.711883560224,4.717948630557),
  .PIECEWISE_BEZIER_KNOTS.);
#1029 = CARTESIAN_POINT('',(6.109157802141,1.338));
#1030 = CARTESIAN_POINT('',(6.107944788074,1.678801567052));
#1031 = CARTESIAN_POINT('',(6.106731774008,2.019603395278));
#1032 = CARTESIAN_POINT('',(6.105518759941,2.360404439976));
#1033 = CARTESIAN_POINT('',(6.104305745874,2.701203656445));
#1034 = CARTESIAN_POINT('',(6.103092731808,3.042));
#1035 = ( GEOMETRIC_REPRESENTATION_CONTEXT(2) 
PARAMETRIC_REPRESENTATION_CONTEXT() REPRESENTATION_CONTEXT('2D SPACE',''
  ) );
#1036 = PCURVE('',#1037,#1042);
#1037 = PLANE('',#1038);
#1038 = AXIS2_PLACEMENT_3D('',#1039,#1040,#1041);
#1039 = CARTESIAN_POINT('',(13.664319176398,-2.464583052438,
    2.794719791324));
#1040 = DIRECTION('',(-0.173442097537,-0.983639014517,
    -4.870449591969E-02));
#1041 = DIRECTION('',(8.457446960641E-03,4.796456518826E-02,
    -0.998813231829));
#1042 = DEFINITIONAL_REPRESENTATION('',(#1043),#1047);
#1043 = ELLIPSE('',#1044,281.28820022261,13.7);
#1044 = AXIS2_PLACEMENT_2D('',#1045,#1046);
#1045 = CARTESIAN_POINT('',(1.116044277134,-13.88469782031));
#1046 = DIRECTION('',(-1.,-2.634184954659E-15));
#1047 = ( GEOMETRIC_REPRESENTATION_CONTEXT(2) 
PARAMETRIC_REPRESENTATION_CONTEXT() REPRESENTATION_CONTEXT('2D SPACE',''
  ) );
#1048 = ORIENTED_EDGE('',*,*,#1049,.T.);
#1049 = EDGE_CURVE('',#1018,#1050,#1052,.T.);
#1050 = VERTEX_POINT('',#1051);
#1051 = CARTESIAN_POINT('',(13.7,-3.355532229664E-15,3.1));
#1052 = SURFACE_CURVE('',#1053,(#1058,#1065),.PCURVE_S1.);
#1053 = CIRCLE('',#1054,13.7);
#1054 = AXIS2_PLACEMENT_3D('',#1055,#1056,#1057);
#1055 = CARTESIAN_POINT('',(0.,0.,3.1));
#1056 = DIRECTION('',(0.,0.,1.));
#1057 = DIRECTION('',(1.,0.,-0.));
#1058 = PCURVE('',#1000,#1059);
#1059 = DEFINITIONAL_REPRESENTATION('',(#1060),#1064);
#1060 = LINE('',#1061,#1062);
#1061 = CARTESIAN_POINT('',(0.,2.9));
#1062 = VECTOR('',#1063,1.);
#1063 = DIRECTION('',(1.,0.));
#1064 = ( GEOMETRIC_REPRESENTATION_CONTEXT(2) 
PARAMETRIC_REPRESENTATION_CONTEXT() REPRESENTATION_CONTEXT('2D SPACE',''
  ) );
#1065 = PCURVE('',#1066,#1071);
#1066 = PLANE('',#1067);
#1067 = AXIS2_PLACEMENT_3D('',#1068,#1069,#1070);
#1068 = CARTESIAN_POINT('',(0.,0.,3.1));
#1069 = DIRECTION('',(0.,0.,1.));
#1070 = DIRECTION('',(1.,0.,-0.));
#1071 = DEFINITIONAL_REPRESENTATION('',(#1072),#1076);
#1072 = CIRCLE('',#1073,13.7);
#1073 = AXIS2_PLACEMENT_2D('',#1074,#1075);
#1074 = CARTESIAN_POINT('',(0.,0.));
#1075 = DIRECTION('',(1.,0.));
#1076 = ( GEOMETRIC_REPRESENTATION_CONTEXT(2) 
PARAMETRIC_REPRESENTATION_CONTEXT() REPRESENTATION_CONTEXT('2D SPACE',''
  ) );
#1077 = ORIENTED_EDGE('',*,*,#1078,.T.);
#1078 = EDGE_CURVE('',#1050,#1079,#1081,.T.);
#1079 = VERTEX_POINT('',#1080);
#1080 = CARTESIAN_POINT('',(13.7,-3.355532229664E-15,6.335714285714));
#1081 = SEAM_CURVE('',#1082,(#1086,#1093),.PCURVE_S1.);
#1082 = LINE('',#1083,#1084);
#1083 = CARTESIAN_POINT('',(13.7,-3.355532229664E-15,0.2));
#1084 = VECTOR('',#1085,1.);
#1085 = DIRECTION('',(0.,0.,1.));
#1086 = PCURVE('',#1000,#1087);
#1087 = DEFINITIONAL_REPRESENTATION('',(#1088),#1092);
#1088 = LINE('',#1089,#1090);
#1089 = CARTESIAN_POINT('',(6.28318530718,-0.));
#1090 = VECTOR('',#1091,1.);
#1091 = DIRECTION('',(0.,1.));
#1092 = ( GEOMETRIC_REPRESENTATION_CONTEXT(2) 
PARAMETRIC_REPRESENTATION_CONTEXT() REPRESENTATION_CONTEXT('2D SPACE',''
  ) );
#1093 = PCURVE('',#1000,#1094);
#1094 = DEFINITIONAL_REPRESENTATION('',(#1095),#1099);
#1095 = LINE('',#1096,#1097);
#1096 = CARTESIAN_POINT('',(0.,-0.));
#1097 = VECTOR('',#1098,1.);
#1098 = DIRECTION('',(0.,1.));
#1099 = ( GEOMETRIC_REPRESENTATION_CONTEXT(2) 
PARAMETRIC_REPRESENTATION_CONTEXT() REPRESENTATION_CONTEXT('2D SPACE',''
  ) );
#1100 = ORIENTED_EDGE('',*,*,#1101,.F.);
#1101 = EDGE_CURVE('',#1079,#1079,#1102,.T.);
#1102 = SURFACE_CURVE('',#1103,(#1108,#1115),.PCURVE_S1.);
#1103 = CIRCLE('',#1104,13.7);
#1104 = AXIS2_PLACEMENT_3D('',#1105,#1106,#1107);
#1105 = CARTESIAN_POINT('',(0.,0.,6.335714285714));
#1106 = DIRECTION('',(0.,0.,1.));
#1107 = DIRECTION('',(0.,-1.,0.));
#1108 = PCURVE('',#1000,#1109);
#1109 = DEFINITIONAL_REPRESENTATION('',(#1110),#1114);
#1110 = LINE('',#1111,#1112);
#1111 = CARTESIAN_POINT('',(-1.570796326795,6.135714285714));
#1112 = VECTOR('',#1113,1.);
#1113 = DIRECTION('',(1.,0.));
#1114 = ( GEOMETRIC_REPRESENTATION_CONTEXT(2) 
PARAMETRIC_REPRESENTATION_CONTEXT() REPRESENTATION_CONTEXT('2D SPACE',''
  ) );
#1115 = PCURVE('',#1116,#1121);
#1116 = CONICAL_SURFACE('',#1117,14.7,1.29249666779);
#1117 = AXIS2_PLACEMENT_3D('',#1118,#1119,#1120);
#1118 = CARTESIAN_POINT('',(0.,0.,6.05));
#1119 = DIRECTION('',(-0.,-0.,-1.));
#1120 = DIRECTION('',(1.,0.,-0.));
#1121 = DEFINITIONAL_REPRESENTATION('',(#1122),#1126);
#1122 = LINE('',#1123,#1124);
#1123 = CARTESIAN_POINT('',(1.570796326795,-0.285714285714));
#1124 = VECTOR('',#1125,1.);
#1125 = DIRECTION('',(-1.,-0.));
#1126 = ( GEOMETRIC_REPRESENTATION_CONTEXT(2) 
PARAMETRIC_REPRESENTATION_CONTEXT() REPRESENTATION_CONTEXT('2D SPACE',''
  ) );
#1127 = ORIENTED_EDGE('',*,*,#1078,.F.);
#1128 = ORIENTED_EDGE('',*,*,#1129,.T.);
#1129 = EDGE_CURVE('',#1050,#1130,#1132,.T.);
#1130 = VERTEX_POINT('',#1131);
#1131 = CARTESIAN_POINT('',(13.501738864353,2.322293615981,3.1));
#1132 = SURFACE_CURVE('',#1133,(#1138,#1145),.PCURVE_S1.);
#1133 = CIRCLE('',#1134,13.7);
#1134 = AXIS2_PLACEMENT_3D('',#1135,#1136,#1137);
#1135 = CARTESIAN_POINT('',(0.,0.,3.1));
#1136 = DIRECTION('',(0.,0.,1.));
#1137 = DIRECTION('',(1.,0.,-0.));
#1138 = PCURVE('',#1000,#1139);
#1139 = DEFINITIONAL_REPRESENTATION('',(#1140),#1144);
#1140 = LINE('',#1141,#1142);
#1141 = CARTESIAN_POINT('',(0.,2.9));
#1142 = VECTOR('',#1143,1.);
#1143 = DIRECTION('',(1.,0.));
#1144 = ( GEOMETRIC_REPRESENTATION_CONTEXT(2) 
PARAMETRIC_REPRESENTATION_CONTEXT() REPRESENTATION_CONTEXT('2D SPACE',''
  ) );
#1145 = PCURVE('',#1066,#1146);
#1146 = DEFINITIONAL_REPRESENTATION('',(#1147),#1151);
#1147 = CIRCLE('',#1148,13.7);
#1148 = AXIS2_PLACEMENT_2D('',#1149,#1150);
#1149 = CARTESIAN_POINT('',(0.,0.));
#1150 = DIRECTION('',(1.,0.));
#1151 = ( GEOMETRIC_REPRESENTATION_CONTEXT(2) 
PARAMETRIC_REPRESENTATION_CONTEXT() REPRESENTATION_CONTEXT('2D SPACE',''
  ) );
#1152 = ORIENTED_EDGE('',*,*,#1153,.F.);
#1153 = EDGE_CURVE('',#1154,#1130,#1156,.T.);
#1154 = VERTEX_POINT('',#1155);
#1155 = CARTESIAN_POINT('',(13.491866216203,2.378980034401,
    1.919999992408));
#1156 = SURFACE_CURVE('',#1157,(#1162,#1172),.PCURVE_S1.);
#1157 = ELLIPSE('',#1158,281.28820022263,13.7);
#1158 = AXIS2_PLACEMENT_3D('',#1159,#1160,#1161);
#1159 = CARTESIAN_POINT('',(0.,0.,1.919999999982));
#1160 = DIRECTION('',(0.173442097537,-0.983639014517,-4.870449591969E-02
    ));
#1161 = DIRECTION('',(8.457446960644E-03,-4.796456518826E-02,
    0.998813231829));
#1162 = PCURVE('',#1000,#1163);
#1163 = DEFINITIONAL_REPRESENTATION('',(#1164),#1171);
#1164 = B_SPLINE_CURVE_WITH_KNOTS('',5,(#1165,#1166,#1167,#1168,#1169,
    #1170),.UNSPECIFIED.,.F.,.F.,(6,6),(4.711968983303,4.717008964012),
  .PIECEWISE_BEZIER_KNOTS.);
#1165 = CARTESIAN_POINT('',(0.174952922281,1.601999985386));
#1166 = CARTESIAN_POINT('',(0.173944926139,1.885200887787));
#1167 = CARTESIAN_POINT('',(0.172936929997,2.168401940057));
#1168 = CARTESIAN_POINT('',(0.171928933855,2.451602542719));
#1169 = CARTESIAN_POINT('',(0.170920937714,2.7348020963));
#1170 = CARTESIAN_POINT('',(0.169912941572,3.018000001329));
#1171 = ( GEOMETRIC_REPRESENTATION_CONTEXT(2) 
PARAMETRIC_REPRESENTATION_CONTEXT() REPRESENTATION_CONTEXT('2D SPACE',''
  ) );
#1172 = PCURVE('',#1173,#1178);
#1173 = PLANE('',#1174);
#1174 = AXIS2_PLACEMENT_3D('',#1175,#1176,#1177);
#1175 = CARTESIAN_POINT('',(13.683196926038,2.357521891983,
    3.034719787238));
#1176 = DIRECTION('',(0.173442097537,-0.983639014517,-4.870449591969E-02
    ));
#1177 = DIRECTION('',(-0.984807753012,-0.173648177667,4.463095719284E-19
    ));
#1178 = DEFINITIONAL_REPRESENTATION('',(#1179),#1183);
#1179 = ELLIPSE('',#1180,281.28820022263,13.7);
#1180 = AXIS2_PLACEMENT_2D('',#1181,#1182);
#1181 = CARTESIAN_POINT('',(13.884697799108,1.116044273076));
#1182 = DIRECTION('',(5.917675227523E-19,-1.));
#1183 = ( GEOMETRIC_REPRESENTATION_CONTEXT(2) 
PARAMETRIC_REPRESENTATION_CONTEXT() REPRESENTATION_CONTEXT('2D SPACE',''
  ) );
#1184 = ORIENTED_EDGE('',*,*,#1185,.F.);
#1185 = EDGE_CURVE('',#1186,#1154,#1188,.T.);
#1186 = VERTEX_POINT('',#1187);
#1187 = CARTESIAN_POINT('',(13.7,-3.355532229664E-15,1.799999996195));
#1188 = SURFACE_CURVE('',#1189,(#1198,#1210),.PCURVE_S1.);
#1189 = B_SPLINE_CURVE_WITH_KNOTS('',4,(#1190,#1191,#1192,#1193,#1194,
    #1195,#1196,#1197),.UNSPECIFIED.,.F.,.F.,(5,3,5),(0.,0.500000008528,
    1.),.UNSPECIFIED.);
#1190 = CARTESIAN_POINT('',(13.7,-3.400257167255E-15,1.799999996195));
#1191 = CARTESIAN_POINT('',(13.7,0.298887627885,1.814999994646));
#1192 = CARTESIAN_POINT('',(13.691305709924,0.597775327585,
    1.829999994196));
#1193 = CARTESIAN_POINT('',(13.673917135681,0.896283426382,
    1.844999995446));
#1194 = CARTESIAN_POINT('',(13.621817589322,1.491783955884,
    1.874999996471));
#1195 = CARTESIAN_POINT('',(13.587106605275,1.788776529698,
    1.889999998553));
#1196 = CARTESIAN_POINT('',(13.543767506426,2.08463319079,1.904999999782
    ));
#1197 = CARTESIAN_POINT('',(13.491866216203,2.378980034401,
    1.919999992408));
#1198 = PCURVE('',#1000,#1199);
#1199 = DEFINITIONAL_REPRESENTATION('',(#1200),#1209);
#1200 = B_SPLINE_CURVE_WITH_KNOTS('',4,(#1201,#1202,#1203,#1204,#1205,
    #1206,#1207,#1208),.UNSPECIFIED.,.F.,.F.,(5,3,5),(0.,0.500000008528,
    1.),.UNSPECIFIED.);
#1201 = CARTESIAN_POINT('',(0.,1.599999996195));
#1202 = CARTESIAN_POINT('',(2.18166151741E-02,1.614999994646));
#1203 = CARTESIAN_POINT('',(4.363323207559E-02,1.629999994196));
#1204 = CARTESIAN_POINT('',(6.544984895873E-02,1.644999995446));
#1205 = CARTESIAN_POINT('',(0.109083078511,1.674999996471));
#1206 = CARTESIAN_POINT('',(0.130899694632,1.689999998553));
#1207 = CARTESIAN_POINT('',(0.152716310764,1.704999999782));
#1208 = CARTESIAN_POINT('',(0.174532925226,1.719999992408));
#1209 = ( GEOMETRIC_REPRESENTATION_CONTEXT(2) 
PARAMETRIC_REPRESENTATION_CONTEXT() REPRESENTATION_CONTEXT('2D SPACE',''
  ) );
#1210 = PCURVE('',#1211,#1224);
#1211 = B_SPLINE_SURFACE_WITH_KNOTS('',1,5,(
    (#1212,#1213,#1214,#1215,#1216,#1217)
    ,(#1218,#1219,#1220,#1221,#1222,#1223
    )),.UNSPECIFIED.,.F.,.F.,.F.,(2,2),(6,6),(0.,0.4),(0.,0.423611812766
    ),.PIECEWISE_BEZIER_KNOTS.);
#1212 = CARTESIAN_POINT('',(13.196423890364,-2.326885580737,1.68));
#1213 = CARTESIAN_POINT('',(13.358871149739,-1.405601391992,
    1.727999963446));
#1214 = CARTESIAN_POINT('',(13.440921193272,-0.47014103985,
    1.776000049128));
#1215 = CARTESIAN_POINT('',(13.440921193249,0.4701410405,1.823999937586)
  );
#1216 = CARTESIAN_POINT('',(13.358871149672,1.405601392638,
    1.872000023268));
#1217 = CARTESIAN_POINT('',(13.196423890251,2.326885581375,
    1.919999986714));
#1218 = CARTESIAN_POINT('',(13.590346991568,-2.396344851804,1.68));
#1219 = CARTESIAN_POINT('',(13.757643422522,-1.447559644449,
    1.727999984334));
#1220 = CARTESIAN_POINT('',(13.842142722933,-0.484175093747,
    1.776000021055));
#1221 = CARTESIAN_POINT('',(13.842142722923,0.484175094025,
    1.823999973251));
#1222 = CARTESIAN_POINT('',(13.757643422493,1.447559644725,
    1.872000009972));
#1223 = CARTESIAN_POINT('',(13.59034699152,2.396344852077,1.919999994306
    ));
#1224 = DEFINITIONAL_REPRESENTATION('',(#1225),#1234);
#1225 = B_SPLINE_CURVE_WITH_KNOTS('',4,(#1226,#1227,#1228,#1229,#1230,
    #1231,#1232,#1233),.UNSPECIFIED.,.F.,.F.,(5,3,5),(0.,0.500000008528,
    1.),.UNSPECIFIED.);
#1226 = CARTESIAN_POINT('',(0.300000537945,0.211805906366));
#1227 = CARTESIAN_POINT('',(0.300000537945,0.238281643051));
#1228 = CARTESIAN_POINT('',(0.30000046854,0.264757381793));
#1229 = CARTESIAN_POINT('',(0.300000339576,0.291233121473));
#1230 = CARTESIAN_POINT('',(0.300000112553,0.344184596772));
#1231 = CARTESIAN_POINT('',(0.30000000614,0.370660336698));
#1232 = CARTESIAN_POINT('',(0.3,0.397136075962));
#1233 = CARTESIAN_POINT('',(0.3,0.423611812766));
#1234 = ( GEOMETRIC_REPRESENTATION_CONTEXT(2) 
PARAMETRIC_REPRESENTATION_CONTEXT() REPRESENTATION_CONTEXT('2D SPACE',''
  ) );
#1235 = ORIENTED_EDGE('',*,*,#1236,.F.);
#1236 = EDGE_CURVE('',#980,#1186,#1237,.T.);
#1237 = SEAM_CURVE('',#1238,(#1242,#1249),.PCURVE_S1.);
#1238 = LINE('',#1239,#1240);
#1239 = CARTESIAN_POINT('',(13.7,-3.355532229664E-15,0.2));
#1240 = VECTOR('',#1241,1.);
#1241 = DIRECTION('',(0.,0.,1.));
#1242 = PCURVE('',#1000,#1243);
#1243 = DEFINITIONAL_REPRESENTATION('',(#1244),#1248);
#1244 = LINE('',#1245,#1246);
#1245 = CARTESIAN_POINT('',(0.,-0.));
#1246 = VECTOR('',#1247,1.);
#1247 = DIRECTION('',(0.,1.));
#1248 = ( GEOMETRIC_REPRESENTATION_CONTEXT(2) 
PARAMETRIC_REPRESENTATION_CONTEXT() REPRESENTATION_CONTEXT('2D SPACE',''
  ) );
#1249 = PCURVE('',#1000,#1250);
#1250 = DEFINITIONAL_REPRESENTATION('',(#1251),#1255);
#1251 = LINE('',#1252,#1253);
#1252 = CARTESIAN_POINT('',(6.28318530718,-0.));
#1253 = VECTOR('',#1254,1.);
#1254 = DIRECTION('',(0.,1.));
#1255 = ( GEOMETRIC_REPRESENTATION_CONTEXT(2) 
PARAMETRIC_REPRESENTATION_CONTEXT() REPRESENTATION_CONTEXT('2D SPACE',''
  ) );
#1256 = ORIENTED_EDGE('',*,*,#979,.F.);
#1257 = ORIENTED_EDGE('',*,*,#1236,.T.);
#1258 = ORIENTED_EDGE('',*,*,#1259,.F.);
#1259 = EDGE_CURVE('',#1016,#1186,#1260,.T.);
#1260 = SURFACE_CURVE('',#1261,(#1270,#1282),.PCURVE_S1.);
#1261 = B_SPLINE_CURVE_WITH_KNOTS('',4,(#1262,#1263,#1264,#1265,#1266,
    #1267,#1268,#1269),.UNSPECIFIED.,.F.,.F.,(5,3,5),(0.,0.499999991549,
    1.),.UNSPECIFIED.);
#1262 = CARTESIAN_POINT('',(13.491866216267,-2.378980034037,1.68));
#1263 = CARTESIAN_POINT('',(13.543767506483,-2.084633190424,
    1.694999992626));
#1264 = CARTESIAN_POINT('',(13.587106605323,-1.788776529331,
    1.709999993855));
#1265 = CARTESIAN_POINT('',(13.621817589362,-1.491783955516,
    1.724999995937));
#1266 = CARTESIAN_POINT('',(13.673917135698,-0.896283426104,
    1.754999996957));
#1267 = CARTESIAN_POINT('',(13.69130570993,-0.5977753274,1.769999998203)
  );
#1268 = CARTESIAN_POINT('',(13.7,-0.298887627793,1.784999997749));
#1269 = CARTESIAN_POINT('',(13.7,-3.552713678801E-15,1.799999996195));
#1270 = PCURVE('',#1000,#1271);
#1271 = DEFINITIONAL_REPRESENTATION('',(#1272),#1281);
#1272 = B_SPLINE_CURVE_WITH_KNOTS('',4,(#1273,#1274,#1275,#1276,#1277,
    #1278,#1279,#1280),.UNSPECIFIED.,.F.,.F.,(5,3,5),(0.,0.499999991549,
    1.),.UNSPECIFIED.);
#1273 = CARTESIAN_POINT('',(6.10865238198,1.48));
#1274 = CARTESIAN_POINT('',(6.130468996442,1.494999992626));
#1275 = CARTESIAN_POINT('',(6.152285612574,1.509999993855));
#1276 = CARTESIAN_POINT('',(6.174102228696,1.524999995937));
#1277 = CARTESIAN_POINT('',(6.217735458241,1.554999996957));
#1278 = CARTESIAN_POINT('',(6.239552075118,1.569999998203));
#1279 = CARTESIAN_POINT('',(6.261368692012,1.584999997749));
#1280 = CARTESIAN_POINT('',(6.28318530718,1.599999996195));
#1281 = ( GEOMETRIC_REPRESENTATION_CONTEXT(2) 
PARAMETRIC_REPRESENTATION_CONTEXT() REPRESENTATION_CONTEXT('2D SPACE',''
  ) );
#1282 = PCURVE('',#1211,#1283);
#1283 = DEFINITIONAL_REPRESENTATION('',(#1284),#1293);
#1284 = B_SPLINE_CURVE_WITH_KNOTS('',4,(#1285,#1286,#1287,#1288,#1289,
    #1290,#1291,#1292),.UNSPECIFIED.,.F.,.F.,(5,3,5),(0.,0.499999991549,
    1.),.UNSPECIFIED.);
#1285 = CARTESIAN_POINT('',(0.3,0.));
#1286 = CARTESIAN_POINT('',(0.3,2.647573680413E-02));
#1287 = CARTESIAN_POINT('',(0.30000000614,5.29514760676E-02));
#1288 = CARTESIAN_POINT('',(0.300000112553,7.942721599358E-02));
#1289 = CARTESIAN_POINT('',(0.300000339576,0.132378691284));
#1290 = CARTESIAN_POINT('',(0.30000046854,0.158854430956));
#1291 = CARTESIAN_POINT('',(0.300000537945,0.18533016969));
#1292 = CARTESIAN_POINT('',(0.300000537945,0.211805906366));
#1293 = ( GEOMETRIC_REPRESENTATION_CONTEXT(2) 
PARAMETRIC_REPRESENTATION_CONTEXT() REPRESENTATION_CONTEXT('2D SPACE',''
  ) );
#1294 = FACE_BOUND('',#1295,.T.);
#1295 = EDGE_LOOP('',(#1296,#1367,#1399,#1428));
#1296 = ORIENTED_EDGE('',*,*,#1297,.F.);
#1297 = EDGE_CURVE('',#1298,#1300,#1302,.T.);
#1298 = VERTEX_POINT('',#1299);
#1299 = CARTESIAN_POINT('',(-4.685675963562,12.873788904767,1.68));
#1300 = VERTEX_POINT('',#1301);
#1301 = CARTESIAN_POINT('',(-8.806190252989,10.494808870492,
    1.919999992408));
#1302 = SURFACE_CURVE('',#1303,(#1318,#1336),.PCURVE_S1.);
#1303 = B_SPLINE_CURVE_WITH_KNOTS('',4,(#1304,#1305,#1306,#1307,#1308,
    #1309,#1310,#1311,#1312,#1313,#1314,#1315,#1316,#1317),
  .UNSPECIFIED.,.F.,.F.,(5,3,3,3,5),(0.,0.249999995755,0.5,
    0.750000004245,1.),.UNSPECIFIED.);
#1304 = CARTESIAN_POINT('',(-4.685675963562,12.873788904767,1.68));
#1305 = CARTESIAN_POINT('',(-4.966538452762,12.771563318776,
    1.694999992626));
#1306 = CARTESIAN_POINT('',(-5.244427386568,12.661167748803,
    1.709999993855));
#1307 = CARTESIAN_POINT('',(-5.518985992246,12.542732055864,
    1.724999995937));
#1308 = CARTESIAN_POINT('',(-6.060754351894,12.29010132179,
    1.754999996959));
#1309 = CARTESIAN_POINT('',(-6.327964235764,12.155906219437,
    1.769999998208));
#1310 = CARTESIAN_POINT('',(-6.591155721577,12.013991845677,
    1.784999997756));
#1311 = CARTESIAN_POINT('',(-7.108844278744,11.715104217831,
    1.814999994653));
#1312 = CARTESIAN_POINT('',(-7.363341474484,11.55813089193,1.8299999942)
  );
#1313 = CARTESIAN_POINT('',(-7.613162784116,11.393817895526,
    1.844999995449));
#1314 = CARTESIAN_POINT('',(-8.102831597415,11.050948100128,
    1.874999996471));
#1315 = CARTESIAN_POINT('',(-8.34267921905,10.872391219246,
    1.889999998553));
#1316 = CARTESIAN_POINT('',(-8.57722905401,10.68693012812,1.904999999782
    ));
#1317 = CARTESIAN_POINT('',(-8.806190252989,10.494808870492,
    1.919999992408));
#1318 = PCURVE('',#1000,#1319);
#1319 = DEFINITIONAL_REPRESENTATION('',(#1320),#1335);
#1320 = B_SPLINE_CURVE_WITH_KNOTS('',4,(#1321,#1322,#1323,#1324,#1325,
    #1326,#1327,#1328,#1329,#1330,#1331,#1332,#1333,#1334),
  .UNSPECIFIED.,.F.,.F.,(5,3,3,3,5),(0.,0.249999995755,0.5,
    0.750000004245,1.),.UNSPECIFIED.);
#1321 = CARTESIAN_POINT('',(1.919862177194,1.48));
#1322 = CARTESIAN_POINT('',(1.941678791656,1.494999992626));
#1323 = CARTESIAN_POINT('',(1.963495407788,1.509999993855));
#1324 = CARTESIAN_POINT('',(1.98531202391,1.524999995937));
#1325 = CARTESIAN_POINT('',(2.028945253458,1.554999996959));
#1326 = CARTESIAN_POINT('',(2.050761870338,1.569999998208));
#1327 = CARTESIAN_POINT('',(2.072578487236,1.584999997756));
#1328 = CARTESIAN_POINT('',(2.116211717577,1.614999994653));
#1329 = CARTESIAN_POINT('',(2.138028334476,1.6299999942));
#1330 = CARTESIAN_POINT('',(2.159844951355,1.644999995449));
#1331 = CARTESIAN_POINT('',(2.203478180904,1.674999996471));
#1332 = CARTESIAN_POINT('',(2.225294797025,1.689999998553));
#1333 = CARTESIAN_POINT('',(2.247111413158,1.704999999782));
#1334 = CARTESIAN_POINT('',(2.26892802762,1.719999992408));
#1335 = ( GEOMETRIC_REPRESENTATION_CONTEXT(2) 
PARAMETRIC_REPRESENTATION_CONTEXT() REPRESENTATION_CONTEXT('2D SPACE',''
  ) );
#1336 = PCURVE('',#1337,#1350);
#1337 = B_SPLINE_SURFACE_WITH_KNOTS('',1,5,(
    (#1338,#1339,#1340,#1341,#1342,#1343)
    ,(#1344,#1345,#1346,#1347,#1348,#1349
    )),.UNSPECIFIED.,.F.,.F.,.F.,(2,2),(6,6),(0.,0.4),(0.,0.423611812766
    ),.PIECEWISE_BEZIER_KNOTS.);
#1338 = CARTESIAN_POINT('',(-4.583069920564,12.591881118531,1.68));
#1339 = CARTESIAN_POINT('',(-5.46214906181,12.271922477553,
    1.727999963446));
#1340 = CARTESIAN_POINT('',(-6.313306512764,11.875249723563,
    1.776000049128));
#1341 = CARTESIAN_POINT('',(-7.127614681059,11.405108683368,
    1.823999937586));
#1342 = CARTESIAN_POINT('',(-7.896722088455,10.86632108518,
    1.872000023268));
#1343 = CARTESIAN_POINT('',(-8.613353970296,10.264995537378,
    1.919999986714));
#1344 = CARTESIAN_POINT('',(-4.719877977894,12.967758166846,1.68));
#1345 = CARTESIAN_POINT('',(-5.625198285675,12.638248522336,
    1.727999984334));
#1346 = CARTESIAN_POINT('',(-6.501763430402,12.229734787743,
    1.776000021055));
#1347 = CARTESIAN_POINT('',(-7.340379292767,11.745559693848,
    1.823999973251));
#1348 = CARTESIAN_POINT('',(-8.132445137072,11.190688877724,
    1.872000009972));
#1349 = CARTESIAN_POINT('',(-8.870469013887,10.571413314863,
    1.919999994306));
#1350 = DEFINITIONAL_REPRESENTATION('',(#1351),#1366);
#1351 = B_SPLINE_CURVE_WITH_KNOTS('',4,(#1352,#1353,#1354,#1355,#1356,
    #1357,#1358,#1359,#1360,#1361,#1362,#1363,#1364,#1365),
  .UNSPECIFIED.,.F.,.F.,(5,3,3,3,5),(0.,0.249999995755,0.5,
    0.750000004245,1.),.UNSPECIFIED.);
#1352 = CARTESIAN_POINT('',(0.3,0.));
#1353 = CARTESIAN_POINT('',(0.3,2.647573680413E-02));
#1354 = CARTESIAN_POINT('',(0.30000000614,5.295147606761E-02));
#1355 = CARTESIAN_POINT('',(0.300000112553,7.942721599358E-02));
#1356 = CARTESIAN_POINT('',(0.300000339576,0.132378691288));
#1357 = CARTESIAN_POINT('',(0.30000046854,0.158854430965));
#1358 = CARTESIAN_POINT('',(0.300000537945,0.185330169703));
#1359 = CARTESIAN_POINT('',(0.300000537945,0.238281643063));
#1360 = CARTESIAN_POINT('',(0.30000046854,0.264757381801));
#1361 = CARTESIAN_POINT('',(0.300000339576,0.291233121477));
#1362 = CARTESIAN_POINT('',(0.300000112553,0.344184596772));
#1363 = CARTESIAN_POINT('',(0.30000000614,0.370660336698));
#1364 = CARTESIAN_POINT('',(0.3,0.397136075962));
#1365 = CARTESIAN_POINT('',(0.3,0.423611812766));
#1366 = ( GEOMETRIC_REPRESENTATION_CONTEXT(2) 
PARAMETRIC_REPRESENTATION_CONTEXT() REPRESENTATION_CONTEXT('2D SPACE',''
  ) );
#1367 = ORIENTED_EDGE('',*,*,#1368,.T.);
#1368 = EDGE_CURVE('',#1298,#1369,#1371,.T.);
#1369 = VERTEX_POINT('',#1370);
#1370 = CARTESIAN_POINT('',(-4.620549393693,12.897306823537,3.1));
#1371 = SURFACE_CURVE('',#1372,(#1377,#1387),.PCURVE_S1.);
#1372 = ELLIPSE('',#1373,281.28820022261,13.7);
#1373 = AXIS2_PLACEMENT_3D('',#1374,#1375,#1376);
#1374 = CARTESIAN_POINT('',(0.,0.,1.680000000016));
#1375 = DIRECTION('',(0.938577423493,0.341614244706,-4.870449591969E-02)
  );
#1376 = DIRECTION('',(4.576725541483E-02,1.665791867506E-02,
    0.998813231829));
#1377 = PCURVE('',#1000,#1378);
#1378 = DEFINITIONAL_REPRESENTATION('',(#1379),#1386);
#1379 = B_SPLINE_CURVE_WITH_KNOTS('',5,(#1380,#1381,#1382,#1383,#1384,
    #1385),.UNSPECIFIED.,.F.,.F.,(6,6),(4.711883560224,4.717948630557),
  .PIECEWISE_BEZIER_KNOTS.);
#1380 = CARTESIAN_POINT('',(1.920367597354,1.338));
#1381 = CARTESIAN_POINT('',(1.919154583288,1.678801567052));
#1382 = CARTESIAN_POINT('',(1.917941569221,2.019603395278));
#1383 = CARTESIAN_POINT('',(1.916728555155,2.360404439976));
#1384 = CARTESIAN_POINT('',(1.915515541088,2.701203656445));
#1385 = CARTESIAN_POINT('',(1.914302527021,3.042));
#1386 = ( GEOMETRIC_REPRESENTATION_CONTEXT(2) 
PARAMETRIC_REPRESENTATION_CONTEXT() REPRESENTATION_CONTEXT('2D SPACE',''
  ) );
#1387 = PCURVE('',#1388,#1393);
#1388 = PLANE('',#1389);
#1389 = AXIS2_PLACEMENT_3D('',#1390,#1391,#1392);
#1390 = CARTESIAN_POINT('',(-4.697768055051,13.065939058399,
    2.794719791324));
#1391 = DIRECTION('',(0.938577423493,0.341614244706,-4.870449591969E-02)
  );
#1392 = DIRECTION('',(-4.576725541483E-02,-1.665791867506E-02,
    -0.998813231829));
#1393 = DEFINITIONAL_REPRESENTATION('',(#1394),#1398);
#1394 = ELLIPSE('',#1395,281.28820022261,13.7);
#1395 = AXIS2_PLACEMENT_2D('',#1396,#1397);
#1396 = CARTESIAN_POINT('',(1.116044277134,-13.88469782031));
#1397 = DIRECTION('',(-1.,-2.639677448618E-15));
#1398 = ( GEOMETRIC_REPRESENTATION_CONTEXT(2) 
PARAMETRIC_REPRESENTATION_CONTEXT() REPRESENTATION_CONTEXT('2D SPACE',''
  ) );
#1399 = ORIENTED_EDGE('',*,*,#1400,.T.);
#1400 = EDGE_CURVE('',#1369,#1401,#1403,.T.);
#1401 = VERTEX_POINT('',#1402);
#1402 = CARTESIAN_POINT('',(-8.762034698662,10.531702043803,3.1));
#1403 = SURFACE_CURVE('',#1404,(#1409,#1416),.PCURVE_S1.);
#1404 = CIRCLE('',#1405,13.7);
#1405 = AXIS2_PLACEMENT_3D('',#1406,#1407,#1408);
#1406 = CARTESIAN_POINT('',(0.,0.,3.1));
#1407 = DIRECTION('',(0.,0.,1.));
#1408 = DIRECTION('',(1.,0.,-0.));
#1409 = PCURVE('',#1000,#1410);
#1410 = DEFINITIONAL_REPRESENTATION('',(#1411),#1415);
#1411 = LINE('',#1412,#1413);
#1412 = CARTESIAN_POINT('',(0.,2.9));
#1413 = VECTOR('',#1414,1.);
#1414 = DIRECTION('',(1.,0.));
#1415 = ( GEOMETRIC_REPRESENTATION_CONTEXT(2) 
PARAMETRIC_REPRESENTATION_CONTEXT() REPRESENTATION_CONTEXT('2D SPACE',''
  ) );
#1416 = PCURVE('',#1417,#1422);
#1417 = PLANE('',#1418);
#1418 = AXIS2_PLACEMENT_3D('',#1419,#1420,#1421);
#1419 = CARTESIAN_POINT('',(0.,0.,3.1));
#1420 = DIRECTION('',(0.,0.,1.));
#1421 = DIRECTION('',(1.,0.,-0.));
#1422 = DEFINITIONAL_REPRESENTATION('',(#1423),#1427);
#1423 = CIRCLE('',#1424,13.7);
#1424 = AXIS2_PLACEMENT_2D('',#1425,#1426);
#1425 = CARTESIAN_POINT('',(0.,0.));
#1426 = DIRECTION('',(1.,0.));
#1427 = ( GEOMETRIC_REPRESENTATION_CONTEXT(2) 
PARAMETRIC_REPRESENTATION_CONTEXT() REPRESENTATION_CONTEXT('2D SPACE',''
  ) );
#1428 = ORIENTED_EDGE('',*,*,#1429,.F.);
#1429 = EDGE_CURVE('',#1300,#1401,#1430,.T.);
#1430 = SURFACE_CURVE('',#1431,(#1436,#1446),.PCURVE_S1.);
#1431 = ELLIPSE('',#1432,281.28820022263,13.7);
#1432 = AXIS2_PLACEMENT_3D('',#1433,#1434,#1435);
#1433 = CARTESIAN_POINT('',(0.,0.,1.919999999982));
#1434 = DIRECTION('',(0.765135325956,0.642024769811,-4.870449591969E-02)
  );
#1435 = DIRECTION('',(3.730980845419E-02,3.130664651321E-02,
    0.998813231829));
#1436 = PCURVE('',#1000,#1437);
#1437 = DEFINITIONAL_REPRESENTATION('',(#1438),#1445);
#1438 = B_SPLINE_CURVE_WITH_KNOTS('',5,(#1439,#1440,#1441,#1442,#1443,
    #1444),.UNSPECIFIED.,.F.,.F.,(6,6),(4.711968983303,4.717008964012),
  .PIECEWISE_BEZIER_KNOTS.);
#1439 = CARTESIAN_POINT('',(2.269348024674,1.601999985386));
#1440 = CARTESIAN_POINT('',(2.268340028532,1.885200887787));
#1441 = CARTESIAN_POINT('',(2.26733203239,2.168401940057));
#1442 = CARTESIAN_POINT('',(2.266324036249,2.451602542719));
#1443 = CARTESIAN_POINT('',(2.265316040107,2.7348020963));
#1444 = CARTESIAN_POINT('',(2.264308043965,3.018000001329));
#1445 = ( GEOMETRIC_REPRESENTATION_CONTEXT(2) 
PARAMETRIC_REPRESENTATION_CONTEXT() REPRESENTATION_CONTEXT('2D SPACE',''
  ) );
#1446 = PCURVE('',#1447,#1452);
#1447 = PLANE('',#1448);
#1448 = AXIS2_PLACEMENT_3D('',#1449,#1450,#1451);
#1449 = CARTESIAN_POINT('',(-8.883272311454,10.671235196943,
    3.034719787238));
#1450 = DIRECTION('',(0.765135325956,0.642024769811,-4.870449591969E-02)
  );
#1451 = DIRECTION('',(0.642787609687,-0.766044443119,4.463095719284E-19)
  );
#1452 = DEFINITIONAL_REPRESENTATION('',(#1453),#1457);
#1453 = ELLIPSE('',#1454,281.28820022263,13.7);
#1454 = AXIS2_PLACEMENT_2D('',#1455,#1456);
#1455 = CARTESIAN_POINT('',(13.884697799108,1.116044273076));
#1456 = DIRECTION('',(-2.610391747334E-18,-1.));
#1457 = ( GEOMETRIC_REPRESENTATION_CONTEXT(2) 
PARAMETRIC_REPRESENTATION_CONTEXT() REPRESENTATION_CONTEXT('2D SPACE',''
  ) );
#1458 = FACE_BOUND('',#1459,.T.);
#1459 = EDGE_LOOP('',(#1460,#1531,#1563,#1592));
#1460 = ORIENTED_EDGE('',*,*,#1461,.F.);
#1461 = EDGE_CURVE('',#1462,#1464,#1466,.T.);
#1462 = VERTEX_POINT('',#1463);
#1463 = CARTESIAN_POINT('',(-8.806190252706,-10.49480887073,1.68));
#1464 = VERTEX_POINT('',#1465);
#1465 = CARTESIAN_POINT('',(-4.685675963214,-12.87378890489,
    1.919999992408));
#1466 = SURFACE_CURVE('',#1467,(#1482,#1500),.PCURVE_S1.);
#1467 = B_SPLINE_CURVE_WITH_KNOTS('',4,(#1468,#1469,#1470,#1471,#1472,
    #1473,#1474,#1475,#1476,#1477,#1478,#1479,#1480,#1481),
  .UNSPECIFIED.,.F.,.F.,(5,3,3,3,5),(0.,0.249999995755,0.5,
    0.750000004245,1.),.UNSPECIFIED.);
#1468 = CARTESIAN_POINT('',(-8.806190252706,-10.49480887073,1.68));
#1469 = CARTESIAN_POINT('',(-8.577229053721,-10.68693012835,
    1.694999992626));
#1470 = CARTESIAN_POINT('',(-8.342679218756,-10.87239121947,
    1.709999993855));
#1471 = CARTESIAN_POINT('',(-8.102831597116,-11.05094810034,
    1.724999995937));
#1472 = CARTESIAN_POINT('',(-7.613162783808,-11.39381789573,
    1.754999996959));
#1473 = CARTESIAN_POINT('',(-7.363341474172,-11.55813089212,
    1.769999998208));
#1474 = CARTESIAN_POINT('',(-7.108844278427,-11.71510421802,
    1.784999997756));
#1475 = CARTESIAN_POINT('',(-6.591155721252,-12.01399184585,
    1.814999994653));
#1476 = CARTESIAN_POINT('',(-6.327964235435,-12.1559062196,1.8299999942)
  );
#1477 = CARTESIAN_POINT('',(-6.060754351561,-12.29010132195,
    1.844999995449));
#1478 = CARTESIAN_POINT('',(-5.518985991907,-12.54273205601,
    1.874999996471));
#1479 = CARTESIAN_POINT('',(-5.244427386225,-12.66116774894,
    1.889999998553));
#1480 = CARTESIAN_POINT('',(-4.966538452417,-12.77156331891,
    1.904999999782));
#1481 = CARTESIAN_POINT('',(-4.685675963214,-12.87378890489,
    1.919999992408));
#1482 = PCURVE('',#1000,#1483);
#1483 = DEFINITIONAL_REPRESENTATION('',(#1484),#1499);
#1484 = B_SPLINE_CURVE_WITH_KNOTS('',4,(#1485,#1486,#1487,#1488,#1489,
    #1490,#1491,#1492,#1493,#1494,#1495,#1496,#1497,#1498),
  .UNSPECIFIED.,.F.,.F.,(5,3,3,3,5),(0.,0.249999995755,0.5,
    0.750000004245,1.),.UNSPECIFIED.);
#1485 = CARTESIAN_POINT('',(4.014257279587,1.48));
#1486 = CARTESIAN_POINT('',(4.036073894049,1.494999992626));
#1487 = CARTESIAN_POINT('',(4.057890510181,1.509999993855));
#1488 = CARTESIAN_POINT('',(4.079707126303,1.524999995937));
#1489 = CARTESIAN_POINT('',(4.123340355851,1.554999996959));
#1490 = CARTESIAN_POINT('',(4.145156972731,1.569999998208));
#1491 = CARTESIAN_POINT('',(4.166973589629,1.584999997756));
#1492 = CARTESIAN_POINT('',(4.210606819971,1.614999994653));
#1493 = CARTESIAN_POINT('',(4.232423436869,1.6299999942));
#1494 = CARTESIAN_POINT('',(4.254240053748,1.644999995449));
#1495 = CARTESIAN_POINT('',(4.297873283297,1.674999996471));
#1496 = CARTESIAN_POINT('',(4.319689899419,1.689999998553));
#1497 = CARTESIAN_POINT('',(4.341506515551,1.704999999782));
#1498 = CARTESIAN_POINT('',(4.363323130013,1.719999992408));
#1499 = ( GEOMETRIC_REPRESENTATION_CONTEXT(2) 
PARAMETRIC_REPRESENTATION_CONTEXT() REPRESENTATION_CONTEXT('2D SPACE',''
  ) );
#1500 = PCURVE('',#1501,#1514);
#1501 = B_SPLINE_SURFACE_WITH_KNOTS('',1,5,(
    (#1502,#1503,#1504,#1505,#1506,#1507)
    ,(#1508,#1509,#1510,#1511,#1512,#1513
    )),.UNSPECIFIED.,.F.,.F.,.F.,(2,2),(6,6),(0.,0.4),(0.,0.423611812766
    ),.PIECEWISE_BEZIER_KNOTS.);
#1502 = CARTESIAN_POINT('',(-8.6133539698,-10.26499553779,1.68));
#1503 = CARTESIAN_POINT('',(-7.89672208793,-10.86632108556,
    1.727999963446));
#1504 = CARTESIAN_POINT('',(-7.127614680507,-11.40510868371,
    1.776000049128));
#1505 = CARTESIAN_POINT('',(-6.31330651219,-11.87524972386,
    1.823999937586));
#1506 = CARTESIAN_POINT('',(-5.462149061217,-12.27192247781,
    1.872000023268));
#1507 = CARTESIAN_POINT('',(-4.583069919955,-12.59188111875,
    1.919999986714));
#1508 = CARTESIAN_POINT('',(-8.870469013674,-10.57141331504,1.68));
#1509 = CARTESIAN_POINT('',(-8.132445136847,-11.19068887788,
    1.727999984334));
#1510 = CARTESIAN_POINT('',(-7.340379292531,-11.74555969399,
    1.776000021055));
#1511 = CARTESIAN_POINT('',(-6.501763430156,-12.22973478787,
    1.823999973251));
#1512 = CARTESIAN_POINT('',(-5.625198285421,-12.63824852245,
    1.872000009972));
#1513 = CARTESIAN_POINT('',(-4.719877977633,-12.96775816694,
    1.919999994306));
#1514 = DEFINITIONAL_REPRESENTATION('',(#1515),#1530);
#1515 = B_SPLINE_CURVE_WITH_KNOTS('',4,(#1516,#1517,#1518,#1519,#1520,
    #1521,#1522,#1523,#1524,#1525,#1526,#1527,#1528,#1529),
  .UNSPECIFIED.,.F.,.F.,(5,3,3,3,5),(0.,0.249999995755,0.5,
    0.750000004245,1.),.UNSPECIFIED.);
#1516 = CARTESIAN_POINT('',(0.3,0.));
#1517 = CARTESIAN_POINT('',(0.3,2.647573680413E-02));
#1518 = CARTESIAN_POINT('',(0.30000000614,5.295147606761E-02));
#1519 = CARTESIAN_POINT('',(0.300000112553,7.942721599358E-02));
#1520 = CARTESIAN_POINT('',(0.300000339576,0.132378691288));
#1521 = CARTESIAN_POINT('',(0.30000046854,0.158854430965));
#1522 = CARTESIAN_POINT('',(0.300000537945,0.185330169703));
#1523 = CARTESIAN_POINT('',(0.300000537945,0.238281643063));
#1524 = CARTESIAN_POINT('',(0.30000046854,0.264757381801));
#1525 = CARTESIAN_POINT('',(0.300000339576,0.291233121477));
#1526 = CARTESIAN_POINT('',(0.300000112553,0.344184596772));
#1527 = CARTESIAN_POINT('',(0.30000000614,0.370660336698));
#1528 = CARTESIAN_POINT('',(0.3,0.397136075962));
#1529 = CARTESIAN_POINT('',(0.3,0.423611812766));
#1530 = ( GEOMETRIC_REPRESENTATION_CONTEXT(2) 
PARAMETRIC_REPRESENTATION_CONTEXT() REPRESENTATION_CONTEXT('2D SPACE',''
  ) );
#1531 = ORIENTED_EDGE('',*,*,#1532,.T.);
#1532 = EDGE_CURVE('',#1462,#1533,#1535,.T.);
#1533 = VERTEX_POINT('',#1534);
#1534 = CARTESIAN_POINT('',(-8.859120652739,-10.45016656614,3.1));
#1535 = SURFACE_CURVE('',#1536,(#1541,#1551),.PCURVE_S1.);
#1536 = ELLIPSE('',#1537,281.28820022261,13.7);
#1537 = AXIS2_PLACEMENT_3D('',#1538,#1539,#1540);
#1538 = CARTESIAN_POINT('',(0.,0.,1.680000000016));
#1539 = DIRECTION('',(-0.765135325956,0.642024769811,-4.870449591969E-02
    ));
#1540 = DIRECTION('',(-3.730980845419E-02,3.130664651321E-02,
    0.998813231829));
#1541 = PCURVE('',#1000,#1542);
#1542 = DEFINITIONAL_REPRESENTATION('',(#1543),#1550);
#1543 = B_SPLINE_CURVE_WITH_KNOTS('',5,(#1544,#1545,#1546,#1547,#1548,
    #1549),.UNSPECIFIED.,.F.,.F.,(6,6),(4.711883560224,4.717948630557),
  .PIECEWISE_BEZIER_KNOTS.);
#1544 = CARTESIAN_POINT('',(4.014762699748,1.338));
#1545 = CARTESIAN_POINT('',(4.013549685681,1.678801567052));
#1546 = CARTESIAN_POINT('',(4.012336671614,2.019603395278));
#1547 = CARTESIAN_POINT('',(4.011123657548,2.360404439976));
#1548 = CARTESIAN_POINT('',(4.009910643481,2.701203656445));
#1549 = CARTESIAN_POINT('',(4.008697629415,3.042));
#1550 = ( GEOMETRIC_REPRESENTATION_CONTEXT(2) 
PARAMETRIC_REPRESENTATION_CONTEXT() REPRESENTATION_CONTEXT('2D SPACE',''
  ) );
#1551 = PCURVE('',#1552,#1557);
#1552 = PLANE('',#1553);
#1553 = AXIS2_PLACEMENT_3D('',#1554,#1555,#1556);
#1554 = CARTESIAN_POINT('',(-8.966551121347,-10.60135600596,
    2.794719791324));
#1555 = DIRECTION('',(-0.765135325956,0.642024769811,-4.870449591969E-02
    ));
#1556 = DIRECTION('',(3.730980845419E-02,-3.130664651321E-02,
    -0.998813231829));
#1557 = DEFINITIONAL_REPRESENTATION('',(#1558),#1562);
#1558 = ELLIPSE('',#1559,281.28820022261,13.7);
#1559 = AXIS2_PLACEMENT_2D('',#1560,#1561);
#1560 = CARTESIAN_POINT('',(1.116044277134,-13.88469782031));
#1561 = DIRECTION('',(-1.,-2.6307074921E-15));
#1562 = ( GEOMETRIC_REPRESENTATION_CONTEXT(2) 
PARAMETRIC_REPRESENTATION_CONTEXT() REPRESENTATION_CONTEXT('2D SPACE',''
  ) );
#1563 = ORIENTED_EDGE('',*,*,#1564,.T.);
#1564 = EDGE_CURVE('',#1533,#1565,#1567,.T.);
#1565 = VERTEX_POINT('',#1566);
#1566 = CARTESIAN_POINT('',(-4.73970416569,-12.85399565978,3.1));
#1567 = SURFACE_CURVE('',#1568,(#1573,#1580),.PCURVE_S1.);
#1568 = CIRCLE('',#1569,13.7);
#1569 = AXIS2_PLACEMENT_3D('',#1570,#1571,#1572);
#1570 = CARTESIAN_POINT('',(0.,0.,3.1));
#1571 = DIRECTION('',(0.,0.,1.));
#1572 = DIRECTION('',(1.,0.,-0.));
#1573 = PCURVE('',#1000,#1574);
#1574 = DEFINITIONAL_REPRESENTATION('',(#1575),#1579);
#1575 = LINE('',#1576,#1577);
#1576 = CARTESIAN_POINT('',(0.,2.9));
#1577 = VECTOR('',#1578,1.);
#1578 = DIRECTION('',(1.,0.));
#1579 = ( GEOMETRIC_REPRESENTATION_CONTEXT(2) 
PARAMETRIC_REPRESENTATION_CONTEXT() REPRESENTATION_CONTEXT('2D SPACE',''
  ) );
#1580 = PCURVE('',#1581,#1586);
#1581 = PLANE('',#1582);
#1582 = AXIS2_PLACEMENT_3D('',#1583,#1584,#1585);
#1583 = CARTESIAN_POINT('',(0.,0.,3.1));
#1584 = DIRECTION('',(0.,0.,1.));
#1585 = DIRECTION('',(1.,0.,-0.));
#1586 = DEFINITIONAL_REPRESENTATION('',(#1587),#1591);
#1587 = CIRCLE('',#1588,13.7);
#1588 = AXIS2_PLACEMENT_2D('',#1589,#1590);
#1589 = CARTESIAN_POINT('',(0.,0.));
#1590 = DIRECTION('',(1.,0.));
#1591 = ( GEOMETRIC_REPRESENTATION_CONTEXT(2) 
PARAMETRIC_REPRESENTATION_CONTEXT() REPRESENTATION_CONTEXT('2D SPACE',''
  ) );
#1592 = ORIENTED_EDGE('',*,*,#1593,.F.);
#1593 = EDGE_CURVE('',#1464,#1565,#1594,.T.);
#1594 = SURFACE_CURVE('',#1595,(#1600,#1610),.PCURVE_S1.);
#1595 = ELLIPSE('',#1596,281.28820022263,13.7);
#1596 = AXIS2_PLACEMENT_3D('',#1597,#1598,#1599);
#1597 = CARTESIAN_POINT('',(0.,0.,1.919999999982));
#1598 = DIRECTION('',(-0.938577423493,0.341614244706,-4.870449591969E-02
    ));
#1599 = DIRECTION('',(-4.576725541483E-02,1.665791867505E-02,
    0.998813231829));
#1600 = PCURVE('',#1000,#1601);
#1601 = DEFINITIONAL_REPRESENTATION('',(#1602),#1609);
#1602 = B_SPLINE_CURVE_WITH_KNOTS('',5,(#1603,#1604,#1605,#1606,#1607,
    #1608),.UNSPECIFIED.,.F.,.F.,(6,6),(4.711968983303,4.717008964012),
  .PIECEWISE_BEZIER_KNOTS.);
#1603 = CARTESIAN_POINT('',(4.363743127067,1.601999985386));
#1604 = CARTESIAN_POINT('',(4.362735130925,1.885200887787));
#1605 = CARTESIAN_POINT('',(4.361727134784,2.168401940057));
#1606 = CARTESIAN_POINT('',(4.360719138642,2.451602542719));
#1607 = CARTESIAN_POINT('',(4.3597111425,2.7348020963));
#1608 = CARTESIAN_POINT('',(4.358703146358,3.018000001329));
#1609 = ( GEOMETRIC_REPRESENTATION_CONTEXT(2) 
PARAMETRIC_REPRESENTATION_CONTEXT() REPRESENTATION_CONTEXT('2D SPACE',''
  ) );
#1610 = PCURVE('',#1611,#1616);
#1611 = PLANE('',#1612);
#1612 = AXIS2_PLACEMENT_3D('',#1613,#1614,#1615);
#1613 = CARTESIAN_POINT('',(-4.799924614584,-13.02875708892,
    3.034719787238));
#1614 = DIRECTION('',(-0.938577423493,0.341614244706,-4.870449591969E-02
    ));
#1615 = DIRECTION('',(0.342020143326,0.939692620786,4.463095719284E-19)
  );
#1616 = DEFINITIONAL_REPRESENTATION('',(#1617),#1621);
#1617 = ELLIPSE('',#1618,281.28820022263,13.7);
#1618 = AXIS2_PLACEMENT_2D('',#1619,#1620);
#1619 = CARTESIAN_POINT('',(13.884697799108,1.116044273076));
#1620 = DIRECTION('',(1.76994913445E-18,-1.));
#1621 = ( GEOMETRIC_REPRESENTATION_CONTEXT(2) 
PARAMETRIC_REPRESENTATION_CONTEXT() REPRESENTATION_CONTEXT('2D SPACE',''
  ) );
#1622 = ADVANCED_FACE('',(#1623),#1611,.F.);
#1623 = FACE_BOUND('',#1624,.F.);
#1624 = EDGE_LOOP('',(#1625,#1646,#1647,#1668,#1702));
#1625 = ORIENTED_EDGE('',*,*,#1626,.T.);
#1626 = EDGE_CURVE('',#1627,#1565,#1629,.T.);
#1627 = VERTEX_POINT('',#1628);
#1628 = CARTESIAN_POINT('',(-5.01336159993,-13.60586328102,3.1));
#1629 = SURFACE_CURVE('',#1630,(#1634,#1640),.PCURVE_S1.);
#1630 = LINE('',#1631,#1632);
#1631 = CARTESIAN_POINT('',(-2.428492695029,-6.503994332555,3.1));
#1632 = VECTOR('',#1633,1.);
#1633 = DIRECTION('',(0.342020143326,0.939692620786,-0.));
#1634 = PCURVE('',#1611,#1635);
#1635 = DEFINITIONAL_REPRESENTATION('',(#1636),#1639);
#1636 = B_SPLINE_CURVE_WITH_KNOTS('',1,(#1637,#1638),.UNSPECIFIED.,.F.,
  .F.,(2,2),(-7.557651084594,-6.457651061682),.PIECEWISE_BEZIER_KNOTS.);
#1637 = CARTESIAN_POINT('',(-0.61530218504,-6.535777729165E-02));
#1638 = CARTESIAN_POINT('',(0.484697837872,-6.535777729165E-02));
#1639 = ( GEOMETRIC_REPRESENTATION_CONTEXT(2) 
PARAMETRIC_REPRESENTATION_CONTEXT() REPRESENTATION_CONTEXT('2D SPACE',''
  ) );
#1640 = PCURVE('',#1581,#1641);
#1641 = DEFINITIONAL_REPRESENTATION('',(#1642),#1645);
#1642 = B_SPLINE_CURVE_WITH_KNOTS('',1,(#1643,#1644),.UNSPECIFIED.,.F.,
  .F.,(2,2),(-7.557651084594,-6.457651061682),.PIECEWISE_BEZIER_KNOTS.);
#1643 = CARTESIAN_POINT('',(-5.013361602186,-13.60586328722));
#1644 = CARTESIAN_POINT('',(-4.637139436692,-12.57220138282));
#1645 = ( GEOMETRIC_REPRESENTATION_CONTEXT(2) 
PARAMETRIC_REPRESENTATION_CONTEXT() REPRESENTATION_CONTEXT('2D SPACE',''
  ) );
#1646 = ORIENTED_EDGE('',*,*,#1593,.F.);
#1647 = ORIENTED_EDGE('',*,*,#1648,.T.);
#1648 = EDGE_CURVE('',#1464,#1649,#1651,.T.);
#1649 = VERTEX_POINT('',#1650);
#1650 = CARTESIAN_POINT('',(-4.719877977633,-12.96775816694,
    1.919999994306));
#1651 = SURFACE_CURVE('',#1652,(#1655,#1661),.PCURVE_S1.);
#1652 = B_SPLINE_CURVE_WITH_KNOTS('',1,(#1653,#1654),.UNSPECIFIED.,.F.,
  .F.,(2,2),(0.,0.4),.PIECEWISE_BEZIER_KNOTS.);
#1653 = CARTESIAN_POINT('',(-4.583069919955,-12.59188111875,
    1.919999986714));
#1654 = CARTESIAN_POINT('',(-4.719877977633,-12.96775816694,
    1.919999994306));
#1655 = PCURVE('',#1611,#1656);
#1656 = DEFINITIONAL_REPRESENTATION('',(#1657),#1660);
#1657 = B_SPLINE_CURVE_WITH_KNOTS('',1,(#1658,#1659),.UNSPECIFIED.,.F.,
  .F.,(2,2),(0.,0.4),.PIECEWISE_BEZIER_KNOTS.);
#1658 = CARTESIAN_POINT('',(0.484697799108,1.11604428636));
#1659 = CARTESIAN_POINT('',(8.469779910787E-02,1.116044278759));
#1660 = ( GEOMETRIC_REPRESENTATION_CONTEXT(2) 
PARAMETRIC_REPRESENTATION_CONTEXT() REPRESENTATION_CONTEXT('2D SPACE',''
  ) );
#1661 = PCURVE('',#1501,#1662);
#1662 = DEFINITIONAL_REPRESENTATION('',(#1663),#1667);
#1663 = LINE('',#1664,#1665);
#1664 = CARTESIAN_POINT('',(0.,0.423611812766));
#1665 = VECTOR('',#1666,1.);
#1666 = DIRECTION('',(1.,0.));
#1667 = ( GEOMETRIC_REPRESENTATION_CONTEXT(2) 
PARAMETRIC_REPRESENTATION_CONTEXT() REPRESENTATION_CONTEXT('2D SPACE',''
  ) );
#1668 = ORIENTED_EDGE('',*,*,#1669,.T.);
#1669 = EDGE_CURVE('',#1649,#1670,#1672,.T.);
#1670 = VERTEX_POINT('',#1671);
#1671 = CARTESIAN_POINT('',(-4.997472376893,-13.61164649227,
    2.753237487746));
#1672 = SURFACE_CURVE('',#1673,(#1676,#1682),.PCURVE_S1.);
#1673 = B_SPLINE_CURVE_WITH_KNOTS('',1,(#1674,#1675),.UNSPECIFIED.,.F.,
  .F.,(2,2),(0.,1.089006678802),.PIECEWISE_BEZIER_KNOTS.);
#1674 = CARTESIAN_POINT('',(-4.719877977633,-12.96775816694,
    1.919999994306));
#1675 = CARTESIAN_POINT('',(-4.997472376893,-13.61164649227,
    2.753237487746));
#1676 = PCURVE('',#1611,#1677);
#1677 = DEFINITIONAL_REPRESENTATION('',(#1678),#1681);
#1678 = B_SPLINE_CURVE_WITH_KNOTS('',1,(#1679,#1680),.UNSPECIFIED.,.F.,
  .F.,(2,2),(0.,1.089006678802),.PIECEWISE_BEZIER_KNOTS.);
#1679 = CARTESIAN_POINT('',(8.469779910787E-02,1.116044278759));
#1680 = CARTESIAN_POINT('',(-0.61530218504,0.281816750642));
#1681 = ( GEOMETRIC_REPRESENTATION_CONTEXT(2) 
PARAMETRIC_REPRESENTATION_CONTEXT() REPRESENTATION_CONTEXT('2D SPACE',''
  ) );
#1682 = PCURVE('',#1683,#1696);
#1683 = B_SPLINE_SURFACE_WITH_KNOTS('',1,5,(
    (#1684,#1685,#1686,#1687,#1688,#1689)
    ,(#1690,#1691,#1692,#1693,#1694,#1695
    )),.UNSPECIFIED.,.F.,.F.,.F.,(2,2),(6,6),(0.,1.089006678802),(0.,
    0.423611812766),.PIECEWISE_BEZIER_KNOTS.);
#1684 = CARTESIAN_POINT('',(-8.870469013674,-10.57141331504,1.68));
#1685 = CARTESIAN_POINT('',(-8.132445136847,-11.19068887788,
    1.727999984334));
#1686 = CARTESIAN_POINT('',(-7.340379292531,-11.74555969399,
    1.776000021055));
#1687 = CARTESIAN_POINT('',(-6.501763430156,-12.22973478787,
    1.823999973251));
#1688 = CARTESIAN_POINT('',(-5.625198285421,-12.63824852245,
    1.872000009972));
#1689 = CARTESIAN_POINT('',(-4.719877977633,-12.96775816694,
    1.919999994306));
#1690 = CARTESIAN_POINT('',(-9.35154520924,-11.0815275593,2.513237480154
    ));
#1691 = CARTESIAN_POINT('',(-8.577908614771,-11.73438854046,
    2.561237501015));
#1692 = CARTESIAN_POINT('',(-7.747299253061,-12.31973710282,
    2.609237452212));
#1693 = CARTESIAN_POINT('',(-6.867570392931,-12.8309407706,
    2.657237515951));
#1694 = CARTESIAN_POINT('',(-5.947744582222,-13.26275714477,
    2.705237466831));
#1695 = CARTESIAN_POINT('',(-4.997472376893,-13.61164649227,
    2.753237487746));
#1696 = DEFINITIONAL_REPRESENTATION('',(#1697),#1701);
#1697 = LINE('',#1698,#1699);
#1698 = CARTESIAN_POINT('',(0.,0.423611812766));
#1699 = VECTOR('',#1700,1.);
#1700 = DIRECTION('',(1.,0.));
#1701 = ( GEOMETRIC_REPRESENTATION_CONTEXT(2) 
PARAMETRIC_REPRESENTATION_CONTEXT() REPRESENTATION_CONTEXT('2D SPACE',''
  ) );
#1702 = ORIENTED_EDGE('',*,*,#1703,.T.);
#1703 = EDGE_CURVE('',#1670,#1627,#1704,.T.);
#1704 = SURFACE_CURVE('',#1705,(#1708,#1714),.PCURVE_S1.);
#1705 = B_SPLINE_CURVE_WITH_KNOTS('',1,(#1706,#1707),.UNSPECIFIED.,.F.,
  .F.,(2,2),(0.,1.205772485184),.PIECEWISE_BEZIER_KNOTS.);
#1706 = CARTESIAN_POINT('',(-4.997472376893,-13.61164649227,
    2.753237487746));
#1707 = CARTESIAN_POINT('',(-5.052657266358,-13.59156081074,
    3.957579000524));
#1708 = PCURVE('',#1611,#1709);
#1709 = DEFINITIONAL_REPRESENTATION('',(#1710),#1713);
#1710 = B_SPLINE_CURVE_WITH_KNOTS('',1,(#1711,#1712),.UNSPECIFIED.,.F.,
  .F.,(2,2),(0.,1.205772485184),.PIECEWISE_BEZIER_KNOTS.);
#1711 = CARTESIAN_POINT('',(-0.61530218504,0.281816750642));
#1712 = CARTESIAN_POINT('',(-0.615302162128,-0.923955734542));
#1713 = ( GEOMETRIC_REPRESENTATION_CONTEXT(2) 
PARAMETRIC_REPRESENTATION_CONTEXT() REPRESENTATION_CONTEXT('2D SPACE',''
  ) );
#1714 = PCURVE('',#1715,#1728);
#1715 = B_SPLINE_SURFACE_WITH_KNOTS('',1,5,(
    (#1716,#1717,#1718,#1719,#1720,#1721)
    ,(#1722,#1723,#1724,#1725,#1726,#1727
    )),.UNSPECIFIED.,.F.,.F.,.F.,(2,2),(6,6),(0.,1.205772485184),(0.,
    0.423611812766),.PIECEWISE_BEZIER_KNOTS.);
#1716 = CARTESIAN_POINT('',(-9.35154520924,-11.0815275593,2.513237480154
    ));
#1717 = CARTESIAN_POINT('',(-8.577908614771,-11.73438854046,
    2.561237501015));
#1718 = CARTESIAN_POINT('',(-7.747299253061,-12.31973710282,
    2.609237452212));
#1719 = CARTESIAN_POINT('',(-6.867570392931,-12.8309407706,
    2.657237515951));
#1720 = CARTESIAN_POINT('',(-5.947744582222,-13.26275714477,
    2.705237466831));
#1721 = CARTESIAN_POINT('',(-4.997472376893,-13.61164649227,
    2.753237487746));
#1722 = CARTESIAN_POINT('',(-9.396532349701,-11.04377886633,
    3.717578992932));
#1723 = CARTESIAN_POINT('',(-8.625531071164,-11.69978049348,
    3.765579013754));
#1724 = CARTESIAN_POINT('',(-7.797283088516,-12.2884998388,
    3.813578965179));
#1725 = CARTESIAN_POINT('',(-6.919614564049,-12.80327211103,
    3.861579028918));
#1726 = CARTESIAN_POINT('',(-6.00152724894,-13.23881889026,3.90957897957
    ));
#1727 = CARTESIAN_POINT('',(-5.052657266358,-13.59156081074,
    3.957579000524));
#1728 = DEFINITIONAL_REPRESENTATION('',(#1729),#1733);
#1729 = LINE('',#1730,#1731);
#1730 = CARTESIAN_POINT('',(0.,0.423611812766));
#1731 = VECTOR('',#1732,1.);
#1732 = DIRECTION('',(1.,0.));
#1733 = ( GEOMETRIC_REPRESENTATION_CONTEXT(2) 
PARAMETRIC_REPRESENTATION_CONTEXT() REPRESENTATION_CONTEXT('2D SPACE',''
  ) );
#1734 = ADVANCED_FACE('',(#1735),#1683,.F.);
#1735 = FACE_BOUND('',#1736,.F.);
#1736 = EDGE_LOOP('',(#1737,#1762,#1783,#1806));
#1737 = ORIENTED_EDGE('',*,*,#1738,.F.);
#1738 = EDGE_CURVE('',#1739,#1649,#1741,.T.);
#1739 = VERTEX_POINT('',#1740);
#1740 = CARTESIAN_POINT('',(-8.870469013674,-10.57141331504,1.68));
#1741 = SURFACE_CURVE('',#1742,(#1749,#1755),.PCURVE_S1.);
#1742 = B_SPLINE_CURVE_WITH_KNOTS('',5,(#1743,#1744,#1745,#1746,#1747,
    #1748),.UNSPECIFIED.,.F.,.F.,(6,6),(0.,0.423611812766),
  .PIECEWISE_BEZIER_KNOTS.);
#1743 = CARTESIAN_POINT('',(-8.870469013674,-10.57141331504,1.68));
#1744 = CARTESIAN_POINT('',(-8.132445136847,-11.19068887788,
    1.727999984334));
#1745 = CARTESIAN_POINT('',(-7.340379292531,-11.74555969399,
    1.776000021055));
#1746 = CARTESIAN_POINT('',(-6.501763430156,-12.22973478787,
    1.823999973251));
#1747 = CARTESIAN_POINT('',(-5.625198285421,-12.63824852245,
    1.872000009972));
#1748 = CARTESIAN_POINT('',(-4.719877977633,-12.96775816694,
    1.919999994306));
#1749 = PCURVE('',#1683,#1750);
#1750 = DEFINITIONAL_REPRESENTATION('',(#1751),#1754);
#1751 = B_SPLINE_CURVE_WITH_KNOTS('',1,(#1752,#1753),.UNSPECIFIED.,.F.,
  .F.,(2,2),(0.,0.423611812766),.PIECEWISE_BEZIER_KNOTS.);
#1752 = CARTESIAN_POINT('',(0.,0.));
#1753 = CARTESIAN_POINT('',(0.,0.423611812766));
#1754 = ( GEOMETRIC_REPRESENTATION_CONTEXT(2) 
PARAMETRIC_REPRESENTATION_CONTEXT() REPRESENTATION_CONTEXT('2D SPACE',''
  ) );
#1755 = PCURVE('',#1501,#1756);
#1756 = DEFINITIONAL_REPRESENTATION('',(#1757),#1761);
#1757 = LINE('',#1758,#1759);
#1758 = CARTESIAN_POINT('',(0.4,0.));
#1759 = VECTOR('',#1760,1.);
#1760 = DIRECTION('',(0.,1.));
#1761 = ( GEOMETRIC_REPRESENTATION_CONTEXT(2) 
PARAMETRIC_REPRESENTATION_CONTEXT() REPRESENTATION_CONTEXT('2D SPACE',''
  ) );
#1762 = ORIENTED_EDGE('',*,*,#1763,.T.);
#1763 = EDGE_CURVE('',#1739,#1764,#1766,.T.);
#1764 = VERTEX_POINT('',#1765);
#1765 = CARTESIAN_POINT('',(-9.35154520924,-11.0815275593,2.513237480154
    ));
#1766 = SURFACE_CURVE('',#1767,(#1770,#1777),.PCURVE_S1.);
#1767 = B_SPLINE_CURVE_WITH_KNOTS('',1,(#1768,#1769),.UNSPECIFIED.,.F.,
  .F.,(2,2),(0.,1.089006678802),.PIECEWISE_BEZIER_KNOTS.);
#1768 = CARTESIAN_POINT('',(-8.870469013674,-10.57141331504,1.68));
#1769 = CARTESIAN_POINT('',(-9.35154520924,-11.0815275593,2.513237480154
    ));
#1770 = PCURVE('',#1683,#1771);
#1771 = DEFINITIONAL_REPRESENTATION('',(#1772),#1776);
#1772 = LINE('',#1773,#1774);
#1773 = CARTESIAN_POINT('',(0.,0.));
#1774 = VECTOR('',#1775,1.);
#1775 = DIRECTION('',(1.,0.));
#1776 = ( GEOMETRIC_REPRESENTATION_CONTEXT(2) 
PARAMETRIC_REPRESENTATION_CONTEXT() REPRESENTATION_CONTEXT('2D SPACE',''
  ) );
#1777 = PCURVE('',#1552,#1778);
#1778 = DEFINITIONAL_REPRESENTATION('',(#1779),#1782);
#1779 = B_SPLINE_CURVE_WITH_KNOTS('',1,(#1780,#1781),.UNSPECIFIED.,.F.,
  .F.,(2,2),(0.,1.089006678802),.PIECEWISE_BEZIER_KNOTS.);
#1780 = CARTESIAN_POINT('',(1.11604427715,-8.469782031511E-02));
#1781 = CARTESIAN_POINT('',(0.281816762334,0.615302179685));
#1782 = ( GEOMETRIC_REPRESENTATION_CONTEXT(2) 
PARAMETRIC_REPRESENTATION_CONTEXT() REPRESENTATION_CONTEXT('2D SPACE',''
  ) );
#1783 = ORIENTED_EDGE('',*,*,#1784,.T.);
#1784 = EDGE_CURVE('',#1764,#1670,#1785,.T.);
#1785 = SURFACE_CURVE('',#1786,(#1793,#1800),.PCURVE_S1.);
#1786 = B_SPLINE_CURVE_WITH_KNOTS('',5,(#1787,#1788,#1789,#1790,#1791,
    #1792),.UNSPECIFIED.,.F.,.F.,(6,6),(0.,0.423611812766),
  .PIECEWISE_BEZIER_KNOTS.);
#1787 = CARTESIAN_POINT('',(-9.35154520924,-11.0815275593,2.513237480154
    ));
#1788 = CARTESIAN_POINT('',(-8.577908614771,-11.73438854046,
    2.561237501015));
#1789 = CARTESIAN_POINT('',(-7.747299253061,-12.31973710282,
    2.609237452212));
#1790 = CARTESIAN_POINT('',(-6.867570392931,-12.8309407706,
    2.657237515951));
#1791 = CARTESIAN_POINT('',(-5.947744582222,-13.26275714477,
    2.705237466831));
#1792 = CARTESIAN_POINT('',(-4.997472376893,-13.61164649227,
    2.753237487746));
#1793 = PCURVE('',#1683,#1794);
#1794 = DEFINITIONAL_REPRESENTATION('',(#1795),#1799);
#1795 = LINE('',#1796,#1797);
#1796 = CARTESIAN_POINT('',(1.089006678802,0.));
#1797 = VECTOR('',#1798,1.);
#1798 = DIRECTION('',(0.,1.));
#1799 = ( GEOMETRIC_REPRESENTATION_CONTEXT(2) 
PARAMETRIC_REPRESENTATION_CONTEXT() REPRESENTATION_CONTEXT('2D SPACE',''
  ) );
#1800 = PCURVE('',#1715,#1801);
#1801 = DEFINITIONAL_REPRESENTATION('',(#1802),#1805);
#1802 = B_SPLINE_CURVE_WITH_KNOTS('',1,(#1803,#1804),.UNSPECIFIED.,.F.,
  .F.,(2,2),(0.,0.423611812766),.PIECEWISE_BEZIER_KNOTS.);
#1803 = CARTESIAN_POINT('',(0.,0.));
#1804 = CARTESIAN_POINT('',(0.,0.423611812766));
#1805 = ( GEOMETRIC_REPRESENTATION_CONTEXT(2) 
PARAMETRIC_REPRESENTATION_CONTEXT() REPRESENTATION_CONTEXT('2D SPACE',''
  ) );
#1806 = ORIENTED_EDGE('',*,*,#1669,.F.);
#1807 = ADVANCED_FACE('',(#1808),#1715,.F.);
#1808 = FACE_BOUND('',#1809,.F.);
#1809 = EDGE_LOOP('',(#1810,#1811,#1832,#1886));
#1810 = ORIENTED_EDGE('',*,*,#1784,.F.);
#1811 = ORIENTED_EDGE('',*,*,#1812,.T.);
#1812 = EDGE_CURVE('',#1764,#1813,#1815,.T.);
#1813 = VERTEX_POINT('',#1814);
#1814 = CARTESIAN_POINT('',(-9.373463218059,-11.06313616619,3.1));
#1815 = SURFACE_CURVE('',#1816,(#1819,#1826),.PCURVE_S1.);
#1816 = B_SPLINE_CURVE_WITH_KNOTS('',1,(#1817,#1818),.UNSPECIFIED.,.F.,
  .F.,(2,2),(0.,1.205772485184),.PIECEWISE_BEZIER_KNOTS.);
#1817 = CARTESIAN_POINT('',(-9.35154520924,-11.0815275593,2.513237480154
    ));
#1818 = CARTESIAN_POINT('',(-9.396532349701,-11.04377886633,
    3.717578992932));
#1819 = PCURVE('',#1715,#1820);
#1820 = DEFINITIONAL_REPRESENTATION('',(#1821),#1825);
#1821 = LINE('',#1822,#1823);
#1822 = CARTESIAN_POINT('',(0.,0.));
#1823 = VECTOR('',#1824,1.);
#1824 = DIRECTION('',(1.,0.));
#1825 = ( GEOMETRIC_REPRESENTATION_CONTEXT(2) 
PARAMETRIC_REPRESENTATION_CONTEXT() REPRESENTATION_CONTEXT('2D SPACE',''
  ) );
#1826 = PCURVE('',#1552,#1827);
#1827 = DEFINITIONAL_REPRESENTATION('',(#1828),#1831);
#1828 = B_SPLINE_CURVE_WITH_KNOTS('',1,(#1829,#1830),.UNSPECIFIED.,.F.,
  .F.,(2,2),(0.,1.205772485184),.PIECEWISE_BEZIER_KNOTS.);
#1829 = CARTESIAN_POINT('',(0.281816762334,0.615302179685));
#1830 = CARTESIAN_POINT('',(-0.92395572285,0.615302179685));
#1831 = ( GEOMETRIC_REPRESENTATION_CONTEXT(2) 
PARAMETRIC_REPRESENTATION_CONTEXT() REPRESENTATION_CONTEXT('2D SPACE',''
  ) );
#1832 = ORIENTED_EDGE('',*,*,#1833,.T.);
#1833 = EDGE_CURVE('',#1813,#1627,#1834,.T.);
#1834 = SURFACE_CURVE('',#1835,(#1850,#1868),.PCURVE_S1.);
#1835 = B_SPLINE_CURVE_WITH_KNOTS('',4,(#1836,#1837,#1838,#1839,#1840,
    #1841,#1842,#1843,#1844,#1845,#1846,#1847,#1848,#1849),
  .UNSPECIFIED.,.F.,.F.,(5,3,3,3,5),(0.,0.250000329045,0.50000043261,
    0.750000321464,1.),.UNSPECIFIED.);
#1836 = CARTESIAN_POINT('',(-9.373463218059,-11.06313616619,3.1));
#1837 = CARTESIAN_POINT('',(-9.131542830688,-11.26810344082,3.1));
#1838 = CARTESIAN_POINT('',(-8.883646389899,-11.46601737052,3.1));
#1839 = CARTESIAN_POINT('',(-8.63008254642,-11.65661628977,3.1));
#1840 = CARTESIAN_POINT('',(-8.112281205255,-12.02271686286,3.1));
#1841 = CARTESIAN_POINT('',(-7.84804358389,-12.19821861326,3.1));
#1842 = CARTESIAN_POINT('',(-7.57879933604,-12.36593837517,3.1));
#1843 = CARTESIAN_POINT('',(-7.030996898429,-12.68540610806,3.1));
#1844 = CARTESIAN_POINT('',(-6.752438583146,-12.83715417011,3.1));
#1845 = CARTESIAN_POINT('',(-6.469572585701,-12.98071265134,3.1));
#1846 = CARTESIAN_POINT('',(-5.895957408411,-13.25110511091,3.1));
#1847 = CARTESIAN_POINT('',(-5.60520809741,-13.37793917761,3.1));
#1848 = CARTESIAN_POINT('',(-5.310882923307,-13.49623851233,3.1));
#1849 = CARTESIAN_POINT('',(-5.01336159993,-13.60586328102,3.1));
#1850 = PCURVE('',#1715,#1851);
#1851 = DEFINITIONAL_REPRESENTATION('',(#1852),#1867);
#1852 = B_SPLINE_CURVE_WITH_KNOTS('',4,(#1853,#1854,#1855,#1856,#1857,
    #1858,#1859,#1860,#1861,#1862,#1863,#1864,#1865,#1866),
  .UNSPECIFIED.,.F.,.F.,(5,3,3,3,5),(0.,0.250000329045,0.50000043261,
    0.750000321464,1.),.UNSPECIFIED.);
#1853 = CARTESIAN_POINT('',(0.587459698317,0.));
#1854 = CARTESIAN_POINT('',(0.572441877122,2.647572419486E-02));
#1855 = CARTESIAN_POINT('',(0.557424057043,5.295145908861E-02));
#1856 = CARTESIAN_POINT('',(0.542406232063,7.94272034491E-02));
#1857 = CARTESIAN_POINT('',(0.512370588959,0.132378679106));
#1858 = CARTESIAN_POINT('',(0.497352768137,0.158854414924));
#1859 = CARTESIAN_POINT('',(0.482334942061,0.185330157963));
#1860 = CARTESIAN_POINT('',(0.452299296835,0.238281632105));
#1861 = CARTESIAN_POINT('',(0.437281475123,0.264757367492));
#1862 = CARTESIAN_POINT('',(0.422263650095,0.291233110808));
#1863 = CARTESIAN_POINT('',(0.392228007286,0.344184586119));
#1864 = CARTESIAN_POINT('',(0.377210186831,0.370660322594));
#1865 = CARTESIAN_POINT('',(0.362192362332,0.397136065341));
#1866 = CARTESIAN_POINT('',(0.347174527933,0.423611812766));
#1867 = ( GEOMETRIC_REPRESENTATION_CONTEXT(2) 
PARAMETRIC_REPRESENTATION_CONTEXT() REPRESENTATION_CONTEXT('2D SPACE',''
  ) );
#1868 = PCURVE('',#1581,#1869);
#1869 = DEFINITIONAL_REPRESENTATION('',(#1870),#1885);
#1870 = B_SPLINE_CURVE_WITH_KNOTS('',4,(#1871,#1872,#1873,#1874,#1875,
    #1876,#1877,#1878,#1879,#1880,#1881,#1882,#1883,#1884),
  .UNSPECIFIED.,.F.,.F.,(5,3,3,3,5),(0.,0.250000329045,0.50000043261,
    0.750000321464,1.),.UNSPECIFIED.);
#1871 = CARTESIAN_POINT('',(-9.373463218059,-11.06313616619));
#1872 = CARTESIAN_POINT('',(-9.131542830688,-11.26810344082));
#1873 = CARTESIAN_POINT('',(-8.883646389899,-11.46601737052));
#1874 = CARTESIAN_POINT('',(-8.63008254642,-11.65661628977));
#1875 = CARTESIAN_POINT('',(-8.112281205255,-12.02271686286));
#1876 = CARTESIAN_POINT('',(-7.84804358389,-12.19821861326));
#1877 = CARTESIAN_POINT('',(-7.57879933604,-12.36593837517));
#1878 = CARTESIAN_POINT('',(-7.030996898429,-12.68540610806));
#1879 = CARTESIAN_POINT('',(-6.752438583146,-12.83715417011));
#1880 = CARTESIAN_POINT('',(-6.469572585701,-12.98071265134));
#1881 = CARTESIAN_POINT('',(-5.895957408411,-13.25110511091));
#1882 = CARTESIAN_POINT('',(-5.60520809741,-13.37793917761));
#1883 = CARTESIAN_POINT('',(-5.310882923307,-13.49623851233));
#1884 = CARTESIAN_POINT('',(-5.01336159993,-13.60586328102));
#1885 = ( GEOMETRIC_REPRESENTATION_CONTEXT(2) 
PARAMETRIC_REPRESENTATION_CONTEXT() REPRESENTATION_CONTEXT('2D SPACE',''
  ) );
#1886 = ORIENTED_EDGE('',*,*,#1703,.F.);
#1887 = ADVANCED_FACE('',(#1888),#1581,.T.);
#1888 = FACE_BOUND('',#1889,.T.);
#1889 = EDGE_LOOP('',(#1890,#1909,#1910,#1911));
#1890 = ORIENTED_EDGE('',*,*,#1891,.F.);
#1891 = EDGE_CURVE('',#1813,#1533,#1892,.T.);
#1892 = SURFACE_CURVE('',#1893,(#1897,#1903),.PCURVE_S1.);
#1893 = LINE('',#1894,#1895);
#1894 = CARTESIAN_POINT('',(-4.515498739174,-5.273639545786,3.1));
#1895 = VECTOR('',#1896,1.);
#1896 = DIRECTION('',(0.642787609687,0.766044443119,-0.));
#1897 = PCURVE('',#1581,#1898);
#1898 = DEFINITIONAL_REPRESENTATION('',(#1899),#1902);
#1899 = B_SPLINE_CURVE_WITH_KNOTS('',1,(#1900,#1901),.UNSPECIFIED.,.F.,
  .F.,(2,2),(-7.557651089842,-6.457651089842),.PIECEWISE_BEZIER_KNOTS.);
#1900 = CARTESIAN_POINT('',(-9.373463218059,-11.06313616619));
#1901 = CARTESIAN_POINT('',(-8.666396847403,-10.22048727876));
#1902 = ( GEOMETRIC_REPRESENTATION_CONTEXT(2) 
PARAMETRIC_REPRESENTATION_CONTEXT() REPRESENTATION_CONTEXT('2D SPACE',''
  ) );
#1903 = PCURVE('',#1552,#1904);
#1904 = DEFINITIONAL_REPRESENTATION('',(#1905),#1908);
#1905 = B_SPLINE_CURVE_WITH_KNOTS('',1,(#1906,#1907),.UNSPECIFIED.,.F.,
  .F.,(2,2),(-7.557651089842,-6.457651089842),.PIECEWISE_BEZIER_KNOTS.);
#1906 = CARTESIAN_POINT('',(-0.305642935984,0.615302179685));
#1907 = CARTESIAN_POINT('',(-0.305642935984,-0.484697820315));
#1908 = ( GEOMETRIC_REPRESENTATION_CONTEXT(2) 
PARAMETRIC_REPRESENTATION_CONTEXT() REPRESENTATION_CONTEXT('2D SPACE',''
  ) );
#1909 = ORIENTED_EDGE('',*,*,#1833,.T.);
#1910 = ORIENTED_EDGE('',*,*,#1626,.T.);
#1911 = ORIENTED_EDGE('',*,*,#1564,.F.);
#1912 = ADVANCED_FACE('',(#1913),#1552,.T.);
#1913 = FACE_BOUND('',#1914,.T.);
#1914 = EDGE_LOOP('',(#1915,#1916,#1917,#1936,#1937));
#1915 = ORIENTED_EDGE('',*,*,#1891,.T.);
#1916 = ORIENTED_EDGE('',*,*,#1532,.F.);
#1917 = ORIENTED_EDGE('',*,*,#1918,.T.);
#1918 = EDGE_CURVE('',#1462,#1739,#1919,.T.);
#1919 = SURFACE_CURVE('',#1920,(#1923,#1929),.PCURVE_S1.);
#1920 = B_SPLINE_CURVE_WITH_KNOTS('',1,(#1921,#1922),.UNSPECIFIED.,.F.,
  .F.,(2,2),(0.,0.4),.PIECEWISE_BEZIER_KNOTS.);
#1921 = CARTESIAN_POINT('',(-8.6133539698,-10.26499553779,1.68));
#1922 = CARTESIAN_POINT('',(-8.870469013674,-10.57141331504,1.68));
#1923 = PCURVE('',#1552,#1924);
#1924 = DEFINITIONAL_REPRESENTATION('',(#1925),#1928);
#1925 = B_SPLINE_CURVE_WITH_KNOTS('',1,(#1926,#1927),.UNSPECIFIED.,.F.,
  .F.,(2,2),(0.,0.4),.PIECEWISE_BEZIER_KNOTS.);
#1926 = CARTESIAN_POINT('',(1.11604427715,-0.484697820315));
#1927 = CARTESIAN_POINT('',(1.11604427715,-8.469782031511E-02));
#1928 = ( GEOMETRIC_REPRESENTATION_CONTEXT(2) 
PARAMETRIC_REPRESENTATION_CONTEXT() REPRESENTATION_CONTEXT('2D SPACE',''
  ) );
#1929 = PCURVE('',#1501,#1930);
#1930 = DEFINITIONAL_REPRESENTATION('',(#1931),#1935);
#1931 = LINE('',#1932,#1933);
#1932 = CARTESIAN_POINT('',(0.,0.));
#1933 = VECTOR('',#1934,1.);
#1934 = DIRECTION('',(1.,0.));
#1935 = ( GEOMETRIC_REPRESENTATION_CONTEXT(2) 
PARAMETRIC_REPRESENTATION_CONTEXT() REPRESENTATION_CONTEXT('2D SPACE',''
  ) );
#1936 = ORIENTED_EDGE('',*,*,#1763,.T.);
#1937 = ORIENTED_EDGE('',*,*,#1812,.T.);
#1938 = ADVANCED_FACE('',(#1939),#1501,.F.);
#1939 = FACE_BOUND('',#1940,.F.);
#1940 = EDGE_LOOP('',(#1941,#1942,#1943,#1944));
#1941 = ORIENTED_EDGE('',*,*,#1461,.F.);
#1942 = ORIENTED_EDGE('',*,*,#1918,.T.);
#1943 = ORIENTED_EDGE('',*,*,#1738,.T.);
#1944 = ORIENTED_EDGE('',*,*,#1648,.F.);
#1945 = ADVANCED_FACE('',(#1946),#1447,.F.);
#1946 = FACE_BOUND('',#1947,.F.);
#1947 = EDGE_LOOP('',(#1948,#1969,#1970,#1991,#2025));
#1948 = ORIENTED_EDGE('',*,*,#1949,.T.);
#1949 = EDGE_CURVE('',#1950,#1401,#1952,.T.);
#1950 = VERTEX_POINT('',#1951);
#1951 = CARTESIAN_POINT('',(-9.276342441819,11.144630144408,3.1));
#1952 = SURFACE_CURVE('',#1953,(#1957,#1963),.PCURVE_S1.);
#1953 = LINE('',#1954,#1955);
#1954 = CARTESIAN_POINT('',(-4.418377970548,5.355133533077,3.1));
#1955 = VECTOR('',#1956,1.);
#1956 = DIRECTION('',(0.642787609687,-0.766044443119,0.));
#1957 = PCURVE('',#1447,#1958);
#1958 = DEFINITIONAL_REPRESENTATION('',(#1959),#1962);
#1959 = B_SPLINE_CURVE_WITH_KNOTS('',1,(#1960,#1961),.UNSPECIFIED.,.F.,
  .F.,(2,2),(-7.557651084594,-6.457651061682),.PIECEWISE_BEZIER_KNOTS.);
#1960 = CARTESIAN_POINT('',(-0.61530218504,-6.535777729165E-02));
#1961 = CARTESIAN_POINT('',(0.484697837872,-6.535777729165E-02));
#1962 = ( GEOMETRIC_REPRESENTATION_CONTEXT(2) 
PARAMETRIC_REPRESENTATION_CONTEXT() REPRESENTATION_CONTEXT('2D SPACE',''
  ) );
#1963 = PCURVE('',#1417,#1964);
#1964 = DEFINITIONAL_REPRESENTATION('',(#1965),#1968);
#1965 = B_SPLINE_CURVE_WITH_KNOTS('',1,(#1966,#1967),.UNSPECIFIED.,.F.,
  .F.,(2,2),(-7.557651084594,-6.457651061682),.PIECEWISE_BEZIER_KNOTS.);
#1966 = CARTESIAN_POINT('',(-9.276342446059,11.144630149462));
#1967 = CARTESIAN_POINT('',(-8.569276060676,10.301981244479));
#1968 = ( GEOMETRIC_REPRESENTATION_CONTEXT(2) 
PARAMETRIC_REPRESENTATION_CONTEXT() REPRESENTATION_CONTEXT('2D SPACE',''
  ) );
#1969 = ORIENTED_EDGE('',*,*,#1429,.F.);
#1970 = ORIENTED_EDGE('',*,*,#1971,.T.);
#1971 = EDGE_CURVE('',#1300,#1972,#1974,.T.);
#1972 = VERTEX_POINT('',#1973);
#1973 = CARTESIAN_POINT('',(-8.870469013887,10.571413314863,
    1.919999994306));
#1974 = SURFACE_CURVE('',#1975,(#1978,#1984),.PCURVE_S1.);
#1975 = B_SPLINE_CURVE_WITH_KNOTS('',1,(#1976,#1977),.UNSPECIFIED.,.F.,
  .F.,(2,2),(0.,0.4),.PIECEWISE_BEZIER_KNOTS.);
#1976 = CARTESIAN_POINT('',(-8.613353970296,10.264995537378,
    1.919999986714));
#1977 = CARTESIAN_POINT('',(-8.870469013887,10.571413314863,
    1.919999994306));
#1978 = PCURVE('',#1447,#1979);
#1979 = DEFINITIONAL_REPRESENTATION('',(#1980),#1983);
#1980 = B_SPLINE_CURVE_WITH_KNOTS('',1,(#1981,#1982),.UNSPECIFIED.,.F.,
  .F.,(2,2),(0.,0.4),.PIECEWISE_BEZIER_KNOTS.);
#1981 = CARTESIAN_POINT('',(0.484697799108,1.11604428636));
#1982 = CARTESIAN_POINT('',(8.469779910787E-02,1.116044278759));
#1983 = ( GEOMETRIC_REPRESENTATION_CONTEXT(2) 
PARAMETRIC_REPRESENTATION_CONTEXT() REPRESENTATION_CONTEXT('2D SPACE',''
  ) );
#1984 = PCURVE('',#1337,#1985);
#1985 = DEFINITIONAL_REPRESENTATION('',(#1986),#1990);
#1986 = LINE('',#1987,#1988);
#1987 = CARTESIAN_POINT('',(0.,0.423611812766));
#1988 = VECTOR('',#1989,1.);
#1989 = DIRECTION('',(1.,0.));
#1990 = ( GEOMETRIC_REPRESENTATION_CONTEXT(2) 
PARAMETRIC_REPRESENTATION_CONTEXT() REPRESENTATION_CONTEXT('2D SPACE',''
  ) );
#1991 = ORIENTED_EDGE('',*,*,#1992,.T.);
#1992 = EDGE_CURVE('',#1972,#1993,#1995,.T.);
#1993 = VERTEX_POINT('',#1994);
#1994 = CARTESIAN_POINT('',(-9.289295461197,11.133761279238,
    2.753237487746));
#1995 = SURFACE_CURVE('',#1996,(#1999,#2005),.PCURVE_S1.);
#1996 = B_SPLINE_CURVE_WITH_KNOTS('',1,(#1997,#1998),.UNSPECIFIED.,.F.,
  .F.,(2,2),(0.,1.089006678802),.PIECEWISE_BEZIER_KNOTS.);
#1997 = CARTESIAN_POINT('',(-8.870469013887,10.571413314863,
    1.919999994306));
#1998 = CARTESIAN_POINT('',(-9.289295461197,11.133761279238,
    2.753237487746));
#1999 = PCURVE('',#1447,#2000);
#2000 = DEFINITIONAL_REPRESENTATION('',(#2001),#2004);
#2001 = B_SPLINE_CURVE_WITH_KNOTS('',1,(#2002,#2003),.UNSPECIFIED.,.F.,
  .F.,(2,2),(0.,1.089006678802),.PIECEWISE_BEZIER_KNOTS.);
#2002 = CARTESIAN_POINT('',(8.469779910787E-02,1.116044278759));
#2003 = CARTESIAN_POINT('',(-0.61530218504,0.281816750642));
#2004 = ( GEOMETRIC_REPRESENTATION_CONTEXT(2) 
PARAMETRIC_REPRESENTATION_CONTEXT() REPRESENTATION_CONTEXT('2D SPACE',''
  ) );
#2005 = PCURVE('',#2006,#2019);
#2006 = B_SPLINE_SURFACE_WITH_KNOTS('',1,5,(
    (#2007,#2008,#2009,#2010,#2011,#2012)
    ,(#2013,#2014,#2015,#2016,#2017,#2018
    )),.UNSPECIFIED.,.F.,.F.,.F.,(2,2),(6,6),(0.,1.089006678802),(0.,
    0.423611812766),.PIECEWISE_BEZIER_KNOTS.);
#2007 = CARTESIAN_POINT('',(-4.719877977894,12.967758166846,1.68));
#2008 = CARTESIAN_POINT('',(-5.625198285675,12.638248522336,
    1.727999984334));
#2009 = CARTESIAN_POINT('',(-6.501763430402,12.229734787743,
    1.776000021055));
#2010 = CARTESIAN_POINT('',(-7.340379292767,11.745559693848,
    1.823999973251));
#2011 = CARTESIAN_POINT('',(-8.132445137072,11.190688877724,
    1.872000009972));
#2012 = CARTESIAN_POINT('',(-8.870469013887,10.571413314863,
    1.919999994306));
#2013 = CARTESIAN_POINT('',(-4.921111774478,13.639439495494,
    2.513237480154));
#2014 = CARTESIAN_POINT('',(-5.873324266536,13.295881041966,
    2.561237501015));
#2015 = CARTESIAN_POINT('',(-6.795555672464,12.869226515285,
    2.609237452212));
#2016 = CARTESIAN_POINT('',(-7.678135465335,12.36296080786,
    2.657237515951));
#2017 = CARTESIAN_POINT('',(-8.512012320491,11.782276475815,
    2.705237466831));
#2018 = CARTESIAN_POINT('',(-9.289295461197,11.133761279238,
    2.753237487746));
#2019 = DEFINITIONAL_REPRESENTATION('',(#2020),#2024);
#2020 = LINE('',#2021,#2022);
#2021 = CARTESIAN_POINT('',(0.,0.423611812766));
#2022 = VECTOR('',#2023,1.);
#2023 = DIRECTION('',(1.,0.));
#2024 = ( GEOMETRIC_REPRESENTATION_CONTEXT(2) 
PARAMETRIC_REPRESENTATION_CONTEXT() REPRESENTATION_CONTEXT('2D SPACE',''
  ) );
#2025 = ORIENTED_EDGE('',*,*,#2026,.T.);
#2026 = EDGE_CURVE('',#1993,#1950,#2027,.T.);
#2027 = SURFACE_CURVE('',#2028,(#2031,#2037),.PCURVE_S1.);
#2028 = B_SPLINE_CURVE_WITH_KNOTS('',1,(#2029,#2030),.UNSPECIFIED.,.F.,
  .F.,(2,2),(0.,1.205772485184),.PIECEWISE_BEZIER_KNOTS.);
#2029 = CARTESIAN_POINT('',(-9.289295461197,11.133761279238,
    2.753237487746));
#2030 = CARTESIAN_POINT('',(-9.244308306007,11.171509954655,
    3.957579000524));
#2031 = PCURVE('',#1447,#2032);
#2032 = DEFINITIONAL_REPRESENTATION('',(#2033),#2036);
#2033 = B_SPLINE_CURVE_WITH_KNOTS('',1,(#2034,#2035),.UNSPECIFIED.,.F.,
  .F.,(2,2),(0.,1.205772485184),.PIECEWISE_BEZIER_KNOTS.);
#2034 = CARTESIAN_POINT('',(-0.61530218504,0.281816750642));
#2035 = CARTESIAN_POINT('',(-0.615302162128,-0.923955734542));
#2036 = ( GEOMETRIC_REPRESENTATION_CONTEXT(2) 
PARAMETRIC_REPRESENTATION_CONTEXT() REPRESENTATION_CONTEXT('2D SPACE',''
  ) );
#2037 = PCURVE('',#2038,#2051);
#2038 = B_SPLINE_SURFACE_WITH_KNOTS('',1,5,(
    (#2039,#2040,#2041,#2042,#2043,#2044)
    ,(#2045,#2046,#2047,#2048,#2049,#2050
    )),.UNSPECIFIED.,.F.,.F.,.F.,(2,2),(6,6),(0.,1.205772485184),(0.,
    0.423611812766),.PIECEWISE_BEZIER_KNOTS.);
#2039 = CARTESIAN_POINT('',(-4.921111774478,13.639439495494,
    2.513237480154));
#2040 = CARTESIAN_POINT('',(-5.873324266536,13.295881041966,
    2.561237501015));
#2041 = CARTESIAN_POINT('',(-6.795555672464,12.869226515285,
    2.609237452212));
#2042 = CARTESIAN_POINT('',(-7.678135465335,12.36296080786,
    2.657237515951));
#2043 = CARTESIAN_POINT('',(-8.512012320491,11.782276475815,
    2.705237466831));
#2044 = CARTESIAN_POINT('',(-9.289295461197,11.133761279238,
    2.753237487746));
#2045 = CARTESIAN_POINT('',(-4.865926877176,13.659525155493,
    3.717578992932));
#2046 = CARTESIAN_POINT('',(-5.819541590478,13.319819275502,
    3.765579013754));
#2047 = CARTESIAN_POINT('',(-6.74351149055,12.896895154557,
    3.813578965179));
#2048 = CARTESIAN_POINT('',(-7.628151617693,12.394198052379,
    3.861579028918));
#2049 = CARTESIAN_POINT('',(-8.464389850596,11.816884504217,
    3.90957897957));
#2050 = CARTESIAN_POINT('',(-9.244308306007,11.171509954655,
    3.957579000524));
#2051 = DEFINITIONAL_REPRESENTATION('',(#2052),#2056);
#2052 = LINE('',#2053,#2054);
#2053 = CARTESIAN_POINT('',(0.,0.423611812766));
#2054 = VECTOR('',#2055,1.);
#2055 = DIRECTION('',(1.,0.));
#2056 = ( GEOMETRIC_REPRESENTATION_CONTEXT(2) 
PARAMETRIC_REPRESENTATION_CONTEXT() REPRESENTATION_CONTEXT('2D SPACE',''
  ) );
#2057 = ADVANCED_FACE('',(#2058),#2006,.F.);
#2058 = FACE_BOUND('',#2059,.F.);
#2059 = EDGE_LOOP('',(#2060,#2085,#2106,#2129));
#2060 = ORIENTED_EDGE('',*,*,#2061,.F.);
#2061 = EDGE_CURVE('',#2062,#1972,#2064,.T.);
#2062 = VERTEX_POINT('',#2063);
#2063 = CARTESIAN_POINT('',(-4.719877977894,12.967758166846,1.68));
#2064 = SURFACE_CURVE('',#2065,(#2072,#2078),.PCURVE_S1.);
#2065 = B_SPLINE_CURVE_WITH_KNOTS('',5,(#2066,#2067,#2068,#2069,#2070,
    #2071),.UNSPECIFIED.,.F.,.F.,(6,6),(0.,0.423611812766),
  .PIECEWISE_BEZIER_KNOTS.);
#2066 = CARTESIAN_POINT('',(-4.719877977894,12.967758166846,1.68));
#2067 = CARTESIAN_POINT('',(-5.625198285675,12.638248522336,
    1.727999984334));
#2068 = CARTESIAN_POINT('',(-6.501763430402,12.229734787743,
    1.776000021055));
#2069 = CARTESIAN_POINT('',(-7.340379292767,11.745559693848,
    1.823999973251));
#2070 = CARTESIAN_POINT('',(-8.132445137072,11.190688877724,
    1.872000009972));
#2071 = CARTESIAN_POINT('',(-8.870469013887,10.571413314863,
    1.919999994306));
#2072 = PCURVE('',#2006,#2073);
#2073 = DEFINITIONAL_REPRESENTATION('',(#2074),#2077);
#2074 = B_SPLINE_CURVE_WITH_KNOTS('',1,(#2075,#2076),.UNSPECIFIED.,.F.,
  .F.,(2,2),(0.,0.423611812766),.PIECEWISE_BEZIER_KNOTS.);
#2075 = CARTESIAN_POINT('',(0.,0.));
#2076 = CARTESIAN_POINT('',(0.,0.423611812766));
#2077 = ( GEOMETRIC_REPRESENTATION_CONTEXT(2) 
PARAMETRIC_REPRESENTATION_CONTEXT() REPRESENTATION_CONTEXT('2D SPACE',''
  ) );
#2078 = PCURVE('',#1337,#2079);
#2079 = DEFINITIONAL_REPRESENTATION('',(#2080),#2084);
#2080 = LINE('',#2081,#2082);
#2081 = CARTESIAN_POINT('',(0.4,0.));
#2082 = VECTOR('',#2083,1.);
#2083 = DIRECTION('',(0.,1.));
#2084 = ( GEOMETRIC_REPRESENTATION_CONTEXT(2) 
PARAMETRIC_REPRESENTATION_CONTEXT() REPRESENTATION_CONTEXT('2D SPACE',''
  ) );
#2085 = ORIENTED_EDGE('',*,*,#2086,.T.);
#2086 = EDGE_CURVE('',#2062,#2087,#2089,.T.);
#2087 = VERTEX_POINT('',#2088);
#2088 = CARTESIAN_POINT('',(-4.921111774478,13.639439495494,
    2.513237480154));
#2089 = SURFACE_CURVE('',#2090,(#2093,#2100),.PCURVE_S1.);
#2090 = B_SPLINE_CURVE_WITH_KNOTS('',1,(#2091,#2092),.UNSPECIFIED.,.F.,
  .F.,(2,2),(0.,1.089006678802),.PIECEWISE_BEZIER_KNOTS.);
#2091 = CARTESIAN_POINT('',(-4.719877977894,12.967758166846,1.68));
#2092 = CARTESIAN_POINT('',(-4.921111774478,13.639439495494,
    2.513237480154));
#2093 = PCURVE('',#2006,#2094);
#2094 = DEFINITIONAL_REPRESENTATION('',(#2095),#2099);
#2095 = LINE('',#2096,#2097);
#2096 = CARTESIAN_POINT('',(0.,0.));
#2097 = VECTOR('',#2098,1.);
#2098 = DIRECTION('',(1.,0.));
#2099 = ( GEOMETRIC_REPRESENTATION_CONTEXT(2) 
PARAMETRIC_REPRESENTATION_CONTEXT() REPRESENTATION_CONTEXT('2D SPACE',''
  ) );
#2100 = PCURVE('',#1388,#2101);
#2101 = DEFINITIONAL_REPRESENTATION('',(#2102),#2105);
#2102 = B_SPLINE_CURVE_WITH_KNOTS('',1,(#2103,#2104),.UNSPECIFIED.,.F.,
  .F.,(2,2),(0.,1.089006678802),.PIECEWISE_BEZIER_KNOTS.);
#2103 = CARTESIAN_POINT('',(1.11604427715,-8.469782031511E-02));
#2104 = CARTESIAN_POINT('',(0.281816762334,0.615302179685));
#2105 = ( GEOMETRIC_REPRESENTATION_CONTEXT(2) 
PARAMETRIC_REPRESENTATION_CONTEXT() REPRESENTATION_CONTEXT('2D SPACE',''
  ) );
#2106 = ORIENTED_EDGE('',*,*,#2107,.T.);
#2107 = EDGE_CURVE('',#2087,#1993,#2108,.T.);
#2108 = SURFACE_CURVE('',#2109,(#2116,#2123),.PCURVE_S1.);
#2109 = B_SPLINE_CURVE_WITH_KNOTS('',5,(#2110,#2111,#2112,#2113,#2114,
    #2115),.UNSPECIFIED.,.F.,.F.,(6,6),(0.,0.423611812766),
  .PIECEWISE_BEZIER_KNOTS.);
#2110 = CARTESIAN_POINT('',(-4.921111774478,13.639439495494,
    2.513237480154));
#2111 = CARTESIAN_POINT('',(-5.873324266536,13.295881041966,
    2.561237501015));
#2112 = CARTESIAN_POINT('',(-6.795555672464,12.869226515285,
    2.609237452212));
#2113 = CARTESIAN_POINT('',(-7.678135465335,12.36296080786,
    2.657237515951));
#2114 = CARTESIAN_POINT('',(-8.512012320491,11.782276475815,
    2.705237466831));
#2115 = CARTESIAN_POINT('',(-9.289295461197,11.133761279238,
    2.753237487746));
#2116 = PCURVE('',#2006,#2117);
#2117 = DEFINITIONAL_REPRESENTATION('',(#2118),#2122);
#2118 = LINE('',#2119,#2120);
#2119 = CARTESIAN_POINT('',(1.089006678802,0.));
#2120 = VECTOR('',#2121,1.);
#2121 = DIRECTION('',(0.,1.));
#2122 = ( GEOMETRIC_REPRESENTATION_CONTEXT(2) 
PARAMETRIC_REPRESENTATION_CONTEXT() REPRESENTATION_CONTEXT('2D SPACE',''
  ) );
#2123 = PCURVE('',#2038,#2124);
#2124 = DEFINITIONAL_REPRESENTATION('',(#2125),#2128);
#2125 = B_SPLINE_CURVE_WITH_KNOTS('',1,(#2126,#2127),.UNSPECIFIED.,.F.,
  .F.,(2,2),(0.,0.423611812766),.PIECEWISE_BEZIER_KNOTS.);
#2126 = CARTESIAN_POINT('',(0.,0.));
#2127 = CARTESIAN_POINT('',(0.,0.423611812766));
#2128 = ( GEOMETRIC_REPRESENTATION_CONTEXT(2) 
PARAMETRIC_REPRESENTATION_CONTEXT() REPRESENTATION_CONTEXT('2D SPACE',''
  ) );
#2129 = ORIENTED_EDGE('',*,*,#1992,.F.);
#2130 = ADVANCED_FACE('',(#2131),#2038,.F.);
#2131 = FACE_BOUND('',#2132,.F.);
#2132 = EDGE_LOOP('',(#2133,#2134,#2155,#2209));
#2133 = ORIENTED_EDGE('',*,*,#2107,.F.);
#2134 = ORIENTED_EDGE('',*,*,#2135,.T.);
#2135 = EDGE_CURVE('',#2087,#2136,#2138,.T.);
#2136 = VERTEX_POINT('',#2137);
#2137 = CARTESIAN_POINT('',(-4.894225356419,13.649225351373,3.1));
#2138 = SURFACE_CURVE('',#2139,(#2142,#2149),.PCURVE_S1.);
#2139 = B_SPLINE_CURVE_WITH_KNOTS('',1,(#2140,#2141),.UNSPECIFIED.,.F.,
  .F.,(2,2),(0.,1.205772485184),.PIECEWISE_BEZIER_KNOTS.);
#2140 = CARTESIAN_POINT('',(-4.921111774478,13.639439495494,
    2.513237480154));
#2141 = CARTESIAN_POINT('',(-4.865926877176,13.659525155493,
    3.717578992932));
#2142 = PCURVE('',#2038,#2143);
#2143 = DEFINITIONAL_REPRESENTATION('',(#2144),#2148);
#2144 = LINE('',#2145,#2146);
#2145 = CARTESIAN_POINT('',(0.,0.));
#2146 = VECTOR('',#2147,1.);
#2147 = DIRECTION('',(1.,0.));
#2148 = ( GEOMETRIC_REPRESENTATION_CONTEXT(2) 
PARAMETRIC_REPRESENTATION_CONTEXT() REPRESENTATION_CONTEXT('2D SPACE',''
  ) );
#2149 = PCURVE('',#1388,#2150);
#2150 = DEFINITIONAL_REPRESENTATION('',(#2151),#2154);
#2151 = B_SPLINE_CURVE_WITH_KNOTS('',1,(#2152,#2153),.UNSPECIFIED.,.F.,
  .F.,(2,2),(0.,1.205772485184),.PIECEWISE_BEZIER_KNOTS.);
#2152 = CARTESIAN_POINT('',(0.281816762334,0.615302179685));
#2153 = CARTESIAN_POINT('',(-0.92395572285,0.615302179685));
#2154 = ( GEOMETRIC_REPRESENTATION_CONTEXT(2) 
PARAMETRIC_REPRESENTATION_CONTEXT() REPRESENTATION_CONTEXT('2D SPACE',''
  ) );
#2155 = ORIENTED_EDGE('',*,*,#2156,.T.);
#2156 = EDGE_CURVE('',#2136,#1950,#2157,.T.);
#2157 = SURFACE_CURVE('',#2158,(#2173,#2191),.PCURVE_S1.);
#2158 = B_SPLINE_CURVE_WITH_KNOTS('',4,(#2159,#2160,#2161,#2162,#2163,
    #2164,#2165,#2166,#2167,#2168,#2169,#2170,#2171,#2172),
  .UNSPECIFIED.,.F.,.F.,(5,3,3,3,5),(0.,0.250000329045,0.50000043261,
    0.750000321464,1.),.UNSPECIFIED.);
#2159 = CARTESIAN_POINT('',(-4.894225356419,13.649225351373,3.1));
#2160 = CARTESIAN_POINT('',(-5.192692416878,13.542199787532,3.1));
#2161 = CARTESIAN_POINT('',(-5.488039128157,13.426472137151,3.1));
#2162 = CARTESIAN_POINT('',(-5.779884555901,13.302178866843,3.1));
#2163 = CARTESIAN_POINT('',(-6.355837623118,13.036800037825,3.1));
#2164 = CARTESIAN_POINT('',(-6.639945408058,12.895714420288,3.1));
#2165 = CARTESIAN_POINT('',(-6.919817106514,12.746401942783,3.1));
#2166 = CARTESIAN_POINT('',(-7.470385497689,12.431724982,3.1));
#2167 = CARTESIAN_POINT('',(-7.741082332045,12.266360435557,3.1));
#2168 = CARTESIAN_POINT('',(-8.006840622442,12.093170536518,3.1));
#2169 = CARTESIAN_POINT('',(-8.527814950067,11.731601450774,3.1));
#2170 = CARTESIAN_POINT('',(-8.783031129389,11.54322219466,3.1));
#2171 = CARTESIAN_POINT('',(-9.032643945564,11.347478784277,3.1));
#2172 = CARTESIAN_POINT('',(-9.276342441819,11.144630144408,3.1));
#2173 = PCURVE('',#2038,#2174);
#2174 = DEFINITIONAL_REPRESENTATION('',(#2175),#2190);
#2175 = B_SPLINE_CURVE_WITH_KNOTS('',4,(#2176,#2177,#2178,#2179,#2180,
    #2181,#2182,#2183,#2184,#2185,#2186,#2187,#2188,#2189),
  .UNSPECIFIED.,.F.,.F.,(5,3,3,3,5),(0.,0.250000329045,0.50000043261,
    0.750000321464,1.),.UNSPECIFIED.);
#2176 = CARTESIAN_POINT('',(0.587459698317,0.));
#2177 = CARTESIAN_POINT('',(0.572441877122,2.647572419485E-02));
#2178 = CARTESIAN_POINT('',(0.557424057043,5.295145908861E-02));
#2179 = CARTESIAN_POINT('',(0.542406232063,7.942720344909E-02));
#2180 = CARTESIAN_POINT('',(0.512370588959,0.132378679106));
#2181 = CARTESIAN_POINT('',(0.497352768137,0.158854414924));
#2182 = CARTESIAN_POINT('',(0.482334942061,0.185330157963));
#2183 = CARTESIAN_POINT('',(0.452299296835,0.238281632105));
#2184 = CARTESIAN_POINT('',(0.437281475123,0.264757367492));
#2185 = CARTESIAN_POINT('',(0.422263650095,0.291233110808));
#2186 = CARTESIAN_POINT('',(0.392228007286,0.344184586119));
#2187 = CARTESIAN_POINT('',(0.377210186831,0.370660322594));
#2188 = CARTESIAN_POINT('',(0.362192362332,0.397136065341));
#2189 = CARTESIAN_POINT('',(0.347174527933,0.423611812766));
#2190 = ( GEOMETRIC_REPRESENTATION_CONTEXT(2) 
PARAMETRIC_REPRESENTATION_CONTEXT() REPRESENTATION_CONTEXT('2D SPACE',''
  ) );
#2191 = PCURVE('',#1417,#2192);
#2192 = DEFINITIONAL_REPRESENTATION('',(#2193),#2208);
#2193 = B_SPLINE_CURVE_WITH_KNOTS('',4,(#2194,#2195,#2196,#2197,#2198,
    #2199,#2200,#2201,#2202,#2203,#2204,#2205,#2206,#2207),
  .UNSPECIFIED.,.F.,.F.,(5,3,3,3,5),(0.,0.250000329045,0.50000043261,
    0.750000321464,1.),.UNSPECIFIED.);
#2194 = CARTESIAN_POINT('',(-4.894225356419,13.649225351373));
#2195 = CARTESIAN_POINT('',(-5.192692416878,13.542199787532));
#2196 = CARTESIAN_POINT('',(-5.488039128157,13.426472137151));
#2197 = CARTESIAN_POINT('',(-5.779884555901,13.302178866843));
#2198 = CARTESIAN_POINT('',(-6.355837623118,13.036800037825));
#2199 = CARTESIAN_POINT('',(-6.639945408058,12.895714420288));
#2200 = CARTESIAN_POINT('',(-6.919817106514,12.746401942783));
#2201 = CARTESIAN_POINT('',(-7.470385497689,12.431724982));
#2202 = CARTESIAN_POINT('',(-7.741082332045,12.266360435557));
#2203 = CARTESIAN_POINT('',(-8.006840622442,12.093170536518));
#2204 = CARTESIAN_POINT('',(-8.527814950067,11.731601450774));
#2205 = CARTESIAN_POINT('',(-8.783031129389,11.54322219466));
#2206 = CARTESIAN_POINT('',(-9.032643945564,11.347478784277));
#2207 = CARTESIAN_POINT('',(-9.276342441819,11.144630144408));
#2208 = ( GEOMETRIC_REPRESENTATION_CONTEXT(2) 
PARAMETRIC_REPRESENTATION_CONTEXT() REPRESENTATION_CONTEXT('2D SPACE',''
  ) );
#2209 = ORIENTED_EDGE('',*,*,#2026,.F.);
#2210 = ADVANCED_FACE('',(#2211),#1417,.T.);
#2211 = FACE_BOUND('',#2212,.T.);
#2212 = EDGE_LOOP('',(#2213,#2232,#2233,#2234));
#2213 = ORIENTED_EDGE('',*,*,#2214,.F.);
#2214 = EDGE_CURVE('',#2136,#1369,#2215,.T.);
#2215 = SURFACE_CURVE('',#2216,(#2220,#2226),.PCURVE_S1.);
#2216 = LINE('',#2217,#2218);
#2217 = CARTESIAN_POINT('',(-2.309356447466,6.547356391774,3.1));
#2218 = VECTOR('',#2219,1.);
#2219 = DIRECTION('',(0.342020143326,-0.939692620786,0.));
#2220 = PCURVE('',#1417,#2221);
#2221 = DEFINITIONAL_REPRESENTATION('',(#2222),#2225);
#2222 = B_SPLINE_CURVE_WITH_KNOTS('',1,(#2223,#2224),.UNSPECIFIED.,.F.,
  .F.,(2,2),(-7.557651089842,-6.457651089842),.PIECEWISE_BEZIER_KNOTS.);
#2223 = CARTESIAN_POINT('',(-4.894225356419,13.649225351373));
#2224 = CARTESIAN_POINT('',(-4.518003198761,12.615563468509));
#2225 = ( GEOMETRIC_REPRESENTATION_CONTEXT(2) 
PARAMETRIC_REPRESENTATION_CONTEXT() REPRESENTATION_CONTEXT('2D SPACE',''
  ) );
#2226 = PCURVE('',#1388,#2227);
#2227 = DEFINITIONAL_REPRESENTATION('',(#2228),#2231);
#2228 = B_SPLINE_CURVE_WITH_KNOTS('',1,(#2229,#2230),.UNSPECIFIED.,.F.,
  .F.,(2,2),(-7.557651089842,-6.457651089842),.PIECEWISE_BEZIER_KNOTS.);
#2229 = CARTESIAN_POINT('',(-0.305642935984,0.615302179685));
#2230 = CARTESIAN_POINT('',(-0.305642935984,-0.484697820315));
#2231 = ( GEOMETRIC_REPRESENTATION_CONTEXT(2) 
PARAMETRIC_REPRESENTATION_CONTEXT() REPRESENTATION_CONTEXT('2D SPACE',''
  ) );
#2232 = ORIENTED_EDGE('',*,*,#2156,.T.);
#2233 = ORIENTED_EDGE('',*,*,#1949,.T.);
#2234 = ORIENTED_EDGE('',*,*,#1400,.F.);
#2235 = ADVANCED_FACE('',(#2236),#1388,.T.);
#2236 = FACE_BOUND('',#2237,.T.);
#2237 = EDGE_LOOP('',(#2238,#2239,#2240,#2259,#2260));
#2238 = ORIENTED_EDGE('',*,*,#2214,.T.);
#2239 = ORIENTED_EDGE('',*,*,#1368,.F.);
#2240 = ORIENTED_EDGE('',*,*,#2241,.T.);
#2241 = EDGE_CURVE('',#1298,#2062,#2242,.T.);
#2242 = SURFACE_CURVE('',#2243,(#2246,#2252),.PCURVE_S1.);
#2243 = B_SPLINE_CURVE_WITH_KNOTS('',1,(#2244,#2245),.UNSPECIFIED.,.F.,
  .F.,(2,2),(0.,0.4),.PIECEWISE_BEZIER_KNOTS.);
#2244 = CARTESIAN_POINT('',(-4.583069920564,12.591881118531,1.68));
#2245 = CARTESIAN_POINT('',(-4.719877977894,12.967758166846,1.68));
#2246 = PCURVE('',#1388,#2247);
#2247 = DEFINITIONAL_REPRESENTATION('',(#2248),#2251);
#2248 = B_SPLINE_CURVE_WITH_KNOTS('',1,(#2249,#2250),.UNSPECIFIED.,.F.,
  .F.,(2,2),(0.,0.4),.PIECEWISE_BEZIER_KNOTS.);
#2249 = CARTESIAN_POINT('',(1.11604427715,-0.484697820315));
#2250 = CARTESIAN_POINT('',(1.11604427715,-8.469782031511E-02));
#2251 = ( GEOMETRIC_REPRESENTATION_CONTEXT(2) 
PARAMETRIC_REPRESENTATION_CONTEXT() REPRESENTATION_CONTEXT('2D SPACE',''
  ) );
#2252 = PCURVE('',#1337,#2253);
#2253 = DEFINITIONAL_REPRESENTATION('',(#2254),#2258);
#2254 = LINE('',#2255,#2256);
#2255 = CARTESIAN_POINT('',(0.,0.));
#2256 = VECTOR('',#2257,1.);
#2257 = DIRECTION('',(1.,0.));
#2258 = ( GEOMETRIC_REPRESENTATION_CONTEXT(2) 
PARAMETRIC_REPRESENTATION_CONTEXT() REPRESENTATION_CONTEXT('2D SPACE',''
  ) );
#2259 = ORIENTED_EDGE('',*,*,#2086,.T.);
#2260 = ORIENTED_EDGE('',*,*,#2135,.T.);
#2261 = ADVANCED_FACE('',(#2262),#1337,.F.);
#2262 = FACE_BOUND('',#2263,.F.);
#2263 = EDGE_LOOP('',(#2264,#2265,#2266,#2267));
#2264 = ORIENTED_EDGE('',*,*,#1297,.F.);
#2265 = ORIENTED_EDGE('',*,*,#2241,.T.);
#2266 = ORIENTED_EDGE('',*,*,#2061,.T.);
#2267 = ORIENTED_EDGE('',*,*,#1971,.F.);
#2268 = ADVANCED_FACE('',(#2269),#1211,.F.);
#2269 = FACE_BOUND('',#2270,.F.);
#2270 = EDGE_LOOP('',(#2271,#2272,#2293,#2331,#2350));
#2271 = ORIENTED_EDGE('',*,*,#1259,.F.);
#2272 = ORIENTED_EDGE('',*,*,#2273,.T.);
#2273 = EDGE_CURVE('',#1016,#2274,#2276,.T.);
#2274 = VERTEX_POINT('',#2275);
#2275 = CARTESIAN_POINT('',(13.590346991568,-2.396344851804,1.68));
#2276 = SURFACE_CURVE('',#2277,(#2280,#2287),.PCURVE_S1.);
#2277 = B_SPLINE_CURVE_WITH_KNOTS('',1,(#2278,#2279),.UNSPECIFIED.,.F.,
  .F.,(2,2),(0.,0.4),.PIECEWISE_BEZIER_KNOTS.);
#2278 = CARTESIAN_POINT('',(13.196423890364,-2.326885580737,1.68));
#2279 = CARTESIAN_POINT('',(13.590346991568,-2.396344851804,1.68));
#2280 = PCURVE('',#1211,#2281);
#2281 = DEFINITIONAL_REPRESENTATION('',(#2282),#2286);
#2282 = LINE('',#2283,#2284);
#2283 = CARTESIAN_POINT('',(0.,0.));
#2284 = VECTOR('',#2285,1.);
#2285 = DIRECTION('',(1.,0.));
#2286 = ( GEOMETRIC_REPRESENTATION_CONTEXT(2) 
PARAMETRIC_REPRESENTATION_CONTEXT() REPRESENTATION_CONTEXT('2D SPACE',''
  ) );
#2287 = PCURVE('',#1037,#2288);
#2288 = DEFINITIONAL_REPRESENTATION('',(#2289),#2292);
#2289 = B_SPLINE_CURVE_WITH_KNOTS('',1,(#2290,#2291),.UNSPECIFIED.,.F.,
  .F.,(2,2),(0.,0.4),.PIECEWISE_BEZIER_KNOTS.);
#2290 = CARTESIAN_POINT('',(1.11604427715,-0.484697820315));
#2291 = CARTESIAN_POINT('',(1.11604427715,-8.469782031511E-02));
#2292 = ( GEOMETRIC_REPRESENTATION_CONTEXT(2) 
PARAMETRIC_REPRESENTATION_CONTEXT() REPRESENTATION_CONTEXT('2D SPACE',''
  ) );
#2293 = ORIENTED_EDGE('',*,*,#2294,.T.);
#2294 = EDGE_CURVE('',#2274,#2295,#2297,.T.);
#2295 = VERTEX_POINT('',#2296);
#2296 = CARTESIAN_POINT('',(13.59034699152,2.396344852077,1.919999994306
    ));
#2297 = SURFACE_CURVE('',#2298,(#2305,#2312),.PCURVE_S1.);
#2298 = B_SPLINE_CURVE_WITH_KNOTS('',5,(#2299,#2300,#2301,#2302,#2303,
    #2304),.UNSPECIFIED.,.F.,.F.,(6,6),(0.,0.423611812766),
  .PIECEWISE_BEZIER_KNOTS.);
#2299 = CARTESIAN_POINT('',(13.590346991568,-2.396344851804,1.68));
#2300 = CARTESIAN_POINT('',(13.757643422522,-1.447559644449,
    1.727999984334));
#2301 = CARTESIAN_POINT('',(13.842142722933,-0.484175093747,
    1.776000021055));
#2302 = CARTESIAN_POINT('',(13.842142722923,0.484175094025,
    1.823999973251));
#2303 = CARTESIAN_POINT('',(13.757643422493,1.447559644725,
    1.872000009972));
#2304 = CARTESIAN_POINT('',(13.59034699152,2.396344852077,1.919999994306
    ));
#2305 = PCURVE('',#1211,#2306);
#2306 = DEFINITIONAL_REPRESENTATION('',(#2307),#2311);
#2307 = LINE('',#2308,#2309);
#2308 = CARTESIAN_POINT('',(0.4,0.));
#2309 = VECTOR('',#2310,1.);
#2310 = DIRECTION('',(0.,1.));
#2311 = ( GEOMETRIC_REPRESENTATION_CONTEXT(2) 
PARAMETRIC_REPRESENTATION_CONTEXT() REPRESENTATION_CONTEXT('2D SPACE',''
  ) );
#2312 = PCURVE('',#2313,#2326);
#2313 = B_SPLINE_SURFACE_WITH_KNOTS('',1,5,(
    (#2314,#2315,#2316,#2317,#2318,#2319)
    ,(#2320,#2321,#2322,#2323,#2324,#2325
    )),.UNSPECIFIED.,.F.,.F.,.F.,(2,2),(6,6),(0.,1.089006678802),(0.,
    0.423611812766),.PIECEWISE_BEZIER_KNOTS.);
#2314 = CARTESIAN_POINT('',(13.590346991568,-2.396344851804,1.68));
#2315 = CARTESIAN_POINT('',(13.757643422522,-1.447559644449,
    1.727999984334));
#2316 = CARTESIAN_POINT('',(13.842142722933,-0.484175093747,
    1.776000021055));
#2317 = CARTESIAN_POINT('',(13.842142722923,0.484175094025,
    1.823999973251));
#2318 = CARTESIAN_POINT('',(13.757643422493,1.447559644725,
    1.872000009972));
#2319 = CARTESIAN_POINT('',(13.59034699152,2.396344852077,1.919999994306
    ));
#2320 = CARTESIAN_POINT('',(14.272656983717,-2.557911936187,
    2.513237480154));
#2321 = CARTESIAN_POINT('',(14.451232881307,-1.5614925015,2.561237501015
    ));
#2322 = CARTESIAN_POINT('',(14.542854925525,-0.549489412457,
    2.609237452212));
#2323 = CARTESIAN_POINT('',(14.545705858266,0.467979962749,
    2.657237515951));
#2324 = CARTESIAN_POINT('',(14.459756902713,1.480480668964,
    2.705237466831));
#2325 = CARTESIAN_POINT('',(14.28676783809,2.477885213037,2.753237487746
    ));
#2326 = DEFINITIONAL_REPRESENTATION('',(#2327),#2330);
#2327 = B_SPLINE_CURVE_WITH_KNOTS('',1,(#2328,#2329),.UNSPECIFIED.,.F.,
  .F.,(2,2),(0.,0.423611812766),.PIECEWISE_BEZIER_KNOTS.);
#2328 = CARTESIAN_POINT('',(0.,0.));
#2329 = CARTESIAN_POINT('',(0.,0.423611812766));
#2330 = ( GEOMETRIC_REPRESENTATION_CONTEXT(2) 
PARAMETRIC_REPRESENTATION_CONTEXT() REPRESENTATION_CONTEXT('2D SPACE',''
  ) );
#2331 = ORIENTED_EDGE('',*,*,#2332,.F.);
#2332 = EDGE_CURVE('',#1154,#2295,#2333,.T.);
#2333 = SURFACE_CURVE('',#2334,(#2337,#2344),.PCURVE_S1.);
#2334 = B_SPLINE_CURVE_WITH_KNOTS('',1,(#2335,#2336),.UNSPECIFIED.,.F.,
  .F.,(2,2),(0.,0.4),.PIECEWISE_BEZIER_KNOTS.);
#2335 = CARTESIAN_POINT('',(13.196423890251,2.326885581375,
    1.919999986714));
#2336 = CARTESIAN_POINT('',(13.59034699152,2.396344852077,1.919999994306
    ));
#2337 = PCURVE('',#1211,#2338);
#2338 = DEFINITIONAL_REPRESENTATION('',(#2339),#2343);
#2339 = LINE('',#2340,#2341);
#2340 = CARTESIAN_POINT('',(0.,0.423611812766));
#2341 = VECTOR('',#2342,1.);
#2342 = DIRECTION('',(1.,0.));
#2343 = ( GEOMETRIC_REPRESENTATION_CONTEXT(2) 
PARAMETRIC_REPRESENTATION_CONTEXT() REPRESENTATION_CONTEXT('2D SPACE',''
  ) );
#2344 = PCURVE('',#1173,#2345);
#2345 = DEFINITIONAL_REPRESENTATION('',(#2346),#2349);
#2346 = B_SPLINE_CURVE_WITH_KNOTS('',1,(#2347,#2348),.UNSPECIFIED.,.F.,
  .F.,(2,2),(0.,0.4),.PIECEWISE_BEZIER_KNOTS.);
#2347 = CARTESIAN_POINT('',(0.484697799108,1.11604428636));
#2348 = CARTESIAN_POINT('',(8.469779910787E-02,1.116044278759));
#2349 = ( GEOMETRIC_REPRESENTATION_CONTEXT(2) 
PARAMETRIC_REPRESENTATION_CONTEXT() REPRESENTATION_CONTEXT('2D SPACE',''
  ) );
#2350 = ORIENTED_EDGE('',*,*,#1185,.F.);
#2351 = ADVANCED_FACE('',(#2352),#2313,.F.);
#2352 = FACE_BOUND('',#2353,.F.);
#2353 = EDGE_LOOP('',(#2354,#2355,#2376,#2414));
#2354 = ORIENTED_EDGE('',*,*,#2294,.F.);
#2355 = ORIENTED_EDGE('',*,*,#2356,.T.);
#2356 = EDGE_CURVE('',#2274,#2357,#2359,.T.);
#2357 = VERTEX_POINT('',#2358);
#2358 = CARTESIAN_POINT('',(14.272656983717,-2.557911936187,
    2.513237480154));
#2359 = SURFACE_CURVE('',#2360,(#2363,#2370),.PCURVE_S1.);
#2360 = B_SPLINE_CURVE_WITH_KNOTS('',1,(#2361,#2362),.UNSPECIFIED.,.F.,
  .F.,(2,2),(0.,1.089006678802),.PIECEWISE_BEZIER_KNOTS.);
#2361 = CARTESIAN_POINT('',(13.590346991568,-2.396344851804,1.68));
#2362 = CARTESIAN_POINT('',(14.272656983717,-2.557911936187,
    2.513237480154));
#2363 = PCURVE('',#2313,#2364);
#2364 = DEFINITIONAL_REPRESENTATION('',(#2365),#2369);
#2365 = LINE('',#2366,#2367);
#2366 = CARTESIAN_POINT('',(0.,0.));
#2367 = VECTOR('',#2368,1.);
#2368 = DIRECTION('',(1.,0.));
#2369 = ( GEOMETRIC_REPRESENTATION_CONTEXT(2) 
PARAMETRIC_REPRESENTATION_CONTEXT() REPRESENTATION_CONTEXT('2D SPACE',''
  ) );
#2370 = PCURVE('',#1037,#2371);
#2371 = DEFINITIONAL_REPRESENTATION('',(#2372),#2375);
#2372 = B_SPLINE_CURVE_WITH_KNOTS('',1,(#2373,#2374),.UNSPECIFIED.,.F.,
  .F.,(2,2),(0.,1.089006678802),.PIECEWISE_BEZIER_KNOTS.);
#2373 = CARTESIAN_POINT('',(1.11604427715,-8.469782031511E-02));
#2374 = CARTESIAN_POINT('',(0.281816762334,0.615302179685));
#2375 = ( GEOMETRIC_REPRESENTATION_CONTEXT(2) 
PARAMETRIC_REPRESENTATION_CONTEXT() REPRESENTATION_CONTEXT('2D SPACE',''
  ) );
#2376 = ORIENTED_EDGE('',*,*,#2377,.T.);
#2377 = EDGE_CURVE('',#2357,#2378,#2380,.T.);
#2378 = VERTEX_POINT('',#2379);
#2379 = CARTESIAN_POINT('',(14.28676783809,2.477885213037,2.753237487746
    ));
#2380 = SURFACE_CURVE('',#2381,(#2388,#2395),.PCURVE_S1.);
#2381 = B_SPLINE_CURVE_WITH_KNOTS('',5,(#2382,#2383,#2384,#2385,#2386,
    #2387),.UNSPECIFIED.,.F.,.F.,(6,6),(0.,0.423611812766),
  .PIECEWISE_BEZIER_KNOTS.);
#2382 = CARTESIAN_POINT('',(14.272656983717,-2.557911936187,
    2.513237480154));
#2383 = CARTESIAN_POINT('',(14.451232881307,-1.5614925015,2.561237501015
    ));
#2384 = CARTESIAN_POINT('',(14.542854925525,-0.549489412457,
    2.609237452212));
#2385 = CARTESIAN_POINT('',(14.545705858266,0.467979962749,
    2.657237515951));
#2386 = CARTESIAN_POINT('',(14.459756902713,1.480480668964,
    2.705237466831));
#2387 = CARTESIAN_POINT('',(14.28676783809,2.477885213037,2.753237487746
    ));
#2388 = PCURVE('',#2313,#2389);
#2389 = DEFINITIONAL_REPRESENTATION('',(#2390),#2394);
#2390 = LINE('',#2391,#2392);
#2391 = CARTESIAN_POINT('',(1.089006678802,0.));
#2392 = VECTOR('',#2393,1.);
#2393 = DIRECTION('',(0.,1.));
#2394 = ( GEOMETRIC_REPRESENTATION_CONTEXT(2) 
PARAMETRIC_REPRESENTATION_CONTEXT() REPRESENTATION_CONTEXT('2D SPACE',''
  ) );
#2395 = PCURVE('',#2396,#2409);
#2396 = B_SPLINE_SURFACE_WITH_KNOTS('',1,5,(
    (#2397,#2398,#2399,#2400,#2401,#2402)
    ,(#2403,#2404,#2405,#2406,#2407,#2408
    )),.UNSPECIFIED.,.F.,.F.,.F.,(2,2),(6,6),(0.,1.205772485184),(0.,
    0.423611812766),.PIECEWISE_BEZIER_KNOTS.);
#2397 = CARTESIAN_POINT('',(14.272656983717,-2.557911936187,
    2.513237480154));
#2398 = CARTESIAN_POINT('',(14.451232881307,-1.5614925015,2.561237501015
    ));
#2399 = CARTESIAN_POINT('',(14.542854925525,-0.549489412457,
    2.609237452212));
#2400 = CARTESIAN_POINT('',(14.545705858266,0.467979962749,
    2.657237515951));
#2401 = CARTESIAN_POINT('',(14.459756902713,1.480480668964,
    2.705237466831));
#2402 = CARTESIAN_POINT('',(14.28676783809,2.477885213037,2.753237487746
    ));
#2403 = CARTESIAN_POINT('',(14.262459226877,-2.615746289155,
    3.717578992932));
#2404 = CARTESIAN_POINT('',(14.445072661642,-1.620038782017,
    3.765579013754));
#2405 = CARTESIAN_POINT('',(14.540794579066,-0.60839531575,
    3.813578965179));
#2406 = CARTESIAN_POINT('',(14.547766181743,0.409074058652,
    3.861579028918));
#2407 = CARTESIAN_POINT('',(14.465917099537,1.421934386043,3.90957897957
    ));
#2408 = CARTESIAN_POINT('',(14.296965572366,2.420050856091,
    3.957579000524));
#2409 = DEFINITIONAL_REPRESENTATION('',(#2410),#2413);
#2410 = B_SPLINE_CURVE_WITH_KNOTS('',1,(#2411,#2412),.UNSPECIFIED.,.F.,
  .F.,(2,2),(0.,0.423611812766),.PIECEWISE_BEZIER_KNOTS.);
#2411 = CARTESIAN_POINT('',(0.,0.));
#2412 = CARTESIAN_POINT('',(0.,0.423611812766));
#2413 = ( GEOMETRIC_REPRESENTATION_CONTEXT(2) 
PARAMETRIC_REPRESENTATION_CONTEXT() REPRESENTATION_CONTEXT('2D SPACE',''
  ) );
#2414 = ORIENTED_EDGE('',*,*,#2415,.F.);
#2415 = EDGE_CURVE('',#2295,#2378,#2416,.T.);
#2416 = SURFACE_CURVE('',#2417,(#2420,#2427),.PCURVE_S1.);
#2417 = B_SPLINE_CURVE_WITH_KNOTS('',1,(#2418,#2419),.UNSPECIFIED.,.F.,
  .F.,(2,2),(0.,1.089006678802),.PIECEWISE_BEZIER_KNOTS.);
#2418 = CARTESIAN_POINT('',(13.59034699152,2.396344852077,1.919999994306
    ));
#2419 = CARTESIAN_POINT('',(14.28676783809,2.477885213037,2.753237487746
    ));
#2420 = PCURVE('',#2313,#2421);
#2421 = DEFINITIONAL_REPRESENTATION('',(#2422),#2426);
#2422 = LINE('',#2423,#2424);
#2423 = CARTESIAN_POINT('',(0.,0.423611812766));
#2424 = VECTOR('',#2425,1.);
#2425 = DIRECTION('',(1.,0.));
#2426 = ( GEOMETRIC_REPRESENTATION_CONTEXT(2) 
PARAMETRIC_REPRESENTATION_CONTEXT() REPRESENTATION_CONTEXT('2D SPACE',''
  ) );
#2427 = PCURVE('',#1173,#2428);
#2428 = DEFINITIONAL_REPRESENTATION('',(#2429),#2432);
#2429 = B_SPLINE_CURVE_WITH_KNOTS('',1,(#2430,#2431),.UNSPECIFIED.,.F.,
  .F.,(2,2),(0.,1.089006678802),.PIECEWISE_BEZIER_KNOTS.);
#2430 = CARTESIAN_POINT('',(8.469779910787E-02,1.116044278759));
#2431 = CARTESIAN_POINT('',(-0.61530218504,0.281816750642));
#2432 = ( GEOMETRIC_REPRESENTATION_CONTEXT(2) 
PARAMETRIC_REPRESENTATION_CONTEXT() REPRESENTATION_CONTEXT('2D SPACE',''
  ) );
#2433 = ADVANCED_FACE('',(#2434),#2396,.F.);
#2434 = FACE_BOUND('',#2435,.F.);
#2435 = EDGE_LOOP('',(#2436,#2437,#2458,#2514));
#2436 = ORIENTED_EDGE('',*,*,#2377,.F.);
#2437 = ORIENTED_EDGE('',*,*,#2438,.T.);
#2438 = EDGE_CURVE('',#2357,#2439,#2441,.T.);
#2439 = VERTEX_POINT('',#2440);
#2440 = CARTESIAN_POINT('',(14.267688574477,-2.586089185182,3.1));
#2441 = SURFACE_CURVE('',#2442,(#2445,#2452),.PCURVE_S1.);
#2442 = B_SPLINE_CURVE_WITH_KNOTS('',1,(#2443,#2444),.UNSPECIFIED.,.F.,
  .F.,(2,2),(0.,1.205772485184),.PIECEWISE_BEZIER_KNOTS.);
#2443 = CARTESIAN_POINT('',(14.272656983717,-2.557911936187,
    2.513237480154));
#2444 = CARTESIAN_POINT('',(14.262459226877,-2.615746289155,
    3.717578992932));
#2445 = PCURVE('',#2396,#2446);
#2446 = DEFINITIONAL_REPRESENTATION('',(#2447),#2451);
#2447 = LINE('',#2448,#2449);
#2448 = CARTESIAN_POINT('',(0.,0.));
#2449 = VECTOR('',#2450,1.);
#2450 = DIRECTION('',(1.,0.));
#2451 = ( GEOMETRIC_REPRESENTATION_CONTEXT(2) 
PARAMETRIC_REPRESENTATION_CONTEXT() REPRESENTATION_CONTEXT('2D SPACE',''
  ) );
#2452 = PCURVE('',#1037,#2453);
#2453 = DEFINITIONAL_REPRESENTATION('',(#2454),#2457);
#2454 = B_SPLINE_CURVE_WITH_KNOTS('',1,(#2455,#2456),.UNSPECIFIED.,.F.,
  .F.,(2,2),(0.,1.205772485184),.PIECEWISE_BEZIER_KNOTS.);
#2455 = CARTESIAN_POINT('',(0.281816762334,0.615302179685));
#2456 = CARTESIAN_POINT('',(-0.92395572285,0.615302179685));
#2457 = ( GEOMETRIC_REPRESENTATION_CONTEXT(2) 
PARAMETRIC_REPRESENTATION_CONTEXT() REPRESENTATION_CONTEXT('2D SPACE',''
  ) );
#2458 = ORIENTED_EDGE('',*,*,#2459,.T.);
#2459 = EDGE_CURVE('',#2439,#2460,#2462,.T.);
#2460 = VERTEX_POINT('',#2461);
#2461 = CARTESIAN_POINT('',(14.289704041749,2.461233136615,3.1));
#2462 = SURFACE_CURVE('',#2463,(#2478,#2496),.PCURVE_S1.);
#2463 = B_SPLINE_CURVE_WITH_KNOTS('',4,(#2464,#2465,#2466,#2467,#2468,
    #2469,#2470,#2471,#2472,#2473,#2474,#2475,#2476,#2477),
  .UNSPECIFIED.,.F.,.F.,(5,3,3,3,5),(0.,0.250000329045,0.50000043261,
    0.750000321464,1.),.UNSPECIFIED.);
#2464 = CARTESIAN_POINT('',(14.267688574477,-2.586089185182,3.1));
#2465 = CARTESIAN_POINT('',(14.324235247566,-2.274096346711,3.1));
#2466 = CARTESIAN_POINT('',(14.371685518055,-1.960454766629,3.1));
#2467 = CARTESIAN_POINT('',(14.409967102321,-1.64556257707,3.1));
#2468 = CARTESIAN_POINT('',(14.468118828373,-1.014083174963,3.1));
#2469 = CARTESIAN_POINT('',(14.487988991947,-0.697495807024,3.1));
#2470 = CARTESIAN_POINT('',(14.498616442555,-0.380463567608,3.1));
#2471 = CARTESIAN_POINT('',(14.501382396118,0.253681126062,3.1));
#2472 = CARTESIAN_POINT('',(14.493520915191,0.570793734559,3.1));
#2473 = CARTESIAN_POINT('',(14.476413208143,0.887542114829,3.1));
#2474 = CARTESIAN_POINT('',(14.423772358479,1.519503660144,3.1));
#2475 = CARTESIAN_POINT('',(14.388239226798,1.83471698295,3.1));
#2476 = CARTESIAN_POINT('',(14.343526868871,2.14875972806,3.1));
#2477 = CARTESIAN_POINT('',(14.289704041749,2.461233136615,3.1));
#2478 = PCURVE('',#2396,#2479);
#2479 = DEFINITIONAL_REPRESENTATION('',(#2480),#2495);
#2480 = B_SPLINE_CURVE_WITH_KNOTS('',4,(#2481,#2482,#2483,#2484,#2485,
    #2486,#2487,#2488,#2489,#2490,#2491,#2492,#2493,#2494),
  .UNSPECIFIED.,.F.,.F.,(5,3,3,3,5),(0.,0.250000329045,0.50000043261,
    0.750000321464,1.),.UNSPECIFIED.);
#2481 = CARTESIAN_POINT('',(0.587459698317,0.));
#2482 = CARTESIAN_POINT('',(0.572441877122,2.647572419486E-02));
#2483 = CARTESIAN_POINT('',(0.557424057043,5.295145908861E-02));
#2484 = CARTESIAN_POINT('',(0.542406232063,7.94272034491E-02));
#2485 = CARTESIAN_POINT('',(0.512370588959,0.132378679106));
#2486 = CARTESIAN_POINT('',(0.497352768137,0.158854414924));
#2487 = CARTESIAN_POINT('',(0.482334942061,0.185330157963));
#2488 = CARTESIAN_POINT('',(0.452299296835,0.238281632105));
#2489 = CARTESIAN_POINT('',(0.437281475123,0.264757367492));
#2490 = CARTESIAN_POINT('',(0.422263650095,0.291233110808));
#2491 = CARTESIAN_POINT('',(0.392228007286,0.344184586119));
#2492 = CARTESIAN_POINT('',(0.377210186831,0.370660322594));
#2493 = CARTESIAN_POINT('',(0.362192362332,0.397136065341));
#2494 = CARTESIAN_POINT('',(0.347174527933,0.423611812766));
#2495 = ( GEOMETRIC_REPRESENTATION_CONTEXT(2) 
PARAMETRIC_REPRESENTATION_CONTEXT() REPRESENTATION_CONTEXT('2D SPACE',''
  ) );
#2496 = PCURVE('',#1066,#2497);
#2497 = DEFINITIONAL_REPRESENTATION('',(#2498),#2513);
#2498 = B_SPLINE_CURVE_WITH_KNOTS('',4,(#2499,#2500,#2501,#2502,#2503,
    #2504,#2505,#2506,#2507,#2508,#2509,#2510,#2511,#2512),
  .UNSPECIFIED.,.F.,.F.,(5,3,3,3,5),(0.,0.250000329045,0.50000043261,
    0.750000321464,1.),.UNSPECIFIED.);
#2499 = CARTESIAN_POINT('',(14.267688574477,-2.586089185182));
#2500 = CARTESIAN_POINT('',(14.324235247566,-2.274096346711));
#2501 = CARTESIAN_POINT('',(14.371685518055,-1.960454766629));
#2502 = CARTESIAN_POINT('',(14.409967102321,-1.64556257707));
#2503 = CARTESIAN_POINT('',(14.468118828373,-1.014083174963));
#2504 = CARTESIAN_POINT('',(14.487988991947,-0.697495807024));
#2505 = CARTESIAN_POINT('',(14.498616442555,-0.380463567608));
#2506 = CARTESIAN_POINT('',(14.501382396118,0.253681126062));
#2507 = CARTESIAN_POINT('',(14.493520915191,0.570793734559));
#2508 = CARTESIAN_POINT('',(14.476413208143,0.887542114829));
#2509 = CARTESIAN_POINT('',(14.423772358479,1.519503660144));
#2510 = CARTESIAN_POINT('',(14.388239226798,1.83471698295));
#2511 = CARTESIAN_POINT('',(14.343526868871,2.14875972806));
#2512 = CARTESIAN_POINT('',(14.289704041749,2.461233136615));
#2513 = ( GEOMETRIC_REPRESENTATION_CONTEXT(2) 
PARAMETRIC_REPRESENTATION_CONTEXT() REPRESENTATION_CONTEXT('2D SPACE',''
  ) );
#2514 = ORIENTED_EDGE('',*,*,#2515,.F.);
#2515 = EDGE_CURVE('',#2378,#2460,#2516,.T.);
#2516 = SURFACE_CURVE('',#2517,(#2520,#2527),.PCURVE_S1.);
#2517 = B_SPLINE_CURVE_WITH_KNOTS('',1,(#2518,#2519),.UNSPECIFIED.,.F.,
  .F.,(2,2),(0.,1.205772485184),.PIECEWISE_BEZIER_KNOTS.);
#2518 = CARTESIAN_POINT('',(14.28676783809,2.477885213037,2.753237487746
    ));
#2519 = CARTESIAN_POINT('',(14.296965572366,2.420050856091,
    3.957579000524));
#2520 = PCURVE('',#2396,#2521);
#2521 = DEFINITIONAL_REPRESENTATION('',(#2522),#2526);
#2522 = LINE('',#2523,#2524);
#2523 = CARTESIAN_POINT('',(0.,0.423611812766));
#2524 = VECTOR('',#2525,1.);
#2525 = DIRECTION('',(1.,0.));
#2526 = ( GEOMETRIC_REPRESENTATION_CONTEXT(2) 
PARAMETRIC_REPRESENTATION_CONTEXT() REPRESENTATION_CONTEXT('2D SPACE',''
  ) );
#2527 = PCURVE('',#1173,#2528);
#2528 = DEFINITIONAL_REPRESENTATION('',(#2529),#2532);
#2529 = B_SPLINE_CURVE_WITH_KNOTS('',1,(#2530,#2531),.UNSPECIFIED.,.F.,
  .F.,(2,2),(0.,1.205772485184),.PIECEWISE_BEZIER_KNOTS.);
#2530 = CARTESIAN_POINT('',(-0.61530218504,0.281816750642));
#2531 = CARTESIAN_POINT('',(-0.615302162128,-0.923955734542));
#2532 = ( GEOMETRIC_REPRESENTATION_CONTEXT(2) 
PARAMETRIC_REPRESENTATION_CONTEXT() REPRESENTATION_CONTEXT('2D SPACE',''
  ) );
#2533 = ADVANCED_FACE('',(#2534),#1173,.F.);
#2534 = FACE_BOUND('',#2535,.F.);
#2535 = EDGE_LOOP('',(#2536,#2555,#2556,#2557,#2558));
#2536 = ORIENTED_EDGE('',*,*,#2537,.T.);
#2537 = EDGE_CURVE('',#2460,#1130,#2538,.T.);
#2538 = SURFACE_CURVE('',#2539,(#2543,#2549),.PCURVE_S1.);
#2539 = LINE('',#2540,#2541);
#2540 = CARTESIAN_POINT('',(6.846870665577,1.148860799478,3.1));
#2541 = VECTOR('',#2542,1.);
#2542 = DIRECTION('',(-0.984807753012,-0.173648177667,0.));
#2543 = PCURVE('',#1173,#2544);
#2544 = DEFINITIONAL_REPRESENTATION('',(#2545),#2548);
#2545 = B_SPLINE_CURVE_WITH_KNOTS('',1,(#2546,#2547),.UNSPECIFIED.,.F.,
  .F.,(2,2),(-7.557651084594,-6.457651061682),.PIECEWISE_BEZIER_KNOTS.);
#2546 = CARTESIAN_POINT('',(-0.61530218504,-6.535777729165E-02));
#2547 = CARTESIAN_POINT('',(0.484697837872,-6.535777729165E-02));
#2548 = ( GEOMETRIC_REPRESENTATION_CONTEXT(2) 
PARAMETRIC_REPRESENTATION_CONTEXT() REPRESENTATION_CONTEXT('2D SPACE',''
  ) );
#2549 = PCURVE('',#1066,#2550);
#2550 = DEFINITIONAL_REPRESENTATION('',(#2551),#2554);
#2551 = B_SPLINE_CURVE_WITH_KNOTS('',1,(#2552,#2553),.UNSPECIFIED.,.F.,
  .F.,(2,2),(-7.557651084594,-6.457651061682),.PIECEWISE_BEZIER_KNOTS.);
#2552 = CARTESIAN_POINT('',(14.289704048246,2.46123313776));
#2553 = CARTESIAN_POINT('',(13.206415497368,2.270220138348));
#2554 = ( GEOMETRIC_REPRESENTATION_CONTEXT(2) 
PARAMETRIC_REPRESENTATION_CONTEXT() REPRESENTATION_CONTEXT('2D SPACE',''
  ) );
#2555 = ORIENTED_EDGE('',*,*,#1153,.F.);
#2556 = ORIENTED_EDGE('',*,*,#2332,.T.);
#2557 = ORIENTED_EDGE('',*,*,#2415,.T.);
#2558 = ORIENTED_EDGE('',*,*,#2515,.T.);
#2559 = ADVANCED_FACE('',(#2560),#1116,.T.);
#2560 = FACE_BOUND('',#2561,.T.);
#2561 = EDGE_LOOP('',(#2562,#2585,#2612,#2613));
#2562 = ORIENTED_EDGE('',*,*,#2563,.T.);
#2563 = EDGE_CURVE('',#1079,#2564,#2566,.T.);
#2564 = VERTEX_POINT('',#2565);
#2565 = CARTESIAN_POINT('',(13.3,-3.257560485732E-15,6.45));
#2566 = SEAM_CURVE('',#2567,(#2571,#2578),.PCURVE_S1.);
#2567 = LINE('',#2568,#2569);
#2568 = CARTESIAN_POINT('',(14.7,-3.600461589493E-15,6.05));
#2569 = VECTOR('',#2570,1.);
#2570 = DIRECTION('',(-0.961523947641,2.355054449564E-16,0.274721127897)
  );
#2571 = PCURVE('',#1116,#2572);
#2572 = DEFINITIONAL_REPRESENTATION('',(#2573),#2577);
#2573 = LINE('',#2574,#2575);
#2574 = CARTESIAN_POINT('',(-6.28318530718,0.));
#2575 = VECTOR('',#2576,1.);
#2576 = DIRECTION('',(-0.,-1.));
#2577 = ( GEOMETRIC_REPRESENTATION_CONTEXT(2) 
PARAMETRIC_REPRESENTATION_CONTEXT() REPRESENTATION_CONTEXT('2D SPACE',''
  ) );
#2578 = PCURVE('',#1116,#2579);
#2579 = DEFINITIONAL_REPRESENTATION('',(#2580),#2584);
#2580 = LINE('',#2581,#2582);
#2581 = CARTESIAN_POINT('',(0.,-0.));
#2582 = VECTOR('',#2583,1.);
#2583 = DIRECTION('',(-0.,-1.));
#2584 = ( GEOMETRIC_REPRESENTATION_CONTEXT(2) 
PARAMETRIC_REPRESENTATION_CONTEXT() REPRESENTATION_CONTEXT('2D SPACE',''
  ) );
#2585 = ORIENTED_EDGE('',*,*,#2586,.F.);
#2586 = EDGE_CURVE('',#2564,#2564,#2587,.T.);
#2587 = SURFACE_CURVE('',#2588,(#2593,#2600),.PCURVE_S1.);
#2588 = CIRCLE('',#2589,13.3);
#2589 = AXIS2_PLACEMENT_3D('',#2590,#2591,#2592);
#2590 = CARTESIAN_POINT('',(0.,0.,6.45));
#2591 = DIRECTION('',(0.,0.,1.));
#2592 = DIRECTION('',(1.,0.,-0.));
#2593 = PCURVE('',#1116,#2594);
#2594 = DEFINITIONAL_REPRESENTATION('',(#2595),#2599);
#2595 = LINE('',#2596,#2597);
#2596 = CARTESIAN_POINT('',(-0.,-0.4));
#2597 = VECTOR('',#2598,1.);
#2598 = DIRECTION('',(-1.,-0.));
#2599 = ( GEOMETRIC_REPRESENTATION_CONTEXT(2) 
PARAMETRIC_REPRESENTATION_CONTEXT() REPRESENTATION_CONTEXT('2D SPACE',''
  ) );
#2600 = PCURVE('',#2601,#2606);
#2601 = PLANE('',#2602);
#2602 = AXIS2_PLACEMENT_3D('',#2603,#2604,#2605);
#2603 = CARTESIAN_POINT('',(0.,0.,6.45));
#2604 = DIRECTION('',(0.,0.,1.));
#2605 = DIRECTION('',(1.,0.,-0.));
#2606 = DEFINITIONAL_REPRESENTATION('',(#2607),#2611);
#2607 = CIRCLE('',#2608,13.3);
#2608 = AXIS2_PLACEMENT_2D('',#2609,#2610);
#2609 = CARTESIAN_POINT('',(0.,0.));
#2610 = DIRECTION('',(1.,0.));
#2611 = ( GEOMETRIC_REPRESENTATION_CONTEXT(2) 
PARAMETRIC_REPRESENTATION_CONTEXT() REPRESENTATION_CONTEXT('2D SPACE',''
  ) );
#2612 = ORIENTED_EDGE('',*,*,#2563,.F.);
#2613 = ORIENTED_EDGE('',*,*,#1101,.T.);
#2614 = ADVANCED_FACE('',(#2615,#2618),#2601,.T.);
#2615 = FACE_BOUND('',#2616,.T.);
#2616 = EDGE_LOOP('',(#2617));
#2617 = ORIENTED_EDGE('',*,*,#2586,.T.);
#2618 = FACE_BOUND('',#2619,.T.);
#2619 = EDGE_LOOP('',(#2620));
#2620 = ORIENTED_EDGE('',*,*,#2621,.F.);
#2621 = EDGE_CURVE('',#2622,#2622,#2624,.T.);
#2622 = VERTEX_POINT('',#2623);
#2623 = CARTESIAN_POINT('',(12.8,-3.135095805817E-15,6.45));
#2624 = SURFACE_CURVE('',#2625,(#2630,#2637),.PCURVE_S1.);
#2625 = CIRCLE('',#2626,12.8);
#2626 = AXIS2_PLACEMENT_3D('',#2627,#2628,#2629);
#2627 = CARTESIAN_POINT('',(0.,0.,6.45));
#2628 = DIRECTION('',(0.,0.,1.));
#2629 = DIRECTION('',(1.,0.,-0.));
#2630 = PCURVE('',#2601,#2631);
#2631 = DEFINITIONAL_REPRESENTATION('',(#2632),#2636);
#2632 = CIRCLE('',#2633,12.8);
#2633 = AXIS2_PLACEMENT_2D('',#2634,#2635);
#2634 = CARTESIAN_POINT('',(0.,0.));
#2635 = DIRECTION('',(1.,0.));
#2636 = ( GEOMETRIC_REPRESENTATION_CONTEXT(2) 
PARAMETRIC_REPRESENTATION_CONTEXT() REPRESENTATION_CONTEXT('2D SPACE',''
  ) );
#2637 = PCURVE('',#2638,#2643);
#2638 = CYLINDRICAL_SURFACE('',#2639,12.8);
#2639 = AXIS2_PLACEMENT_3D('',#2640,#2641,#2642);
#2640 = CARTESIAN_POINT('',(0.,0.,0.));
#2641 = DIRECTION('',(0.,0.,1.));
#2642 = DIRECTION('',(1.,0.,-0.));
#2643 = DEFINITIONAL_REPRESENTATION('',(#2644),#2648);
#2644 = LINE('',#2645,#2646);
#2645 = CARTESIAN_POINT('',(0.,6.45));
#2646 = VECTOR('',#2647,1.);
#2647 = DIRECTION('',(1.,0.));
#2648 = ( GEOMETRIC_REPRESENTATION_CONTEXT(2) 
PARAMETRIC_REPRESENTATION_CONTEXT() REPRESENTATION_CONTEXT('2D SPACE',''
  ) );
#2649 = ADVANCED_FACE('',(#2650),#2638,.F.);
#2650 = FACE_BOUND('',#2651,.F.);
#2651 = EDGE_LOOP('',(#2652,#2675,#2676,#2677));
#2652 = ORIENTED_EDGE('',*,*,#2653,.T.);
#2653 = EDGE_CURVE('',#2654,#2622,#2656,.T.);
#2654 = VERTEX_POINT('',#2655);
#2655 = CARTESIAN_POINT('',(12.8,-3.135095805817E-15,3.8));
#2656 = SEAM_CURVE('',#2657,(#2661,#2668),.PCURVE_S1.);
#2657 = LINE('',#2658,#2659);
#2658 = CARTESIAN_POINT('',(12.8,-3.135095805817E-15,0.));
#2659 = VECTOR('',#2660,1.);
#2660 = DIRECTION('',(0.,0.,1.));
#2661 = PCURVE('',#2638,#2662);
#2662 = DEFINITIONAL_REPRESENTATION('',(#2663),#2667);
#2663 = LINE('',#2664,#2665);
#2664 = CARTESIAN_POINT('',(6.28318530718,-0.));
#2665 = VECTOR('',#2666,1.);
#2666 = DIRECTION('',(0.,1.));
#2667 = ( GEOMETRIC_REPRESENTATION_CONTEXT(2) 
PARAMETRIC_REPRESENTATION_CONTEXT() REPRESENTATION_CONTEXT('2D SPACE',''
  ) );
#2668 = PCURVE('',#2638,#2669);
#2669 = DEFINITIONAL_REPRESENTATION('',(#2670),#2674);
#2670 = LINE('',#2671,#2672);
#2671 = CARTESIAN_POINT('',(0.,-0.));
#2672 = VECTOR('',#2673,1.);
#2673 = DIRECTION('',(0.,1.));
#2674 = ( GEOMETRIC_REPRESENTATION_CONTEXT(2) 
PARAMETRIC_REPRESENTATION_CONTEXT() REPRESENTATION_CONTEXT('2D SPACE',''
  ) );
#2675 = ORIENTED_EDGE('',*,*,#2621,.F.);
#2676 = ORIENTED_EDGE('',*,*,#2653,.F.);
#2677 = ORIENTED_EDGE('',*,*,#2678,.T.);
#2678 = EDGE_CURVE('',#2654,#2654,#2679,.T.);
#2679 = SURFACE_CURVE('',#2680,(#2685,#2692),.PCURVE_S1.);
#2680 = CIRCLE('',#2681,12.8);
#2681 = AXIS2_PLACEMENT_3D('',#2682,#2683,#2684);
#2682 = CARTESIAN_POINT('',(0.,0.,3.8));
#2683 = DIRECTION('',(0.,0.,1.));
#2684 = DIRECTION('',(1.,0.,-0.));
#2685 = PCURVE('',#2638,#2686);
#2686 = DEFINITIONAL_REPRESENTATION('',(#2687),#2691);
#2687 = LINE('',#2688,#2689);
#2688 = CARTESIAN_POINT('',(0.,3.8));
#2689 = VECTOR('',#2690,1.);
#2690 = DIRECTION('',(1.,0.));
#2691 = ( GEOMETRIC_REPRESENTATION_CONTEXT(2) 
PARAMETRIC_REPRESENTATION_CONTEXT() REPRESENTATION_CONTEXT('2D SPACE',''
  ) );
#2692 = PCURVE('',#2693,#2698);
#2693 = PLANE('',#2694);
#2694 = AXIS2_PLACEMENT_3D('',#2695,#2696,#2697);
#2695 = CARTESIAN_POINT('',(0.,0.,3.8));
#2696 = DIRECTION('',(0.,0.,1.));
#2697 = DIRECTION('',(1.,0.,-0.));
#2698 = DEFINITIONAL_REPRESENTATION('',(#2699),#2703);
#2699 = CIRCLE('',#2700,12.8);
#2700 = AXIS2_PLACEMENT_2D('',#2701,#2702);
#2701 = CARTESIAN_POINT('',(0.,0.));
#2702 = DIRECTION('',(1.,0.));
#2703 = ( GEOMETRIC_REPRESENTATION_CONTEXT(2) 
PARAMETRIC_REPRESENTATION_CONTEXT() REPRESENTATION_CONTEXT('2D SPACE',''
  ) );
#2704 = ADVANCED_FACE('',(#2705,#2708),#2693,.T.);
#2705 = FACE_BOUND('',#2706,.T.);
#2706 = EDGE_LOOP('',(#2707));
#2707 = ORIENTED_EDGE('',*,*,#2678,.T.);
#2708 = FACE_BOUND('',#2709,.T.);
#2709 = EDGE_LOOP('',(#2710));
#2710 = ORIENTED_EDGE('',*,*,#2711,.F.);
#2711 = EDGE_CURVE('',#2712,#2712,#2714,.T.);
#2712 = VERTEX_POINT('',#2713);
#2713 = CARTESIAN_POINT('',(12.75,-2.632990618167E-15,3.8));
#2714 = SURFACE_CURVE('',#2715,(#2720,#2727),.PCURVE_S1.);
#2715 = CIRCLE('',#2716,10.75);
#2716 = AXIS2_PLACEMENT_3D('',#2717,#2718,#2719);
#2717 = CARTESIAN_POINT('',(2.,0.,3.8));
#2718 = DIRECTION('',(0.,0.,1.));
#2719 = DIRECTION('',(1.,0.,-0.));
#2720 = PCURVE('',#2693,#2721);
#2721 = DEFINITIONAL_REPRESENTATION('',(#2722),#2726);
#2722 = CIRCLE('',#2723,10.75);
#2723 = AXIS2_PLACEMENT_2D('',#2724,#2725);
#2724 = CARTESIAN_POINT('',(2.,0.));
#2725 = DIRECTION('',(1.,0.));
#2726 = ( GEOMETRIC_REPRESENTATION_CONTEXT(2) 
PARAMETRIC_REPRESENTATION_CONTEXT() REPRESENTATION_CONTEXT('2D SPACE',''
  ) );
#2727 = PCURVE('',#2728,#2733);
#2728 = CYLINDRICAL_SURFACE('',#2729,10.75);
#2729 = AXIS2_PLACEMENT_3D('',#2730,#2731,#2732);
#2730 = CARTESIAN_POINT('',(2.,0.,0.));
#2731 = DIRECTION('',(0.,0.,1.));
#2732 = DIRECTION('',(1.,0.,-0.));
#2733 = DEFINITIONAL_REPRESENTATION('',(#2734),#2738);
#2734 = LINE('',#2735,#2736);
#2735 = CARTESIAN_POINT('',(0.,3.8));
#2736 = VECTOR('',#2737,1.);
#2737 = DIRECTION('',(1.,0.));
#2738 = ( GEOMETRIC_REPRESENTATION_CONTEXT(2) 
PARAMETRIC_REPRESENTATION_CONTEXT() REPRESENTATION_CONTEXT('2D SPACE',''
  ) );
#2739 = ADVANCED_FACE('',(#2740),#2728,.F.);
#2740 = FACE_BOUND('',#2741,.F.);
#2741 = EDGE_LOOP('',(#2742,#2743,#2766,#2793));
#2742 = ORIENTED_EDGE('',*,*,#2711,.F.);
#2743 = ORIENTED_EDGE('',*,*,#2744,.F.);
#2744 = EDGE_CURVE('',#2745,#2712,#2747,.T.);
#2745 = VERTEX_POINT('',#2746);
#2746 = CARTESIAN_POINT('',(12.75,-2.632990618167E-15,0.));
#2747 = SEAM_CURVE('',#2748,(#2752,#2759),.PCURVE_S1.);
#2748 = LINE('',#2749,#2750);
#2749 = CARTESIAN_POINT('',(12.75,-2.632990618167E-15,0.));
#2750 = VECTOR('',#2751,1.);
#2751 = DIRECTION('',(0.,0.,1.));
#2752 = PCURVE('',#2728,#2753);
#2753 = DEFINITIONAL_REPRESENTATION('',(#2754),#2758);
#2754 = LINE('',#2755,#2756);
#2755 = CARTESIAN_POINT('',(6.28318530718,-0.));
#2756 = VECTOR('',#2757,1.);
#2757 = DIRECTION('',(0.,1.));
#2758 = ( GEOMETRIC_REPRESENTATION_CONTEXT(2) 
PARAMETRIC_REPRESENTATION_CONTEXT() REPRESENTATION_CONTEXT('2D SPACE',''
  ) );
#2759 = PCURVE('',#2728,#2760);
#2760 = DEFINITIONAL_REPRESENTATION('',(#2761),#2765);
#2761 = LINE('',#2762,#2763);
#2762 = CARTESIAN_POINT('',(0.,-0.));
#2763 = VECTOR('',#2764,1.);
#2764 = DIRECTION('',(0.,1.));
#2765 = ( GEOMETRIC_REPRESENTATION_CONTEXT(2) 
PARAMETRIC_REPRESENTATION_CONTEXT() REPRESENTATION_CONTEXT('2D SPACE',''
  ) );
#2766 = ORIENTED_EDGE('',*,*,#2767,.T.);
#2767 = EDGE_CURVE('',#2745,#2745,#2768,.T.);
#2768 = SURFACE_CURVE('',#2769,(#2774,#2781),.PCURVE_S1.);
#2769 = CIRCLE('',#2770,10.75);
#2770 = AXIS2_PLACEMENT_3D('',#2771,#2772,#2773);
#2771 = CARTESIAN_POINT('',(2.,0.,0.));
#2772 = DIRECTION('',(0.,0.,1.));
#2773 = DIRECTION('',(1.,0.,-0.));
#2774 = PCURVE('',#2728,#2775);
#2775 = DEFINITIONAL_REPRESENTATION('',(#2776),#2780);
#2776 = LINE('',#2777,#2778);
#2777 = CARTESIAN_POINT('',(0.,0.));
#2778 = VECTOR('',#2779,1.);
#2779 = DIRECTION('',(1.,0.));
#2780 = ( GEOMETRIC_REPRESENTATION_CONTEXT(2) 
PARAMETRIC_REPRESENTATION_CONTEXT() REPRESENTATION_CONTEXT('2D SPACE',''
  ) );
#2781 = PCURVE('',#2782,#2787);
#2782 = PLANE('',#2783);
#2783 = AXIS2_PLACEMENT_3D('',#2784,#2785,#2786);
#2784 = CARTESIAN_POINT('',(0.,0.,0.));
#2785 = DIRECTION('',(0.,0.,1.));
#2786 = DIRECTION('',(1.,0.,-0.));
#2787 = DEFINITIONAL_REPRESENTATION('',(#2788),#2792);
#2788 = CIRCLE('',#2789,10.75);
#2789 = AXIS2_PLACEMENT_2D('',#2790,#2791);
#2790 = CARTESIAN_POINT('',(2.,0.));
#2791 = DIRECTION('',(1.,0.));
#2792 = ( GEOMETRIC_REPRESENTATION_CONTEXT(2) 
PARAMETRIC_REPRESENTATION_CONTEXT() REPRESENTATION_CONTEXT('2D SPACE',''
  ) );
#2793 = ORIENTED_EDGE('',*,*,#2744,.T.);
#2794 = ADVANCED_FACE('',(#2795),#2782,.T.);
#2795 = FACE_BOUND('',#2796,.T.);
#2796 = EDGE_LOOP('',(#2797));
#2797 = ORIENTED_EDGE('',*,*,#2767,.T.);
#2798 = ADVANCED_FACE('',(#2799),#1066,.T.);
#2799 = FACE_BOUND('',#2800,.T.);
#2800 = EDGE_LOOP('',(#2801,#2820,#2821,#2822,#2823));
#2801 = ORIENTED_EDGE('',*,*,#2802,.F.);
#2802 = EDGE_CURVE('',#2439,#1018,#2803,.T.);
#2803 = SURFACE_CURVE('',#2804,(#2808,#2814),.PCURVE_S1.);
#2804 = LINE('',#2805,#2806);
#2805 = CARTESIAN_POINT('',(6.824855186639,-1.273716845988,3.1));
#2806 = VECTOR('',#2807,1.);
#2807 = DIRECTION('',(-0.984807753012,0.173648177667,0.));
#2808 = PCURVE('',#1066,#2809);
#2809 = DEFINITIONAL_REPRESENTATION('',(#2810),#2813);
#2810 = B_SPLINE_CURVE_WITH_KNOTS('',1,(#2811,#2812),.UNSPECIFIED.,.F.,
  .F.,(2,2),(-7.557651089842,-6.457651089842),.PIECEWISE_BEZIER_KNOTS.);
#2811 = CARTESIAN_POINT('',(14.267688574477,-2.586089185182));
#2812 = CARTESIAN_POINT('',(13.184400046164,-2.395076189748));
#2813 = ( GEOMETRIC_REPRESENTATION_CONTEXT(2) 
PARAMETRIC_REPRESENTATION_CONTEXT() REPRESENTATION_CONTEXT('2D SPACE',''
  ) );
#2814 = PCURVE('',#1037,#2815);
#2815 = DEFINITIONAL_REPRESENTATION('',(#2816),#2819);
#2816 = B_SPLINE_CURVE_WITH_KNOTS('',1,(#2817,#2818),.UNSPECIFIED.,.F.,
  .F.,(2,2),(-7.557651089842,-6.457651089842),.PIECEWISE_BEZIER_KNOTS.);
#2817 = CARTESIAN_POINT('',(-0.305642935984,0.615302179685));
#2818 = CARTESIAN_POINT('',(-0.305642935984,-0.484697820315));
#2819 = ( GEOMETRIC_REPRESENTATION_CONTEXT(2) 
PARAMETRIC_REPRESENTATION_CONTEXT() REPRESENTATION_CONTEXT('2D SPACE',''
  ) );
#2820 = ORIENTED_EDGE('',*,*,#2459,.T.);
#2821 = ORIENTED_EDGE('',*,*,#2537,.T.);
#2822 = ORIENTED_EDGE('',*,*,#1129,.F.);
#2823 = ORIENTED_EDGE('',*,*,#1049,.F.);
#2824 = ADVANCED_FACE('',(#2825),#1037,.T.);
#2825 = FACE_BOUND('',#2826,.T.);
#2826 = EDGE_LOOP('',(#2827,#2828,#2829,#2830,#2831));
#2827 = ORIENTED_EDGE('',*,*,#2802,.T.);
#2828 = ORIENTED_EDGE('',*,*,#1015,.F.);
#2829 = ORIENTED_EDGE('',*,*,#2273,.T.);
#2830 = ORIENTED_EDGE('',*,*,#2356,.T.);
#2831 = ORIENTED_EDGE('',*,*,#2438,.T.);
#2832 = ADVANCED_FACE('',(#2833),#965,.F.);
#2833 = FACE_BOUND('',#2834,.F.);
#2834 = EDGE_LOOP('',(#2835,#2858,#2859,#2882));
#2835 = ORIENTED_EDGE('',*,*,#2836,.F.);
#2836 = EDGE_CURVE('',#929,#2837,#2839,.T.);
#2837 = VERTEX_POINT('',#2838);
#2838 = CARTESIAN_POINT('',(15.97,-6.5,2.2));
#2839 = SURFACE_CURVE('',#2840,(#2844,#2851),.PCURVE_S1.);
#2840 = LINE('',#2841,#2842);
#2841 = CARTESIAN_POINT('',(15.97,-6.5,-1.));
#2842 = VECTOR('',#2843,1.);
#2843 = DIRECTION('',(0.,0.,1.));
#2844 = PCURVE('',#965,#2845);
#2845 = DEFINITIONAL_REPRESENTATION('',(#2846),#2850);
#2846 = LINE('',#2847,#2848);
#2847 = CARTESIAN_POINT('',(0.,0.));
#2848 = VECTOR('',#2849,1.);
#2849 = DIRECTION('',(1.,0.));
#2850 = ( GEOMETRIC_REPRESENTATION_CONTEXT(2) 
PARAMETRIC_REPRESENTATION_CONTEXT() REPRESENTATION_CONTEXT('2D SPACE',''
  ) );
#2851 = PCURVE('',#215,#2852);
#2852 = DEFINITIONAL_REPRESENTATION('',(#2853),#2857);
#2853 = LINE('',#2854,#2855);
#2854 = CARTESIAN_POINT('',(0.,3.17));
#2855 = VECTOR('',#2856,1.);
#2856 = DIRECTION('',(1.,0.));
#2857 = ( GEOMETRIC_REPRESENTATION_CONTEXT(2) 
PARAMETRIC_REPRESENTATION_CONTEXT() REPRESENTATION_CONTEXT('2D SPACE',''
  ) );
#2858 = ORIENTED_EDGE('',*,*,#951,.F.);
#2859 = ORIENTED_EDGE('',*,*,#2860,.T.);
#2860 = EDGE_CURVE('',#803,#2861,#2863,.T.);
#2861 = VERTEX_POINT('',#2862);
#2862 = CARTESIAN_POINT('',(15.97,6.5,2.2));
#2863 = SURFACE_CURVE('',#2864,(#2868,#2875),.PCURVE_S1.);
#2864 = LINE('',#2865,#2866);
#2865 = CARTESIAN_POINT('',(15.97,6.5,-1.));
#2866 = VECTOR('',#2867,1.);
#2867 = DIRECTION('',(0.,0.,1.));
#2868 = PCURVE('',#965,#2869);
#2869 = DEFINITIONAL_REPRESENTATION('',(#2870),#2874);
#2870 = LINE('',#2871,#2872);
#2871 = CARTESIAN_POINT('',(0.,-13.));
#2872 = VECTOR('',#2873,1.);
#2873 = DIRECTION('',(1.,0.));
#2874 = ( GEOMETRIC_REPRESENTATION_CONTEXT(2) 
PARAMETRIC_REPRESENTATION_CONTEXT() REPRESENTATION_CONTEXT('2D SPACE',''
  ) );
#2875 = PCURVE('',#44,#2876);
#2876 = DEFINITIONAL_REPRESENTATION('',(#2877),#2881);
#2877 = LINE('',#2878,#2879);
#2878 = CARTESIAN_POINT('',(0.,3.17));
#2879 = VECTOR('',#2880,1.);
#2880 = DIRECTION('',(1.,0.));
#2881 = ( GEOMETRIC_REPRESENTATION_CONTEXT(2) 
PARAMETRIC_REPRESENTATION_CONTEXT() REPRESENTATION_CONTEXT('2D SPACE',''
  ) );
#2882 = ORIENTED_EDGE('',*,*,#2883,.F.);
#2883 = EDGE_CURVE('',#2837,#2861,#2884,.T.);
#2884 = SURFACE_CURVE('',#2885,(#2889,#2896),.PCURVE_S1.);
#2885 = LINE('',#2886,#2887);
#2886 = CARTESIAN_POINT('',(15.97,-6.5,2.2));
#2887 = VECTOR('',#2888,1.);
#2888 = DIRECTION('',(-0.,1.,0.));
#2889 = PCURVE('',#965,#2890);
#2890 = DEFINITIONAL_REPRESENTATION('',(#2891),#2895);
#2891 = LINE('',#2892,#2893);
#2892 = CARTESIAN_POINT('',(3.2,0.));
#2893 = VECTOR('',#2894,1.);
#2894 = DIRECTION('',(0.,-1.));
#2895 = ( GEOMETRIC_REPRESENTATION_CONTEXT(2) 
PARAMETRIC_REPRESENTATION_CONTEXT() REPRESENTATION_CONTEXT('2D SPACE',''
  ) );
#2896 = PCURVE('',#2897,#2902);
#2897 = PLANE('',#2898);
#2898 = AXIS2_PLACEMENT_3D('',#2899,#2900,#2901);
#2899 = CARTESIAN_POINT('',(15.97,-6.5,2.2));
#2900 = DIRECTION('',(0.,0.,1.));
#2901 = DIRECTION('',(1.,0.,-0.));
#2902 = DEFINITIONAL_REPRESENTATION('',(#2903),#2907);
#2903 = LINE('',#2904,#2905);
#2904 = CARTESIAN_POINT('',(0.,0.));
#2905 = VECTOR('',#2906,1.);
#2906 = DIRECTION('',(0.,1.));
#2907 = ( GEOMETRIC_REPRESENTATION_CONTEXT(2) 
PARAMETRIC_REPRESENTATION_CONTEXT() REPRESENTATION_CONTEXT('2D SPACE',''
  ) );
#2908 = ADVANCED_FACE('',(#2909,#2980),#2897,.T.);
#2909 = FACE_BOUND('',#2910,.T.);
#2910 = EDGE_LOOP('',(#2911,#2934,#2935,#2958));
#2911 = ORIENTED_EDGE('',*,*,#2912,.F.);
#2912 = EDGE_CURVE('',#2861,#2913,#2915,.T.);
#2913 = VERTEX_POINT('',#2914);
#2914 = CARTESIAN_POINT('',(18.988283229402,6.5,2.2));
#2915 = SURFACE_CURVE('',#2916,(#2920,#2927),.PCURVE_S1.);
#2916 = LINE('',#2917,#2918);
#2917 = CARTESIAN_POINT('',(15.97,6.5,2.2));
#2918 = VECTOR('',#2919,1.);
#2919 = DIRECTION('',(1.,0.,-0.));
#2920 = PCURVE('',#2897,#2921);
#2921 = DEFINITIONAL_REPRESENTATION('',(#2922),#2926);
#2922 = LINE('',#2923,#2924);
#2923 = CARTESIAN_POINT('',(0.,13.));
#2924 = VECTOR('',#2925,1.);
#2925 = DIRECTION('',(1.,0.));
#2926 = ( GEOMETRIC_REPRESENTATION_CONTEXT(2) 
PARAMETRIC_REPRESENTATION_CONTEXT() REPRESENTATION_CONTEXT('2D SPACE',''
  ) );
#2927 = PCURVE('',#44,#2928);
#2928 = DEFINITIONAL_REPRESENTATION('',(#2929),#2933);
#2929 = LINE('',#2930,#2931);
#2930 = CARTESIAN_POINT('',(3.2,3.17));
#2931 = VECTOR('',#2932,1.);
#2932 = DIRECTION('',(0.,1.));
#2933 = ( GEOMETRIC_REPRESENTATION_CONTEXT(2) 
PARAMETRIC_REPRESENTATION_CONTEXT() REPRESENTATION_CONTEXT('2D SPACE',''
  ) );
#2934 = ORIENTED_EDGE('',*,*,#2883,.F.);
#2935 = ORIENTED_EDGE('',*,*,#2936,.T.);
#2936 = EDGE_CURVE('',#2837,#2937,#2939,.T.);
#2937 = VERTEX_POINT('',#2938);
#2938 = CARTESIAN_POINT('',(18.988283229402,-6.5,2.2));
#2939 = SURFACE_CURVE('',#2940,(#2944,#2951),.PCURVE_S1.);
#2940 = LINE('',#2941,#2942);
#2941 = CARTESIAN_POINT('',(15.97,-6.5,2.2));
#2942 = VECTOR('',#2943,1.);
#2943 = DIRECTION('',(1.,0.,-0.));
#2944 = PCURVE('',#2897,#2945);
#2945 = DEFINITIONAL_REPRESENTATION('',(#2946),#2950);
#2946 = LINE('',#2947,#2948);
#2947 = CARTESIAN_POINT('',(0.,0.));
#2948 = VECTOR('',#2949,1.);
#2949 = DIRECTION('',(1.,0.));
#2950 = ( GEOMETRIC_REPRESENTATION_CONTEXT(2) 
PARAMETRIC_REPRESENTATION_CONTEXT() REPRESENTATION_CONTEXT('2D SPACE',''
  ) );
#2951 = PCURVE('',#215,#2952);
#2952 = DEFINITIONAL_REPRESENTATION('',(#2953),#2957);
#2953 = LINE('',#2954,#2955);
#2954 = CARTESIAN_POINT('',(3.2,3.17));
#2955 = VECTOR('',#2956,1.);
#2956 = DIRECTION('',(0.,1.));
#2957 = ( GEOMETRIC_REPRESENTATION_CONTEXT(2) 
PARAMETRIC_REPRESENTATION_CONTEXT() REPRESENTATION_CONTEXT('2D SPACE',''
  ) );
#2958 = ORIENTED_EDGE('',*,*,#2959,.T.);
#2959 = EDGE_CURVE('',#2937,#2913,#2960,.T.);
#2960 = SURFACE_CURVE('',#2961,(#2966,#2973),.PCURVE_S1.);
#2961 = CIRCLE('',#2962,20.07);
#2962 = AXIS2_PLACEMENT_3D('',#2963,#2964,#2965);
#2963 = CARTESIAN_POINT('',(0.,0.,2.2));
#2964 = DIRECTION('',(0.,0.,1.));
#2965 = DIRECTION('',(0.946102801664,-0.323866467364,0.));
#2966 = PCURVE('',#2897,#2967);
#2967 = DEFINITIONAL_REPRESENTATION('',(#2968),#2972);
#2968 = CIRCLE('',#2969,20.07);
#2969 = AXIS2_PLACEMENT_2D('',#2970,#2971);
#2970 = CARTESIAN_POINT('',(-15.97,6.5));
#2971 = DIRECTION('',(0.946102801664,-0.323866467364));
#2972 = ( GEOMETRIC_REPRESENTATION_CONTEXT(2) 
PARAMETRIC_REPRESENTATION_CONTEXT() REPRESENTATION_CONTEXT('2D SPACE',''
  ) );
#2973 = PCURVE('',#246,#2974);
#2974 = DEFINITIONAL_REPRESENTATION('',(#2975),#2979);
#2975 = LINE('',#2976,#2977);
#2976 = CARTESIAN_POINT('',(5.953371932429,4.2));
#2977 = VECTOR('',#2978,1.);
#2978 = DIRECTION('',(1.,0.));
#2979 = ( GEOMETRIC_REPRESENTATION_CONTEXT(2) 
PARAMETRIC_REPRESENTATION_CONTEXT() REPRESENTATION_CONTEXT('2D SPACE',''
  ) );
#2980 = FACE_BOUND('',#2981,.T.);
#2981 = EDGE_LOOP('',(#2982,#3005,#3026,#3047));
#2982 = ORIENTED_EDGE('',*,*,#2983,.T.);
#2983 = EDGE_CURVE('',#2984,#2986,#2988,.T.);
#2984 = VERTEX_POINT('',#2985);
#2985 = CARTESIAN_POINT('',(18.57,-4.4,2.2));
#2986 = VERTEX_POINT('',#2987);
#2987 = CARTESIAN_POINT('',(16.77,-4.4,2.2));
#2988 = SURFACE_CURVE('',#2989,(#2993,#2999),.PCURVE_S1.);
#2989 = LINE('',#2990,#2991);
#2990 = CARTESIAN_POINT('',(16.37,-4.4,2.2));
#2991 = VECTOR('',#2992,1.);
#2992 = DIRECTION('',(-1.,-0.,0.));
#2993 = PCURVE('',#2897,#2994);
#2994 = DEFINITIONAL_REPRESENTATION('',(#2995),#2998);
#2995 = B_SPLINE_CURVE_WITH_KNOTS('',1,(#2996,#2997),.UNSPECIFIED.,.F.,
  .F.,(2,2),(-2.2,-0.4),.PIECEWISE_BEZIER_KNOTS.);
#2996 = CARTESIAN_POINT('',(2.6,2.1));
#2997 = CARTESIAN_POINT('',(0.8,2.1));
#2998 = ( GEOMETRIC_REPRESENTATION_CONTEXT(2) 
PARAMETRIC_REPRESENTATION_CONTEXT() REPRESENTATION_CONTEXT('2D SPACE',''
  ) );
#2999 = PCURVE('',#332,#3000);
#3000 = DEFINITIONAL_REPRESENTATION('',(#3001),#3004);
#3001 = B_SPLINE_CURVE_WITH_KNOTS('',1,(#3002,#3003),.UNSPECIFIED.,.F.,
  .F.,(2,2),(-2.2,-0.4),.PIECEWISE_BEZIER_KNOTS.);
#3002 = CARTESIAN_POINT('',(4.2,1.8));
#3003 = CARTESIAN_POINT('',(4.2,0.));
#3004 = ( GEOMETRIC_REPRESENTATION_CONTEXT(2) 
PARAMETRIC_REPRESENTATION_CONTEXT() REPRESENTATION_CONTEXT('2D SPACE',''
  ) );
#3005 = ORIENTED_EDGE('',*,*,#3006,.T.);
#3006 = EDGE_CURVE('',#2986,#3007,#3009,.T.);
#3007 = VERTEX_POINT('',#3008);
#3008 = CARTESIAN_POINT('',(16.77,4.4,2.2));
#3009 = SURFACE_CURVE('',#3010,(#3014,#3020),.PCURVE_S1.);
#3010 = LINE('',#3011,#3012);
#3011 = CARTESIAN_POINT('',(16.77,-5.45,2.2));
#3012 = VECTOR('',#3013,1.);
#3013 = DIRECTION('',(-0.,1.,0.));
#3014 = PCURVE('',#2897,#3015);
#3015 = DEFINITIONAL_REPRESENTATION('',(#3016),#3019);
#3016 = B_SPLINE_CURVE_WITH_KNOTS('',1,(#3017,#3018),.UNSPECIFIED.,.F.,
  .F.,(2,2),(1.05,9.85),.PIECEWISE_BEZIER_KNOTS.);
#3017 = CARTESIAN_POINT('',(0.8,2.1));
#3018 = CARTESIAN_POINT('',(0.8,10.9));
#3019 = ( GEOMETRIC_REPRESENTATION_CONTEXT(2) 
PARAMETRIC_REPRESENTATION_CONTEXT() REPRESENTATION_CONTEXT('2D SPACE',''
  ) );
#3020 = PCURVE('',#357,#3021);
#3021 = DEFINITIONAL_REPRESENTATION('',(#3022),#3025);
#3022 = B_SPLINE_CURVE_WITH_KNOTS('',1,(#3023,#3024),.UNSPECIFIED.,.F.,
  .F.,(2,2),(1.05,9.85),.PIECEWISE_BEZIER_KNOTS.);
#3023 = CARTESIAN_POINT('',(4.2,0.));
#3024 = CARTESIAN_POINT('',(4.2,-8.8));
#3025 = ( GEOMETRIC_REPRESENTATION_CONTEXT(2) 
PARAMETRIC_REPRESENTATION_CONTEXT() REPRESENTATION_CONTEXT('2D SPACE',''
  ) );
#3026 = ORIENTED_EDGE('',*,*,#3027,.F.);
#3027 = EDGE_CURVE('',#3028,#3007,#3030,.T.);
#3028 = VERTEX_POINT('',#3029);
#3029 = CARTESIAN_POINT('',(18.57,4.4,2.2));
#3030 = SURFACE_CURVE('',#3031,(#3035,#3041),.PCURVE_S1.);
#3031 = LINE('',#3032,#3033);
#3032 = CARTESIAN_POINT('',(16.37,4.4,2.2));
#3033 = VECTOR('',#3034,1.);
#3034 = DIRECTION('',(-1.,-0.,0.));
#3035 = PCURVE('',#2897,#3036);
#3036 = DEFINITIONAL_REPRESENTATION('',(#3037),#3040);
#3037 = B_SPLINE_CURVE_WITH_KNOTS('',1,(#3038,#3039),.UNSPECIFIED.,.F.,
  .F.,(2,2),(-2.2,-0.4),.PIECEWISE_BEZIER_KNOTS.);
#3038 = CARTESIAN_POINT('',(2.6,10.9));
#3039 = CARTESIAN_POINT('',(0.8,10.9));
#3040 = ( GEOMETRIC_REPRESENTATION_CONTEXT(2) 
PARAMETRIC_REPRESENTATION_CONTEXT() REPRESENTATION_CONTEXT('2D SPACE',''
  ) );
#3041 = PCURVE('',#278,#3042);
#3042 = DEFINITIONAL_REPRESENTATION('',(#3043),#3046);
#3043 = B_SPLINE_CURVE_WITH_KNOTS('',1,(#3044,#3045),.UNSPECIFIED.,.F.,
  .F.,(2,2),(-2.2,-0.4),.PIECEWISE_BEZIER_KNOTS.);
#3044 = CARTESIAN_POINT('',(4.2,1.8));
#3045 = CARTESIAN_POINT('',(4.2,0.));
#3046 = ( GEOMETRIC_REPRESENTATION_CONTEXT(2) 
PARAMETRIC_REPRESENTATION_CONTEXT() REPRESENTATION_CONTEXT('2D SPACE',''
  ) );
#3047 = ORIENTED_EDGE('',*,*,#3048,.F.);
#3048 = EDGE_CURVE('',#2984,#3028,#3049,.T.);
#3049 = SURFACE_CURVE('',#3050,(#3054,#3060),.PCURVE_S1.);
#3050 = LINE('',#3051,#3052);
#3051 = CARTESIAN_POINT('',(18.57,-5.45,2.2));
#3052 = VECTOR('',#3053,1.);
#3053 = DIRECTION('',(-0.,1.,0.));
#3054 = PCURVE('',#2897,#3055);
#3055 = DEFINITIONAL_REPRESENTATION('',(#3056),#3059);
#3056 = B_SPLINE_CURVE_WITH_KNOTS('',1,(#3057,#3058),.UNSPECIFIED.,.F.,
  .F.,(2,2),(1.05,9.85),.PIECEWISE_BEZIER_KNOTS.);
#3057 = CARTESIAN_POINT('',(2.6,2.1));
#3058 = CARTESIAN_POINT('',(2.6,10.9));
#3059 = ( GEOMETRIC_REPRESENTATION_CONTEXT(2) 
PARAMETRIC_REPRESENTATION_CONTEXT() REPRESENTATION_CONTEXT('2D SPACE',''
  ) );
#3060 = PCURVE('',#305,#3061);
#3061 = DEFINITIONAL_REPRESENTATION('',(#3062),#3065);
#3062 = B_SPLINE_CURVE_WITH_KNOTS('',1,(#3063,#3064),.UNSPECIFIED.,.F.,
  .F.,(2,2),(1.05,9.85),.PIECEWISE_BEZIER_KNOTS.);
#3063 = CARTESIAN_POINT('',(4.2,0.));
#3064 = CARTESIAN_POINT('',(4.2,-8.8));
#3065 = ( GEOMETRIC_REPRESENTATION_CONTEXT(2) 
PARAMETRIC_REPRESENTATION_CONTEXT() REPRESENTATION_CONTEXT('2D SPACE',''
  ) );
#3066 = ADVANCED_FACE('',(#3067),#916,.T.);
#3067 = FACE_BOUND('',#3068,.T.);
#3068 = EDGE_LOOP('',(#3069,#3100,#3119,#3120));
#3069 = ORIENTED_EDGE('',*,*,#3070,.T.);
#3070 = EDGE_CURVE('',#3071,#3073,#3075,.T.);
#3071 = VERTEX_POINT('',#3072);
#3072 = CARTESIAN_POINT('',(-14.58735411238,-6.5,0.));
#3073 = VERTEX_POINT('',#3074);
#3074 = CARTESIAN_POINT('',(14.587354112381,-6.5,0.));
#3075 = SURFACE_CURVE('',#3076,(#3081,#3088),.PCURVE_S1.);
#3076 = CIRCLE('',#3077,15.97);
#3077 = AXIS2_PLACEMENT_3D('',#3078,#3079,#3080);
#3078 = CARTESIAN_POINT('',(0.,0.,0.));
#3079 = DIRECTION('',(0.,0.,1.));
#3080 = DIRECTION('',(1.,0.,-0.));
#3081 = PCURVE('',#916,#3082);
#3082 = DEFINITIONAL_REPRESENTATION('',(#3083),#3087);
#3083 = LINE('',#3084,#3085);
#3084 = CARTESIAN_POINT('',(0.,1.));
#3085 = VECTOR('',#3086,1.);
#3086 = DIRECTION('',(1.,0.));
#3087 = ( GEOMETRIC_REPRESENTATION_CONTEXT(2) 
PARAMETRIC_REPRESENTATION_CONTEXT() REPRESENTATION_CONTEXT('2D SPACE',''
  ) );
#3088 = PCURVE('',#3089,#3094);
#3089 = PLANE('',#3090);
#3090 = AXIS2_PLACEMENT_3D('',#3091,#3092,#3093);
#3091 = CARTESIAN_POINT('',(0.,0.,0.));
#3092 = DIRECTION('',(0.,0.,1.));
#3093 = DIRECTION('',(1.,0.,-0.));
#3094 = DEFINITIONAL_REPRESENTATION('',(#3095),#3099);
#3095 = CIRCLE('',#3096,15.97);
#3096 = AXIS2_PLACEMENT_2D('',#3097,#3098);
#3097 = CARTESIAN_POINT('',(0.,0.));
#3098 = DIRECTION('',(1.,0.));
#3099 = ( GEOMETRIC_REPRESENTATION_CONTEXT(2) 
PARAMETRIC_REPRESENTATION_CONTEXT() REPRESENTATION_CONTEXT('2D SPACE',''
  ) );
#3100 = ORIENTED_EDGE('',*,*,#3101,.T.);
#3101 = EDGE_CURVE('',#3073,#900,#3102,.T.);
#3102 = SURFACE_CURVE('',#3103,(#3107,#3113),.PCURVE_S1.);
#3103 = LINE('',#3104,#3105);
#3104 = CARTESIAN_POINT('',(14.587354112381,-6.5,-1.));
#3105 = VECTOR('',#3106,1.);
#3106 = DIRECTION('',(0.,0.,1.));
#3107 = PCURVE('',#916,#3108);
#3108 = DEFINITIONAL_REPRESENTATION('',(#3109),#3112);
#3109 = B_SPLINE_CURVE_WITH_KNOTS('',1,(#3110,#3111),.UNSPECIFIED.,.F.,
  .F.,(2,2),(-2.400000000069E-06,1.2000024),.PIECEWISE_BEZIER_KNOTS.);
#3110 = CARTESIAN_POINT('',(5.864003592166,-2.400000000069E-06));
#3111 = CARTESIAN_POINT('',(5.864003592166,1.2000024));
#3112 = ( GEOMETRIC_REPRESENTATION_CONTEXT(2) 
PARAMETRIC_REPRESENTATION_CONTEXT() REPRESENTATION_CONTEXT('2D SPACE',''
  ) );
#3113 = PCURVE('',#215,#3114);
#3114 = DEFINITIONAL_REPRESENTATION('',(#3115),#3118);
#3115 = B_SPLINE_CURVE_WITH_KNOTS('',1,(#3116,#3117),.UNSPECIFIED.,.F.,
  .F.,(2,2),(-2.400000000069E-06,1.2000024),.PIECEWISE_BEZIER_KNOTS.);
#3116 = CARTESIAN_POINT('',(-2.400000000069E-06,1.787354112381));
#3117 = CARTESIAN_POINT('',(1.2000024,1.787354112381));
#3118 = ( GEOMETRIC_REPRESENTATION_CONTEXT(2) 
PARAMETRIC_REPRESENTATION_CONTEXT() REPRESENTATION_CONTEXT('2D SPACE',''
  ) );
#3119 = ORIENTED_EDGE('',*,*,#899,.F.);
#3120 = ORIENTED_EDGE('',*,*,#3121,.F.);
#3121 = EDGE_CURVE('',#3071,#877,#3122,.T.);
#3122 = SURFACE_CURVE('',#3123,(#3127,#3133),.PCURVE_S1.);
#3123 = LINE('',#3124,#3125);
#3124 = CARTESIAN_POINT('',(-14.58735411238,-6.5,-1.));
#3125 = VECTOR('',#3126,1.);
#3126 = DIRECTION('',(0.,0.,1.));
#3127 = PCURVE('',#916,#3128);
#3128 = DEFINITIONAL_REPRESENTATION('',(#3129),#3132);
#3129 = B_SPLINE_CURVE_WITH_KNOTS('',1,(#3130,#3131),.UNSPECIFIED.,.F.,
  .F.,(2,2),(-2.400000000069E-06,1.2000024),.PIECEWISE_BEZIER_KNOTS.);
#3130 = CARTESIAN_POINT('',(3.560774368603,-2.400000000069E-06));
#3131 = CARTESIAN_POINT('',(3.560774368603,1.2000024));
#3132 = ( GEOMETRIC_REPRESENTATION_CONTEXT(2) 
PARAMETRIC_REPRESENTATION_CONTEXT() REPRESENTATION_CONTEXT('2D SPACE',''
  ) );
#3133 = PCURVE('',#158,#3134);
#3134 = DEFINITIONAL_REPRESENTATION('',(#3135),#3138);
#3135 = B_SPLINE_CURVE_WITH_KNOTS('',1,(#3136,#3137),.UNSPECIFIED.,.F.,
  .F.,(2,2),(-2.400000000069E-06,1.2000024),.PIECEWISE_BEZIER_KNOTS.);
#3136 = CARTESIAN_POINT('',(-2.400000000069E-06,1.382645887619));
#3137 = CARTESIAN_POINT('',(1.2000024,1.382645887619));
#3138 = ( GEOMETRIC_REPRESENTATION_CONTEXT(2) 
PARAMETRIC_REPRESENTATION_CONTEXT() REPRESENTATION_CONTEXT('2D SPACE',''
  ) );
#3139 = ADVANCED_FACE('',(#3140,#3311),#3089,.F.);
#3140 = FACE_BOUND('',#3141,.F.);
#3141 = EDGE_LOOP('',(#3142,#3163,#3196,#3217,#3241,#3262,#3291,#3310));
#3142 = ORIENTED_EDGE('',*,*,#3143,.T.);
#3143 = EDGE_CURVE('',#3073,#3144,#3146,.T.);
#3144 = VERTEX_POINT('',#3145);
#3145 = CARTESIAN_POINT('',(14.806042685336,-6.5,0.));
#3146 = SURFACE_CURVE('',#3147,(#3151,#3157),.PCURVE_S1.);
#3147 = LINE('',#3148,#3149);
#3148 = CARTESIAN_POINT('',(6.4,-6.5,0.));
#3149 = VECTOR('',#3150,1.);
#3150 = DIRECTION('',(1.,0.,-0.));
#3151 = PCURVE('',#3089,#3152);
#3152 = DEFINITIONAL_REPRESENTATION('',(#3153),#3156);
#3153 = B_SPLINE_CURVE_WITH_KNOTS('',1,(#3154,#3155),.UNSPECIFIED.,.F.,
  .F.,(2,2),(8.187354112381,9.77),.PIECEWISE_BEZIER_KNOTS.);
#3154 = CARTESIAN_POINT('',(14.587354112381,-6.5));
#3155 = CARTESIAN_POINT('',(16.17,-6.5));
#3156 = ( GEOMETRIC_REPRESENTATION_CONTEXT(2) 
PARAMETRIC_REPRESENTATION_CONTEXT() REPRESENTATION_CONTEXT('2D SPACE',''
  ) );
#3157 = PCURVE('',#215,#3158);
#3158 = DEFINITIONAL_REPRESENTATION('',(#3159),#3162);
#3159 = B_SPLINE_CURVE_WITH_KNOTS('',1,(#3160,#3161),.UNSPECIFIED.,.F.,
  .F.,(2,2),(8.187354112381,9.77),.PIECEWISE_BEZIER_KNOTS.);
#3160 = CARTESIAN_POINT('',(1.,1.787354112381));
#3161 = CARTESIAN_POINT('',(1.,3.37));
#3162 = ( GEOMETRIC_REPRESENTATION_CONTEXT(2) 
PARAMETRIC_REPRESENTATION_CONTEXT() REPRESENTATION_CONTEXT('2D SPACE',''
  ) );
#3163 = ORIENTED_EDGE('',*,*,#3164,.F.);
#3164 = EDGE_CURVE('',#3165,#3144,#3167,.T.);
#3165 = VERTEX_POINT('',#3166);
#3166 = CARTESIAN_POINT('',(14.806042685336,6.5,0.));
#3167 = SURFACE_CURVE('',#3168,(#3173,#3184),.PCURVE_S1.);
#3168 = CIRCLE('',#3169,16.17);
#3169 = AXIS2_PLACEMENT_3D('',#3170,#3171,#3172);
#3170 = CARTESIAN_POINT('',(0.,0.,0.));
#3171 = DIRECTION('',(0.,0.,-1.));
#3172 = DIRECTION('',(0.915648898289,0.401978973408,0.));
#3173 = PCURVE('',#3089,#3174);
#3174 = DEFINITIONAL_REPRESENTATION('',(#3175),#3183);
#3175 = ( BOUNDED_CURVE() B_SPLINE_CURVE(2,(#3176,#3177,#3178,#3179,
#3180,#3181,#3182),.UNSPECIFIED.,.T.,.F.) B_SPLINE_CURVE_WITH_KNOTS((1,2
    ,2,2,2,1),(-2.094395102393,0.,2.094395102393,4.188790204786,
6.28318530718,8.377580409573),.UNSPECIFIED.) CURVE() 
GEOMETRIC_REPRESENTATION_ITEM() RATIONAL_B_SPLINE_CURVE((1.,0.5,1.,0.5,
1.,0.5,1.)) REPRESENTATION_ITEM('') );
#3176 = CARTESIAN_POINT('',(14.806042685336,6.5));
#3177 = CARTESIAN_POINT('',(26.064372934534,-19.14481819003));
#3178 = CARTESIAN_POINT('',(-1.773856218069,-16.07240909501));
#3179 = CARTESIAN_POINT('',(-29.61208537067,-13.));
#3180 = CARTESIAN_POINT('',(-13.03218646726,9.572409095018));
#3181 = CARTESIAN_POINT('',(3.547712436139,32.144818190036));
#3182 = CARTESIAN_POINT('',(14.806042685336,6.5));
#3183 = ( GEOMETRIC_REPRESENTATION_CONTEXT(2) 
PARAMETRIC_REPRESENTATION_CONTEXT() REPRESENTATION_CONTEXT('2D SPACE',''
  ) );
#3184 = PCURVE('',#3185,#3190);
#3185 = CYLINDRICAL_SURFACE('',#3186,16.17);
#3186 = AXIS2_PLACEMENT_3D('',#3187,#3188,#3189);
#3187 = CARTESIAN_POINT('',(0.,0.,-0.55));
#3188 = DIRECTION('',(0.,0.,1.));
#3189 = DIRECTION('',(1.,0.,-0.));
#3190 = DEFINITIONAL_REPRESENTATION('',(#3191),#3195);
#3191 = LINE('',#3192,#3193);
#3192 = CARTESIAN_POINT('',(6.696862410296,0.55));
#3193 = VECTOR('',#3194,1.);
#3194 = DIRECTION('',(-1.,-0.));
#3195 = ( GEOMETRIC_REPRESENTATION_CONTEXT(2) 
PARAMETRIC_REPRESENTATION_CONTEXT() REPRESENTATION_CONTEXT('2D SPACE',''
  ) );
#3196 = ORIENTED_EDGE('',*,*,#3197,.F.);
#3197 = EDGE_CURVE('',#3198,#3165,#3200,.T.);
#3198 = VERTEX_POINT('',#3199);
#3199 = CARTESIAN_POINT('',(14.587354112381,6.5,0.));
#3200 = SURFACE_CURVE('',#3201,(#3205,#3211),.PCURVE_S1.);
#3201 = LINE('',#3202,#3203);
#3202 = CARTESIAN_POINT('',(6.4,6.5,0.));
#3203 = VECTOR('',#3204,1.);
#3204 = DIRECTION('',(1.,0.,-0.));
#3205 = PCURVE('',#3089,#3206);
#3206 = DEFINITIONAL_REPRESENTATION('',(#3207),#3210);
#3207 = B_SPLINE_CURVE_WITH_KNOTS('',1,(#3208,#3209),.UNSPECIFIED.,.F.,
  .F.,(2,2),(8.187354112381,9.77),.PIECEWISE_BEZIER_KNOTS.);
#3208 = CARTESIAN_POINT('',(14.587354112381,6.5));
#3209 = CARTESIAN_POINT('',(16.17,6.5));
#3210 = ( GEOMETRIC_REPRESENTATION_CONTEXT(2) 
PARAMETRIC_REPRESENTATION_CONTEXT() REPRESENTATION_CONTEXT('2D SPACE',''
  ) );
#3211 = PCURVE('',#44,#3212);
#3212 = DEFINITIONAL_REPRESENTATION('',(#3213),#3216);
#3213 = B_SPLINE_CURVE_WITH_KNOTS('',1,(#3214,#3215),.UNSPECIFIED.,.F.,
  .F.,(2,2),(8.187354112381,9.77),.PIECEWISE_BEZIER_KNOTS.);
#3214 = CARTESIAN_POINT('',(1.,1.787354112381));
#3215 = CARTESIAN_POINT('',(1.,3.37));
#3216 = ( GEOMETRIC_REPRESENTATION_CONTEXT(2) 
PARAMETRIC_REPRESENTATION_CONTEXT() REPRESENTATION_CONTEXT('2D SPACE',''
  ) );
#3217 = ORIENTED_EDGE('',*,*,#3218,.T.);
#3218 = EDGE_CURVE('',#3198,#3219,#3221,.T.);
#3219 = VERTEX_POINT('',#3220);
#3220 = CARTESIAN_POINT('',(-14.58735411238,6.5,0.));
#3221 = SURFACE_CURVE('',#3222,(#3227,#3234),.PCURVE_S1.);
#3222 = CIRCLE('',#3223,15.97);
#3223 = AXIS2_PLACEMENT_3D('',#3224,#3225,#3226);
#3224 = CARTESIAN_POINT('',(0.,0.,0.));
#3225 = DIRECTION('',(0.,0.,1.));
#3226 = DIRECTION('',(1.,0.,-0.));
#3227 = PCURVE('',#3089,#3228);
#3228 = DEFINITIONAL_REPRESENTATION('',(#3229),#3233);
#3229 = CIRCLE('',#3230,15.97);
#3230 = AXIS2_PLACEMENT_2D('',#3231,#3232);
#3231 = CARTESIAN_POINT('',(0.,0.));
#3232 = DIRECTION('',(1.,0.));
#3233 = ( GEOMETRIC_REPRESENTATION_CONTEXT(2) 
PARAMETRIC_REPRESENTATION_CONTEXT() REPRESENTATION_CONTEXT('2D SPACE',''
  ) );
#3234 = PCURVE('',#842,#3235);
#3235 = DEFINITIONAL_REPRESENTATION('',(#3236),#3240);
#3236 = LINE('',#3237,#3238);
#3237 = CARTESIAN_POINT('',(0.,1.));
#3238 = VECTOR('',#3239,1.);
#3239 = DIRECTION('',(1.,0.));
#3240 = ( GEOMETRIC_REPRESENTATION_CONTEXT(2) 
PARAMETRIC_REPRESENTATION_CONTEXT() REPRESENTATION_CONTEXT('2D SPACE',''
  ) );
#3241 = ORIENTED_EDGE('',*,*,#3242,.F.);
#3242 = EDGE_CURVE('',#3243,#3219,#3245,.T.);
#3243 = VERTEX_POINT('',#3244);
#3244 = CARTESIAN_POINT('',(-14.80604268533,6.5,0.));
#3245 = SURFACE_CURVE('',#3246,(#3250,#3256),.PCURVE_S1.);
#3246 = LINE('',#3247,#3248);
#3247 = CARTESIAN_POINT('',(-7.985,6.5,0.));
#3248 = VECTOR('',#3249,1.);
#3249 = DIRECTION('',(1.,0.,-0.));
#3250 = PCURVE('',#3089,#3251);
#3251 = DEFINITIONAL_REPRESENTATION('',(#3252),#3255);
#3252 = B_SPLINE_CURVE_WITH_KNOTS('',1,(#3253,#3254),.UNSPECIFIED.,.F.,
  .F.,(2,2),(-8.185,-6.602354112381),.PIECEWISE_BEZIER_KNOTS.);
#3253 = CARTESIAN_POINT('',(-16.17,6.5));
#3254 = CARTESIAN_POINT('',(-14.58735411238,6.5));
#3255 = ( GEOMETRIC_REPRESENTATION_CONTEXT(2) 
PARAMETRIC_REPRESENTATION_CONTEXT() REPRESENTATION_CONTEXT('2D SPACE',''
  ) );
#3256 = PCURVE('',#101,#3257);
#3257 = DEFINITIONAL_REPRESENTATION('',(#3258),#3261);
#3258 = B_SPLINE_CURVE_WITH_KNOTS('',1,(#3259,#3260),.UNSPECIFIED.,.F.,
  .F.,(2,2),(-8.185,-6.602354112381),.PIECEWISE_BEZIER_KNOTS.);
#3259 = CARTESIAN_POINT('',(1.,-0.2));
#3260 = CARTESIAN_POINT('',(1.,1.382645887619));
#3261 = ( GEOMETRIC_REPRESENTATION_CONTEXT(2) 
PARAMETRIC_REPRESENTATION_CONTEXT() REPRESENTATION_CONTEXT('2D SPACE',''
  ) );
#3262 = ORIENTED_EDGE('',*,*,#3263,.T.);
#3263 = EDGE_CURVE('',#3243,#3264,#3266,.T.);
#3264 = VERTEX_POINT('',#3265);
#3265 = CARTESIAN_POINT('',(-14.80604268533,-6.5,0.));
#3266 = SURFACE_CURVE('',#3267,(#3272,#3279),.PCURVE_S1.);
#3267 = CIRCLE('',#3268,16.17);
#3268 = AXIS2_PLACEMENT_3D('',#3269,#3270,#3271);
#3269 = CARTESIAN_POINT('',(0.,0.,0.));
#3270 = DIRECTION('',(0.,0.,1.));
#3271 = DIRECTION('',(1.,0.,-0.));
#3272 = PCURVE('',#3089,#3273);
#3273 = DEFINITIONAL_REPRESENTATION('',(#3274),#3278);
#3274 = CIRCLE('',#3275,16.17);
#3275 = AXIS2_PLACEMENT_2D('',#3276,#3277);
#3276 = CARTESIAN_POINT('',(0.,0.));
#3277 = DIRECTION('',(1.,0.));
#3278 = ( GEOMETRIC_REPRESENTATION_CONTEXT(2) 
PARAMETRIC_REPRESENTATION_CONTEXT() REPRESENTATION_CONTEXT('2D SPACE',''
  ) );
#3279 = PCURVE('',#3280,#3285);
#3280 = CYLINDRICAL_SURFACE('',#3281,16.17);
#3281 = AXIS2_PLACEMENT_3D('',#3282,#3283,#3284);
#3282 = CARTESIAN_POINT('',(0.,0.,-0.55));
#3283 = DIRECTION('',(0.,0.,1.));
#3284 = DIRECTION('',(1.,0.,-0.));
#3285 = DEFINITIONAL_REPRESENTATION('',(#3286),#3290);
#3286 = LINE('',#3287,#3288);
#3287 = CARTESIAN_POINT('',(0.,0.55));
#3288 = VECTOR('',#3289,1.);
#3289 = DIRECTION('',(1.,0.));
#3290 = ( GEOMETRIC_REPRESENTATION_CONTEXT(2) 
PARAMETRIC_REPRESENTATION_CONTEXT() REPRESENTATION_CONTEXT('2D SPACE',''
  ) );
#3291 = ORIENTED_EDGE('',*,*,#3292,.T.);
#3292 = EDGE_CURVE('',#3264,#3071,#3293,.T.);
#3293 = SURFACE_CURVE('',#3294,(#3298,#3304),.PCURVE_S1.);
#3294 = LINE('',#3295,#3296);
#3295 = CARTESIAN_POINT('',(-7.985,-6.5,0.));
#3296 = VECTOR('',#3297,1.);
#3297 = DIRECTION('',(1.,0.,-0.));
#3298 = PCURVE('',#3089,#3299);
#3299 = DEFINITIONAL_REPRESENTATION('',(#3300),#3303);
#3300 = B_SPLINE_CURVE_WITH_KNOTS('',1,(#3301,#3302),.UNSPECIFIED.,.F.,
  .F.,(2,2),(-8.185,-6.602354112381),.PIECEWISE_BEZIER_KNOTS.);
#3301 = CARTESIAN_POINT('',(-16.17,-6.5));
#3302 = CARTESIAN_POINT('',(-14.58735411238,-6.5));
#3303 = ( GEOMETRIC_REPRESENTATION_CONTEXT(2) 
PARAMETRIC_REPRESENTATION_CONTEXT() REPRESENTATION_CONTEXT('2D SPACE',''
  ) );
#3304 = PCURVE('',#158,#3305);
#3305 = DEFINITIONAL_REPRESENTATION('',(#3306),#3309);
#3306 = B_SPLINE_CURVE_WITH_KNOTS('',1,(#3307,#3308),.UNSPECIFIED.,.F.,
  .F.,(2,2),(-8.185,-6.602354112381),.PIECEWISE_BEZIER_KNOTS.);
#3307 = CARTESIAN_POINT('',(1.,-0.2));
#3308 = CARTESIAN_POINT('',(1.,1.382645887619));
#3309 = ( GEOMETRIC_REPRESENTATION_CONTEXT(2) 
PARAMETRIC_REPRESENTATION_CONTEXT() REPRESENTATION_CONTEXT('2D SPACE',''
  ) );
#3310 = ORIENTED_EDGE('',*,*,#3070,.T.);
#3311 = FACE_BOUND('',#3312,.F.);
#3312 = EDGE_LOOP('',(#3313));
#3313 = ORIENTED_EDGE('',*,*,#3314,.F.);
#3314 = EDGE_CURVE('',#3315,#3315,#3317,.T.);
#3315 = VERTEX_POINT('',#3316);
#3316 = CARTESIAN_POINT('',(15.47,-3.789057196562E-15,0.));
#3317 = SURFACE_CURVE('',#3318,(#3323,#3330),.PCURVE_S1.);
#3318 = CIRCLE('',#3319,15.47);
#3319 = AXIS2_PLACEMENT_3D('',#3320,#3321,#3322);
#3320 = CARTESIAN_POINT('',(0.,0.,0.));
#3321 = DIRECTION('',(0.,0.,1.));
#3322 = DIRECTION('',(1.,0.,-0.));
#3323 = PCURVE('',#3089,#3324);
#3324 = DEFINITIONAL_REPRESENTATION('',(#3325),#3329);
#3325 = CIRCLE('',#3326,15.47);
#3326 = AXIS2_PLACEMENT_2D('',#3327,#3328);
#3327 = CARTESIAN_POINT('',(0.,0.));
#3328 = DIRECTION('',(1.,0.));
#3329 = ( GEOMETRIC_REPRESENTATION_CONTEXT(2) 
PARAMETRIC_REPRESENTATION_CONTEXT() REPRESENTATION_CONTEXT('2D SPACE',''
  ) );
#3330 = PCURVE('',#3331,#3336);
#3331 = CYLINDRICAL_SURFACE('',#3332,15.47);
#3332 = AXIS2_PLACEMENT_3D('',#3333,#3334,#3335);
#3333 = CARTESIAN_POINT('',(0.,0.,-0.55));
#3334 = DIRECTION('',(0.,0.,1.));
#3335 = DIRECTION('',(1.,0.,-0.));
#3336 = DEFINITIONAL_REPRESENTATION('',(#3337),#3341);
#3337 = LINE('',#3338,#3339);
#3338 = CARTESIAN_POINT('',(0.,0.55));
#3339 = VECTOR('',#3340,1.);
#3340 = DIRECTION('',(1.,0.));
#3341 = ( GEOMETRIC_REPRESENTATION_CONTEXT(2) 
PARAMETRIC_REPRESENTATION_CONTEXT() REPRESENTATION_CONTEXT('2D SPACE',''
  ) );
#3342 = ADVANCED_FACE('',(#3343),#3331,.T.);
#3343 = FACE_BOUND('',#3344,.T.);
#3344 = EDGE_LOOP('',(#3345,#3346,#3369,#3396));
#3345 = ORIENTED_EDGE('',*,*,#3314,.F.);
#3346 = ORIENTED_EDGE('',*,*,#3347,.F.);
#3347 = EDGE_CURVE('',#3348,#3315,#3350,.T.);
#3348 = VERTEX_POINT('',#3349);
#3349 = CARTESIAN_POINT('',(15.47,-3.789057196562E-15,-0.55));
#3350 = SEAM_CURVE('',#3351,(#3355,#3362),.PCURVE_S1.);
#3351 = LINE('',#3352,#3353);
#3352 = CARTESIAN_POINT('',(15.47,-3.789057196562E-15,-0.55));
#3353 = VECTOR('',#3354,1.);
#3354 = DIRECTION('',(0.,0.,1.));
#3355 = PCURVE('',#3331,#3356);
#3356 = DEFINITIONAL_REPRESENTATION('',(#3357),#3361);
#3357 = LINE('',#3358,#3359);
#3358 = CARTESIAN_POINT('',(6.28318530718,-0.));
#3359 = VECTOR('',#3360,1.);
#3360 = DIRECTION('',(0.,1.));
#3361 = ( GEOMETRIC_REPRESENTATION_CONTEXT(2) 
PARAMETRIC_REPRESENTATION_CONTEXT() REPRESENTATION_CONTEXT('2D SPACE',''
  ) );
#3362 = PCURVE('',#3331,#3363);
#3363 = DEFINITIONAL_REPRESENTATION('',(#3364),#3368);
#3364 = LINE('',#3365,#3366);
#3365 = CARTESIAN_POINT('',(0.,-0.));
#3366 = VECTOR('',#3367,1.);
#3367 = DIRECTION('',(0.,1.));
#3368 = ( GEOMETRIC_REPRESENTATION_CONTEXT(2) 
PARAMETRIC_REPRESENTATION_CONTEXT() REPRESENTATION_CONTEXT('2D SPACE',''
  ) );
#3369 = ORIENTED_EDGE('',*,*,#3370,.T.);
#3370 = EDGE_CURVE('',#3348,#3348,#3371,.T.);
#3371 = SURFACE_CURVE('',#3372,(#3377,#3384),.PCURVE_S1.);
#3372 = CIRCLE('',#3373,15.47);
#3373 = AXIS2_PLACEMENT_3D('',#3374,#3375,#3376);
#3374 = CARTESIAN_POINT('',(0.,0.,-0.55));
#3375 = DIRECTION('',(0.,0.,1.));
#3376 = DIRECTION('',(1.,0.,-0.));
#3377 = PCURVE('',#3331,#3378);
#3378 = DEFINITIONAL_REPRESENTATION('',(#3379),#3383);
#3379 = LINE('',#3380,#3381);
#3380 = CARTESIAN_POINT('',(0.,0.));
#3381 = VECTOR('',#3382,1.);
#3382 = DIRECTION('',(1.,0.));
#3383 = ( GEOMETRIC_REPRESENTATION_CONTEXT(2) 
PARAMETRIC_REPRESENTATION_CONTEXT() REPRESENTATION_CONTEXT('2D SPACE',''
  ) );
#3384 = PCURVE('',#3385,#3390);
#3385 = PLANE('',#3386);
#3386 = AXIS2_PLACEMENT_3D('',#3387,#3388,#3389);
#3387 = CARTESIAN_POINT('',(0.,0.,-0.55));
#3388 = DIRECTION('',(0.,0.,1.));
#3389 = DIRECTION('',(1.,0.,-0.));
#3390 = DEFINITIONAL_REPRESENTATION('',(#3391),#3395);
#3391 = CIRCLE('',#3392,15.47);
#3392 = AXIS2_PLACEMENT_2D('',#3393,#3394);
#3393 = CARTESIAN_POINT('',(0.,0.));
#3394 = DIRECTION('',(1.,0.));
#3395 = ( GEOMETRIC_REPRESENTATION_CONTEXT(2) 
PARAMETRIC_REPRESENTATION_CONTEXT() REPRESENTATION_CONTEXT('2D SPACE',''
  ) );
#3396 = ORIENTED_EDGE('',*,*,#3347,.T.);
#3397 = ADVANCED_FACE('',(#3398,#3584),#3385,.T.);
#3398 = FACE_BOUND('',#3399,.T.);
#3399 = EDGE_LOOP('',(#3400,#3423,#3451,#3472,#3496,#3517,#3541,#3562));
#3400 = ORIENTED_EDGE('',*,*,#3401,.T.);
#3401 = EDGE_CURVE('',#3402,#3404,#3406,.T.);
#3402 = VERTEX_POINT('',#3403);
#3403 = CARTESIAN_POINT('',(14.587354112381,-6.5,-0.55));
#3404 = VERTEX_POINT('',#3405);
#3405 = CARTESIAN_POINT('',(14.806042685336,-6.5,-0.55));
#3406 = SURFACE_CURVE('',#3407,(#3411,#3417),.PCURVE_S1.);
#3407 = LINE('',#3408,#3409);
#3408 = CARTESIAN_POINT('',(6.4,-6.5,-0.55));
#3409 = VECTOR('',#3410,1.);
#3410 = DIRECTION('',(1.,0.,-0.));
#3411 = PCURVE('',#3385,#3412);
#3412 = DEFINITIONAL_REPRESENTATION('',(#3413),#3416);
#3413 = B_SPLINE_CURVE_WITH_KNOTS('',1,(#3414,#3415),.UNSPECIFIED.,.F.,
  .F.,(2,2),(8.187354112381,9.77),.PIECEWISE_BEZIER_KNOTS.);
#3414 = CARTESIAN_POINT('',(14.587354112381,-6.5));
#3415 = CARTESIAN_POINT('',(16.17,-6.5));
#3416 = ( GEOMETRIC_REPRESENTATION_CONTEXT(2) 
PARAMETRIC_REPRESENTATION_CONTEXT() REPRESENTATION_CONTEXT('2D SPACE',''
  ) );
#3417 = PCURVE('',#215,#3418);
#3418 = DEFINITIONAL_REPRESENTATION('',(#3419),#3422);
#3419 = B_SPLINE_CURVE_WITH_KNOTS('',1,(#3420,#3421),.UNSPECIFIED.,.F.,
  .F.,(2,2),(8.187354112381,9.77),.PIECEWISE_BEZIER_KNOTS.);
#3420 = CARTESIAN_POINT('',(0.45,1.787354112381));
#3421 = CARTESIAN_POINT('',(0.45,3.37));
#3422 = ( GEOMETRIC_REPRESENTATION_CONTEXT(2) 
PARAMETRIC_REPRESENTATION_CONTEXT() REPRESENTATION_CONTEXT('2D SPACE',''
  ) );
#3423 = ORIENTED_EDGE('',*,*,#3424,.F.);
#3424 = EDGE_CURVE('',#3425,#3404,#3427,.T.);
#3425 = VERTEX_POINT('',#3426);
#3426 = CARTESIAN_POINT('',(14.806042685336,6.5,-0.55));
#3427 = SURFACE_CURVE('',#3428,(#3433,#3444),.PCURVE_S1.);
#3428 = CIRCLE('',#3429,16.17);
#3429 = AXIS2_PLACEMENT_3D('',#3430,#3431,#3432);
#3430 = CARTESIAN_POINT('',(0.,0.,-0.55));
#3431 = DIRECTION('',(0.,0.,-1.));
#3432 = DIRECTION('',(0.915648898289,0.401978973408,0.));
#3433 = PCURVE('',#3385,#3434);
#3434 = DEFINITIONAL_REPRESENTATION('',(#3435),#3443);
#3435 = ( BOUNDED_CURVE() B_SPLINE_CURVE(2,(#3436,#3437,#3438,#3439,
#3440,#3441,#3442),.UNSPECIFIED.,.T.,.F.) B_SPLINE_CURVE_WITH_KNOTS((1,2
    ,2,2,2,1),(-2.094395102393,0.,2.094395102393,4.188790204786,
6.28318530718,8.377580409573),.UNSPECIFIED.) CURVE() 
GEOMETRIC_REPRESENTATION_ITEM() RATIONAL_B_SPLINE_CURVE((1.,0.5,1.,0.5,
1.,0.5,1.)) REPRESENTATION_ITEM('') );
#3436 = CARTESIAN_POINT('',(14.806042685336,6.5));
#3437 = CARTESIAN_POINT('',(26.064372934534,-19.14481819003));
#3438 = CARTESIAN_POINT('',(-1.773856218069,-16.07240909501));
#3439 = CARTESIAN_POINT('',(-29.61208537067,-13.));
#3440 = CARTESIAN_POINT('',(-13.03218646726,9.572409095018));
#3441 = CARTESIAN_POINT('',(3.547712436139,32.144818190036));
#3442 = CARTESIAN_POINT('',(14.806042685336,6.5));
#3443 = ( GEOMETRIC_REPRESENTATION_CONTEXT(2) 
PARAMETRIC_REPRESENTATION_CONTEXT() REPRESENTATION_CONTEXT('2D SPACE',''
  ) );
#3444 = PCURVE('',#3185,#3445);
#3445 = DEFINITIONAL_REPRESENTATION('',(#3446),#3450);
#3446 = LINE('',#3447,#3448);
#3447 = CARTESIAN_POINT('',(6.696862410296,0.));
#3448 = VECTOR('',#3449,1.);
#3449 = DIRECTION('',(-1.,-0.));
#3450 = ( GEOMETRIC_REPRESENTATION_CONTEXT(2) 
PARAMETRIC_REPRESENTATION_CONTEXT() REPRESENTATION_CONTEXT('2D SPACE',''
  ) );
#3451 = ORIENTED_EDGE('',*,*,#3452,.F.);
#3452 = EDGE_CURVE('',#3453,#3425,#3455,.T.);
#3453 = VERTEX_POINT('',#3454);
#3454 = CARTESIAN_POINT('',(14.587354112381,6.5,-0.55));
#3455 = SURFACE_CURVE('',#3456,(#3460,#3466),.PCURVE_S1.);
#3456 = LINE('',#3457,#3458);
#3457 = CARTESIAN_POINT('',(6.4,6.5,-0.55));
#3458 = VECTOR('',#3459,1.);
#3459 = DIRECTION('',(1.,0.,-0.));
#3460 = PCURVE('',#3385,#3461);
#3461 = DEFINITIONAL_REPRESENTATION('',(#3462),#3465);
#3462 = B_SPLINE_CURVE_WITH_KNOTS('',1,(#3463,#3464),.UNSPECIFIED.,.F.,
  .F.,(2,2),(8.187354112381,9.77),.PIECEWISE_BEZIER_KNOTS.);
#3463 = CARTESIAN_POINT('',(14.587354112381,6.5));
#3464 = CARTESIAN_POINT('',(16.17,6.5));
#3465 = ( GEOMETRIC_REPRESENTATION_CONTEXT(2) 
PARAMETRIC_REPRESENTATION_CONTEXT() REPRESENTATION_CONTEXT('2D SPACE',''
  ) );
#3466 = PCURVE('',#44,#3467);
#3467 = DEFINITIONAL_REPRESENTATION('',(#3468),#3471);
#3468 = B_SPLINE_CURVE_WITH_KNOTS('',1,(#3469,#3470),.UNSPECIFIED.,.F.,
  .F.,(2,2),(8.187354112381,9.77),.PIECEWISE_BEZIER_KNOTS.);
#3469 = CARTESIAN_POINT('',(0.45,1.787354112381));
#3470 = CARTESIAN_POINT('',(0.45,3.37));
#3471 = ( GEOMETRIC_REPRESENTATION_CONTEXT(2) 
PARAMETRIC_REPRESENTATION_CONTEXT() REPRESENTATION_CONTEXT('2D SPACE',''
  ) );
#3472 = ORIENTED_EDGE('',*,*,#3473,.T.);
#3473 = EDGE_CURVE('',#3453,#3474,#3476,.T.);
#3474 = VERTEX_POINT('',#3475);
#3475 = CARTESIAN_POINT('',(-14.58735411238,6.5,-0.55));
#3476 = SURFACE_CURVE('',#3477,(#3482,#3489),.PCURVE_S1.);
#3477 = CIRCLE('',#3478,15.97);
#3478 = AXIS2_PLACEMENT_3D('',#3479,#3480,#3481);
#3479 = CARTESIAN_POINT('',(0.,0.,-0.55));
#3480 = DIRECTION('',(0.,0.,1.));
#3481 = DIRECTION('',(1.,0.,-0.));
#3482 = PCURVE('',#3385,#3483);
#3483 = DEFINITIONAL_REPRESENTATION('',(#3484),#3488);
#3484 = CIRCLE('',#3485,15.97);
#3485 = AXIS2_PLACEMENT_2D('',#3486,#3487);
#3486 = CARTESIAN_POINT('',(0.,0.));
#3487 = DIRECTION('',(1.,0.));
#3488 = ( GEOMETRIC_REPRESENTATION_CONTEXT(2) 
PARAMETRIC_REPRESENTATION_CONTEXT() REPRESENTATION_CONTEXT('2D SPACE',''
  ) );
#3489 = PCURVE('',#73,#3490);
#3490 = DEFINITIONAL_REPRESENTATION('',(#3491),#3495);
#3491 = LINE('',#3492,#3493);
#3492 = CARTESIAN_POINT('',(0.,0.45));
#3493 = VECTOR('',#3494,1.);
#3494 = DIRECTION('',(1.,0.));
#3495 = ( GEOMETRIC_REPRESENTATION_CONTEXT(2) 
PARAMETRIC_REPRESENTATION_CONTEXT() REPRESENTATION_CONTEXT('2D SPACE',''
  ) );
#3496 = ORIENTED_EDGE('',*,*,#3497,.F.);
#3497 = EDGE_CURVE('',#3498,#3474,#3500,.T.);
#3498 = VERTEX_POINT('',#3499);
#3499 = CARTESIAN_POINT('',(-14.80604268533,6.5,-0.55));
#3500 = SURFACE_CURVE('',#3501,(#3505,#3511),.PCURVE_S1.);
#3501 = LINE('',#3502,#3503);
#3502 = CARTESIAN_POINT('',(-7.985,6.5,-0.55));
#3503 = VECTOR('',#3504,1.);
#3504 = DIRECTION('',(1.,0.,-0.));
#3505 = PCURVE('',#3385,#3506);
#3506 = DEFINITIONAL_REPRESENTATION('',(#3507),#3510);
#3507 = B_SPLINE_CURVE_WITH_KNOTS('',1,(#3508,#3509),.UNSPECIFIED.,.F.,
  .F.,(2,2),(-8.185,-6.602354112381),.PIECEWISE_BEZIER_KNOTS.);
#3508 = CARTESIAN_POINT('',(-16.17,6.5));
#3509 = CARTESIAN_POINT('',(-14.58735411238,6.5));
#3510 = ( GEOMETRIC_REPRESENTATION_CONTEXT(2) 
PARAMETRIC_REPRESENTATION_CONTEXT() REPRESENTATION_CONTEXT('2D SPACE',''
  ) );
#3511 = PCURVE('',#101,#3512);
#3512 = DEFINITIONAL_REPRESENTATION('',(#3513),#3516);
#3513 = B_SPLINE_CURVE_WITH_KNOTS('',1,(#3514,#3515),.UNSPECIFIED.,.F.,
  .F.,(2,2),(-8.185,-6.602354112381),.PIECEWISE_BEZIER_KNOTS.);
#3514 = CARTESIAN_POINT('',(0.45,-0.2));
#3515 = CARTESIAN_POINT('',(0.45,1.382645887619));
#3516 = ( GEOMETRIC_REPRESENTATION_CONTEXT(2) 
PARAMETRIC_REPRESENTATION_CONTEXT() REPRESENTATION_CONTEXT('2D SPACE',''
  ) );
#3517 = ORIENTED_EDGE('',*,*,#3518,.T.);
#3518 = EDGE_CURVE('',#3498,#3519,#3521,.T.);
#3519 = VERTEX_POINT('',#3520);
#3520 = CARTESIAN_POINT('',(-14.80604268533,-6.5,-0.55));
#3521 = SURFACE_CURVE('',#3522,(#3527,#3534),.PCURVE_S1.);
#3522 = CIRCLE('',#3523,16.17);
#3523 = AXIS2_PLACEMENT_3D('',#3524,#3525,#3526);
#3524 = CARTESIAN_POINT('',(0.,0.,-0.55));
#3525 = DIRECTION('',(0.,0.,1.));
#3526 = DIRECTION('',(1.,0.,-0.));
#3527 = PCURVE('',#3385,#3528);
#3528 = DEFINITIONAL_REPRESENTATION('',(#3529),#3533);
#3529 = CIRCLE('',#3530,16.17);
#3530 = AXIS2_PLACEMENT_2D('',#3531,#3532);
#3531 = CARTESIAN_POINT('',(0.,0.));
#3532 = DIRECTION('',(1.,0.));
#3533 = ( GEOMETRIC_REPRESENTATION_CONTEXT(2) 
PARAMETRIC_REPRESENTATION_CONTEXT() REPRESENTATION_CONTEXT('2D SPACE',''
  ) );
#3534 = PCURVE('',#3280,#3535);
#3535 = DEFINITIONAL_REPRESENTATION('',(#3536),#3540);
#3536 = LINE('',#3537,#3538);
#3537 = CARTESIAN_POINT('',(0.,0.));
#3538 = VECTOR('',#3539,1.);
#3539 = DIRECTION('',(1.,0.));
#3540 = ( GEOMETRIC_REPRESENTATION_CONTEXT(2) 
PARAMETRIC_REPRESENTATION_CONTEXT() REPRESENTATION_CONTEXT('2D SPACE',''
  ) );
#3541 = ORIENTED_EDGE('',*,*,#3542,.T.);
#3542 = EDGE_CURVE('',#3519,#3543,#3545,.T.);
#3543 = VERTEX_POINT('',#3544);
#3544 = CARTESIAN_POINT('',(-14.58735411238,-6.5,-0.55));
#3545 = SURFACE_CURVE('',#3546,(#3550,#3556),.PCURVE_S1.);
#3546 = LINE('',#3547,#3548);
#3547 = CARTESIAN_POINT('',(-7.985,-6.5,-0.55));
#3548 = VECTOR('',#3549,1.);
#3549 = DIRECTION('',(1.,0.,-0.));
#3550 = PCURVE('',#3385,#3551);
#3551 = DEFINITIONAL_REPRESENTATION('',(#3552),#3555);
#3552 = B_SPLINE_CURVE_WITH_KNOTS('',1,(#3553,#3554),.UNSPECIFIED.,.F.,
  .F.,(2,2),(-8.185,-6.602354112381),.PIECEWISE_BEZIER_KNOTS.);
#3553 = CARTESIAN_POINT('',(-16.17,-6.5));
#3554 = CARTESIAN_POINT('',(-14.58735411238,-6.5));
#3555 = ( GEOMETRIC_REPRESENTATION_CONTEXT(2) 
PARAMETRIC_REPRESENTATION_CONTEXT() REPRESENTATION_CONTEXT('2D SPACE',''
  ) );
#3556 = PCURVE('',#158,#3557);
#3557 = DEFINITIONAL_REPRESENTATION('',(#3558),#3561);
#3558 = B_SPLINE_CURVE_WITH_KNOTS('',1,(#3559,#3560),.UNSPECIFIED.,.F.,
  .F.,(2,2),(-8.185,-6.602354112381),.PIECEWISE_BEZIER_KNOTS.);
#3559 = CARTESIAN_POINT('',(0.45,-0.2));
#3560 = CARTESIAN_POINT('',(0.45,1.382645887619));
#3561 = ( GEOMETRIC_REPRESENTATION_CONTEXT(2) 
PARAMETRIC_REPRESENTATION_CONTEXT() REPRESENTATION_CONTEXT('2D SPACE',''
  ) );
#3562 = ORIENTED_EDGE('',*,*,#3563,.T.);
#3563 = EDGE_CURVE('',#3543,#3402,#3564,.T.);
#3564 = SURFACE_CURVE('',#3565,(#3570,#3577),.PCURVE_S1.);
#3565 = CIRCLE('',#3566,15.97);
#3566 = AXIS2_PLACEMENT_3D('',#3567,#3568,#3569);
#3567 = CARTESIAN_POINT('',(0.,0.,-0.55));
#3568 = DIRECTION('',(0.,0.,1.));
#3569 = DIRECTION('',(1.,0.,-0.));
#3570 = PCURVE('',#3385,#3571);
#3571 = DEFINITIONAL_REPRESENTATION('',(#3572),#3576);
#3572 = CIRCLE('',#3573,15.97);
#3573 = AXIS2_PLACEMENT_2D('',#3574,#3575);
#3574 = CARTESIAN_POINT('',(0.,0.));
#3575 = DIRECTION('',(1.,0.));
#3576 = ( GEOMETRIC_REPRESENTATION_CONTEXT(2) 
PARAMETRIC_REPRESENTATION_CONTEXT() REPRESENTATION_CONTEXT('2D SPACE',''
  ) );
#3577 = PCURVE('',#187,#3578);
#3578 = DEFINITIONAL_REPRESENTATION('',(#3579),#3583);
#3579 = LINE('',#3580,#3581);
#3580 = CARTESIAN_POINT('',(0.,0.45));
#3581 = VECTOR('',#3582,1.);
#3582 = DIRECTION('',(1.,0.));
#3583 = ( GEOMETRIC_REPRESENTATION_CONTEXT(2) 
PARAMETRIC_REPRESENTATION_CONTEXT() REPRESENTATION_CONTEXT('2D SPACE',''
  ) );
#3584 = FACE_BOUND('',#3585,.T.);
#3585 = EDGE_LOOP('',(#3586));
#3586 = ORIENTED_EDGE('',*,*,#3370,.F.);
#3587 = ADVANCED_FACE('',(#3588),#3280,.F.);
#3588 = FACE_BOUND('',#3589,.F.);
#3589 = EDGE_LOOP('',(#3590,#3591,#3610,#3611));
#3590 = ORIENTED_EDGE('',*,*,#3263,.F.);
#3591 = ORIENTED_EDGE('',*,*,#3592,.F.);
#3592 = EDGE_CURVE('',#3498,#3243,#3593,.T.);
#3593 = SURFACE_CURVE('',#3594,(#3598,#3604),.PCURVE_S1.);
#3594 = LINE('',#3595,#3596);
#3595 = CARTESIAN_POINT('',(-14.80604268533,6.5,-0.55));
#3596 = VECTOR('',#3597,1.);
#3597 = DIRECTION('',(0.,0.,1.));
#3598 = PCURVE('',#3280,#3599);
#3599 = DEFINITIONAL_REPRESENTATION('',(#3600),#3603);
#3600 = B_SPLINE_CURVE_WITH_KNOTS('',1,(#3601,#3602),.UNSPECIFIED.,.F.,
  .F.,(2,2),(-6.000000000173E-07,0.5500006),.PIECEWISE_BEZIER_KNOTS.);
#3601 = CARTESIAN_POINT('',(2.727915550474,-6.000000000173E-07));
#3602 = CARTESIAN_POINT('',(2.727915550474,0.5500006));
#3603 = ( GEOMETRIC_REPRESENTATION_CONTEXT(2) 
PARAMETRIC_REPRESENTATION_CONTEXT() REPRESENTATION_CONTEXT('2D SPACE',''
  ) );
#3604 = PCURVE('',#101,#3605);
#3605 = DEFINITIONAL_REPRESENTATION('',(#3606),#3609);
#3606 = B_SPLINE_CURVE_WITH_KNOTS('',1,(#3607,#3608),.UNSPECIFIED.,.F.,
  .F.,(2,2),(-6.000000000173E-07,0.5500006),.PIECEWISE_BEZIER_KNOTS.);
#3607 = CARTESIAN_POINT('',(0.4499994,1.163957314664));
#3608 = CARTESIAN_POINT('',(1.0000006,1.163957314664));
#3609 = ( GEOMETRIC_REPRESENTATION_CONTEXT(2) 
PARAMETRIC_REPRESENTATION_CONTEXT() REPRESENTATION_CONTEXT('2D SPACE',''
  ) );
#3610 = ORIENTED_EDGE('',*,*,#3518,.T.);
#3611 = ORIENTED_EDGE('',*,*,#3612,.T.);
#3612 = EDGE_CURVE('',#3519,#3264,#3613,.T.);
#3613 = SURFACE_CURVE('',#3614,(#3618,#3624),.PCURVE_S1.);
#3614 = LINE('',#3615,#3616);
#3615 = CARTESIAN_POINT('',(-14.80604268533,-6.5,-0.55));
#3616 = VECTOR('',#3617,1.);
#3617 = DIRECTION('',(0.,0.,1.));
#3618 = PCURVE('',#3280,#3619);
#3619 = DEFINITIONAL_REPRESENTATION('',(#3620),#3623);
#3620 = B_SPLINE_CURVE_WITH_KNOTS('',1,(#3621,#3622),.UNSPECIFIED.,.F.,
  .F.,(2,2),(-6.000000000173E-07,0.5500006),.PIECEWISE_BEZIER_KNOTS.);
#3621 = CARTESIAN_POINT('',(3.555269756706,-6.000000000173E-07));
#3622 = CARTESIAN_POINT('',(3.555269756706,0.5500006));
#3623 = ( GEOMETRIC_REPRESENTATION_CONTEXT(2) 
PARAMETRIC_REPRESENTATION_CONTEXT() REPRESENTATION_CONTEXT('2D SPACE',''
  ) );
#3624 = PCURVE('',#158,#3625);
#3625 = DEFINITIONAL_REPRESENTATION('',(#3626),#3629);
#3626 = B_SPLINE_CURVE_WITH_KNOTS('',1,(#3627,#3628),.UNSPECIFIED.,.F.,
  .F.,(2,2),(-6.000000000173E-07,0.5500006),.PIECEWISE_BEZIER_KNOTS.);
#3627 = CARTESIAN_POINT('',(0.4499994,1.163957314664));
#3628 = CARTESIAN_POINT('',(1.0000006,1.163957314664));
#3629 = ( GEOMETRIC_REPRESENTATION_CONTEXT(2) 
PARAMETRIC_REPRESENTATION_CONTEXT() REPRESENTATION_CONTEXT('2D SPACE',''
  ) );
#3630 = ADVANCED_FACE('',(#3631),#3185,.F.);
#3631 = FACE_BOUND('',#3632,.F.);
#3632 = EDGE_LOOP('',(#3633,#3634,#3653,#3654));
#3633 = ORIENTED_EDGE('',*,*,#3164,.T.);
#3634 = ORIENTED_EDGE('',*,*,#3635,.F.);
#3635 = EDGE_CURVE('',#3404,#3144,#3636,.T.);
#3636 = SURFACE_CURVE('',#3637,(#3641,#3647),.PCURVE_S1.);
#3637 = LINE('',#3638,#3639);
#3638 = CARTESIAN_POINT('',(14.806042685336,-6.5,-0.55));
#3639 = VECTOR('',#3640,1.);
#3640 = DIRECTION('',(0.,0.,1.));
#3641 = PCURVE('',#3185,#3642);
#3642 = DEFINITIONAL_REPRESENTATION('',(#3643),#3646);
#3643 = B_SPLINE_CURVE_WITH_KNOTS('',1,(#3644,#3645),.UNSPECIFIED.,.F.,
  .F.,(2,2),(0.,0.55),.PIECEWISE_BEZIER_KNOTS.);
#3644 = CARTESIAN_POINT('',(5.869508204063,0.));
#3645 = CARTESIAN_POINT('',(5.869508204063,0.55));
#3646 = ( GEOMETRIC_REPRESENTATION_CONTEXT(2) 
PARAMETRIC_REPRESENTATION_CONTEXT() REPRESENTATION_CONTEXT('2D SPACE',''
  ) );
#3647 = PCURVE('',#215,#3648);
#3648 = DEFINITIONAL_REPRESENTATION('',(#3649),#3652);
#3649 = B_SPLINE_CURVE_WITH_KNOTS('',1,(#3650,#3651),.UNSPECIFIED.,.F.,
  .F.,(2,2),(-6.000000000173E-07,0.5500006),.PIECEWISE_BEZIER_KNOTS.);
#3650 = CARTESIAN_POINT('',(0.4499994,2.006042685336));
#3651 = CARTESIAN_POINT('',(1.0000006,2.006042685336));
#3652 = ( GEOMETRIC_REPRESENTATION_CONTEXT(2) 
PARAMETRIC_REPRESENTATION_CONTEXT() REPRESENTATION_CONTEXT('2D SPACE',''
  ) );
#3653 = ORIENTED_EDGE('',*,*,#3424,.F.);
#3654 = ORIENTED_EDGE('',*,*,#3655,.T.);
#3655 = EDGE_CURVE('',#3425,#3165,#3656,.T.);
#3656 = SURFACE_CURVE('',#3657,(#3661,#3667),.PCURVE_S1.);
#3657 = LINE('',#3658,#3659);
#3658 = CARTESIAN_POINT('',(14.806042685336,6.5,-0.55));
#3659 = VECTOR('',#3660,1.);
#3660 = DIRECTION('',(0.,0.,1.));
#3661 = PCURVE('',#3185,#3662);
#3662 = DEFINITIONAL_REPRESENTATION('',(#3663),#3666);
#3663 = B_SPLINE_CURVE_WITH_KNOTS('',1,(#3664,#3665),.UNSPECIFIED.,.F.,
  .F.,(2,2),(0.,0.55),.PIECEWISE_BEZIER_KNOTS.);
#3664 = CARTESIAN_POINT('',(6.696862410296,0.));
#3665 = CARTESIAN_POINT('',(6.696862410296,0.55));
#3666 = ( GEOMETRIC_REPRESENTATION_CONTEXT(2) 
PARAMETRIC_REPRESENTATION_CONTEXT() REPRESENTATION_CONTEXT('2D SPACE',''
  ) );
#3667 = PCURVE('',#44,#3668);
#3668 = DEFINITIONAL_REPRESENTATION('',(#3669),#3672);
#3669 = B_SPLINE_CURVE_WITH_KNOTS('',1,(#3670,#3671),.UNSPECIFIED.,.F.,
  .F.,(2,2),(-6.000000000173E-07,0.5500006),.PIECEWISE_BEZIER_KNOTS.);
#3670 = CARTESIAN_POINT('',(0.4499994,2.006042685336));
#3671 = CARTESIAN_POINT('',(1.0000006,2.006042685336));
#3672 = ( GEOMETRIC_REPRESENTATION_CONTEXT(2) 
PARAMETRIC_REPRESENTATION_CONTEXT() REPRESENTATION_CONTEXT('2D SPACE',''
  ) );
#3673 = ADVANCED_FACE('',(#3674),#842,.T.);
#3674 = FACE_BOUND('',#3675,.T.);
#3675 = EDGE_LOOP('',(#3676,#3677,#3696,#3697));
#3676 = ORIENTED_EDGE('',*,*,#825,.F.);
#3677 = ORIENTED_EDGE('',*,*,#3678,.F.);
#3678 = EDGE_CURVE('',#3198,#801,#3679,.T.);
#3679 = SURFACE_CURVE('',#3680,(#3684,#3690),.PCURVE_S1.);
#3680 = LINE('',#3681,#3682);
#3681 = CARTESIAN_POINT('',(14.587354112381,6.5,-1.));
#3682 = VECTOR('',#3683,1.);
#3683 = DIRECTION('',(0.,0.,1.));
#3684 = PCURVE('',#842,#3685);
#3685 = DEFINITIONAL_REPRESENTATION('',(#3686),#3689);
#3686 = B_SPLINE_CURVE_WITH_KNOTS('',1,(#3687,#3688),.UNSPECIFIED.,.F.,
  .F.,(2,2),(-2.400000000069E-06,1.2000024),.PIECEWISE_BEZIER_KNOTS.);
#3687 = CARTESIAN_POINT('',(0.419181715014,-2.400000000069E-06));
#3688 = CARTESIAN_POINT('',(0.419181715014,1.2000024));
#3689 = ( GEOMETRIC_REPRESENTATION_CONTEXT(2) 
PARAMETRIC_REPRESENTATION_CONTEXT() REPRESENTATION_CONTEXT('2D SPACE',''
  ) );
#3690 = PCURVE('',#44,#3691);
#3691 = DEFINITIONAL_REPRESENTATION('',(#3692),#3695);
#3692 = B_SPLINE_CURVE_WITH_KNOTS('',1,(#3693,#3694),.UNSPECIFIED.,.F.,
  .F.,(2,2),(-2.400000000069E-06,1.2000024),.PIECEWISE_BEZIER_KNOTS.);
#3693 = CARTESIAN_POINT('',(-2.400000000069E-06,1.787354112381));
#3694 = CARTESIAN_POINT('',(1.2000024,1.787354112381));
#3695 = ( GEOMETRIC_REPRESENTATION_CONTEXT(2) 
PARAMETRIC_REPRESENTATION_CONTEXT() REPRESENTATION_CONTEXT('2D SPACE',''
  ) );
#3696 = ORIENTED_EDGE('',*,*,#3218,.T.);
#3697 = ORIENTED_EDGE('',*,*,#3698,.T.);
#3698 = EDGE_CURVE('',#3219,#826,#3699,.T.);
#3699 = SURFACE_CURVE('',#3700,(#3704,#3710),.PCURVE_S1.);
#3700 = LINE('',#3701,#3702);
#3701 = CARTESIAN_POINT('',(-14.58735411238,6.5,-1.));
#3702 = VECTOR('',#3703,1.);
#3703 = DIRECTION('',(0.,0.,1.));
#3704 = PCURVE('',#842,#3705);
#3705 = DEFINITIONAL_REPRESENTATION('',(#3706),#3709);
#3706 = B_SPLINE_CURVE_WITH_KNOTS('',1,(#3707,#3708),.UNSPECIFIED.,.F.,
  .F.,(2,2),(-2.400000000069E-06,1.2000024),.PIECEWISE_BEZIER_KNOTS.);
#3707 = CARTESIAN_POINT('',(2.722410938576,-2.400000000069E-06));
#3708 = CARTESIAN_POINT('',(2.722410938576,1.2000024));
#3709 = ( GEOMETRIC_REPRESENTATION_CONTEXT(2) 
PARAMETRIC_REPRESENTATION_CONTEXT() REPRESENTATION_CONTEXT('2D SPACE',''
  ) );
#3710 = PCURVE('',#101,#3711);
#3711 = DEFINITIONAL_REPRESENTATION('',(#3712),#3715);
#3712 = B_SPLINE_CURVE_WITH_KNOTS('',1,(#3713,#3714),.UNSPECIFIED.,.F.,
  .F.,(2,2),(-2.400000000069E-06,1.2000024),.PIECEWISE_BEZIER_KNOTS.);
#3713 = CARTESIAN_POINT('',(-2.400000000069E-06,1.382645887619));
#3714 = CARTESIAN_POINT('',(1.2000024,1.382645887619));
#3715 = ( GEOMETRIC_REPRESENTATION_CONTEXT(2) 
PARAMETRIC_REPRESENTATION_CONTEXT() REPRESENTATION_CONTEXT('2D SPACE',''
  ) );
#3716 = ADVANCED_FACE('',(#3717),#442,.T.);
#3717 = FACE_BOUND('',#3718,.T.);
#3718 = EDGE_LOOP('',(#3719,#3740,#3741,#3742));
#3719 = ORIENTED_EDGE('',*,*,#3720,.F.);
#3720 = EDGE_CURVE('',#400,#660,#3721,.T.);
#3721 = SURFACE_CURVE('',#3722,(#3726,#3733),.PCURVE_S1.);
#3722 = LINE('',#3723,#3724);
#3723 = CARTESIAN_POINT('',(-16.77,-4.4,-2.));
#3724 = VECTOR('',#3725,1.);
#3725 = DIRECTION('',(0.,0.,1.));
#3726 = PCURVE('',#442,#3727);
#3727 = DEFINITIONAL_REPRESENTATION('',(#3728),#3732);
#3728 = LINE('',#3729,#3730);
#3729 = CARTESIAN_POINT('',(0.,1.8));
#3730 = VECTOR('',#3731,1.);
#3731 = DIRECTION('',(1.,0.));
#3732 = ( GEOMETRIC_REPRESENTATION_CONTEXT(2) 
PARAMETRIC_REPRESENTATION_CONTEXT() REPRESENTATION_CONTEXT('2D SPACE',''
  ) );
#3733 = PCURVE('',#415,#3734);
#3734 = DEFINITIONAL_REPRESENTATION('',(#3735),#3739);
#3735 = LINE('',#3736,#3737);
#3736 = CARTESIAN_POINT('',(0.,0.));
#3737 = VECTOR('',#3738,1.);
#3738 = DIRECTION('',(1.,0.));
#3739 = ( GEOMETRIC_REPRESENTATION_CONTEXT(2) 
PARAMETRIC_REPRESENTATION_CONTEXT() REPRESENTATION_CONTEXT('2D SPACE',''
  ) );
#3740 = ORIENTED_EDGE('',*,*,#426,.T.);
#3741 = ORIENTED_EDGE('',*,*,#481,.T.);
#3742 = ORIENTED_EDGE('',*,*,#659,.F.);
#3743 = ADVANCED_FACE('',(#3744),#415,.F.);
#3744 = FACE_BOUND('',#3745,.F.);
#3745 = EDGE_LOOP('',(#3746,#3747,#3748,#3769));
#3746 = ORIENTED_EDGE('',*,*,#3720,.F.);
#3747 = ORIENTED_EDGE('',*,*,#399,.T.);
#3748 = ORIENTED_EDGE('',*,*,#3749,.T.);
#3749 = EDGE_CURVE('',#371,#682,#3750,.T.);
#3750 = SURFACE_CURVE('',#3751,(#3755,#3762),.PCURVE_S1.);
#3751 = LINE('',#3752,#3753);
#3752 = CARTESIAN_POINT('',(-16.77,4.4,-2.));
#3753 = VECTOR('',#3754,1.);
#3754 = DIRECTION('',(0.,0.,1.));
#3755 = PCURVE('',#415,#3756);
#3756 = DEFINITIONAL_REPRESENTATION('',(#3757),#3761);
#3757 = LINE('',#3758,#3759);
#3758 = CARTESIAN_POINT('',(0.,-8.8));
#3759 = VECTOR('',#3760,1.);
#3760 = DIRECTION('',(1.,0.));
#3761 = ( GEOMETRIC_REPRESENTATION_CONTEXT(2) 
PARAMETRIC_REPRESENTATION_CONTEXT() REPRESENTATION_CONTEXT('2D SPACE',''
  ) );
#3762 = PCURVE('',#388,#3763);
#3763 = DEFINITIONAL_REPRESENTATION('',(#3764),#3768);
#3764 = LINE('',#3765,#3766);
#3765 = CARTESIAN_POINT('',(0.,1.8));
#3766 = VECTOR('',#3767,1.);
#3767 = DIRECTION('',(1.,0.));
#3768 = ( GEOMETRIC_REPRESENTATION_CONTEXT(2) 
PARAMETRIC_REPRESENTATION_CONTEXT() REPRESENTATION_CONTEXT('2D SPACE',''
  ) );
#3769 = ORIENTED_EDGE('',*,*,#702,.F.);
#3770 = ADVANCED_FACE('',(#3771),#388,.F.);
#3771 = FACE_BOUND('',#3772,.F.);
#3772 = EDGE_LOOP('',(#3773,#3774,#3775,#3776));
#3773 = ORIENTED_EDGE('',*,*,#3749,.F.);
#3774 = ORIENTED_EDGE('',*,*,#370,.T.);
#3775 = ORIENTED_EDGE('',*,*,#505,.T.);
#3776 = ORIENTED_EDGE('',*,*,#681,.F.);
#3777 = ADVANCED_FACE('',(#3778),#357,.T.);
#3778 = FACE_BOUND('',#3779,.T.);
#3779 = EDGE_LOOP('',(#3780,#3801,#3802,#3823));
#3780 = ORIENTED_EDGE('',*,*,#3781,.F.);
#3781 = EDGE_CURVE('',#317,#2986,#3782,.T.);
#3782 = SURFACE_CURVE('',#3783,(#3787,#3794),.PCURVE_S1.);
#3783 = LINE('',#3784,#3785);
#3784 = CARTESIAN_POINT('',(16.77,-4.4,-2.));
#3785 = VECTOR('',#3786,1.);
#3786 = DIRECTION('',(0.,0.,1.));
#3787 = PCURVE('',#357,#3788);
#3788 = DEFINITIONAL_REPRESENTATION('',(#3789),#3793);
#3789 = LINE('',#3790,#3791);
#3790 = CARTESIAN_POINT('',(0.,0.));
#3791 = VECTOR('',#3792,1.);
#3792 = DIRECTION('',(1.,0.));
#3793 = ( GEOMETRIC_REPRESENTATION_CONTEXT(2) 
PARAMETRIC_REPRESENTATION_CONTEXT() REPRESENTATION_CONTEXT('2D SPACE',''
  ) );
#3794 = PCURVE('',#332,#3795);
#3795 = DEFINITIONAL_REPRESENTATION('',(#3796),#3800);
#3796 = LINE('',#3797,#3798);
#3797 = CARTESIAN_POINT('',(0.,0.));
#3798 = VECTOR('',#3799,1.);
#3799 = DIRECTION('',(1.,0.));
#3800 = ( GEOMETRIC_REPRESENTATION_CONTEXT(2) 
PARAMETRIC_REPRESENTATION_CONTEXT() REPRESENTATION_CONTEXT('2D SPACE',''
  ) );
#3801 = ORIENTED_EDGE('',*,*,#343,.T.);
#3802 = ORIENTED_EDGE('',*,*,#3803,.T.);
#3803 = EDGE_CURVE('',#263,#3007,#3804,.T.);
#3804 = SURFACE_CURVE('',#3805,(#3809,#3816),.PCURVE_S1.);
#3805 = LINE('',#3806,#3807);
#3806 = CARTESIAN_POINT('',(16.77,4.4,-2.));
#3807 = VECTOR('',#3808,1.);
#3808 = DIRECTION('',(0.,0.,1.));
#3809 = PCURVE('',#357,#3810);
#3810 = DEFINITIONAL_REPRESENTATION('',(#3811),#3815);
#3811 = LINE('',#3812,#3813);
#3812 = CARTESIAN_POINT('',(0.,-8.8));
#3813 = VECTOR('',#3814,1.);
#3814 = DIRECTION('',(1.,0.));
#3815 = ( GEOMETRIC_REPRESENTATION_CONTEXT(2) 
PARAMETRIC_REPRESENTATION_CONTEXT() REPRESENTATION_CONTEXT('2D SPACE',''
  ) );
#3816 = PCURVE('',#278,#3817);
#3817 = DEFINITIONAL_REPRESENTATION('',(#3818),#3822);
#3818 = LINE('',#3819,#3820);
#3819 = CARTESIAN_POINT('',(0.,0.));
#3820 = VECTOR('',#3821,1.);
#3821 = DIRECTION('',(1.,0.));
#3822 = ( GEOMETRIC_REPRESENTATION_CONTEXT(2) 
PARAMETRIC_REPRESENTATION_CONTEXT() REPRESENTATION_CONTEXT('2D SPACE',''
  ) );
#3823 = ORIENTED_EDGE('',*,*,#3006,.F.);
#3824 = ADVANCED_FACE('',(#3825),#332,.T.);
#3825 = FACE_BOUND('',#3826,.T.);
#3826 = EDGE_LOOP('',(#3827,#3848,#3849,#3850));
#3827 = ORIENTED_EDGE('',*,*,#3828,.F.);
#3828 = EDGE_CURVE('',#290,#2984,#3829,.T.);
#3829 = SURFACE_CURVE('',#3830,(#3834,#3841),.PCURVE_S1.);
#3830 = LINE('',#3831,#3832);
#3831 = CARTESIAN_POINT('',(18.57,-4.4,-2.));
#3832 = VECTOR('',#3833,1.);
#3833 = DIRECTION('',(0.,0.,1.));
#3834 = PCURVE('',#332,#3835);
#3835 = DEFINITIONAL_REPRESENTATION('',(#3836),#3840);
#3836 = LINE('',#3837,#3838);
#3837 = CARTESIAN_POINT('',(0.,1.8));
#3838 = VECTOR('',#3839,1.);
#3839 = DIRECTION('',(1.,0.));
#3840 = ( GEOMETRIC_REPRESENTATION_CONTEXT(2) 
PARAMETRIC_REPRESENTATION_CONTEXT() REPRESENTATION_CONTEXT('2D SPACE',''
  ) );
#3841 = PCURVE('',#305,#3842);
#3842 = DEFINITIONAL_REPRESENTATION('',(#3843),#3847);
#3843 = LINE('',#3844,#3845);
#3844 = CARTESIAN_POINT('',(0.,0.));
#3845 = VECTOR('',#3846,1.);
#3846 = DIRECTION('',(1.,0.));
#3847 = ( GEOMETRIC_REPRESENTATION_CONTEXT(2) 
PARAMETRIC_REPRESENTATION_CONTEXT() REPRESENTATION_CONTEXT('2D SPACE',''
  ) );
#3848 = ORIENTED_EDGE('',*,*,#316,.T.);
#3849 = ORIENTED_EDGE('',*,*,#3781,.T.);
#3850 = ORIENTED_EDGE('',*,*,#2983,.F.);
#3851 = ADVANCED_FACE('',(#3852),#305,.F.);
#3852 = FACE_BOUND('',#3853,.F.);
#3853 = EDGE_LOOP('',(#3854,#3855,#3856,#3877));
#3854 = ORIENTED_EDGE('',*,*,#3828,.F.);
#3855 = ORIENTED_EDGE('',*,*,#289,.T.);
#3856 = ORIENTED_EDGE('',*,*,#3857,.T.);
#3857 = EDGE_CURVE('',#261,#3028,#3858,.T.);
#3858 = SURFACE_CURVE('',#3859,(#3863,#3870),.PCURVE_S1.);
#3859 = LINE('',#3860,#3861);
#3860 = CARTESIAN_POINT('',(18.57,4.4,-2.));
#3861 = VECTOR('',#3862,1.);
#3862 = DIRECTION('',(0.,0.,1.));
#3863 = PCURVE('',#305,#3864);
#3864 = DEFINITIONAL_REPRESENTATION('',(#3865),#3869);
#3865 = LINE('',#3866,#3867);
#3866 = CARTESIAN_POINT('',(0.,-8.8));
#3867 = VECTOR('',#3868,1.);
#3868 = DIRECTION('',(1.,0.));
#3869 = ( GEOMETRIC_REPRESENTATION_CONTEXT(2) 
PARAMETRIC_REPRESENTATION_CONTEXT() REPRESENTATION_CONTEXT('2D SPACE',''
  ) );
#3870 = PCURVE('',#278,#3871);
#3871 = DEFINITIONAL_REPRESENTATION('',(#3872),#3876);
#3872 = LINE('',#3873,#3874);
#3873 = CARTESIAN_POINT('',(0.,1.8));
#3874 = VECTOR('',#3875,1.);
#3875 = DIRECTION('',(1.,0.));
#3876 = ( GEOMETRIC_REPRESENTATION_CONTEXT(2) 
PARAMETRIC_REPRESENTATION_CONTEXT() REPRESENTATION_CONTEXT('2D SPACE',''
  ) );
#3877 = ORIENTED_EDGE('',*,*,#3048,.F.);
#3878 = ADVANCED_FACE('',(#3879),#278,.F.);
#3879 = FACE_BOUND('',#3880,.F.);
#3880 = EDGE_LOOP('',(#3881,#3882,#3883,#3884));
#3881 = ORIENTED_EDGE('',*,*,#3857,.F.);
#3882 = ORIENTED_EDGE('',*,*,#260,.T.);
#3883 = ORIENTED_EDGE('',*,*,#3803,.T.);
#3884 = ORIENTED_EDGE('',*,*,#3027,.F.);
#3885 = ADVANCED_FACE('',(#3886),#246,.T.);
#3886 = FACE_BOUND('',#3887,.T.);
#3887 = EDGE_LOOP('',(#3888,#3889,#3909,#3910));
#3888 = ORIENTED_EDGE('',*,*,#227,.F.);
#3889 = ORIENTED_EDGE('',*,*,#3890,.T.);
#3890 = EDGE_CURVE('',#22,#2913,#3891,.T.);
#3891 = SURFACE_CURVE('',#3892,(#3896,#3902),.PCURVE_S1.);
#3892 = LINE('',#3893,#3894);
#3893 = CARTESIAN_POINT('',(18.988283229402,6.5,-2.));
#3894 = VECTOR('',#3895,1.);
#3895 = DIRECTION('',(0.,0.,1.));
#3896 = PCURVE('',#246,#3897);
#3897 = DEFINITIONAL_REPRESENTATION('',(#3898),#3901);
#3898 = B_SPLINE_CURVE_WITH_KNOTS('',1,(#3899,#3900),.UNSPECIFIED.,.F.,
  .F.,(2,2),(1.,4.2),.PIECEWISE_BEZIER_KNOTS.);
#3899 = CARTESIAN_POINT('',(6.61299868193,1.));
#3900 = CARTESIAN_POINT('',(6.61299868193,4.2));
#3901 = ( GEOMETRIC_REPRESENTATION_CONTEXT(2) 
PARAMETRIC_REPRESENTATION_CONTEXT() REPRESENTATION_CONTEXT('2D SPACE',''
  ) );
#3902 = PCURVE('',#44,#3903);
#3903 = DEFINITIONAL_REPRESENTATION('',(#3904),#3908);
#3904 = LINE('',#3905,#3906);
#3905 = CARTESIAN_POINT('',(-1.,6.188283229402));
#3906 = VECTOR('',#3907,1.);
#3907 = DIRECTION('',(1.,0.));
#3908 = ( GEOMETRIC_REPRESENTATION_CONTEXT(2) 
PARAMETRIC_REPRESENTATION_CONTEXT() REPRESENTATION_CONTEXT('2D SPACE',''
  ) );
#3909 = ORIENTED_EDGE('',*,*,#2959,.F.);
#3910 = ORIENTED_EDGE('',*,*,#3911,.F.);
#3911 = EDGE_CURVE('',#200,#2937,#3912,.T.);
#3912 = SURFACE_CURVE('',#3913,(#3917,#3923),.PCURVE_S1.);
#3913 = LINE('',#3914,#3915);
#3914 = CARTESIAN_POINT('',(18.988283229402,-6.5,-2.));
#3915 = VECTOR('',#3916,1.);
#3916 = DIRECTION('',(0.,0.,1.));
#3917 = PCURVE('',#246,#3918);
#3918 = DEFINITIONAL_REPRESENTATION('',(#3919),#3922);
#3919 = B_SPLINE_CURVE_WITH_KNOTS('',1,(#3920,#3921),.UNSPECIFIED.,.F.,
  .F.,(2,2),(1.,4.2),.PIECEWISE_BEZIER_KNOTS.);
#3920 = CARTESIAN_POINT('',(5.953371932429,1.));
#3921 = CARTESIAN_POINT('',(5.953371932429,4.2));
#3922 = ( GEOMETRIC_REPRESENTATION_CONTEXT(2) 
PARAMETRIC_REPRESENTATION_CONTEXT() REPRESENTATION_CONTEXT('2D SPACE',''
  ) );
#3923 = PCURVE('',#215,#3924);
#3924 = DEFINITIONAL_REPRESENTATION('',(#3925),#3929);
#3925 = LINE('',#3926,#3927);
#3926 = CARTESIAN_POINT('',(-1.,6.188283229402));
#3927 = VECTOR('',#3928,1.);
#3928 = DIRECTION('',(1.,0.));
#3929 = ( GEOMETRIC_REPRESENTATION_CONTEXT(2) 
PARAMETRIC_REPRESENTATION_CONTEXT() REPRESENTATION_CONTEXT('2D SPACE',''
  ) );
#3930 = ADVANCED_FACE('',(#3931),#215,.F.);
#3931 = FACE_BOUND('',#3932,.F.);
#3932 = EDGE_LOOP('',(#3933,#3934,#3953,#3954,#3955,#3956,#3957,#3958,
    #3959,#3960));
#3933 = ORIENTED_EDGE('',*,*,#199,.F.);
#3934 = ORIENTED_EDGE('',*,*,#3935,.T.);
#3935 = EDGE_CURVE('',#171,#3402,#3936,.T.);
#3936 = SURFACE_CURVE('',#3937,(#3941,#3947),.PCURVE_S1.);
#3937 = LINE('',#3938,#3939);
#3938 = CARTESIAN_POINT('',(14.587354112381,-6.5,-1.));
#3939 = VECTOR('',#3940,1.);
#3940 = DIRECTION('',(0.,0.,1.));
#3941 = PCURVE('',#215,#3942);
#3942 = DEFINITIONAL_REPRESENTATION('',(#3943),#3946);
#3943 = B_SPLINE_CURVE_WITH_KNOTS('',1,(#3944,#3945),.UNSPECIFIED.,.F.,
  .F.,(2,2),(-2.400000000069E-06,1.2000024),.PIECEWISE_BEZIER_KNOTS.);
#3944 = CARTESIAN_POINT('',(-2.400000000069E-06,1.787354112381));
#3945 = CARTESIAN_POINT('',(1.2000024,1.787354112381));
#3946 = ( GEOMETRIC_REPRESENTATION_CONTEXT(2) 
PARAMETRIC_REPRESENTATION_CONTEXT() REPRESENTATION_CONTEXT('2D SPACE',''
  ) );
#3947 = PCURVE('',#187,#3948);
#3948 = DEFINITIONAL_REPRESENTATION('',(#3949),#3952);
#3949 = B_SPLINE_CURVE_WITH_KNOTS('',1,(#3950,#3951),.UNSPECIFIED.,.F.,
  .F.,(2,2),(-2.400000000069E-06,1.2000024),.PIECEWISE_BEZIER_KNOTS.);
#3950 = CARTESIAN_POINT('',(5.864003592166,-2.400000000069E-06));
#3951 = CARTESIAN_POINT('',(5.864003592166,1.2000024));
#3952 = ( GEOMETRIC_REPRESENTATION_CONTEXT(2) 
PARAMETRIC_REPRESENTATION_CONTEXT() REPRESENTATION_CONTEXT('2D SPACE',''
  ) );
#3953 = ORIENTED_EDGE('',*,*,#3401,.T.);
#3954 = ORIENTED_EDGE('',*,*,#3635,.T.);
#3955 = ORIENTED_EDGE('',*,*,#3143,.F.);
#3956 = ORIENTED_EDGE('',*,*,#3101,.T.);
#3957 = ORIENTED_EDGE('',*,*,#928,.T.);
#3958 = ORIENTED_EDGE('',*,*,#2836,.T.);
#3959 = ORIENTED_EDGE('',*,*,#2936,.T.);
#3960 = ORIENTED_EDGE('',*,*,#3911,.F.);
#3961 = ADVANCED_FACE('',(#3962),#187,.T.);
#3962 = FACE_BOUND('',#3963,.T.);
#3963 = EDGE_LOOP('',(#3964,#3965,#3966,#3967));
#3964 = ORIENTED_EDGE('',*,*,#170,.T.);
#3965 = ORIENTED_EDGE('',*,*,#3935,.T.);
#3966 = ORIENTED_EDGE('',*,*,#3563,.F.);
#3967 = ORIENTED_EDGE('',*,*,#3968,.F.);
#3968 = EDGE_CURVE('',#143,#3543,#3969,.T.);
#3969 = SURFACE_CURVE('',#3970,(#3974,#3980),.PCURVE_S1.);
#3970 = LINE('',#3971,#3972);
#3971 = CARTESIAN_POINT('',(-14.58735411238,-6.5,-1.));
#3972 = VECTOR('',#3973,1.);
#3973 = DIRECTION('',(0.,0.,1.));
#3974 = PCURVE('',#187,#3975);
#3975 = DEFINITIONAL_REPRESENTATION('',(#3976),#3979);
#3976 = B_SPLINE_CURVE_WITH_KNOTS('',1,(#3977,#3978),.UNSPECIFIED.,.F.,
  .F.,(2,2),(-2.400000000069E-06,1.2000024),.PIECEWISE_BEZIER_KNOTS.);
#3977 = CARTESIAN_POINT('',(3.560774368603,-2.400000000069E-06));
#3978 = CARTESIAN_POINT('',(3.560774368603,1.2000024));
#3979 = ( GEOMETRIC_REPRESENTATION_CONTEXT(2) 
PARAMETRIC_REPRESENTATION_CONTEXT() REPRESENTATION_CONTEXT('2D SPACE',''
  ) );
#3980 = PCURVE('',#158,#3981);
#3981 = DEFINITIONAL_REPRESENTATION('',(#3982),#3985);
#3982 = B_SPLINE_CURVE_WITH_KNOTS('',1,(#3983,#3984),.UNSPECIFIED.,.F.,
  .F.,(2,2),(-2.400000000069E-06,1.2000024),.PIECEWISE_BEZIER_KNOTS.);
#3983 = CARTESIAN_POINT('',(-2.400000000069E-06,1.382645887619));
#3984 = CARTESIAN_POINT('',(1.2000024,1.382645887619));
#3985 = ( GEOMETRIC_REPRESENTATION_CONTEXT(2) 
PARAMETRIC_REPRESENTATION_CONTEXT() REPRESENTATION_CONTEXT('2D SPACE',''
  ) );
#3986 = ADVANCED_FACE('',(#3987),#158,.F.);
#3987 = FACE_BOUND('',#3988,.F.);
#3988 = EDGE_LOOP('',(#3989,#3990,#4010,#4011,#4012,#4013,#4014,#4015,
    #4016,#4017));
#3989 = ORIENTED_EDGE('',*,*,#142,.F.);
#3990 = ORIENTED_EDGE('',*,*,#3991,.T.);
#3991 = EDGE_CURVE('',#114,#581,#3992,.T.);
#3992 = SURFACE_CURVE('',#3993,(#3997,#4004),.PCURVE_S1.);
#3993 = LINE('',#3994,#3995);
#3994 = CARTESIAN_POINT('',(-18.9882832294,-6.5,-2.));
#3995 = VECTOR('',#3996,1.);
#3996 = DIRECTION('',(0.,0.,1.));
#3997 = PCURVE('',#158,#3998);
#3998 = DEFINITIONAL_REPRESENTATION('',(#3999),#4003);
#3999 = LINE('',#4000,#4001);
#4000 = CARTESIAN_POINT('',(-1.,-3.018283229402));
#4001 = VECTOR('',#4002,1.);
#4002 = DIRECTION('',(1.,0.));
#4003 = ( GEOMETRIC_REPRESENTATION_CONTEXT(2) 
PARAMETRIC_REPRESENTATION_CONTEXT() REPRESENTATION_CONTEXT('2D SPACE',''
  ) );
#4004 = PCURVE('',#130,#4005);
#4005 = DEFINITIONAL_REPRESENTATION('',(#4006),#4009);
#4006 = B_SPLINE_CURVE_WITH_KNOTS('',1,(#4007,#4008),.UNSPECIFIED.,.F.,
  .F.,(2,2),(0.68,4.52),.PIECEWISE_BEZIER_KNOTS.);
#4007 = CARTESIAN_POINT('',(3.47140602834,0.68));
#4008 = CARTESIAN_POINT('',(3.47140602834,4.52));
#4009 = ( GEOMETRIC_REPRESENTATION_CONTEXT(2) 
PARAMETRIC_REPRESENTATION_CONTEXT() REPRESENTATION_CONTEXT('2D SPACE',''
  ) );
#4010 = ORIENTED_EDGE('',*,*,#608,.T.);
#4011 = ORIENTED_EDGE('',*,*,#724,.F.);
#4012 = ORIENTED_EDGE('',*,*,#876,.T.);
#4013 = ORIENTED_EDGE('',*,*,#3121,.F.);
#4014 = ORIENTED_EDGE('',*,*,#3292,.F.);
#4015 = ORIENTED_EDGE('',*,*,#3612,.F.);
#4016 = ORIENTED_EDGE('',*,*,#3542,.T.);
#4017 = ORIENTED_EDGE('',*,*,#3968,.F.);
#4018 = ADVANCED_FACE('',(#4019),#130,.T.);
#4019 = FACE_BOUND('',#4020,.T.);
#4020 = EDGE_LOOP('',(#4021,#4022,#4023,#4024));
#4021 = ORIENTED_EDGE('',*,*,#113,.T.);
#4022 = ORIENTED_EDGE('',*,*,#3991,.T.);
#4023 = ORIENTED_EDGE('',*,*,#580,.T.);
#4024 = ORIENTED_EDGE('',*,*,#4025,.F.);
#4025 = EDGE_CURVE('',#86,#556,#4026,.T.);
#4026 = SURFACE_CURVE('',#4027,(#4031,#4037),.PCURVE_S1.);
#4027 = LINE('',#4028,#4029);
#4028 = CARTESIAN_POINT('',(-18.9882832294,6.5,-2.));
#4029 = VECTOR('',#4030,1.);
#4030 = DIRECTION('',(0.,0.,1.));
#4031 = PCURVE('',#130,#4032);
#4032 = DEFINITIONAL_REPRESENTATION('',(#4033),#4036);
#4033 = B_SPLINE_CURVE_WITH_KNOTS('',1,(#4034,#4035),.UNSPECIFIED.,.F.,
  .F.,(2,2),(0.68,4.52),.PIECEWISE_BEZIER_KNOTS.);
#4034 = CARTESIAN_POINT('',(2.81177927884,0.68));
#4035 = CARTESIAN_POINT('',(2.81177927884,4.52));
#4036 = ( GEOMETRIC_REPRESENTATION_CONTEXT(2) 
PARAMETRIC_REPRESENTATION_CONTEXT() REPRESENTATION_CONTEXT('2D SPACE',''
  ) );
#4037 = PCURVE('',#101,#4038);
#4038 = DEFINITIONAL_REPRESENTATION('',(#4039),#4043);
#4039 = LINE('',#4040,#4041);
#4040 = CARTESIAN_POINT('',(-1.,-3.018283229402));
#4041 = VECTOR('',#4042,1.);
#4042 = DIRECTION('',(1.,0.));
#4043 = ( GEOMETRIC_REPRESENTATION_CONTEXT(2) 
PARAMETRIC_REPRESENTATION_CONTEXT() REPRESENTATION_CONTEXT('2D SPACE',''
  ) );
#4044 = ADVANCED_FACE('',(#4045),#101,.T.);
#4045 = FACE_BOUND('',#4046,.T.);
#4046 = EDGE_LOOP('',(#4047,#4066,#4067,#4068,#4069,#4070,#4071,#4072,
    #4073,#4074));
#4047 = ORIENTED_EDGE('',*,*,#4048,.F.);
#4048 = EDGE_CURVE('',#57,#3474,#4049,.T.);
#4049 = SURFACE_CURVE('',#4050,(#4054,#4060),.PCURVE_S1.);
#4050 = LINE('',#4051,#4052);
#4051 = CARTESIAN_POINT('',(-14.58735411238,6.5,-1.));
#4052 = VECTOR('',#4053,1.);
#4053 = DIRECTION('',(0.,0.,1.));
#4054 = PCURVE('',#101,#4055);
#4055 = DEFINITIONAL_REPRESENTATION('',(#4056),#4059);
#4056 = B_SPLINE_CURVE_WITH_KNOTS('',1,(#4057,#4058),.UNSPECIFIED.,.F.,
  .F.,(2,2),(-2.400000000069E-06,1.2000024),.PIECEWISE_BEZIER_KNOTS.);
#4057 = CARTESIAN_POINT('',(-2.400000000069E-06,1.382645887619));
#4058 = CARTESIAN_POINT('',(1.2000024,1.382645887619));
#4059 = ( GEOMETRIC_REPRESENTATION_CONTEXT(2) 
PARAMETRIC_REPRESENTATION_CONTEXT() REPRESENTATION_CONTEXT('2D SPACE',''
  ) );
#4060 = PCURVE('',#73,#4061);
#4061 = DEFINITIONAL_REPRESENTATION('',(#4062),#4065);
#4062 = B_SPLINE_CURVE_WITH_KNOTS('',1,(#4063,#4064),.UNSPECIFIED.,.F.,
  .F.,(2,2),(-2.400000000069E-06,1.2000024),.PIECEWISE_BEZIER_KNOTS.);
#4063 = CARTESIAN_POINT('',(2.722410938576,-2.400000000069E-06));
#4064 = CARTESIAN_POINT('',(2.722410938576,1.2000024));
#4065 = ( GEOMETRIC_REPRESENTATION_CONTEXT(2) 
PARAMETRIC_REPRESENTATION_CONTEXT() REPRESENTATION_CONTEXT('2D SPACE',''
  ) );
#4066 = ORIENTED_EDGE('',*,*,#85,.T.);
#4067 = ORIENTED_EDGE('',*,*,#4025,.T.);
#4068 = ORIENTED_EDGE('',*,*,#555,.T.);
#4069 = ORIENTED_EDGE('',*,*,#775,.F.);
#4070 = ORIENTED_EDGE('',*,*,#854,.T.);
#4071 = ORIENTED_EDGE('',*,*,#3698,.F.);
#4072 = ORIENTED_EDGE('',*,*,#3242,.F.);
#4073 = ORIENTED_EDGE('',*,*,#3592,.F.);
#4074 = ORIENTED_EDGE('',*,*,#3497,.T.);
#4075 = ADVANCED_FACE('',(#4076),#73,.T.);
#4076 = FACE_BOUND('',#4077,.T.);
#4077 = EDGE_LOOP('',(#4078,#4079,#4098,#4099));
#4078 = ORIENTED_EDGE('',*,*,#3473,.F.);
#4079 = ORIENTED_EDGE('',*,*,#4080,.F.);
#4080 = EDGE_CURVE('',#24,#3453,#4081,.T.);
#4081 = SURFACE_CURVE('',#4082,(#4086,#4092),.PCURVE_S1.);
#4082 = LINE('',#4083,#4084);
#4083 = CARTESIAN_POINT('',(14.587354112381,6.5,-1.));
#4084 = VECTOR('',#4085,1.);
#4085 = DIRECTION('',(0.,0.,1.));
#4086 = PCURVE('',#73,#4087);
#4087 = DEFINITIONAL_REPRESENTATION('',(#4088),#4091);
#4088 = B_SPLINE_CURVE_WITH_KNOTS('',1,(#4089,#4090),.UNSPECIFIED.,.F.,
  .F.,(2,2),(-2.400000000069E-06,1.2000024),.PIECEWISE_BEZIER_KNOTS.);
#4089 = CARTESIAN_POINT('',(0.419181715014,-2.400000000069E-06));
#4090 = CARTESIAN_POINT('',(0.419181715014,1.2000024));
#4091 = ( GEOMETRIC_REPRESENTATION_CONTEXT(2) 
PARAMETRIC_REPRESENTATION_CONTEXT() REPRESENTATION_CONTEXT('2D SPACE',''
  ) );
#4092 = PCURVE('',#44,#4093);
#4093 = DEFINITIONAL_REPRESENTATION('',(#4094),#4097);
#4094 = B_SPLINE_CURVE_WITH_KNOTS('',1,(#4095,#4096),.UNSPECIFIED.,.F.,
  .F.,(2,2),(-2.400000000069E-06,1.2000024),.PIECEWISE_BEZIER_KNOTS.);
#4095 = CARTESIAN_POINT('',(-2.400000000069E-06,1.787354112381));
#4096 = CARTESIAN_POINT('',(1.2000024,1.787354112381));
#4097 = ( GEOMETRIC_REPRESENTATION_CONTEXT(2) 
PARAMETRIC_REPRESENTATION_CONTEXT() REPRESENTATION_CONTEXT('2D SPACE',''
  ) );
#4098 = ORIENTED_EDGE('',*,*,#56,.T.);
#4099 = ORIENTED_EDGE('',*,*,#4048,.T.);
#4100 = ADVANCED_FACE('',(#4101),#44,.T.);
#4101 = FACE_BOUND('',#4102,.T.);
#4102 = EDGE_LOOP('',(#4103,#4104,#4105,#4106,#4107,#4108,#4109,#4110,
    #4111,#4112));
#4103 = ORIENTED_EDGE('',*,*,#21,.T.);
#4104 = ORIENTED_EDGE('',*,*,#4080,.T.);
#4105 = ORIENTED_EDGE('',*,*,#3452,.T.);
#4106 = ORIENTED_EDGE('',*,*,#3655,.T.);
#4107 = ORIENTED_EDGE('',*,*,#3197,.F.);
#4108 = ORIENTED_EDGE('',*,*,#3678,.T.);
#4109 = ORIENTED_EDGE('',*,*,#800,.T.);
#4110 = ORIENTED_EDGE('',*,*,#2860,.T.);
#4111 = ORIENTED_EDGE('',*,*,#2912,.T.);
#4112 = ORIENTED_EDGE('',*,*,#3890,.F.);
#4113 = ( GEOMETRIC_REPRESENTATION_CONTEXT(3) 
GLOBAL_UNCERTAINTY_ASSIGNED_CONTEXT((#4117)) 
GLOBAL_UNIT_ASSIGNED_CONTEXT((#4114,#4115,#4116)) REPRESENTATION_CONTEXT
('Context #1','3D Context with UNIT and UNCERTAINTY') );
#4114 = ( LENGTH_UNIT() NAMED_UNIT(*) SI_UNIT(.MILLI.,.METRE.) );
#4115 = ( NAMED_UNIT(*) PLANE_ANGLE_UNIT() SI_UNIT($,.RADIAN.) );
#4116 = ( NAMED_UNIT(*) SI_UNIT($,.STERADIAN.) SOLID_ANGLE_UNIT() );
#4117 = UNCERTAINTY_MEASURE_WITH_UNIT(LENGTH_MEASURE(5.E-07),#4114,
  'distance_accuracy_value','confusion accuracy');
#4118 = PRODUCT_RELATED_PRODUCT_CATEGORY('part',$,(#7));
ENDSEC;
END-ISO-10303-21;
