ISO-10303-21;
HEADER;
FILE_DESCRIPTION(('Open CASCADE Model'),'2;1');
FILE_NAME('Open CASCADE Shape Model','2026-09-24T15:22:10',('Author'),(
    'Open CASCADE'),'Open CASCADE STEP processor 8.0','build123d',
  'Unknown');
FILE_SCHEMA(('AUTOMOTIVE_DESIGN { 1 0 10303 214 1 1 1 1 }'));
ENDSEC;
DATA;
#1 = APPLICATION_PROTOCOL_DEFINITION('international standard',
  'automotive_design',2000,#2);
#2 = APPLICATION_CONTEXT(
  'core data for automotive mechanical design processes');
#3 = SHAPE_DEFINITION_REPRESENTATION(#4,#10);
#4 = PRODUCT_DEFINITION_SHAPE('','',#5);
#5 = PRODUCT_DEFINITION('design','',#6,#9);
#6 = PRODUCT_DEFINITION_FORMATION('','',#7);
#7 = PRODUCT('COMPOUND','COMPOUND','',(#8));
#8 = PRODUCT_CONTEXT('',#2,'mechanical');
#9 = PRODUCT_DEFINITION_CONTEXT('part definition',#2,'design');
#10 = ADVANCED_BREP_SHAPE_REPRESENTATION('',(#11,#15),#4301);
#11 = AXIS2_PLACEMENT_3D('',#12,#13,#14);
#12 = CARTESIAN_POINT('',(0.,0.,0.));
#13 = DIRECTION('',(0.,0.,1.));
#14 = DIRECTION('',(1.,0.,-0.));
#15 = MANIFOLD_SOLID_BREP('',#16);
#16 = CLOSED_SHELL('',(#17,#135,#211,#614,#662,#1310,#1335,#1360,#1385,
    #1410,#1435,#1460,#1485,#1510,#1535,#1560,#1585,#1610,#1617,#1716,
    #1828,#1901,#2220,#2539,#2607,#2704,#2778,#2847,#2959,#3032,#3311,
    #3524,#3570,#3645,#3670,#3697,#3722,#3747,#3753,#3761,#3787,#3811,
    #3861,#3906,#3936,#3943,#3989,#4064,#4089,#4096,#4120,#4145,#4152,
    #4207,#4242,#4297));
#17 = ADVANCED_FACE('',(#18),#32,.T.);
#18 = FACE_BOUND('',#19,.T.);
#19 = EDGE_LOOP('',(#20,#53,#82,#108));
#20 = ORIENTED_EDGE('',*,*,#21,.F.);
#21 = EDGE_CURVE('',#22,#24,#26,.T.);
#22 = VERTEX_POINT('',#23);
#23 = CARTESIAN_POINT('',(15.951381425233,0.770928418668,0.2));
#24 = VERTEX_POINT('',#25);
#25 = CARTESIAN_POINT('',(15.951381425233,0.770928418668,7.7));
#26 = SURFACE_CURVE('',#27,(#31,#42),.PCURVE_S1.);
#27 = LINE('',#28,#29);
#28 = CARTESIAN_POINT('',(15.951381425234,0.770928418669,0.2));
#29 = VECTOR('',#30,1.);
#30 = DIRECTION('',(0.,0.,1.));
#31 = PCURVE('',#32,#37);
#32 = CYLINDRICAL_SURFACE('',#33,15.97);
#33 = AXIS2_PLACEMENT_3D('',#34,#35,#36);
#34 = CARTESIAN_POINT('',(0.,0.,0.2));
#35 = DIRECTION('',(0.,0.,1.));
#36 = DIRECTION('',(1.,0.,-0.));
#37 = DEFINITIONAL_REPRESENTATION('',(#38),#41);
#38 = B_SPLINE_CURVE_WITH_KNOTS('',1,(#39,#40),.UNSPECIFIED.,.F.,.F.,(2,
    2),(-5.999999999895E-07,7.5000006),.PIECEWISE_BEZIER_KNOTS.);
#39 = CARTESIAN_POINT('',(4.829230765706E-02,-5.999999999895E-07));
#40 = CARTESIAN_POINT('',(4.829230765706E-02,7.5000006));
#41 = ( GEOMETRIC_REPRESENTATION_CONTEXT(2) 
PARAMETRIC_REPRESENTATION_CONTEXT() REPRESENTATION_CONTEXT('2D SPACE',''
  ) );
#42 = PCURVE('',#43,#48);
#43 = CYLINDRICAL_SURFACE('',#44,1.4);
#44 = AXIS2_PLACEMENT_3D('',#45,#46,#47);
#45 = CARTESIAN_POINT('',(17.12,0.,0.2));
#46 = DIRECTION('',(0.,0.,1.));
#47 = DIRECTION('',(1.,0.,-0.));
#48 = DEFINITIONAL_REPRESENTATION('',(#49),#52);
#49 = B_SPLINE_CURVE_WITH_KNOTS('',1,(#50,#51),.UNSPECIFIED.,.F.,.F.,(2,
    2),(-5.999999999895E-07,7.5000006),.PIECEWISE_BEZIER_KNOTS.);
#50 = CARTESIAN_POINT('',(2.558434165465,-5.999999999895E-07));
#51 = CARTESIAN_POINT('',(2.558434165465,7.5000006));
#52 = ( GEOMETRIC_REPRESENTATION_CONTEXT(2) 
PARAMETRIC_REPRESENTATION_CONTEXT() REPRESENTATION_CONTEXT('2D SPACE',''
  ) );
#53 = ORIENTED_EDGE('',*,*,#54,.T.);
#54 = EDGE_CURVE('',#22,#55,#57,.T.);
#55 = VERTEX_POINT('',#56);
#56 = CARTESIAN_POINT('',(11.824458687726,10.734201262426,0.2));
#57 = SURFACE_CURVE('',#58,(#63,#70),.PCURVE_S1.);
#58 = CIRCLE('',#59,15.97);
#59 = AXIS2_PLACEMENT_3D('',#60,#61,#62);
#60 = CARTESIAN_POINT('',(0.,0.,0.2));
#61 = DIRECTION('',(0.,0.,1.));
#62 = DIRECTION('',(1.,0.,-0.));
#63 = PCURVE('',#32,#64);
#64 = DEFINITIONAL_REPRESENTATION('',(#65),#69);
#65 = LINE('',#66,#67);
#66 = CARTESIAN_POINT('',(0.,0.));
#67 = VECTOR('',#68,1.);
#68 = DIRECTION('',(1.,0.));
#69 = ( GEOMETRIC_REPRESENTATION_CONTEXT(2) 
PARAMETRIC_REPRESENTATION_CONTEXT() REPRESENTATION_CONTEXT('2D SPACE',''
  ) );
#70 = PCURVE('',#71,#76);
#71 = PLANE('',#72);
#72 = AXIS2_PLACEMENT_3D('',#73,#74,#75);
#73 = CARTESIAN_POINT('',(0.,0.,0.2));
#74 = DIRECTION('',(0.,0.,1.));
#75 = DIRECTION('',(1.,0.,-0.));
#76 = DEFINITIONAL_REPRESENTATION('',(#77),#81);
#77 = CIRCLE('',#78,15.97);
#78 = AXIS2_PLACEMENT_2D('',#79,#80);
#79 = CARTESIAN_POINT('',(0.,0.));
#80 = DIRECTION('',(1.,0.));
#81 = ( GEOMETRIC_REPRESENTATION_CONTEXT(2) 
PARAMETRIC_REPRESENTATION_CONTEXT() REPRESENTATION_CONTEXT('2D SPACE',''
  ) );
#82 = ORIENTED_EDGE('',*,*,#83,.T.);
#83 = EDGE_CURVE('',#55,#84,#86,.T.);
#84 = VERTEX_POINT('',#85);
#85 = CARTESIAN_POINT('',(11.824458687726,10.734201262426,7.7));
#86 = SURFACE_CURVE('',#87,(#91,#97),.PCURVE_S1.);
#87 = LINE('',#88,#89);
#88 = CARTESIAN_POINT('',(11.824458687726,10.734201262426,0.2));
#89 = VECTOR('',#90,1.);
#90 = DIRECTION('',(0.,0.,1.));
#91 = PCURVE('',#32,#92);
#92 = DEFINITIONAL_REPRESENTATION('',(#93),#96);
#93 = B_SPLINE_CURVE_WITH_KNOTS('',1,(#94,#95),.UNSPECIFIED.,.F.,.F.,(2,
    2),(-5.999999999895E-07,7.5000006),.PIECEWISE_BEZIER_KNOTS.);
#94 = CARTESIAN_POINT('',(0.73710585574,-5.999999999895E-07));
#95 = CARTESIAN_POINT('',(0.73710585574,7.5000006));
#96 = ( GEOMETRIC_REPRESENTATION_CONTEXT(2) 
PARAMETRIC_REPRESENTATION_CONTEXT() REPRESENTATION_CONTEXT('2D SPACE',''
  ) );
#97 = PCURVE('',#98,#103);
#98 = CYLINDRICAL_SURFACE('',#99,1.4);
#99 = AXIS2_PLACEMENT_3D('',#100,#101,#102);
#100 = CARTESIAN_POINT('',(12.105668093914,12.105668093914,0.2));
#101 = DIRECTION('',(0.,0.,1.));
#102 = DIRECTION('',(1.,0.,-0.));
#103 = DEFINITIONAL_REPRESENTATION('',(#104),#107);
#104 = B_SPLINE_CURVE_WITH_KNOTS('',1,(#105,#106),.UNSPECIFIED.,.F.,.F.,
  (2,2),(-5.999999999895E-07,7.5000006),.PIECEWISE_BEZIER_KNOTS.);
#105 = CARTESIAN_POINT('',(4.510149305112,-5.999999999895E-07));
#106 = CARTESIAN_POINT('',(4.510149305112,7.5000006));
#107 = ( GEOMETRIC_REPRESENTATION_CONTEXT(2) 
PARAMETRIC_REPRESENTATION_CONTEXT() REPRESENTATION_CONTEXT('2D SPACE',''
  ) );
#108 = ORIENTED_EDGE('',*,*,#109,.F.);
#109 = EDGE_CURVE('',#24,#84,#110,.T.);
#110 = SURFACE_CURVE('',#111,(#116,#123),.PCURVE_S1.);
#111 = CIRCLE('',#112,15.97);
#112 = AXIS2_PLACEMENT_3D('',#113,#114,#115);
#113 = CARTESIAN_POINT('',(0.,0.,7.7));
#114 = DIRECTION('',(0.,0.,1.));
#115 = DIRECTION('',(1.,0.,-0.));
#116 = PCURVE('',#32,#117);
#117 = DEFINITIONAL_REPRESENTATION('',(#118),#122);
#118 = LINE('',#119,#120);
#119 = CARTESIAN_POINT('',(0.,7.5));
#120 = VECTOR('',#121,1.);
#121 = DIRECTION('',(1.,0.));
#122 = ( GEOMETRIC_REPRESENTATION_CONTEXT(2) 
PARAMETRIC_REPRESENTATION_CONTEXT() REPRESENTATION_CONTEXT('2D SPACE',''
  ) );
#123 = PCURVE('',#124,#129);
#124 = PLANE('',#125);
#125 = AXIS2_PLACEMENT_3D('',#126,#127,#128);
#126 = CARTESIAN_POINT('',(0.,0.,7.7));
#127 = DIRECTION('',(0.,0.,1.));
#128 = DIRECTION('',(1.,0.,-0.));
#129 = DEFINITIONAL_REPRESENTATION('',(#130),#134);
#130 = CIRCLE('',#131,15.97);
#131 = AXIS2_PLACEMENT_2D('',#132,#133);
#132 = CARTESIAN_POINT('',(0.,0.));
#133 = DIRECTION('',(1.,0.));
#134 = ( GEOMETRIC_REPRESENTATION_CONTEXT(2) 
PARAMETRIC_REPRESENTATION_CONTEXT() REPRESENTATION_CONTEXT('2D SPACE',''
  ) );
#135 = ADVANCED_FACE('',(#136),#43,.F.);
#136 = FACE_BOUND('',#137,.F.);
#137 = EDGE_LOOP('',(#138,#162,#163,#187));
#138 = ORIENTED_EDGE('',*,*,#139,.F.);
#139 = EDGE_CURVE('',#24,#140,#142,.T.);
#140 = VERTEX_POINT('',#141);
#141 = CARTESIAN_POINT('',(15.951381425234,-0.770928418668,7.7));
#142 = SURFACE_CURVE('',#143,(#148,#155),.PCURVE_S1.);
#143 = CIRCLE('',#144,1.4);
#144 = AXIS2_PLACEMENT_3D('',#145,#146,#147);
#145 = CARTESIAN_POINT('',(17.12,0.,7.7));
#146 = DIRECTION('',(0.,0.,1.));
#147 = DIRECTION('',(1.,0.,-0.));
#148 = PCURVE('',#43,#149);
#149 = DEFINITIONAL_REPRESENTATION('',(#150),#154);
#150 = LINE('',#151,#152);
#151 = CARTESIAN_POINT('',(0.,7.5));
#152 = VECTOR('',#153,1.);
#153 = DIRECTION('',(1.,0.));
#154 = ( GEOMETRIC_REPRESENTATION_CONTEXT(2) 
PARAMETRIC_REPRESENTATION_CONTEXT() REPRESENTATION_CONTEXT('2D SPACE',''
  ) );
#155 = PCURVE('',#124,#156);
#156 = DEFINITIONAL_REPRESENTATION('',(#157),#161);
#157 = CIRCLE('',#158,1.4);
#158 = AXIS2_PLACEMENT_2D('',#159,#160);
#159 = CARTESIAN_POINT('',(17.12,0.));
#160 = DIRECTION('',(1.,0.));
#161 = ( GEOMETRIC_REPRESENTATION_CONTEXT(2) 
PARAMETRIC_REPRESENTATION_CONTEXT() REPRESENTATION_CONTEXT('2D SPACE',''
  ) );
#162 = ORIENTED_EDGE('',*,*,#21,.F.);
#163 = ORIENTED_EDGE('',*,*,#164,.T.);
#164 = EDGE_CURVE('',#22,#165,#167,.T.);
#165 = VERTEX_POINT('',#166);
#166 = CARTESIAN_POINT('',(15.951381425234,-0.770928418668,0.2));
#167 = SURFACE_CURVE('',#168,(#173,#180),.PCURVE_S1.);
#168 = CIRCLE('',#169,1.4);
#169 = AXIS2_PLACEMENT_3D('',#170,#171,#172);
#170 = CARTESIAN_POINT('',(17.12,0.,0.2));
#171 = DIRECTION('',(0.,0.,1.));
#172 = DIRECTION('',(1.,0.,-0.));
#173 = PCURVE('',#43,#174);
#174 = DEFINITIONAL_REPRESENTATION('',(#175),#179);
#175 = LINE('',#176,#177);
#176 = CARTESIAN_POINT('',(0.,0.));
#177 = VECTOR('',#178,1.);
#178 = DIRECTION('',(1.,0.));
#179 = ( GEOMETRIC_REPRESENTATION_CONTEXT(2) 
PARAMETRIC_REPRESENTATION_CONTEXT() REPRESENTATION_CONTEXT('2D SPACE',''
  ) );
#180 = PCURVE('',#71,#181);
#181 = DEFINITIONAL_REPRESENTATION('',(#182),#186);
#182 = CIRCLE('',#183,1.4);
#183 = AXIS2_PLACEMENT_2D('',#184,#185);
#184 = CARTESIAN_POINT('',(17.12,0.));
#185 = DIRECTION('',(1.,0.));
#186 = ( GEOMETRIC_REPRESENTATION_CONTEXT(2) 
PARAMETRIC_REPRESENTATION_CONTEXT() REPRESENTATION_CONTEXT('2D SPACE',''
  ) );
#187 = ORIENTED_EDGE('',*,*,#188,.T.);
#188 = EDGE_CURVE('',#165,#140,#189,.T.);
#189 = SURFACE_CURVE('',#190,(#194,#200),.PCURVE_S1.);
#190 = LINE('',#191,#192);
#191 = CARTESIAN_POINT('',(15.951381425234,-0.770928418669,0.2));
#192 = VECTOR('',#193,1.);
#193 = DIRECTION('',(0.,0.,1.));
#194 = PCURVE('',#43,#195);
#195 = DEFINITIONAL_REPRESENTATION('',(#196),#199);
#196 = B_SPLINE_CURVE_WITH_KNOTS('',1,(#197,#198),.UNSPECIFIED.,.F.,.F.,
  (2,2),(-5.999999999895E-07,7.5000006),.PIECEWISE_BEZIER_KNOTS.);
#197 = CARTESIAN_POINT('',(3.724751141715,-5.999999999895E-07));
#198 = CARTESIAN_POINT('',(3.724751141715,7.5000006));
#199 = ( GEOMETRIC_REPRESENTATION_CONTEXT(2) 
PARAMETRIC_REPRESENTATION_CONTEXT() REPRESENTATION_CONTEXT('2D SPACE',''
  ) );
#200 = PCURVE('',#201,#206);
#201 = CYLINDRICAL_SURFACE('',#202,15.97);
#202 = AXIS2_PLACEMENT_3D('',#203,#204,#205);
#203 = CARTESIAN_POINT('',(0.,0.,0.2));
#204 = DIRECTION('',(0.,0.,1.));
#205 = DIRECTION('',(1.,0.,-0.));
#206 = DEFINITIONAL_REPRESENTATION('',(#207),#210);
#207 = B_SPLINE_CURVE_WITH_KNOTS('',1,(#208,#209),.UNSPECIFIED.,.F.,.F.,
  (2,2),(-5.999999999895E-07,7.5000006),.PIECEWISE_BEZIER_KNOTS.);
#208 = CARTESIAN_POINT('',(6.234892999523,-5.999999999895E-07));
#209 = CARTESIAN_POINT('',(6.234892999523,7.5000006));
#210 = ( GEOMETRIC_REPRESENTATION_CONTEXT(2) 
PARAMETRIC_REPRESENTATION_CONTEXT() REPRESENTATION_CONTEXT('2D SPACE',''
  ) );
#211 = ADVANCED_FACE('',(#212),#124,.T.);
#212 = FACE_BOUND('',#213,.T.);
#213 = EDGE_LOOP('',(#214,#215,#216,#240,#269,#298,#327,#356,#385,#418,
    #447,#476,#505,#534,#563,#592));
#214 = ORIENTED_EDGE('',*,*,#139,.F.);
#215 = ORIENTED_EDGE('',*,*,#109,.T.);
#216 = ORIENTED_EDGE('',*,*,#217,.F.);
#217 = EDGE_CURVE('',#218,#84,#220,.T.);
#218 = VERTEX_POINT('',#219);
#219 = CARTESIAN_POINT('',(10.734201262426,11.824458687726,7.7));
#220 = SURFACE_CURVE('',#221,(#226,#233),.PCURVE_S1.);
#221 = CIRCLE('',#222,1.4);
#222 = AXIS2_PLACEMENT_3D('',#223,#224,#225);
#223 = CARTESIAN_POINT('',(12.105668093914,12.105668093914,7.7));
#224 = DIRECTION('',(0.,0.,1.));
#225 = DIRECTION('',(1.,0.,-0.));
#226 = PCURVE('',#124,#227);
#227 = DEFINITIONAL_REPRESENTATION('',(#228),#232);
#228 = CIRCLE('',#229,1.4);
#229 = AXIS2_PLACEMENT_2D('',#230,#231);
#230 = CARTESIAN_POINT('',(12.105668093914,12.105668093914));
#231 = DIRECTION('',(1.,0.));
#232 = ( GEOMETRIC_REPRESENTATION_CONTEXT(2) 
PARAMETRIC_REPRESENTATION_CONTEXT() REPRESENTATION_CONTEXT('2D SPACE',''
  ) );
#233 = PCURVE('',#98,#234);
#234 = DEFINITIONAL_REPRESENTATION('',(#235),#239);
#235 = LINE('',#236,#237);
#236 = CARTESIAN_POINT('',(0.,7.5));
#237 = VECTOR('',#238,1.);
#238 = DIRECTION('',(1.,0.));
#239 = ( GEOMETRIC_REPRESENTATION_CONTEXT(2) 
PARAMETRIC_REPRESENTATION_CONTEXT() REPRESENTATION_CONTEXT('2D SPACE',''
  ) );
#240 = ORIENTED_EDGE('',*,*,#241,.T.);
#241 = EDGE_CURVE('',#218,#242,#244,.T.);
#242 = VERTEX_POINT('',#243);
#243 = CARTESIAN_POINT('',(0.770928418669,15.951381425234,7.7));
#244 = SURFACE_CURVE('',#245,(#250,#257),.PCURVE_S1.);
#245 = CIRCLE('',#246,15.97);
#246 = AXIS2_PLACEMENT_3D('',#247,#248,#249);
#247 = CARTESIAN_POINT('',(0.,0.,7.7));
#248 = DIRECTION('',(0.,0.,1.));
#249 = DIRECTION('',(1.,0.,-0.));
#250 = PCURVE('',#124,#251);
#251 = DEFINITIONAL_REPRESENTATION('',(#252),#256);
#252 = CIRCLE('',#253,15.97);
#253 = AXIS2_PLACEMENT_2D('',#254,#255);
#254 = CARTESIAN_POINT('',(0.,0.));
#255 = DIRECTION('',(1.,0.));
#256 = ( GEOMETRIC_REPRESENTATION_CONTEXT(2) 
PARAMETRIC_REPRESENTATION_CONTEXT() REPRESENTATION_CONTEXT('2D SPACE',''
  ) );
#257 = PCURVE('',#258,#263);
#258 = CYLINDRICAL_SURFACE('',#259,15.97);
#259 = AXIS2_PLACEMENT_3D('',#260,#261,#262);
#260 = CARTESIAN_POINT('',(0.,0.,0.2));
#261 = DIRECTION('',(0.,0.,1.));
#262 = DIRECTION('',(1.,0.,-0.));
#263 = DEFINITIONAL_REPRESENTATION('',(#264),#268);
#264 = LINE('',#265,#266);
#265 = CARTESIAN_POINT('',(0.,7.5));
#266 = VECTOR('',#267,1.);
#267 = DIRECTION('',(1.,0.));
#268 = ( GEOMETRIC_REPRESENTATION_CONTEXT(2) 
PARAMETRIC_REPRESENTATION_CONTEXT() REPRESENTATION_CONTEXT('2D SPACE',''
  ) );
#269 = ORIENTED_EDGE('',*,*,#270,.F.);
#270 = EDGE_CURVE('',#271,#242,#273,.T.);
#271 = VERTEX_POINT('',#272);
#272 = CARTESIAN_POINT('',(-0.770928418669,15.951381425234,7.7));
#273 = SURFACE_CURVE('',#274,(#279,#286),.PCURVE_S1.);
#274 = CIRCLE('',#275,1.4);
#275 = AXIS2_PLACEMENT_3D('',#276,#277,#278);
#276 = CARTESIAN_POINT('',(1.04829766007E-15,17.12,7.7));
#277 = DIRECTION('',(0.,0.,1.));
#278 = DIRECTION('',(1.,0.,-0.));
#279 = PCURVE('',#124,#280);
#280 = DEFINITIONAL_REPRESENTATION('',(#281),#285);
#281 = CIRCLE('',#282,1.4);
#282 = AXIS2_PLACEMENT_2D('',#283,#284);
#283 = CARTESIAN_POINT('',(1.04829766007E-15,17.12));
#284 = DIRECTION('',(1.,0.));
#285 = ( GEOMETRIC_REPRESENTATION_CONTEXT(2) 
PARAMETRIC_REPRESENTATION_CONTEXT() REPRESENTATION_CONTEXT('2D SPACE',''
  ) );
#286 = PCURVE('',#287,#292);
#287 = CYLINDRICAL_SURFACE('',#288,1.4);
#288 = AXIS2_PLACEMENT_3D('',#289,#290,#291);
#289 = CARTESIAN_POINT('',(1.04829766007E-15,17.12,0.2));
#290 = DIRECTION('',(0.,0.,1.));
#291 = DIRECTION('',(1.,0.,-0.));
#292 = DEFINITIONAL_REPRESENTATION('',(#293),#297);
#293 = LINE('',#294,#295);
#294 = CARTESIAN_POINT('',(0.,7.5));
#295 = VECTOR('',#296,1.);
#296 = DIRECTION('',(1.,0.));
#297 = ( GEOMETRIC_REPRESENTATION_CONTEXT(2) 
PARAMETRIC_REPRESENTATION_CONTEXT() REPRESENTATION_CONTEXT('2D SPACE',''
  ) );
#298 = ORIENTED_EDGE('',*,*,#299,.T.);
#299 = EDGE_CURVE('',#271,#300,#302,.T.);
#300 = VERTEX_POINT('',#301);
#301 = CARTESIAN_POINT('',(-10.73420126242,11.824458687726,7.7));
#302 = SURFACE_CURVE('',#303,(#308,#315),.PCURVE_S1.);
#303 = CIRCLE('',#304,15.97);
#304 = AXIS2_PLACEMENT_3D('',#305,#306,#307);
#305 = CARTESIAN_POINT('',(0.,0.,7.7));
#306 = DIRECTION('',(0.,0.,1.));
#307 = DIRECTION('',(1.,0.,-0.));
#308 = PCURVE('',#124,#309);
#309 = DEFINITIONAL_REPRESENTATION('',(#310),#314);
#310 = CIRCLE('',#311,15.97);
#311 = AXIS2_PLACEMENT_2D('',#312,#313);
#312 = CARTESIAN_POINT('',(0.,0.));
#313 = DIRECTION('',(1.,0.));
#314 = ( GEOMETRIC_REPRESENTATION_CONTEXT(2) 
PARAMETRIC_REPRESENTATION_CONTEXT() REPRESENTATION_CONTEXT('2D SPACE',''
  ) );
#315 = PCURVE('',#316,#321);
#316 = CYLINDRICAL_SURFACE('',#317,15.97);
#317 = AXIS2_PLACEMENT_3D('',#318,#319,#320);
#318 = CARTESIAN_POINT('',(0.,0.,0.2));
#319 = DIRECTION('',(0.,0.,1.));
#320 = DIRECTION('',(1.,0.,-0.));
#321 = DEFINITIONAL_REPRESENTATION('',(#322),#326);
#322 = LINE('',#323,#324);
#323 = CARTESIAN_POINT('',(0.,7.5));
#324 = VECTOR('',#325,1.);
#325 = DIRECTION('',(1.,0.));
#326 = ( GEOMETRIC_REPRESENTATION_CONTEXT(2) 
PARAMETRIC_REPRESENTATION_CONTEXT() REPRESENTATION_CONTEXT('2D SPACE',''
  ) );
#327 = ORIENTED_EDGE('',*,*,#328,.F.);
#328 = EDGE_CURVE('',#329,#300,#331,.T.);
#329 = VERTEX_POINT('',#330);
#330 = CARTESIAN_POINT('',(-11.82445868772,10.734201262426,7.7));
#331 = SURFACE_CURVE('',#332,(#337,#344),.PCURVE_S1.);
#332 = CIRCLE('',#333,1.4);
#333 = AXIS2_PLACEMENT_3D('',#334,#335,#336);
#334 = CARTESIAN_POINT('',(-12.10566809391,12.105668093914,7.7));
#335 = DIRECTION('',(0.,0.,1.));
#336 = DIRECTION('',(1.,0.,-0.));
#337 = PCURVE('',#124,#338);
#338 = DEFINITIONAL_REPRESENTATION('',(#339),#343);
#339 = CIRCLE('',#340,1.4);
#340 = AXIS2_PLACEMENT_2D('',#341,#342);
#341 = CARTESIAN_POINT('',(-12.10566809391,12.105668093914));
#342 = DIRECTION('',(1.,0.));
#343 = ( GEOMETRIC_REPRESENTATION_CONTEXT(2) 
PARAMETRIC_REPRESENTATION_CONTEXT() REPRESENTATION_CONTEXT('2D SPACE',''
  ) );
#344 = PCURVE('',#345,#350);
#345 = CYLINDRICAL_SURFACE('',#346,1.4);
#346 = AXIS2_PLACEMENT_3D('',#347,#348,#349);
#347 = CARTESIAN_POINT('',(-12.10566809391,12.105668093914,0.2));
#348 = DIRECTION('',(0.,0.,1.));
#349 = DIRECTION('',(1.,0.,-0.));
#350 = DEFINITIONAL_REPRESENTATION('',(#351),#355);
#351 = LINE('',#352,#353);
#352 = CARTESIAN_POINT('',(0.,7.5));
#353 = VECTOR('',#354,1.);
#354 = DIRECTION('',(1.,0.));
#355 = ( GEOMETRIC_REPRESENTATION_CONTEXT(2) 
PARAMETRIC_REPRESENTATION_CONTEXT() REPRESENTATION_CONTEXT('2D SPACE',''
  ) );
#356 = ORIENTED_EDGE('',*,*,#357,.T.);
#357 = EDGE_CURVE('',#329,#358,#360,.T.);
#358 = VERTEX_POINT('',#359);
#359 = CARTESIAN_POINT('',(-15.95138142523,0.770928418669,7.7));
#360 = SURFACE_CURVE('',#361,(#366,#373),.PCURVE_S1.);
#361 = CIRCLE('',#362,15.97);
#362 = AXIS2_PLACEMENT_3D('',#363,#364,#365);
#363 = CARTESIAN_POINT('',(0.,0.,7.7));
#364 = DIRECTION('',(0.,0.,1.));
#365 = DIRECTION('',(1.,0.,-0.));
#366 = PCURVE('',#124,#367);
#367 = DEFINITIONAL_REPRESENTATION('',(#368),#372);
#368 = CIRCLE('',#369,15.97);
#369 = AXIS2_PLACEMENT_2D('',#370,#371);
#370 = CARTESIAN_POINT('',(0.,0.));
#371 = DIRECTION('',(1.,0.));
#372 = ( GEOMETRIC_REPRESENTATION_CONTEXT(2) 
PARAMETRIC_REPRESENTATION_CONTEXT() REPRESENTATION_CONTEXT('2D SPACE',''
  ) );
#373 = PCURVE('',#374,#379);
#374 = CYLINDRICAL_SURFACE('',#375,15.97);
#375 = AXIS2_PLACEMENT_3D('',#376,#377,#378);
#376 = CARTESIAN_POINT('',(0.,0.,0.2));
#377 = DIRECTION('',(0.,0.,1.));
#378 = DIRECTION('',(1.,0.,-0.));
#379 = DEFINITIONAL_REPRESENTATION('',(#380),#384);
#380 = LINE('',#381,#382);
#381 = CARTESIAN_POINT('',(0.,7.5));
#382 = VECTOR('',#383,1.);
#383 = DIRECTION('',(1.,0.));
#384 = ( GEOMETRIC_REPRESENTATION_CONTEXT(2) 
PARAMETRIC_REPRESENTATION_CONTEXT() REPRESENTATION_CONTEXT('2D SPACE',''
  ) );
#385 = ORIENTED_EDGE('',*,*,#386,.T.);
#386 = EDGE_CURVE('',#358,#387,#389,.T.);
#387 = VERTEX_POINT('',#388);
#388 = CARTESIAN_POINT('',(-15.95138142523,-0.770928418669,7.7));
#389 = SURFACE_CURVE('',#390,(#395,#406),.PCURVE_S1.);
#390 = CIRCLE('',#391,1.4);
#391 = AXIS2_PLACEMENT_3D('',#392,#393,#394);
#392 = CARTESIAN_POINT('',(-17.12,2.09659532014E-15,7.7));
#393 = DIRECTION('',(0.,0.,-1.));
#394 = DIRECTION('',(0.834727553405,0.550663156192,0.));
#395 = PCURVE('',#124,#396);
#396 = DEFINITIONAL_REPRESENTATION('',(#397),#405);
#397 = ( BOUNDED_CURVE() B_SPLINE_CURVE(2,(#398,#399,#400,#401,#402,#403
,#404),.UNSPECIFIED.,.T.,.F.) B_SPLINE_CURVE_WITH_KNOTS((1,2,2,2,2,1),(
    -2.094395102393,0.,2.094395102393,4.188790204786,6.28318530718,
8.377580409573),.UNSPECIFIED.) CURVE() GEOMETRIC_REPRESENTATION_ITEM() 
RATIONAL_B_SPLINE_CURVE((1.,0.5,1.,0.5,1.,0.5,1.)) REPRESENTATION_ITEM(
  '') );
#398 = CARTESIAN_POINT('',(-15.95138142523,0.770928418669));
#399 = CARTESIAN_POINT('',(-14.6160942351,-1.253178327495));
#400 = CARTESIAN_POINT('',(-17.03666569231,-1.397517582416));
#401 = CARTESIAN_POINT('',(-19.45723714953,-1.541856837337));
#402 = CARTESIAN_POINT('',(-18.37195288245,0.626589163748));
#403 = CARTESIAN_POINT('',(-17.28666861536,2.795035164833));
#404 = CARTESIAN_POINT('',(-15.95138142523,0.770928418669));
#405 = ( GEOMETRIC_REPRESENTATION_CONTEXT(2) 
PARAMETRIC_REPRESENTATION_CONTEXT() REPRESENTATION_CONTEXT('2D SPACE',''
  ) );
#406 = PCURVE('',#407,#412);
#407 = CYLINDRICAL_SURFACE('',#408,1.4);
#408 = AXIS2_PLACEMENT_3D('',#409,#410,#411);
#409 = CARTESIAN_POINT('',(-17.12,2.09659532014E-15,0.2));
#410 = DIRECTION('',(0.,0.,1.));
#411 = DIRECTION('',(1.,0.,-0.));
#412 = DEFINITIONAL_REPRESENTATION('',(#413),#417);
#413 = LINE('',#414,#415);
#414 = CARTESIAN_POINT('',(6.866343795305,7.5));
#415 = VECTOR('',#416,1.);
#416 = DIRECTION('',(-1.,-0.));
#417 = ( GEOMETRIC_REPRESENTATION_CONTEXT(2) 
PARAMETRIC_REPRESENTATION_CONTEXT() REPRESENTATION_CONTEXT('2D SPACE',''
  ) );
#418 = ORIENTED_EDGE('',*,*,#419,.T.);
#419 = EDGE_CURVE('',#387,#420,#422,.T.);
#420 = VERTEX_POINT('',#421);
#421 = CARTESIAN_POINT('',(-11.82445868772,-10.73420126242,7.7));
#422 = SURFACE_CURVE('',#423,(#428,#435),.PCURVE_S1.);
#423 = CIRCLE('',#424,15.97);
#424 = AXIS2_PLACEMENT_3D('',#425,#426,#427);
#425 = CARTESIAN_POINT('',(0.,0.,7.7));
#426 = DIRECTION('',(0.,0.,1.));
#427 = DIRECTION('',(1.,0.,-0.));
#428 = PCURVE('',#124,#429);
#429 = DEFINITIONAL_REPRESENTATION('',(#430),#434);
#430 = CIRCLE('',#431,15.97);
#431 = AXIS2_PLACEMENT_2D('',#432,#433);
#432 = CARTESIAN_POINT('',(0.,0.));
#433 = DIRECTION('',(1.,0.));
#434 = ( GEOMETRIC_REPRESENTATION_CONTEXT(2) 
PARAMETRIC_REPRESENTATION_CONTEXT() REPRESENTATION_CONTEXT('2D SPACE',''
  ) );
#435 = PCURVE('',#436,#441);
#436 = CYLINDRICAL_SURFACE('',#437,15.97);
#437 = AXIS2_PLACEMENT_3D('',#438,#439,#440);
#438 = CARTESIAN_POINT('',(0.,0.,0.2));
#439 = DIRECTION('',(0.,0.,1.));
#440 = DIRECTION('',(1.,0.,-0.));
#441 = DEFINITIONAL_REPRESENTATION('',(#442),#446);
#442 = LINE('',#443,#444);
#443 = CARTESIAN_POINT('',(0.,7.5));
#444 = VECTOR('',#445,1.);
#445 = DIRECTION('',(1.,0.));
#446 = ( GEOMETRIC_REPRESENTATION_CONTEXT(2) 
PARAMETRIC_REPRESENTATION_CONTEXT() REPRESENTATION_CONTEXT('2D SPACE',''
  ) );
#447 = ORIENTED_EDGE('',*,*,#448,.F.);
#448 = EDGE_CURVE('',#449,#420,#451,.T.);
#449 = VERTEX_POINT('',#450);
#450 = CARTESIAN_POINT('',(-10.73420126242,-11.82445868772,7.7));
#451 = SURFACE_CURVE('',#452,(#457,#464),.PCURVE_S1.);
#452 = CIRCLE('',#453,1.4);
#453 = AXIS2_PLACEMENT_3D('',#454,#455,#456);
#454 = CARTESIAN_POINT('',(-12.10566809391,-12.10566809391,7.7));
#455 = DIRECTION('',(0.,0.,1.));
#456 = DIRECTION('',(1.,0.,-0.));
#457 = PCURVE('',#124,#458);
#458 = DEFINITIONAL_REPRESENTATION('',(#459),#463);
#459 = CIRCLE('',#460,1.4);
#460 = AXIS2_PLACEMENT_2D('',#461,#462);
#461 = CARTESIAN_POINT('',(-12.10566809391,-12.10566809391));
#462 = DIRECTION('',(1.,0.));
#463 = ( GEOMETRIC_REPRESENTATION_CONTEXT(2) 
PARAMETRIC_REPRESENTATION_CONTEXT() REPRESENTATION_CONTEXT('2D SPACE',''
  ) );
#464 = PCURVE('',#465,#470);
#465 = CYLINDRICAL_SURFACE('',#466,1.4);
#466 = AXIS2_PLACEMENT_3D('',#467,#468,#469);
#467 = CARTESIAN_POINT('',(-12.10566809391,-12.10566809391,0.2));
#468 = DIRECTION('',(0.,0.,1.));
#469 = DIRECTION('',(1.,0.,-0.));
#470 = DEFINITIONAL_REPRESENTATION('',(#471),#475);
#471 = LINE('',#472,#473);
#472 = CARTESIAN_POINT('',(0.,7.5));
#473 = VECTOR('',#474,1.);
#474 = DIRECTION('',(1.,0.));
#475 = ( GEOMETRIC_REPRESENTATION_CONTEXT(2) 
PARAMETRIC_REPRESENTATION_CONTEXT() REPRESENTATION_CONTEXT('2D SPACE',''
  ) );
#476 = ORIENTED_EDGE('',*,*,#477,.T.);
#477 = EDGE_CURVE('',#449,#478,#480,.T.);
#478 = VERTEX_POINT('',#479);
#479 = CARTESIAN_POINT('',(-0.770928418669,-15.95138142523,7.7));
#480 = SURFACE_CURVE('',#481,(#486,#493),.PCURVE_S1.);
#481 = CIRCLE('',#482,15.97);
#482 = AXIS2_PLACEMENT_3D('',#483,#484,#485);
#483 = CARTESIAN_POINT('',(0.,0.,7.7));
#484 = DIRECTION('',(0.,0.,1.));
#485 = DIRECTION('',(1.,0.,-0.));
#486 = PCURVE('',#124,#487);
#487 = DEFINITIONAL_REPRESENTATION('',(#488),#492);
#488 = CIRCLE('',#489,15.97);
#489 = AXIS2_PLACEMENT_2D('',#490,#491);
#490 = CARTESIAN_POINT('',(0.,0.));
#491 = DIRECTION('',(1.,0.));
#492 = ( GEOMETRIC_REPRESENTATION_CONTEXT(2) 
PARAMETRIC_REPRESENTATION_CONTEXT() REPRESENTATION_CONTEXT('2D SPACE',''
  ) );
#493 = PCURVE('',#494,#499);
#494 = CYLINDRICAL_SURFACE('',#495,15.97);
#495 = AXIS2_PLACEMENT_3D('',#496,#497,#498);
#496 = CARTESIAN_POINT('',(0.,0.,0.2));
#497 = DIRECTION('',(0.,0.,1.));
#498 = DIRECTION('',(1.,0.,-0.));
#499 = DEFINITIONAL_REPRESENTATION('',(#500),#504);
#500 = LINE('',#501,#502);
#501 = CARTESIAN_POINT('',(0.,7.5));
#502 = VECTOR('',#503,1.);
#503 = DIRECTION('',(1.,0.));
#504 = ( GEOMETRIC_REPRESENTATION_CONTEXT(2) 
PARAMETRIC_REPRESENTATION_CONTEXT() REPRESENTATION_CONTEXT('2D SPACE',''
  ) );
#505 = ORIENTED_EDGE('',*,*,#506,.F.);
#506 = EDGE_CURVE('',#507,#478,#509,.T.);
#507 = VERTEX_POINT('',#508);
#508 = CARTESIAN_POINT('',(0.770928418669,-15.95138142523,7.7));
#509 = SURFACE_CURVE('',#510,(#515,#522),.PCURVE_S1.);
#510 = CIRCLE('',#511,1.4);
#511 = AXIS2_PLACEMENT_3D('',#512,#513,#514);
#512 = CARTESIAN_POINT('',(-3.14489298021E-15,-17.12,7.7));
#513 = DIRECTION('',(0.,0.,1.));
#514 = DIRECTION('',(1.,0.,-0.));
#515 = PCURVE('',#124,#516);
#516 = DEFINITIONAL_REPRESENTATION('',(#517),#521);
#517 = CIRCLE('',#518,1.4);
#518 = AXIS2_PLACEMENT_2D('',#519,#520);
#519 = CARTESIAN_POINT('',(-3.14489298021E-15,-17.12));
#520 = DIRECTION('',(1.,0.));
#521 = ( GEOMETRIC_REPRESENTATION_CONTEXT(2) 
PARAMETRIC_REPRESENTATION_CONTEXT() REPRESENTATION_CONTEXT('2D SPACE',''
  ) );
#522 = PCURVE('',#523,#528);
#523 = CYLINDRICAL_SURFACE('',#524,1.4);
#524 = AXIS2_PLACEMENT_3D('',#525,#526,#527);
#525 = CARTESIAN_POINT('',(-3.14489298021E-15,-17.12,0.2));
#526 = DIRECTION('',(0.,0.,1.));
#527 = DIRECTION('',(1.,0.,-0.));
#528 = DEFINITIONAL_REPRESENTATION('',(#529),#533);
#529 = LINE('',#530,#531);
#530 = CARTESIAN_POINT('',(0.,7.5));
#531 = VECTOR('',#532,1.);
#532 = DIRECTION('',(1.,0.));
#533 = ( GEOMETRIC_REPRESENTATION_CONTEXT(2) 
PARAMETRIC_REPRESENTATION_CONTEXT() REPRESENTATION_CONTEXT('2D SPACE',''
  ) );
#534 = ORIENTED_EDGE('',*,*,#535,.T.);
#535 = EDGE_CURVE('',#507,#536,#538,.T.);
#536 = VERTEX_POINT('',#537);
#537 = CARTESIAN_POINT('',(10.734201262426,-11.82445868772,7.7));
#538 = SURFACE_CURVE('',#539,(#544,#551),.PCURVE_S1.);
#539 = CIRCLE('',#540,15.97);
#540 = AXIS2_PLACEMENT_3D('',#541,#542,#543);
#541 = CARTESIAN_POINT('',(0.,0.,7.7));
#542 = DIRECTION('',(0.,0.,1.));
#543 = DIRECTION('',(1.,0.,-0.));
#544 = PCURVE('',#124,#545);
#545 = DEFINITIONAL_REPRESENTATION('',(#546),#550);
#546 = CIRCLE('',#547,15.97);
#547 = AXIS2_PLACEMENT_2D('',#548,#549);
#548 = CARTESIAN_POINT('',(0.,0.));
#549 = DIRECTION('',(1.,0.));
#550 = ( GEOMETRIC_REPRESENTATION_CONTEXT(2) 
PARAMETRIC_REPRESENTATION_CONTEXT() REPRESENTATION_CONTEXT('2D SPACE',''
  ) );
#551 = PCURVE('',#552,#557);
#552 = CYLINDRICAL_SURFACE('',#553,15.97);
#553 = AXIS2_PLACEMENT_3D('',#554,#555,#556);
#554 = CARTESIAN_POINT('',(0.,0.,0.2));
#555 = DIRECTION('',(0.,0.,1.));
#556 = DIRECTION('',(1.,0.,-0.));
#557 = DEFINITIONAL_REPRESENTATION('',(#558),#562);
#558 = LINE('',#559,#560);
#559 = CARTESIAN_POINT('',(0.,7.5));
#560 = VECTOR('',#561,1.);
#561 = DIRECTION('',(1.,0.));
#562 = ( GEOMETRIC_REPRESENTATION_CONTEXT(2) 
PARAMETRIC_REPRESENTATION_CONTEXT() REPRESENTATION_CONTEXT('2D SPACE',''
  ) );
#563 = ORIENTED_EDGE('',*,*,#564,.F.);
#564 = EDGE_CURVE('',#565,#536,#567,.T.);
#565 = VERTEX_POINT('',#566);
#566 = CARTESIAN_POINT('',(11.824458687726,-10.73420126242,7.7));
#567 = SURFACE_CURVE('',#568,(#573,#580),.PCURVE_S1.);
#568 = CIRCLE('',#569,1.4);
#569 = AXIS2_PLACEMENT_3D('',#570,#571,#572);
#570 = CARTESIAN_POINT('',(12.105668093914,-12.10566809391,7.7));
#571 = DIRECTION('',(0.,0.,1.));
#572 = DIRECTION('',(1.,0.,-0.));
#573 = PCURVE('',#124,#574);
#574 = DEFINITIONAL_REPRESENTATION('',(#575),#579);
#575 = CIRCLE('',#576,1.4);
#576 = AXIS2_PLACEMENT_2D('',#577,#578);
#577 = CARTESIAN_POINT('',(12.105668093914,-12.10566809391));
#578 = DIRECTION('',(1.,0.));
#579 = ( GEOMETRIC_REPRESENTATION_CONTEXT(2) 
PARAMETRIC_REPRESENTATION_CONTEXT() REPRESENTATION_CONTEXT('2D SPACE',''
  ) );
#580 = PCURVE('',#581,#586);
#581 = CYLINDRICAL_SURFACE('',#582,1.4);
#582 = AXIS2_PLACEMENT_3D('',#583,#584,#585);
#583 = CARTESIAN_POINT('',(12.105668093914,-12.10566809391,0.2));
#584 = DIRECTION('',(0.,0.,1.));
#585 = DIRECTION('',(1.,0.,-0.));
#586 = DEFINITIONAL_REPRESENTATION('',(#587),#591);
#587 = LINE('',#588,#589);
#588 = CARTESIAN_POINT('',(0.,7.5));
#589 = VECTOR('',#590,1.);
#590 = DIRECTION('',(1.,0.));
#591 = ( GEOMETRIC_REPRESENTATION_CONTEXT(2) 
PARAMETRIC_REPRESENTATION_CONTEXT() REPRESENTATION_CONTEXT('2D SPACE',''
  ) );
#592 = ORIENTED_EDGE('',*,*,#593,.T.);
#593 = EDGE_CURVE('',#565,#140,#594,.T.);
#594 = SURFACE_CURVE('',#595,(#600,#607),.PCURVE_S1.);
#595 = CIRCLE('',#596,15.97);
#596 = AXIS2_PLACEMENT_3D('',#597,#598,#599);
#597 = CARTESIAN_POINT('',(0.,0.,7.7));
#598 = DIRECTION('',(0.,0.,1.));
#599 = DIRECTION('',(1.,0.,-0.));
#600 = PCURVE('',#124,#601);
#601 = DEFINITIONAL_REPRESENTATION('',(#602),#606);
#602 = CIRCLE('',#603,15.97);
#603 = AXIS2_PLACEMENT_2D('',#604,#605);
#604 = CARTESIAN_POINT('',(0.,0.));
#605 = DIRECTION('',(1.,0.));
#606 = ( GEOMETRIC_REPRESENTATION_CONTEXT(2) 
PARAMETRIC_REPRESENTATION_CONTEXT() REPRESENTATION_CONTEXT('2D SPACE',''
  ) );
#607 = PCURVE('',#201,#608);
#608 = DEFINITIONAL_REPRESENTATION('',(#609),#613);
#609 = LINE('',#610,#611);
#610 = CARTESIAN_POINT('',(0.,7.5));
#611 = VECTOR('',#612,1.);
#612 = DIRECTION('',(1.,0.));
#613 = ( GEOMETRIC_REPRESENTATION_CONTEXT(2) 
PARAMETRIC_REPRESENTATION_CONTEXT() REPRESENTATION_CONTEXT('2D SPACE',''
  ) );
#614 = ADVANCED_FACE('',(#615),#98,.F.);
#615 = FACE_BOUND('',#616,.F.);
#616 = EDGE_LOOP('',(#617,#618,#639,#661));
#617 = ORIENTED_EDGE('',*,*,#217,.F.);
#618 = ORIENTED_EDGE('',*,*,#619,.F.);
#619 = EDGE_CURVE('',#620,#218,#622,.T.);
#620 = VERTEX_POINT('',#621);
#621 = CARTESIAN_POINT('',(10.734201262426,11.824458687726,0.2));
#622 = SURFACE_CURVE('',#623,(#627,#633),.PCURVE_S1.);
#623 = LINE('',#624,#625);
#624 = CARTESIAN_POINT('',(10.734201262426,11.824458687726,0.2));
#625 = VECTOR('',#626,1.);
#626 = DIRECTION('',(0.,0.,1.));
#627 = PCURVE('',#98,#628);
#628 = DEFINITIONAL_REPRESENTATION('',(#629),#632);
#629 = B_SPLINE_CURVE_WITH_KNOTS('',1,(#630,#631),.UNSPECIFIED.,.F.,.F.,
  (2,2),(-5.999999999895E-07,7.5000006),.PIECEWISE_BEZIER_KNOTS.);
#630 = CARTESIAN_POINT('',(3.343832328862,-5.999999999895E-07));
#631 = CARTESIAN_POINT('',(3.343832328862,7.5000006));
#632 = ( GEOMETRIC_REPRESENTATION_CONTEXT(2) 
PARAMETRIC_REPRESENTATION_CONTEXT() REPRESENTATION_CONTEXT('2D SPACE',''
  ) );
#633 = PCURVE('',#258,#634);
#634 = DEFINITIONAL_REPRESENTATION('',(#635),#638);
#635 = B_SPLINE_CURVE_WITH_KNOTS('',1,(#636,#637),.UNSPECIFIED.,.F.,.F.,
  (2,2),(-5.999999999895E-07,7.5000006),.PIECEWISE_BEZIER_KNOTS.);
#636 = CARTESIAN_POINT('',(0.833690471055,-5.999999999895E-07));
#637 = CARTESIAN_POINT('',(0.833690471055,7.5000006));
#638 = ( GEOMETRIC_REPRESENTATION_CONTEXT(2) 
PARAMETRIC_REPRESENTATION_CONTEXT() REPRESENTATION_CONTEXT('2D SPACE',''
  ) );
#639 = ORIENTED_EDGE('',*,*,#640,.T.);
#640 = EDGE_CURVE('',#620,#55,#641,.T.);
#641 = SURFACE_CURVE('',#642,(#647,#654),.PCURVE_S1.);
#642 = CIRCLE('',#643,1.4);
#643 = AXIS2_PLACEMENT_3D('',#644,#645,#646);
#644 = CARTESIAN_POINT('',(12.105668093914,12.105668093914,0.2));
#645 = DIRECTION('',(0.,0.,1.));
#646 = DIRECTION('',(1.,0.,-0.));
#647 = PCURVE('',#98,#648);
#648 = DEFINITIONAL_REPRESENTATION('',(#649),#653);
#649 = LINE('',#650,#651);
#650 = CARTESIAN_POINT('',(0.,0.));
#651 = VECTOR('',#652,1.);
#652 = DIRECTION('',(1.,0.));
#653 = ( GEOMETRIC_REPRESENTATION_CONTEXT(2) 
PARAMETRIC_REPRESENTATION_CONTEXT() REPRESENTATION_CONTEXT('2D SPACE',''
  ) );
#654 = PCURVE('',#71,#655);
#655 = DEFINITIONAL_REPRESENTATION('',(#656),#660);
#656 = CIRCLE('',#657,1.4);
#657 = AXIS2_PLACEMENT_2D('',#658,#659);
#658 = CARTESIAN_POINT('',(12.105668093914,12.105668093914));
#659 = DIRECTION('',(1.,0.));
#660 = ( GEOMETRIC_REPRESENTATION_CONTEXT(2) 
PARAMETRIC_REPRESENTATION_CONTEXT() REPRESENTATION_CONTEXT('2D SPACE',''
  ) );
#661 = ORIENTED_EDGE('',*,*,#83,.T.);
#662 = ADVANCED_FACE('',(#663,#978),#71,.F.);
#663 = FACE_BOUND('',#664,.F.);
#664 = EDGE_LOOP('',(#665,#666,#667,#668,#692,#716,#740,#764,#788,#812,
    #836,#860,#884,#908,#932,#956));
#665 = ORIENTED_EDGE('',*,*,#164,.F.);
#666 = ORIENTED_EDGE('',*,*,#54,.T.);
#667 = ORIENTED_EDGE('',*,*,#640,.F.);
#668 = ORIENTED_EDGE('',*,*,#669,.T.);
#669 = EDGE_CURVE('',#620,#670,#672,.T.);
#670 = VERTEX_POINT('',#671);
#671 = CARTESIAN_POINT('',(0.770928418669,15.951381425234,0.2));
#672 = SURFACE_CURVE('',#673,(#678,#685),.PCURVE_S1.);
#673 = CIRCLE('',#674,15.97);
#674 = AXIS2_PLACEMENT_3D('',#675,#676,#677);
#675 = CARTESIAN_POINT('',(0.,0.,0.2));
#676 = DIRECTION('',(0.,0.,1.));
#677 = DIRECTION('',(1.,0.,-0.));
#678 = PCURVE('',#71,#679);
#679 = DEFINITIONAL_REPRESENTATION('',(#680),#684);
#680 = CIRCLE('',#681,15.97);
#681 = AXIS2_PLACEMENT_2D('',#682,#683);
#682 = CARTESIAN_POINT('',(0.,0.));
#683 = DIRECTION('',(1.,0.));
#684 = ( GEOMETRIC_REPRESENTATION_CONTEXT(2) 
PARAMETRIC_REPRESENTATION_CONTEXT() REPRESENTATION_CONTEXT('2D SPACE',''
  ) );
#685 = PCURVE('',#258,#686);
#686 = DEFINITIONAL_REPRESENTATION('',(#687),#691);
#687 = LINE('',#688,#689);
#688 = CARTESIAN_POINT('',(0.,0.));
#689 = VECTOR('',#690,1.);
#690 = DIRECTION('',(1.,0.));
#691 = ( GEOMETRIC_REPRESENTATION_CONTEXT(2) 
PARAMETRIC_REPRESENTATION_CONTEXT() REPRESENTATION_CONTEXT('2D SPACE',''
  ) );
#692 = ORIENTED_EDGE('',*,*,#693,.F.);
#693 = EDGE_CURVE('',#694,#670,#696,.T.);
#694 = VERTEX_POINT('',#695);
#695 = CARTESIAN_POINT('',(-0.770928418669,15.951381425234,0.2));
#696 = SURFACE_CURVE('',#697,(#702,#709),.PCURVE_S1.);
#697 = CIRCLE('',#698,1.4);
#698 = AXIS2_PLACEMENT_3D('',#699,#700,#701);
#699 = CARTESIAN_POINT('',(1.04829766007E-15,17.12,0.2));
#700 = DIRECTION('',(0.,0.,1.));
#701 = DIRECTION('',(1.,0.,-0.));
#702 = PCURVE('',#71,#703);
#703 = DEFINITIONAL_REPRESENTATION('',(#704),#708);
#704 = CIRCLE('',#705,1.4);
#705 = AXIS2_PLACEMENT_2D('',#706,#707);
#706 = CARTESIAN_POINT('',(1.04829766007E-15,17.12));
#707 = DIRECTION('',(1.,0.));
#708 = ( GEOMETRIC_REPRESENTATION_CONTEXT(2) 
PARAMETRIC_REPRESENTATION_CONTEXT() REPRESENTATION_CONTEXT('2D SPACE',''
  ) );
#709 = PCURVE('',#287,#710);
#710 = DEFINITIONAL_REPRESENTATION('',(#711),#715);
#711 = LINE('',#712,#713);
#712 = CARTESIAN_POINT('',(0.,0.));
#713 = VECTOR('',#714,1.);
#714 = DIRECTION('',(1.,0.));
#715 = ( GEOMETRIC_REPRESENTATION_CONTEXT(2) 
PARAMETRIC_REPRESENTATION_CONTEXT() REPRESENTATION_CONTEXT('2D SPACE',''
  ) );
#716 = ORIENTED_EDGE('',*,*,#717,.T.);
#717 = EDGE_CURVE('',#694,#718,#720,.T.);
#718 = VERTEX_POINT('',#719);
#719 = CARTESIAN_POINT('',(-10.73420126242,11.824458687726,0.2));
#720 = SURFACE_CURVE('',#721,(#726,#733),.PCURVE_S1.);
#721 = CIRCLE('',#722,15.97);
#722 = AXIS2_PLACEMENT_3D('',#723,#724,#725);
#723 = CARTESIAN_POINT('',(0.,0.,0.2));
#724 = DIRECTION('',(0.,0.,1.));
#725 = DIRECTION('',(1.,0.,-0.));
#726 = PCURVE('',#71,#727);
#727 = DEFINITIONAL_REPRESENTATION('',(#728),#732);
#728 = CIRCLE('',#729,15.97);
#729 = AXIS2_PLACEMENT_2D('',#730,#731);
#730 = CARTESIAN_POINT('',(0.,0.));
#731 = DIRECTION('',(1.,0.));
#732 = ( GEOMETRIC_REPRESENTATION_CONTEXT(2) 
PARAMETRIC_REPRESENTATION_CONTEXT() REPRESENTATION_CONTEXT('2D SPACE',''
  ) );
#733 = PCURVE('',#316,#734);
#734 = DEFINITIONAL_REPRESENTATION('',(#735),#739);
#735 = LINE('',#736,#737);
#736 = CARTESIAN_POINT('',(0.,0.));
#737 = VECTOR('',#738,1.);
#738 = DIRECTION('',(1.,0.));
#739 = ( GEOMETRIC_REPRESENTATION_CONTEXT(2) 
PARAMETRIC_REPRESENTATION_CONTEXT() REPRESENTATION_CONTEXT('2D SPACE',''
  ) );
#740 = ORIENTED_EDGE('',*,*,#741,.F.);
#741 = EDGE_CURVE('',#742,#718,#744,.T.);
#742 = VERTEX_POINT('',#743);
#743 = CARTESIAN_POINT('',(-11.82445868772,10.734201262426,0.2));
#744 = SURFACE_CURVE('',#745,(#750,#757),.PCURVE_S1.);
#745 = CIRCLE('',#746,1.4);
#746 = AXIS2_PLACEMENT_3D('',#747,#748,#749);
#747 = CARTESIAN_POINT('',(-12.10566809391,12.105668093914,0.2));
#748 = DIRECTION('',(0.,0.,1.));
#749 = DIRECTION('',(1.,0.,-0.));
#750 = PCURVE('',#71,#751);
#751 = DEFINITIONAL_REPRESENTATION('',(#752),#756);
#752 = CIRCLE('',#753,1.4);
#753 = AXIS2_PLACEMENT_2D('',#754,#755);
#754 = CARTESIAN_POINT('',(-12.10566809391,12.105668093914));
#755 = DIRECTION('',(1.,0.));
#756 = ( GEOMETRIC_REPRESENTATION_CONTEXT(2) 
PARAMETRIC_REPRESENTATION_CONTEXT() REPRESENTATION_CONTEXT('2D SPACE',''
  ) );
#757 = PCURVE('',#345,#758);
#758 = DEFINITIONAL_REPRESENTATION('',(#759),#763);
#759 = LINE('',#760,#761);
#760 = CARTESIAN_POINT('',(0.,0.));
#761 = VECTOR('',#762,1.);
#762 = DIRECTION('',(1.,0.));
#763 = ( GEOMETRIC_REPRESENTATION_CONTEXT(2) 
PARAMETRIC_REPRESENTATION_CONTEXT() REPRESENTATION_CONTEXT('2D SPACE',''
  ) );
#764 = ORIENTED_EDGE('',*,*,#765,.T.);
#765 = EDGE_CURVE('',#742,#766,#768,.T.);
#766 = VERTEX_POINT('',#767);
#767 = CARTESIAN_POINT('',(-15.95138142523,0.770928418669,0.2));
#768 = SURFACE_CURVE('',#769,(#774,#781),.PCURVE_S1.);
#769 = CIRCLE('',#770,15.97);
#770 = AXIS2_PLACEMENT_3D('',#771,#772,#773);
#771 = CARTESIAN_POINT('',(0.,0.,0.2));
#772 = DIRECTION('',(0.,0.,1.));
#773 = DIRECTION('',(1.,0.,-0.));
#774 = PCURVE('',#71,#775);
#775 = DEFINITIONAL_REPRESENTATION('',(#776),#780);
#776 = CIRCLE('',#777,15.97);
#777 = AXIS2_PLACEMENT_2D('',#778,#779);
#778 = CARTESIAN_POINT('',(0.,0.));
#779 = DIRECTION('',(1.,0.));
#780 = ( GEOMETRIC_REPRESENTATION_CONTEXT(2) 
PARAMETRIC_REPRESENTATION_CONTEXT() REPRESENTATION_CONTEXT('2D SPACE',''
  ) );
#781 = PCURVE('',#374,#782);
#782 = DEFINITIONAL_REPRESENTATION('',(#783),#787);
#783 = LINE('',#784,#785);
#784 = CARTESIAN_POINT('',(0.,0.));
#785 = VECTOR('',#786,1.);
#786 = DIRECTION('',(1.,0.));
#787 = ( GEOMETRIC_REPRESENTATION_CONTEXT(2) 
PARAMETRIC_REPRESENTATION_CONTEXT() REPRESENTATION_CONTEXT('2D SPACE',''
  ) );
#788 = ORIENTED_EDGE('',*,*,#789,.F.);
#789 = EDGE_CURVE('',#790,#766,#792,.T.);
#790 = VERTEX_POINT('',#791);
#791 = CARTESIAN_POINT('',(-15.95138142523,-0.770928418669,0.2));
#792 = SURFACE_CURVE('',#793,(#798,#805),.PCURVE_S1.);
#793 = CIRCLE('',#794,1.4);
#794 = AXIS2_PLACEMENT_3D('',#795,#796,#797);
#795 = CARTESIAN_POINT('',(-17.12,2.09659532014E-15,0.2));
#796 = DIRECTION('',(0.,0.,1.));
#797 = DIRECTION('',(0.834727553405,-0.550663156192,0.));
#798 = PCURVE('',#71,#799);
#799 = DEFINITIONAL_REPRESENTATION('',(#800),#804);
#800 = CIRCLE('',#801,1.4);
#801 = AXIS2_PLACEMENT_2D('',#802,#803);
#802 = CARTESIAN_POINT('',(-17.12,2.09659532014E-15));
#803 = DIRECTION('',(0.834727553405,-0.550663156192));
#804 = ( GEOMETRIC_REPRESENTATION_CONTEXT(2) 
PARAMETRIC_REPRESENTATION_CONTEXT() REPRESENTATION_CONTEXT('2D SPACE',''
  ) );
#805 = PCURVE('',#407,#806);
#806 = DEFINITIONAL_REPRESENTATION('',(#807),#811);
#807 = LINE('',#808,#809);
#808 = CARTESIAN_POINT('',(5.700026819055,0.));
#809 = VECTOR('',#810,1.);
#810 = DIRECTION('',(1.,0.));
#811 = ( GEOMETRIC_REPRESENTATION_CONTEXT(2) 
PARAMETRIC_REPRESENTATION_CONTEXT() REPRESENTATION_CONTEXT('2D SPACE',''
  ) );
#812 = ORIENTED_EDGE('',*,*,#813,.T.);
#813 = EDGE_CURVE('',#790,#814,#816,.T.);
#814 = VERTEX_POINT('',#815);
#815 = CARTESIAN_POINT('',(-11.82445868772,-10.73420126242,0.2));
#816 = SURFACE_CURVE('',#817,(#822,#829),.PCURVE_S1.);
#817 = CIRCLE('',#818,15.97);
#818 = AXIS2_PLACEMENT_3D('',#819,#820,#821);
#819 = CARTESIAN_POINT('',(0.,0.,0.2));
#820 = DIRECTION('',(0.,0.,1.));
#821 = DIRECTION('',(1.,0.,-0.));
#822 = PCURVE('',#71,#823);
#823 = DEFINITIONAL_REPRESENTATION('',(#824),#828);
#824 = CIRCLE('',#825,15.97);
#825 = AXIS2_PLACEMENT_2D('',#826,#827);
#826 = CARTESIAN_POINT('',(0.,0.));
#827 = DIRECTION('',(1.,0.));
#828 = ( GEOMETRIC_REPRESENTATION_CONTEXT(2) 
PARAMETRIC_REPRESENTATION_CONTEXT() REPRESENTATION_CONTEXT('2D SPACE',''
  ) );
#829 = PCURVE('',#436,#830);
#830 = DEFINITIONAL_REPRESENTATION('',(#831),#835);
#831 = LINE('',#832,#833);
#832 = CARTESIAN_POINT('',(0.,0.));
#833 = VECTOR('',#834,1.);
#834 = DIRECTION('',(1.,0.));
#835 = ( GEOMETRIC_REPRESENTATION_CONTEXT(2) 
PARAMETRIC_REPRESENTATION_CONTEXT() REPRESENTATION_CONTEXT('2D SPACE',''
  ) );
#836 = ORIENTED_EDGE('',*,*,#837,.F.);
#837 = EDGE_CURVE('',#838,#814,#840,.T.);
#838 = VERTEX_POINT('',#839);
#839 = CARTESIAN_POINT('',(-10.73420126242,-11.82445868772,0.2));
#840 = SURFACE_CURVE('',#841,(#846,#853),.PCURVE_S1.);
#841 = CIRCLE('',#842,1.4);
#842 = AXIS2_PLACEMENT_3D('',#843,#844,#845);
#843 = CARTESIAN_POINT('',(-12.10566809391,-12.10566809391,0.2));
#844 = DIRECTION('',(0.,0.,1.));
#845 = DIRECTION('',(1.,0.,-0.));
#846 = PCURVE('',#71,#847);
#847 = DEFINITIONAL_REPRESENTATION('',(#848),#852);
#848 = CIRCLE('',#849,1.4);
#849 = AXIS2_PLACEMENT_2D('',#850,#851);
#850 = CARTESIAN_POINT('',(-12.10566809391,-12.10566809391));
#851 = DIRECTION('',(1.,0.));
#852 = ( GEOMETRIC_REPRESENTATION_CONTEXT(2) 
PARAMETRIC_REPRESENTATION_CONTEXT() REPRESENTATION_CONTEXT('2D SPACE',''
  ) );
#853 = PCURVE('',#465,#854);
#854 = DEFINITIONAL_REPRESENTATION('',(#855),#859);
#855 = LINE('',#856,#857);
#856 = CARTESIAN_POINT('',(0.,0.));
#857 = VECTOR('',#858,1.);
#858 = DIRECTION('',(1.,0.));
#859 = ( GEOMETRIC_REPRESENTATION_CONTEXT(2) 
PARAMETRIC_REPRESENTATION_CONTEXT() REPRESENTATION_CONTEXT('2D SPACE',''
  ) );
#860 = ORIENTED_EDGE('',*,*,#861,.T.);
#861 = EDGE_CURVE('',#838,#862,#864,.T.);
#862 = VERTEX_POINT('',#863);
#863 = CARTESIAN_POINT('',(-0.770928418669,-15.95138142523,0.2));
#864 = SURFACE_CURVE('',#865,(#870,#877),.PCURVE_S1.);
#865 = CIRCLE('',#866,15.97);
#866 = AXIS2_PLACEMENT_3D('',#867,#868,#869);
#867 = CARTESIAN_POINT('',(0.,0.,0.2));
#868 = DIRECTION('',(0.,0.,1.));
#869 = DIRECTION('',(1.,0.,-0.));
#870 = PCURVE('',#71,#871);
#871 = DEFINITIONAL_REPRESENTATION('',(#872),#876);
#872 = CIRCLE('',#873,15.97);
#873 = AXIS2_PLACEMENT_2D('',#874,#875);
#874 = CARTESIAN_POINT('',(0.,0.));
#875 = DIRECTION('',(1.,0.));
#876 = ( GEOMETRIC_REPRESENTATION_CONTEXT(2) 
PARAMETRIC_REPRESENTATION_CONTEXT() REPRESENTATION_CONTEXT('2D SPACE',''
  ) );
#877 = PCURVE('',#494,#878);
#878 = DEFINITIONAL_REPRESENTATION('',(#879),#883);
#879 = LINE('',#880,#881);
#880 = CARTESIAN_POINT('',(0.,0.));
#881 = VECTOR('',#882,1.);
#882 = DIRECTION('',(1.,0.));
#883 = ( GEOMETRIC_REPRESENTATION_CONTEXT(2) 
PARAMETRIC_REPRESENTATION_CONTEXT() REPRESENTATION_CONTEXT('2D SPACE',''
  ) );
#884 = ORIENTED_EDGE('',*,*,#885,.F.);
#885 = EDGE_CURVE('',#886,#862,#888,.T.);
#886 = VERTEX_POINT('',#887);
#887 = CARTESIAN_POINT('',(0.770928418669,-15.95138142523,0.2));
#888 = SURFACE_CURVE('',#889,(#894,#901),.PCURVE_S1.);
#889 = CIRCLE('',#890,1.4);
#890 = AXIS2_PLACEMENT_3D('',#891,#892,#893);
#891 = CARTESIAN_POINT('',(-3.14489298021E-15,-17.12,0.2));
#892 = DIRECTION('',(0.,0.,1.));
#893 = DIRECTION('',(1.,0.,-0.));
#894 = PCURVE('',#71,#895);
#895 = DEFINITIONAL_REPRESENTATION('',(#896),#900);
#896 = CIRCLE('',#897,1.4);
#897 = AXIS2_PLACEMENT_2D('',#898,#899);
#898 = CARTESIAN_POINT('',(-3.14489298021E-15,-17.12));
#899 = DIRECTION('',(1.,0.));
#900 = ( GEOMETRIC_REPRESENTATION_CONTEXT(2) 
PARAMETRIC_REPRESENTATION_CONTEXT() REPRESENTATION_CONTEXT('2D SPACE',''
  ) );
#901 = PCURVE('',#523,#902);
#902 = DEFINITIONAL_REPRESENTATION('',(#903),#907);
#903 = LINE('',#904,#905);
#904 = CARTESIAN_POINT('',(0.,0.));
#905 = VECTOR('',#906,1.);
#906 = DIRECTION('',(1.,0.));
#907 = ( GEOMETRIC_REPRESENTATION_CONTEXT(2) 
PARAMETRIC_REPRESENTATION_CONTEXT() REPRESENTATION_CONTEXT('2D SPACE',''
  ) );
#908 = ORIENTED_EDGE('',*,*,#909,.T.);
#909 = EDGE_CURVE('',#886,#910,#912,.T.);
#910 = VERTEX_POINT('',#911);
#911 = CARTESIAN_POINT('',(10.734201262426,-11.82445868772,0.2));
#912 = SURFACE_CURVE('',#913,(#918,#925),.PCURVE_S1.);
#913 = CIRCLE('',#914,15.97);
#914 = AXIS2_PLACEMENT_3D('',#915,#916,#917);
#915 = CARTESIAN_POINT('',(0.,0.,0.2));
#916 = DIRECTION('',(0.,0.,1.));
#917 = DIRECTION('',(1.,0.,-0.));
#918 = PCURVE('',#71,#919);
#919 = DEFINITIONAL_REPRESENTATION('',(#920),#924);
#920 = CIRCLE('',#921,15.97);
#921 = AXIS2_PLACEMENT_2D('',#922,#923);
#922 = CARTESIAN_POINT('',(0.,0.));
#923 = DIRECTION('',(1.,0.));
#924 = ( GEOMETRIC_REPRESENTATION_CONTEXT(2) 
PARAMETRIC_REPRESENTATION_CONTEXT() REPRESENTATION_CONTEXT('2D SPACE',''
  ) );
#925 = PCURVE('',#552,#926);
#926 = DEFINITIONAL_REPRESENTATION('',(#927),#931);
#927 = LINE('',#928,#929);
#928 = CARTESIAN_POINT('',(0.,0.));
#929 = VECTOR('',#930,1.);
#930 = DIRECTION('',(1.,0.));
#931 = ( GEOMETRIC_REPRESENTATION_CONTEXT(2) 
PARAMETRIC_REPRESENTATION_CONTEXT() REPRESENTATION_CONTEXT('2D SPACE',''
  ) );
#932 = ORIENTED_EDGE('',*,*,#933,.F.);
#933 = EDGE_CURVE('',#934,#910,#936,.T.);
#934 = VERTEX_POINT('',#935);
#935 = CARTESIAN_POINT('',(11.824458687726,-10.73420126242,0.2));
#936 = SURFACE_CURVE('',#937,(#942,#949),.PCURVE_S1.);
#937 = CIRCLE('',#938,1.4);
#938 = AXIS2_PLACEMENT_3D('',#939,#940,#941);
#939 = CARTESIAN_POINT('',(12.105668093914,-12.10566809391,0.2));
#940 = DIRECTION('',(0.,0.,1.));
#941 = DIRECTION('',(1.,0.,-0.));
#942 = PCURVE('',#71,#943);
#943 = DEFINITIONAL_REPRESENTATION('',(#944),#948);
#944 = CIRCLE('',#945,1.4);
#945 = AXIS2_PLACEMENT_2D('',#946,#947);
#946 = CARTESIAN_POINT('',(12.105668093914,-12.10566809391));
#947 = DIRECTION('',(1.,0.));
#948 = ( GEOMETRIC_REPRESENTATION_CONTEXT(2) 
PARAMETRIC_REPRESENTATION_CONTEXT() REPRESENTATION_CONTEXT('2D SPACE',''
  ) );
#949 = PCURVE('',#581,#950);
#950 = DEFINITIONAL_REPRESENTATION('',(#951),#955);
#951 = LINE('',#952,#953);
#952 = CARTESIAN_POINT('',(0.,0.));
#953 = VECTOR('',#954,1.);
#954 = DIRECTION('',(1.,0.));
#955 = ( GEOMETRIC_REPRESENTATION_CONTEXT(2) 
PARAMETRIC_REPRESENTATION_CONTEXT() REPRESENTATION_CONTEXT('2D SPACE',''
  ) );
#956 = ORIENTED_EDGE('',*,*,#957,.T.);
#957 = EDGE_CURVE('',#934,#165,#958,.T.);
#958 = SURFACE_CURVE('',#959,(#964,#971),.PCURVE_S1.);
#959 = CIRCLE('',#960,15.97);
#960 = AXIS2_PLACEMENT_3D('',#961,#962,#963);
#961 = CARTESIAN_POINT('',(0.,0.,0.2));
#962 = DIRECTION('',(0.,0.,1.));
#963 = DIRECTION('',(1.,0.,-0.));
#964 = PCURVE('',#71,#965);
#965 = DEFINITIONAL_REPRESENTATION('',(#966),#970);
#966 = CIRCLE('',#967,15.97);
#967 = AXIS2_PLACEMENT_2D('',#968,#969);
#968 = CARTESIAN_POINT('',(0.,0.));
#969 = DIRECTION('',(1.,0.));
#970 = ( GEOMETRIC_REPRESENTATION_CONTEXT(2) 
PARAMETRIC_REPRESENTATION_CONTEXT() REPRESENTATION_CONTEXT('2D SPACE',''
  ) );
#971 = PCURVE('',#201,#972);
#972 = DEFINITIONAL_REPRESENTATION('',(#973),#977);
#973 = LINE('',#974,#975);
#974 = CARTESIAN_POINT('',(0.,0.));
#975 = VECTOR('',#976,1.);
#976 = DIRECTION('',(1.,0.));
#977 = ( GEOMETRIC_REPRESENTATION_CONTEXT(2) 
PARAMETRIC_REPRESENTATION_CONTEXT() REPRESENTATION_CONTEXT('2D SPACE',''
  ) );
#978 = FACE_BOUND('',#979,.F.);
#979 = EDGE_LOOP('',(#980,#1011,#1037,#1066,#1092,#1121,#1147,#1176,
    #1202,#1231,#1257,#1286));
#980 = ORIENTED_EDGE('',*,*,#981,.F.);
#981 = EDGE_CURVE('',#982,#984,#986,.T.);
#982 = VERTEX_POINT('',#983);
#983 = CARTESIAN_POINT('',(11.304298211188,7.915354821644,0.2));
#984 = VERTEX_POINT('',#985);
#985 = CARTESIAN_POINT('',(3.338522159275,13.390081022609,0.2));
#986 = SURFACE_CURVE('',#987,(#992,#999),.PCURVE_S1.);
#987 = CIRCLE('',#988,13.8);
#988 = AXIS2_PLACEMENT_3D('',#989,#990,#991);
#989 = CARTESIAN_POINT('',(0.,0.,0.2));
#990 = DIRECTION('',(0.,0.,1.));
#991 = DIRECTION('',(1.,0.,-0.));
#992 = PCURVE('',#71,#993);
#993 = DEFINITIONAL_REPRESENTATION('',(#994),#998);
#994 = CIRCLE('',#995,13.8);
#995 = AXIS2_PLACEMENT_2D('',#996,#997);
#996 = CARTESIAN_POINT('',(0.,0.));
#997 = DIRECTION('',(1.,0.));
#998 = ( GEOMETRIC_REPRESENTATION_CONTEXT(2) 
PARAMETRIC_REPRESENTATION_CONTEXT() REPRESENTATION_CONTEXT('2D SPACE',''
  ) );
#999 = PCURVE('',#1000,#1005);
#1000 = CYLINDRICAL_SURFACE('',#1001,13.8);
#1001 = AXIS2_PLACEMENT_3D('',#1002,#1003,#1004);
#1002 = CARTESIAN_POINT('',(0.,0.,0.2));
#1003 = DIRECTION('',(0.,0.,1.));
#1004 = DIRECTION('',(1.,0.,-0.));
#1005 = DEFINITIONAL_REPRESENTATION('',(#1006),#1010);
#1006 = LINE('',#1007,#1008);
#1007 = CARTESIAN_POINT('',(0.,0.));
#1008 = VECTOR('',#1009,1.);
#1009 = DIRECTION('',(1.,0.));
#1010 = ( GEOMETRIC_REPRESENTATION_CONTEXT(2) 
PARAMETRIC_REPRESENTATION_CONTEXT() REPRESENTATION_CONTEXT('2D SPACE',''
  ) );
#1011 = ORIENTED_EDGE('',*,*,#1012,.T.);
#1012 = EDGE_CURVE('',#982,#1013,#1015,.T.);
#1013 = VERTEX_POINT('',#1014);
#1014 = CARTESIAN_POINT('',(12.000577448834,8.402894792543,0.2));
#1015 = SURFACE_CURVE('',#1016,(#1020,#1026),.PCURVE_S1.);
#1016 = LINE('',#1017,#1018);
#1017 = CARTESIAN_POINT('',(6.819440768706,4.775023832622,0.2));
#1018 = VECTOR('',#1019,1.);
#1019 = DIRECTION('',(0.819152044289,0.573576436351,-0.));
#1020 = PCURVE('',#71,#1021);
#1021 = DEFINITIONAL_REPRESENTATION('',(#1022),#1025);
#1022 = B_SPLINE_CURVE_WITH_KNOTS('',1,(#1023,#1024),.UNSPECIFIED.,.F.,
  .F.,(2,2),(4.675,6.325),.PIECEWISE_BEZIER_KNOTS.);
#1023 = CARTESIAN_POINT('',(10.648976575757,7.456493672564));
#1024 = CARTESIAN_POINT('',(12.000577448834,8.402894792543));
#1025 = ( GEOMETRIC_REPRESENTATION_CONTEXT(2) 
PARAMETRIC_REPRESENTATION_CONTEXT() REPRESENTATION_CONTEXT('2D SPACE',''
  ) );
#1026 = PCURVE('',#1027,#1032);
#1027 = PLANE('',#1028);
#1028 = AXIS2_PLACEMENT_3D('',#1029,#1030,#1031);
#1029 = CARTESIAN_POINT('',(13.638881537412,9.550047665245,-0.3));
#1030 = DIRECTION('',(0.573576436351,-0.819152044289,0.));
#1031 = DIRECTION('',(-0.819152044289,-0.573576436351,0.));
#1032 = DEFINITIONAL_REPRESENTATION('',(#1033),#1036);
#1033 = B_SPLINE_CURVE_WITH_KNOTS('',1,(#1034,#1035),.UNSPECIFIED.,.F.,
  .F.,(2,2),(4.675,6.325),.PIECEWISE_BEZIER_KNOTS.);
#1034 = CARTESIAN_POINT('',(3.65,-0.5));
#1035 = CARTESIAN_POINT('',(2.,-0.5));
#1036 = ( GEOMETRIC_REPRESENTATION_CONTEXT(2) 
PARAMETRIC_REPRESENTATION_CONTEXT() REPRESENTATION_CONTEXT('2D SPACE',''
  ) );
#1037 = ORIENTED_EDGE('',*,*,#1038,.F.);
#1038 = EDGE_CURVE('',#1039,#1013,#1041,.T.);
#1039 = VERTEX_POINT('',#1040);
#1040 = CARTESIAN_POINT('',(10.538328074961,-10.17674512722,0.2));
#1041 = SURFACE_CURVE('',#1042,(#1047,#1054),.PCURVE_S1.);
#1042 = CIRCLE('',#1043,14.65);
#1043 = AXIS2_PLACEMENT_3D('',#1044,#1045,#1046);
#1044 = CARTESIAN_POINT('',(0.,0.,0.2));
#1045 = DIRECTION('',(0.,0.,1.));
#1046 = DIRECTION('',(1.,0.,-0.));
#1047 = PCURVE('',#71,#1048);
#1048 = DEFINITIONAL_REPRESENTATION('',(#1049),#1053);
#1049 = CIRCLE('',#1050,14.65);
#1050 = AXIS2_PLACEMENT_2D('',#1051,#1052);
#1051 = CARTESIAN_POINT('',(0.,0.));
#1052 = DIRECTION('',(1.,0.));
#1053 = ( GEOMETRIC_REPRESENTATION_CONTEXT(2) 
PARAMETRIC_REPRESENTATION_CONTEXT() REPRESENTATION_CONTEXT('2D SPACE',''
  ) );
#1054 = PCURVE('',#1055,#1060);
#1055 = CYLINDRICAL_SURFACE('',#1056,14.65);
#1056 = AXIS2_PLACEMENT_3D('',#1057,#1058,#1059);
#1057 = CARTESIAN_POINT('',(0.,0.,-0.3));
#1058 = DIRECTION('',(0.,0.,1.));
#1059 = DIRECTION('',(1.,0.,-0.));
#1060 = DEFINITIONAL_REPRESENTATION('',(#1061),#1065);
#1061 = LINE('',#1062,#1063);
#1062 = CARTESIAN_POINT('',(0.,0.5));
#1063 = VECTOR('',#1064,1.);
#1064 = DIRECTION('',(1.,0.));
#1065 = ( GEOMETRIC_REPRESENTATION_CONTEXT(2) 
PARAMETRIC_REPRESENTATION_CONTEXT() REPRESENTATION_CONTEXT('2D SPACE',''
  ) );
#1066 = ORIENTED_EDGE('',*,*,#1067,.T.);
#1067 = EDGE_CURVE('',#1039,#1068,#1070,.T.);
#1068 = VERTEX_POINT('',#1069);
#1069 = CARTESIAN_POINT('',(9.926889244673,-9.586285512334,0.2));
#1070 = SURFACE_CURVE('',#1071,(#1075,#1081),.PCURVE_S1.);
#1071 = LINE('',#1072,#1073);
#1072 = CARTESIAN_POINT('',(0.,0.,0.2));
#1073 = VECTOR('',#1074,1.);
#1074 = DIRECTION('',(-0.719339800339,0.694658370459,0.));
#1075 = PCURVE('',#71,#1076);
#1076 = DEFINITIONAL_REPRESENTATION('',(#1077),#1080);
#1077 = B_SPLINE_CURVE_WITH_KNOTS('',1,(#1078,#1079),.UNSPECIFIED.,.F.,
  .F.,(2,2),(-14.65,-13.),.PIECEWISE_BEZIER_KNOTS.);
#1078 = CARTESIAN_POINT('',(10.538328074961,-10.17674512722));
#1079 = CARTESIAN_POINT('',(9.351417404402,-9.030558815967));
#1080 = ( GEOMETRIC_REPRESENTATION_CONTEXT(2) 
PARAMETRIC_REPRESENTATION_CONTEXT() REPRESENTATION_CONTEXT('2D SPACE',''
  ) );
#1081 = PCURVE('',#1082,#1087);
#1082 = PLANE('',#1083);
#1083 = AXIS2_PLACEMENT_3D('',#1084,#1085,#1086);
#1084 = CARTESIAN_POINT('',(0.,0.,-0.3));
#1085 = DIRECTION('',(0.694658370459,0.719339800339,-0.));
#1086 = DIRECTION('',(0.719339800339,-0.694658370459,0.));
#1087 = DEFINITIONAL_REPRESENTATION('',(#1088),#1091);
#1088 = B_SPLINE_CURVE_WITH_KNOTS('',1,(#1089,#1090),.UNSPECIFIED.,.F.,
  .F.,(2,2),(-14.65,-13.),.PIECEWISE_BEZIER_KNOTS.);
#1089 = CARTESIAN_POINT('',(14.65,-0.5));
#1090 = CARTESIAN_POINT('',(13.,-0.5));
#1091 = ( GEOMETRIC_REPRESENTATION_CONTEXT(2) 
PARAMETRIC_REPRESENTATION_CONTEXT() REPRESENTATION_CONTEXT('2D SPACE',''
  ) );
#1092 = ORIENTED_EDGE('',*,*,#1093,.F.);
#1093 = EDGE_CURVE('',#1094,#1068,#1096,.T.);
#1094 = VERTEX_POINT('',#1095);
#1095 = CARTESIAN_POINT('',(1.202749249918,-13.74748683366,0.2));
#1096 = SURFACE_CURVE('',#1097,(#1102,#1109),.PCURVE_S1.);
#1097 = CIRCLE('',#1098,13.8);
#1098 = AXIS2_PLACEMENT_3D('',#1099,#1100,#1101);
#1099 = CARTESIAN_POINT('',(0.,0.,0.2));
#1100 = DIRECTION('',(0.,0.,1.));
#1101 = DIRECTION('',(1.,0.,-0.));
#1102 = PCURVE('',#71,#1103);
#1103 = DEFINITIONAL_REPRESENTATION('',(#1104),#1108);
#1104 = CIRCLE('',#1105,13.8);
#1105 = AXIS2_PLACEMENT_2D('',#1106,#1107);
#1106 = CARTESIAN_POINT('',(0.,0.));
#1107 = DIRECTION('',(1.,0.));
#1108 = ( GEOMETRIC_REPRESENTATION_CONTEXT(2) 
PARAMETRIC_REPRESENTATION_CONTEXT() REPRESENTATION_CONTEXT('2D SPACE',''
  ) );
#1109 = PCURVE('',#1110,#1115);
#1110 = CYLINDRICAL_SURFACE('',#1111,13.8);
#1111 = AXIS2_PLACEMENT_3D('',#1112,#1113,#1114);
#1112 = CARTESIAN_POINT('',(0.,0.,0.2));
#1113 = DIRECTION('',(0.,0.,1.));
#1114 = DIRECTION('',(1.,0.,-0.));
#1115 = DEFINITIONAL_REPRESENTATION('',(#1116),#1120);
#1116 = LINE('',#1117,#1118);
#1117 = CARTESIAN_POINT('',(0.,0.));
#1118 = VECTOR('',#1119,1.);
#1119 = DIRECTION('',(1.,0.));
#1120 = ( GEOMETRIC_REPRESENTATION_CONTEXT(2) 
PARAMETRIC_REPRESENTATION_CONTEXT() REPRESENTATION_CONTEXT('2D SPACE',''
  ) );
#1121 = ORIENTED_EDGE('',*,*,#1122,.T.);
#1122 = EDGE_CURVE('',#1094,#1123,#1125,.T.);
#1123 = VERTEX_POINT('',#1124);
#1124 = CARTESIAN_POINT('',(1.276831631253,-14.59425232704,0.2));
#1125 = SURFACE_CURVE('',#1126,(#1130,#1136),.PCURVE_S1.);
#1126 = LINE('',#1127,#1128);
#1127 = CARTESIAN_POINT('',(0.725571558374,-8.293320861614,0.2));
#1128 = VECTOR('',#1129,1.);
#1129 = DIRECTION('',(8.715574274766E-02,-0.996194698092,0.));
#1130 = PCURVE('',#71,#1131);
#1131 = DEFINITIONAL_REPRESENTATION('',(#1132),#1135);
#1132 = B_SPLINE_CURVE_WITH_KNOTS('',1,(#1133,#1134),.UNSPECIFIED.,.F.,
  .F.,(2,2),(4.675,6.325),.PIECEWISE_BEZIER_KNOTS.);
#1133 = CARTESIAN_POINT('',(1.13302465572,-12.95053107519));
#1134 = CARTESIAN_POINT('',(1.276831631253,-14.59425232704));
#1135 = ( GEOMETRIC_REPRESENTATION_CONTEXT(2) 
PARAMETRIC_REPRESENTATION_CONTEXT() REPRESENTATION_CONTEXT('2D SPACE',''
  ) );
#1136 = PCURVE('',#1137,#1142);
#1137 = PLANE('',#1138);
#1138 = AXIS2_PLACEMENT_3D('',#1139,#1140,#1141);
#1139 = CARTESIAN_POINT('',(1.451143116749,-16.58664172322,-0.3));
#1140 = DIRECTION('',(-0.996194698092,-8.715574274766E-02,0.));
#1141 = DIRECTION('',(-8.715574274766E-02,0.996194698092,0.));
#1142 = DEFINITIONAL_REPRESENTATION('',(#1143),#1146);
#1143 = B_SPLINE_CURVE_WITH_KNOTS('',1,(#1144,#1145),.UNSPECIFIED.,.F.,
  .F.,(2,2),(4.675,6.325),.PIECEWISE_BEZIER_KNOTS.);
#1144 = CARTESIAN_POINT('',(3.65,-0.5));
#1145 = CARTESIAN_POINT('',(2.,-0.5));
#1146 = ( GEOMETRIC_REPRESENTATION_CONTEXT(2) 
PARAMETRIC_REPRESENTATION_CONTEXT() REPRESENTATION_CONTEXT('2D SPACE',''
  ) );
#1147 = ORIENTED_EDGE('',*,*,#1148,.F.);
#1148 = EDGE_CURVE('',#1149,#1123,#1151,.T.);
#1149 = VERTEX_POINT('',#1150);
#1150 = CARTESIAN_POINT('',(-14.08248384549,-4.038087262719,0.2));
#1151 = SURFACE_CURVE('',#1152,(#1157,#1164),.PCURVE_S1.);
#1152 = CIRCLE('',#1153,14.65);
#1153 = AXIS2_PLACEMENT_3D('',#1154,#1155,#1156);
#1154 = CARTESIAN_POINT('',(0.,0.,0.2));
#1155 = DIRECTION('',(0.,0.,1.));
#1156 = DIRECTION('',(1.,0.,-0.));
#1157 = PCURVE('',#71,#1158);
#1158 = DEFINITIONAL_REPRESENTATION('',(#1159),#1163);
#1159 = CIRCLE('',#1160,14.65);
#1160 = AXIS2_PLACEMENT_2D('',#1161,#1162);
#1161 = CARTESIAN_POINT('',(0.,0.));
#1162 = DIRECTION('',(1.,0.));
#1163 = ( GEOMETRIC_REPRESENTATION_CONTEXT(2) 
PARAMETRIC_REPRESENTATION_CONTEXT() REPRESENTATION_CONTEXT('2D SPACE',''
  ) );
#1164 = PCURVE('',#1165,#1170);
#1165 = CYLINDRICAL_SURFACE('',#1166,14.65);
#1166 = AXIS2_PLACEMENT_3D('',#1167,#1168,#1169);
#1167 = CARTESIAN_POINT('',(0.,0.,-0.3));
#1168 = DIRECTION('',(0.,0.,1.));
#1169 = DIRECTION('',(1.,0.,-0.));
#1170 = DEFINITIONAL_REPRESENTATION('',(#1171),#1175);
#1171 = LINE('',#1172,#1173);
#1172 = CARTESIAN_POINT('',(0.,0.5));
#1173 = VECTOR('',#1174,1.);
#1174 = DIRECTION('',(1.,0.));
#1175 = ( GEOMETRIC_REPRESENTATION_CONTEXT(2) 
PARAMETRIC_REPRESENTATION_CONTEXT() REPRESENTATION_CONTEXT('2D SPACE',''
  ) );
#1176 = ORIENTED_EDGE('',*,*,#1177,.T.);
#1177 = EDGE_CURVE('',#1149,#1178,#1180,.T.);
#1178 = VERTEX_POINT('',#1179);
#1179 = CARTESIAN_POINT('',(-13.26541140394,-3.803795510275,0.2));
#1180 = SURFACE_CURVE('',#1181,(#1185,#1191),.PCURVE_S1.);
#1181 = LINE('',#1182,#1183);
#1182 = CARTESIAN_POINT('',(0.,0.,0.2));
#1183 = VECTOR('',#1184,1.);
#1184 = DIRECTION('',(0.961261695938,0.275637355817,-0.));
#1185 = PCURVE('',#71,#1186);
#1186 = DEFINITIONAL_REPRESENTATION('',(#1187),#1190);
#1187 = B_SPLINE_CURVE_WITH_KNOTS('',1,(#1188,#1189),.UNSPECIFIED.,.F.,
  .F.,(2,2),(-14.65,-13.),.PIECEWISE_BEZIER_KNOTS.);
#1188 = CARTESIAN_POINT('',(-14.08248384549,-4.038087262719));
#1189 = CARTESIAN_POINT('',(-12.49640204719,-3.583285625621));
#1190 = ( GEOMETRIC_REPRESENTATION_CONTEXT(2) 
PARAMETRIC_REPRESENTATION_CONTEXT() REPRESENTATION_CONTEXT('2D SPACE',''
  ) );
#1191 = PCURVE('',#1192,#1197);
#1192 = PLANE('',#1193);
#1193 = AXIS2_PLACEMENT_3D('',#1194,#1195,#1196);
#1194 = CARTESIAN_POINT('',(0.,0.,-0.3));
#1195 = DIRECTION('',(0.275637355817,-0.961261695938,0.));
#1196 = DIRECTION('',(-0.961261695938,-0.275637355817,0.));
#1197 = DEFINITIONAL_REPRESENTATION('',(#1198),#1201);
#1198 = B_SPLINE_CURVE_WITH_KNOTS('',1,(#1199,#1200),.UNSPECIFIED.,.F.,
  .F.,(2,2),(-14.65,-13.),.PIECEWISE_BEZIER_KNOTS.);
#1199 = CARTESIAN_POINT('',(14.65,-0.5));
#1200 = CARTESIAN_POINT('',(13.,-0.5));
#1201 = ( GEOMETRIC_REPRESENTATION_CONTEXT(2) 
PARAMETRIC_REPRESENTATION_CONTEXT() REPRESENTATION_CONTEXT('2D SPACE',''
  ) );
#1202 = ORIENTED_EDGE('',*,*,#1203,.F.);
#1203 = EDGE_CURVE('',#1204,#1178,#1206,.T.);
#1204 = VERTEX_POINT('',#1205);
#1205 = CARTESIAN_POINT('',(-12.5070474611,5.832132012022,0.2));
#1206 = SURFACE_CURVE('',#1207,(#1212,#1219),.PCURVE_S1.);
#1207 = CIRCLE('',#1208,13.8);
#1208 = AXIS2_PLACEMENT_3D('',#1209,#1210,#1211);
#1209 = CARTESIAN_POINT('',(0.,0.,0.2));
#1210 = DIRECTION('',(0.,0.,1.));
#1211 = DIRECTION('',(1.,0.,-0.));
#1212 = PCURVE('',#71,#1213);
#1213 = DEFINITIONAL_REPRESENTATION('',(#1214),#1218);
#1214 = CIRCLE('',#1215,13.8);
#1215 = AXIS2_PLACEMENT_2D('',#1216,#1217);
#1216 = CARTESIAN_POINT('',(0.,0.));
#1217 = DIRECTION('',(1.,0.));
#1218 = ( GEOMETRIC_REPRESENTATION_CONTEXT(2) 
PARAMETRIC_REPRESENTATION_CONTEXT() REPRESENTATION_CONTEXT('2D SPACE',''
  ) );
#1219 = PCURVE('',#1220,#1225);
#1220 = CYLINDRICAL_SURFACE('',#1221,13.8);
#1221 = AXIS2_PLACEMENT_3D('',#1222,#1223,#1224);
#1222 = CARTESIAN_POINT('',(0.,0.,0.2));
#1223 = DIRECTION('',(0.,0.,1.));
#1224 = DIRECTION('',(1.,0.,-0.));
#1225 = DEFINITIONAL_REPRESENTATION('',(#1226),#1230);
#1226 = LINE('',#1227,#1228);
#1227 = CARTESIAN_POINT('',(0.,0.));
#1228 = VECTOR('',#1229,1.);
#1229 = DIRECTION('',(1.,0.));
#1230 = ( GEOMETRIC_REPRESENTATION_CONTEXT(2) 
PARAMETRIC_REPRESENTATION_CONTEXT() REPRESENTATION_CONTEXT('2D SPACE',''
  ) );
#1231 = ORIENTED_EDGE('',*,*,#1232,.T.);
#1232 = EDGE_CURVE('',#1204,#1233,#1235,.T.);
#1233 = VERTEX_POINT('',#1234);
#1234 = CARTESIAN_POINT('',(-13.27740908008,6.191357534501,0.2));
#1235 = SURFACE_CURVE('',#1236,(#1240,#1246),.PCURVE_S1.);
#1236 = LINE('',#1237,#1238);
#1237 = CARTESIAN_POINT('',(-7.54501232708,3.518297028991,0.2));
#1238 = VECTOR('',#1239,1.);
#1239 = DIRECTION('',(-0.906307787037,0.422618261741,0.));
#1240 = PCURVE('',#71,#1241);
#1241 = DEFINITIONAL_REPRESENTATION('',(#1242),#1245);
#1242 = B_SPLINE_CURVE_WITH_KNOTS('',1,(#1243,#1244),.UNSPECIFIED.,.F.,
  .F.,(2,2),(4.675,6.325),.PIECEWISE_BEZIER_KNOTS.);
#1243 = CARTESIAN_POINT('',(-11.78200123147,5.494037402629));
#1244 = CARTESIAN_POINT('',(-13.27740908008,6.191357534501));
#1245 = ( GEOMETRIC_REPRESENTATION_CONTEXT(2) 
PARAMETRIC_REPRESENTATION_CONTEXT() REPRESENTATION_CONTEXT('2D SPACE',''
  ) );
#1246 = PCURVE('',#1247,#1252);
#1247 = PLANE('',#1248);
#1248 = AXIS2_PLACEMENT_3D('',#1249,#1250,#1251);
#1249 = CARTESIAN_POINT('',(-15.09002465416,7.036594057983,-0.3));
#1250 = DIRECTION('',(0.422618261741,0.906307787037,-0.));
#1251 = DIRECTION('',(0.906307787037,-0.422618261741,0.));
#1252 = DEFINITIONAL_REPRESENTATION('',(#1253),#1256);
#1253 = B_SPLINE_CURVE_WITH_KNOTS('',1,(#1254,#1255),.UNSPECIFIED.,.F.,
  .F.,(2,2),(4.675,6.325),.PIECEWISE_BEZIER_KNOTS.);
#1254 = CARTESIAN_POINT('',(3.65,-0.5));
#1255 = CARTESIAN_POINT('',(2.,-0.5));
#1256 = ( GEOMETRIC_REPRESENTATION_CONTEXT(2) 
PARAMETRIC_REPRESENTATION_CONTEXT() REPRESENTATION_CONTEXT('2D SPACE',''
  ) );
#1257 = ORIENTED_EDGE('',*,*,#1258,.F.);
#1258 = EDGE_CURVE('',#1259,#1233,#1261,.T.);
#1259 = VERTEX_POINT('',#1260);
#1260 = CARTESIAN_POINT('',(3.544155770535,14.214832389943,0.2));
#1261 = SURFACE_CURVE('',#1262,(#1267,#1274),.PCURVE_S1.);
#1262 = CIRCLE('',#1263,14.65);
#1263 = AXIS2_PLACEMENT_3D('',#1264,#1265,#1266);
#1264 = CARTESIAN_POINT('',(0.,0.,0.2));
#1265 = DIRECTION('',(0.,0.,1.));
#1266 = DIRECTION('',(1.,0.,-0.));
#1267 = PCURVE('',#71,#1268);
#1268 = DEFINITIONAL_REPRESENTATION('',(#1269),#1273);
#1269 = CIRCLE('',#1270,14.65);
#1270 = AXIS2_PLACEMENT_2D('',#1271,#1272);
#1271 = CARTESIAN_POINT('',(0.,0.));
#1272 = DIRECTION('',(1.,0.));
#1273 = ( GEOMETRIC_REPRESENTATION_CONTEXT(2) 
PARAMETRIC_REPRESENTATION_CONTEXT() REPRESENTATION_CONTEXT('2D SPACE',''
  ) );
#1274 = PCURVE('',#1275,#1280);
#1275 = CYLINDRICAL_SURFACE('',#1276,14.65);
#1276 = AXIS2_PLACEMENT_3D('',#1277,#1278,#1279);
#1277 = CARTESIAN_POINT('',(0.,0.,-0.3));
#1278 = DIRECTION('',(0.,0.,1.));
#1279 = DIRECTION('',(1.,0.,-0.));
#1280 = DEFINITIONAL_REPRESENTATION('',(#1281),#1285);
#1281 = LINE('',#1282,#1283);
#1282 = CARTESIAN_POINT('',(0.,0.5));
#1283 = VECTOR('',#1284,1.);
#1284 = DIRECTION('',(1.,0.));
#1285 = ( GEOMETRIC_REPRESENTATION_CONTEXT(2) 
PARAMETRIC_REPRESENTATION_CONTEXT() REPRESENTATION_CONTEXT('2D SPACE',''
  ) );
#1286 = ORIENTED_EDGE('',*,*,#1287,.T.);
#1287 = EDGE_CURVE('',#1259,#984,#1288,.T.);
#1288 = SURFACE_CURVE('',#1289,(#1293,#1299),.PCURVE_S1.);
#1289 = LINE('',#1290,#1291);
#1290 = CARTESIAN_POINT('',(0.,0.,0.2));
#1291 = VECTOR('',#1292,1.);
#1292 = DIRECTION('',(-0.2419218956,-0.970295726276,0.));
#1293 = PCURVE('',#71,#1294);
#1294 = DEFINITIONAL_REPRESENTATION('',(#1295),#1298);
#1295 = B_SPLINE_CURVE_WITH_KNOTS('',1,(#1296,#1297),.UNSPECIFIED.,.F.,
  .F.,(2,2),(-14.65,-13.),.PIECEWISE_BEZIER_KNOTS.);
#1296 = CARTESIAN_POINT('',(3.544155770535,14.214832389943));
#1297 = CARTESIAN_POINT('',(3.144984642796,12.613844441588));
#1298 = ( GEOMETRIC_REPRESENTATION_CONTEXT(2) 
PARAMETRIC_REPRESENTATION_CONTEXT() REPRESENTATION_CONTEXT('2D SPACE',''
  ) );
#1299 = PCURVE('',#1300,#1305);
#1300 = PLANE('',#1301);
#1301 = AXIS2_PLACEMENT_3D('',#1302,#1303,#1304);
#1302 = CARTESIAN_POINT('',(0.,0.,-0.3));
#1303 = DIRECTION('',(-0.970295726276,0.2419218956,0.));
#1304 = DIRECTION('',(0.2419218956,0.970295726276,0.));
#1305 = DEFINITIONAL_REPRESENTATION('',(#1306),#1309);
#1306 = B_SPLINE_CURVE_WITH_KNOTS('',1,(#1307,#1308),.UNSPECIFIED.,.F.,
  .F.,(2,2),(-14.65,-13.),.PIECEWISE_BEZIER_KNOTS.);
#1307 = CARTESIAN_POINT('',(14.65,-0.5));
#1308 = CARTESIAN_POINT('',(13.,-0.5));
#1309 = ( GEOMETRIC_REPRESENTATION_CONTEXT(2) 
PARAMETRIC_REPRESENTATION_CONTEXT() REPRESENTATION_CONTEXT('2D SPACE',''
  ) );
#1310 = ADVANCED_FACE('',(#1311),#201,.T.);
#1311 = FACE_BOUND('',#1312,.T.);
#1312 = EDGE_LOOP('',(#1313,#1332,#1333,#1334));
#1313 = ORIENTED_EDGE('',*,*,#1314,.F.);
#1314 = EDGE_CURVE('',#934,#565,#1315,.T.);
#1315 = SURFACE_CURVE('',#1316,(#1320,#1326),.PCURVE_S1.);
#1316 = LINE('',#1317,#1318);
#1317 = CARTESIAN_POINT('',(11.824458687726,-10.73420126242,0.2));
#1318 = VECTOR('',#1319,1.);
#1319 = DIRECTION('',(0.,0.,1.));
#1320 = PCURVE('',#201,#1321);
#1321 = DEFINITIONAL_REPRESENTATION('',(#1322),#1325);
#1322 = B_SPLINE_CURVE_WITH_KNOTS('',1,(#1323,#1324),.UNSPECIFIED.,.F.,
  .F.,(2,2),(-5.999999999895E-07,7.5000006),.PIECEWISE_BEZIER_KNOTS.);
#1323 = CARTESIAN_POINT('',(5.546079451439,-5.999999999895E-07));
#1324 = CARTESIAN_POINT('',(5.546079451439,7.5000006));
#1325 = ( GEOMETRIC_REPRESENTATION_CONTEXT(2) 
PARAMETRIC_REPRESENTATION_CONTEXT() REPRESENTATION_CONTEXT('2D SPACE',''
  ) );
#1326 = PCURVE('',#581,#1327);
#1327 = DEFINITIONAL_REPRESENTATION('',(#1328),#1331);
#1328 = B_SPLINE_CURVE_WITH_KNOTS('',1,(#1329,#1330),.UNSPECIFIED.,.F.,
  .F.,(2,2),(-5.999999999895E-07,7.5000006),.PIECEWISE_BEZIER_KNOTS.);
#1329 = CARTESIAN_POINT('',(1.773036002067,-5.999999999895E-07));
#1330 = CARTESIAN_POINT('',(1.773036002067,7.5000006));
#1331 = ( GEOMETRIC_REPRESENTATION_CONTEXT(2) 
PARAMETRIC_REPRESENTATION_CONTEXT() REPRESENTATION_CONTEXT('2D SPACE',''
  ) );
#1332 = ORIENTED_EDGE('',*,*,#957,.T.);
#1333 = ORIENTED_EDGE('',*,*,#188,.T.);
#1334 = ORIENTED_EDGE('',*,*,#593,.F.);
#1335 = ADVANCED_FACE('',(#1336),#581,.F.);
#1336 = FACE_BOUND('',#1337,.F.);
#1337 = EDGE_LOOP('',(#1338,#1339,#1340,#1341));
#1338 = ORIENTED_EDGE('',*,*,#564,.F.);
#1339 = ORIENTED_EDGE('',*,*,#1314,.F.);
#1340 = ORIENTED_EDGE('',*,*,#933,.T.);
#1341 = ORIENTED_EDGE('',*,*,#1342,.T.);
#1342 = EDGE_CURVE('',#910,#536,#1343,.T.);
#1343 = SURFACE_CURVE('',#1344,(#1348,#1354),.PCURVE_S1.);
#1344 = LINE('',#1345,#1346);
#1345 = CARTESIAN_POINT('',(10.734201262426,-11.82445868772,0.2));
#1346 = VECTOR('',#1347,1.);
#1347 = DIRECTION('',(0.,0.,1.));
#1348 = PCURVE('',#581,#1349);
#1349 = DEFINITIONAL_REPRESENTATION('',(#1350),#1353);
#1350 = B_SPLINE_CURVE_WITH_KNOTS('',1,(#1351,#1352),.UNSPECIFIED.,.F.,
  .F.,(2,2),(-5.999999999895E-07,7.5000006),.PIECEWISE_BEZIER_KNOTS.);
#1351 = CARTESIAN_POINT('',(2.939352978317,-5.999999999895E-07));
#1352 = CARTESIAN_POINT('',(2.939352978317,7.5000006));
#1353 = ( GEOMETRIC_REPRESENTATION_CONTEXT(2) 
PARAMETRIC_REPRESENTATION_CONTEXT() REPRESENTATION_CONTEXT('2D SPACE',''
  ) );
#1354 = PCURVE('',#552,#1355);
#1355 = DEFINITIONAL_REPRESENTATION('',(#1356),#1359);
#1356 = B_SPLINE_CURVE_WITH_KNOTS('',1,(#1357,#1358),.UNSPECIFIED.,.F.,
  .F.,(2,2),(-5.999999999895E-07,7.5000006),.PIECEWISE_BEZIER_KNOTS.);
#1357 = CARTESIAN_POINT('',(5.449494836125,-5.999999999895E-07));
#1358 = CARTESIAN_POINT('',(5.449494836125,7.5000006));
#1359 = ( GEOMETRIC_REPRESENTATION_CONTEXT(2) 
PARAMETRIC_REPRESENTATION_CONTEXT() REPRESENTATION_CONTEXT('2D SPACE',''
  ) );
#1360 = ADVANCED_FACE('',(#1361),#552,.T.);
#1361 = FACE_BOUND('',#1362,.T.);
#1362 = EDGE_LOOP('',(#1363,#1382,#1383,#1384));
#1363 = ORIENTED_EDGE('',*,*,#1364,.F.);
#1364 = EDGE_CURVE('',#886,#507,#1365,.T.);
#1365 = SURFACE_CURVE('',#1366,(#1370,#1376),.PCURVE_S1.);
#1366 = LINE('',#1367,#1368);
#1367 = CARTESIAN_POINT('',(0.770928418669,-15.95138142523,0.2));
#1368 = VECTOR('',#1369,1.);
#1369 = DIRECTION('',(0.,0.,1.));
#1370 = PCURVE('',#552,#1371);
#1371 = DEFINITIONAL_REPRESENTATION('',(#1372),#1375);
#1372 = B_SPLINE_CURVE_WITH_KNOTS('',1,(#1373,#1374),.UNSPECIFIED.,.F.,
  .F.,(2,2),(-5.999999999895E-07,7.5000006),.PIECEWISE_BEZIER_KNOTS.);
#1373 = CARTESIAN_POINT('',(4.760681288042,-5.999999999895E-07));
#1374 = CARTESIAN_POINT('',(4.760681288042,7.5000006));
#1375 = ( GEOMETRIC_REPRESENTATION_CONTEXT(2) 
PARAMETRIC_REPRESENTATION_CONTEXT() REPRESENTATION_CONTEXT('2D SPACE',''
  ) );
#1376 = PCURVE('',#523,#1377);
#1377 = DEFINITIONAL_REPRESENTATION('',(#1378),#1381);
#1378 = B_SPLINE_CURVE_WITH_KNOTS('',1,(#1379,#1380),.UNSPECIFIED.,.F.,
  .F.,(2,2),(-5.999999999895E-07,7.5000006),.PIECEWISE_BEZIER_KNOTS.);
#1379 = CARTESIAN_POINT('',(0.98763783867,-5.999999999895E-07));
#1380 = CARTESIAN_POINT('',(0.98763783867,7.5000006));
#1381 = ( GEOMETRIC_REPRESENTATION_CONTEXT(2) 
PARAMETRIC_REPRESENTATION_CONTEXT() REPRESENTATION_CONTEXT('2D SPACE',''
  ) );
#1382 = ORIENTED_EDGE('',*,*,#909,.T.);
#1383 = ORIENTED_EDGE('',*,*,#1342,.T.);
#1384 = ORIENTED_EDGE('',*,*,#535,.F.);
#1385 = ADVANCED_FACE('',(#1386),#523,.F.);
#1386 = FACE_BOUND('',#1387,.F.);
#1387 = EDGE_LOOP('',(#1388,#1389,#1390,#1391));
#1388 = ORIENTED_EDGE('',*,*,#506,.F.);
#1389 = ORIENTED_EDGE('',*,*,#1364,.F.);
#1390 = ORIENTED_EDGE('',*,*,#885,.T.);
#1391 = ORIENTED_EDGE('',*,*,#1392,.T.);
#1392 = EDGE_CURVE('',#862,#478,#1393,.T.);
#1393 = SURFACE_CURVE('',#1394,(#1398,#1404),.PCURVE_S1.);
#1394 = LINE('',#1395,#1396);
#1395 = CARTESIAN_POINT('',(-0.770928418669,-15.95138142523,0.2));
#1396 = VECTOR('',#1397,1.);
#1397 = DIRECTION('',(0.,0.,1.));
#1398 = PCURVE('',#523,#1399);
#1399 = DEFINITIONAL_REPRESENTATION('',(#1400),#1403);
#1400 = B_SPLINE_CURVE_WITH_KNOTS('',1,(#1401,#1402),.UNSPECIFIED.,.F.,
  .F.,(2,2),(-5.999999999895E-07,7.5000006),.PIECEWISE_BEZIER_KNOTS.);
#1401 = CARTESIAN_POINT('',(2.15395481492,-5.999999999895E-07));
#1402 = CARTESIAN_POINT('',(2.15395481492,7.5000006));
#1403 = ( GEOMETRIC_REPRESENTATION_CONTEXT(2) 
PARAMETRIC_REPRESENTATION_CONTEXT() REPRESENTATION_CONTEXT('2D SPACE',''
  ) );
#1404 = PCURVE('',#494,#1405);
#1405 = DEFINITIONAL_REPRESENTATION('',(#1406),#1409);
#1406 = B_SPLINE_CURVE_WITH_KNOTS('',1,(#1407,#1408),.UNSPECIFIED.,.F.,
  .F.,(2,2),(-5.999999999895E-07,7.5000006),.PIECEWISE_BEZIER_KNOTS.);
#1407 = CARTESIAN_POINT('',(4.664096672728,-5.999999999895E-07));
#1408 = CARTESIAN_POINT('',(4.664096672728,7.5000006));
#1409 = ( GEOMETRIC_REPRESENTATION_CONTEXT(2) 
PARAMETRIC_REPRESENTATION_CONTEXT() REPRESENTATION_CONTEXT('2D SPACE',''
  ) );
#1410 = ADVANCED_FACE('',(#1411),#494,.T.);
#1411 = FACE_BOUND('',#1412,.T.);
#1412 = EDGE_LOOP('',(#1413,#1432,#1433,#1434));
#1413 = ORIENTED_EDGE('',*,*,#1414,.F.);
#1414 = EDGE_CURVE('',#838,#449,#1415,.T.);
#1415 = SURFACE_CURVE('',#1416,(#1420,#1426),.PCURVE_S1.);
#1416 = LINE('',#1417,#1418);
#1417 = CARTESIAN_POINT('',(-10.73420126242,-11.82445868772,0.2));
#1418 = VECTOR('',#1419,1.);
#1419 = DIRECTION('',(0.,0.,1.));
#1420 = PCURVE('',#494,#1421);
#1421 = DEFINITIONAL_REPRESENTATION('',(#1422),#1425);
#1422 = B_SPLINE_CURVE_WITH_KNOTS('',1,(#1423,#1424),.UNSPECIFIED.,.F.,
  .F.,(2,2),(-5.999999999895E-07,7.5000006),.PIECEWISE_BEZIER_KNOTS.);
#1423 = CARTESIAN_POINT('',(3.975283124644,-5.999999999895E-07));
#1424 = CARTESIAN_POINT('',(3.975283124644,7.5000006));
#1425 = ( GEOMETRIC_REPRESENTATION_CONTEXT(2) 
PARAMETRIC_REPRESENTATION_CONTEXT() REPRESENTATION_CONTEXT('2D SPACE',''
  ) );
#1426 = PCURVE('',#465,#1427);
#1427 = DEFINITIONAL_REPRESENTATION('',(#1428),#1431);
#1428 = B_SPLINE_CURVE_WITH_KNOTS('',1,(#1429,#1430),.UNSPECIFIED.,.F.,
  .F.,(2,2),(-5.999999999895E-07,7.5000006),.PIECEWISE_BEZIER_KNOTS.);
#1429 = CARTESIAN_POINT('',(0.202239675272,-5.999999999895E-07));
#1430 = CARTESIAN_POINT('',(0.202239675272,7.5000006));
#1431 = ( GEOMETRIC_REPRESENTATION_CONTEXT(2) 
PARAMETRIC_REPRESENTATION_CONTEXT() REPRESENTATION_CONTEXT('2D SPACE',''
  ) );
#1432 = ORIENTED_EDGE('',*,*,#861,.T.);
#1433 = ORIENTED_EDGE('',*,*,#1392,.T.);
#1434 = ORIENTED_EDGE('',*,*,#477,.F.);
#1435 = ADVANCED_FACE('',(#1436),#465,.F.);
#1436 = FACE_BOUND('',#1437,.F.);
#1437 = EDGE_LOOP('',(#1438,#1439,#1440,#1441));
#1438 = ORIENTED_EDGE('',*,*,#448,.F.);
#1439 = ORIENTED_EDGE('',*,*,#1414,.F.);
#1440 = ORIENTED_EDGE('',*,*,#837,.T.);
#1441 = ORIENTED_EDGE('',*,*,#1442,.T.);
#1442 = EDGE_CURVE('',#814,#420,#1443,.T.);
#1443 = SURFACE_CURVE('',#1444,(#1448,#1454),.PCURVE_S1.);
#1444 = LINE('',#1445,#1446);
#1445 = CARTESIAN_POINT('',(-11.82445868772,-10.73420126242,0.2));
#1446 = VECTOR('',#1447,1.);
#1447 = DIRECTION('',(0.,0.,1.));
#1448 = PCURVE('',#465,#1449);
#1449 = DEFINITIONAL_REPRESENTATION('',(#1450),#1453);
#1450 = B_SPLINE_CURVE_WITH_KNOTS('',1,(#1451,#1452),.UNSPECIFIED.,.F.,
  .F.,(2,2),(-5.999999999895E-07,7.5000006),.PIECEWISE_BEZIER_KNOTS.);
#1451 = CARTESIAN_POINT('',(1.368556651523,-5.999999999895E-07));
#1452 = CARTESIAN_POINT('',(1.368556651523,7.5000006));
#1453 = ( GEOMETRIC_REPRESENTATION_CONTEXT(2) 
PARAMETRIC_REPRESENTATION_CONTEXT() REPRESENTATION_CONTEXT('2D SPACE',''
  ) );
#1454 = PCURVE('',#436,#1455);
#1455 = DEFINITIONAL_REPRESENTATION('',(#1456),#1459);
#1456 = B_SPLINE_CURVE_WITH_KNOTS('',1,(#1457,#1458),.UNSPECIFIED.,.F.,
  .F.,(2,2),(-5.999999999895E-07,7.5000006),.PIECEWISE_BEZIER_KNOTS.);
#1457 = CARTESIAN_POINT('',(3.87869850933,-5.999999999895E-07));
#1458 = CARTESIAN_POINT('',(3.87869850933,7.5000006));
#1459 = ( GEOMETRIC_REPRESENTATION_CONTEXT(2) 
PARAMETRIC_REPRESENTATION_CONTEXT() REPRESENTATION_CONTEXT('2D SPACE',''
  ) );
#1460 = ADVANCED_FACE('',(#1461),#436,.T.);
#1461 = FACE_BOUND('',#1462,.T.);
#1462 = EDGE_LOOP('',(#1463,#1482,#1483,#1484));
#1463 = ORIENTED_EDGE('',*,*,#1464,.F.);
#1464 = EDGE_CURVE('',#790,#387,#1465,.T.);
#1465 = SURFACE_CURVE('',#1466,(#1470,#1476),.PCURVE_S1.);
#1466 = LINE('',#1467,#1468);
#1467 = CARTESIAN_POINT('',(-15.95138142523,-0.770928418669,0.2));
#1468 = VECTOR('',#1469,1.);
#1469 = DIRECTION('',(0.,0.,1.));
#1470 = PCURVE('',#436,#1471);
#1471 = DEFINITIONAL_REPRESENTATION('',(#1472),#1475);
#1472 = B_SPLINE_CURVE_WITH_KNOTS('',1,(#1473,#1474),.UNSPECIFIED.,.F.,
  .F.,(2,2),(-5.999999999895E-07,7.5000006),.PIECEWISE_BEZIER_KNOTS.);
#1473 = CARTESIAN_POINT('',(3.189884961247,-5.999999999895E-07));
#1474 = CARTESIAN_POINT('',(3.189884961247,7.5000006));
#1475 = ( GEOMETRIC_REPRESENTATION_CONTEXT(2) 
PARAMETRIC_REPRESENTATION_CONTEXT() REPRESENTATION_CONTEXT('2D SPACE',''
  ) );
#1476 = PCURVE('',#407,#1477);
#1477 = DEFINITIONAL_REPRESENTATION('',(#1478),#1481);
#1478 = B_SPLINE_CURVE_WITH_KNOTS('',1,(#1479,#1480),.UNSPECIFIED.,.F.,
  .F.,(2,2),(0.,7.5),.PIECEWISE_BEZIER_KNOTS.);
#1479 = CARTESIAN_POINT('',(5.700026819054,0.));
#1480 = CARTESIAN_POINT('',(5.700026819054,7.5));
#1481 = ( GEOMETRIC_REPRESENTATION_CONTEXT(2) 
PARAMETRIC_REPRESENTATION_CONTEXT() REPRESENTATION_CONTEXT('2D SPACE',''
  ) );
#1482 = ORIENTED_EDGE('',*,*,#813,.T.);
#1483 = ORIENTED_EDGE('',*,*,#1442,.T.);
#1484 = ORIENTED_EDGE('',*,*,#419,.F.);
#1485 = ADVANCED_FACE('',(#1486),#407,.F.);
#1486 = FACE_BOUND('',#1487,.F.);
#1487 = EDGE_LOOP('',(#1488,#1489,#1508,#1509));
#1488 = ORIENTED_EDGE('',*,*,#789,.T.);
#1489 = ORIENTED_EDGE('',*,*,#1490,.T.);
#1490 = EDGE_CURVE('',#766,#358,#1491,.T.);
#1491 = SURFACE_CURVE('',#1492,(#1496,#1502),.PCURVE_S1.);
#1492 = LINE('',#1493,#1494);
#1493 = CARTESIAN_POINT('',(-15.95138142523,0.770928418669,0.2));
#1494 = VECTOR('',#1495,1.);
#1495 = DIRECTION('',(0.,0.,1.));
#1496 = PCURVE('',#407,#1497);
#1497 = DEFINITIONAL_REPRESENTATION('',(#1498),#1501);
#1498 = B_SPLINE_CURVE_WITH_KNOTS('',1,(#1499,#1500),.UNSPECIFIED.,.F.,
  .F.,(2,2),(0.,7.5),.PIECEWISE_BEZIER_KNOTS.);
#1499 = CARTESIAN_POINT('',(6.866343795305,0.));
#1500 = CARTESIAN_POINT('',(6.866343795305,7.5));
#1501 = ( GEOMETRIC_REPRESENTATION_CONTEXT(2) 
PARAMETRIC_REPRESENTATION_CONTEXT() REPRESENTATION_CONTEXT('2D SPACE',''
  ) );
#1502 = PCURVE('',#374,#1503);
#1503 = DEFINITIONAL_REPRESENTATION('',(#1504),#1507);
#1504 = B_SPLINE_CURVE_WITH_KNOTS('',1,(#1505,#1506),.UNSPECIFIED.,.F.,
  .F.,(2,2),(-5.999999999895E-07,7.5000006),.PIECEWISE_BEZIER_KNOTS.);
#1505 = CARTESIAN_POINT('',(3.093300345933,-5.999999999895E-07));
#1506 = CARTESIAN_POINT('',(3.093300345933,7.5000006));
#1507 = ( GEOMETRIC_REPRESENTATION_CONTEXT(2) 
PARAMETRIC_REPRESENTATION_CONTEXT() REPRESENTATION_CONTEXT('2D SPACE',''
  ) );
#1508 = ORIENTED_EDGE('',*,*,#386,.T.);
#1509 = ORIENTED_EDGE('',*,*,#1464,.F.);
#1510 = ADVANCED_FACE('',(#1511),#374,.T.);
#1511 = FACE_BOUND('',#1512,.T.);
#1512 = EDGE_LOOP('',(#1513,#1532,#1533,#1534));
#1513 = ORIENTED_EDGE('',*,*,#1514,.F.);
#1514 = EDGE_CURVE('',#742,#329,#1515,.T.);
#1515 = SURFACE_CURVE('',#1516,(#1520,#1526),.PCURVE_S1.);
#1516 = LINE('',#1517,#1518);
#1517 = CARTESIAN_POINT('',(-11.82445868772,10.734201262426,0.2));
#1518 = VECTOR('',#1519,1.);
#1519 = DIRECTION('',(0.,0.,1.));
#1520 = PCURVE('',#374,#1521);
#1521 = DEFINITIONAL_REPRESENTATION('',(#1522),#1525);
#1522 = B_SPLINE_CURVE_WITH_KNOTS('',1,(#1523,#1524),.UNSPECIFIED.,.F.,
  .F.,(2,2),(-5.999999999895E-07,7.5000006),.PIECEWISE_BEZIER_KNOTS.);
#1523 = CARTESIAN_POINT('',(2.404486797849,-5.999999999895E-07));
#1524 = CARTESIAN_POINT('',(2.404486797849,7.5000006));
#1525 = ( GEOMETRIC_REPRESENTATION_CONTEXT(2) 
PARAMETRIC_REPRESENTATION_CONTEXT() REPRESENTATION_CONTEXT('2D SPACE',''
  ) );
#1526 = PCURVE('',#345,#1527);
#1527 = DEFINITIONAL_REPRESENTATION('',(#1528),#1531);
#1528 = B_SPLINE_CURVE_WITH_KNOTS('',1,(#1529,#1530),.UNSPECIFIED.,.F.,
  .F.,(2,2),(-5.999999999895E-07,7.5000006),.PIECEWISE_BEZIER_KNOTS.);
#1529 = CARTESIAN_POINT('',(4.914628655657,-5.999999999895E-07));
#1530 = CARTESIAN_POINT('',(4.914628655657,7.5000006));
#1531 = ( GEOMETRIC_REPRESENTATION_CONTEXT(2) 
PARAMETRIC_REPRESENTATION_CONTEXT() REPRESENTATION_CONTEXT('2D SPACE',''
  ) );
#1532 = ORIENTED_EDGE('',*,*,#765,.T.);
#1533 = ORIENTED_EDGE('',*,*,#1490,.T.);
#1534 = ORIENTED_EDGE('',*,*,#357,.F.);
#1535 = ADVANCED_FACE('',(#1536),#345,.F.);
#1536 = FACE_BOUND('',#1537,.F.);
#1537 = EDGE_LOOP('',(#1538,#1539,#1540,#1541));
#1538 = ORIENTED_EDGE('',*,*,#328,.F.);
#1539 = ORIENTED_EDGE('',*,*,#1514,.F.);
#1540 = ORIENTED_EDGE('',*,*,#741,.T.);
#1541 = ORIENTED_EDGE('',*,*,#1542,.T.);
#1542 = EDGE_CURVE('',#718,#300,#1543,.T.);
#1543 = SURFACE_CURVE('',#1544,(#1548,#1554),.PCURVE_S1.);
#1544 = LINE('',#1545,#1546);
#1545 = CARTESIAN_POINT('',(-10.73420126242,11.824458687726,0.2));
#1546 = VECTOR('',#1547,1.);
#1547 = DIRECTION('',(0.,0.,1.));
#1548 = PCURVE('',#345,#1549);
#1549 = DEFINITIONAL_REPRESENTATION('',(#1550),#1553);
#1550 = B_SPLINE_CURVE_WITH_KNOTS('',1,(#1551,#1552),.UNSPECIFIED.,.F.,
  .F.,(2,2),(-5.999999999895E-07,7.5000006),.PIECEWISE_BEZIER_KNOTS.);
#1551 = CARTESIAN_POINT('',(6.080945631907,-5.999999999895E-07));
#1552 = CARTESIAN_POINT('',(6.080945631907,7.5000006));
#1553 = ( GEOMETRIC_REPRESENTATION_CONTEXT(2) 
PARAMETRIC_REPRESENTATION_CONTEXT() REPRESENTATION_CONTEXT('2D SPACE',''
  ) );
#1554 = PCURVE('',#316,#1555);
#1555 = DEFINITIONAL_REPRESENTATION('',(#1556),#1559);
#1556 = B_SPLINE_CURVE_WITH_KNOTS('',1,(#1557,#1558),.UNSPECIFIED.,.F.,
  .F.,(2,2),(-5.999999999895E-07,7.5000006),.PIECEWISE_BEZIER_KNOTS.);
#1557 = CARTESIAN_POINT('',(2.307902182535,-5.999999999895E-07));
#1558 = CARTESIAN_POINT('',(2.307902182535,7.5000006));
#1559 = ( GEOMETRIC_REPRESENTATION_CONTEXT(2) 
PARAMETRIC_REPRESENTATION_CONTEXT() REPRESENTATION_CONTEXT('2D SPACE',''
  ) );
#1560 = ADVANCED_FACE('',(#1561),#316,.T.);
#1561 = FACE_BOUND('',#1562,.T.);
#1562 = EDGE_LOOP('',(#1563,#1582,#1583,#1584));
#1563 = ORIENTED_EDGE('',*,*,#1564,.F.);
#1564 = EDGE_CURVE('',#694,#271,#1565,.T.);
#1565 = SURFACE_CURVE('',#1566,(#1570,#1576),.PCURVE_S1.);
#1566 = LINE('',#1567,#1568);
#1567 = CARTESIAN_POINT('',(-0.770928418669,15.951381425234,0.2));
#1568 = VECTOR('',#1569,1.);
#1569 = DIRECTION('',(0.,0.,1.));
#1570 = PCURVE('',#316,#1571);
#1571 = DEFINITIONAL_REPRESENTATION('',(#1572),#1575);
#1572 = B_SPLINE_CURVE_WITH_KNOTS('',1,(#1573,#1574),.UNSPECIFIED.,.F.,
  .F.,(2,2),(-5.999999999895E-07,7.5000006),.PIECEWISE_BEZIER_KNOTS.);
#1573 = CARTESIAN_POINT('',(1.619088634452,-5.999999999895E-07));
#1574 = CARTESIAN_POINT('',(1.619088634452,7.5000006));
#1575 = ( GEOMETRIC_REPRESENTATION_CONTEXT(2) 
PARAMETRIC_REPRESENTATION_CONTEXT() REPRESENTATION_CONTEXT('2D SPACE',''
  ) );
#1576 = PCURVE('',#287,#1577);
#1577 = DEFINITIONAL_REPRESENTATION('',(#1578),#1581);
#1578 = B_SPLINE_CURVE_WITH_KNOTS('',1,(#1579,#1580),.UNSPECIFIED.,.F.,
  .F.,(2,2),(-5.999999999895E-07,7.5000006),.PIECEWISE_BEZIER_KNOTS.);
#1579 = CARTESIAN_POINT('',(4.12923049226,-5.999999999895E-07));
#1580 = CARTESIAN_POINT('',(4.12923049226,7.5000006));
#1581 = ( GEOMETRIC_REPRESENTATION_CONTEXT(2) 
PARAMETRIC_REPRESENTATION_CONTEXT() REPRESENTATION_CONTEXT('2D SPACE',''
  ) );
#1582 = ORIENTED_EDGE('',*,*,#717,.T.);
#1583 = ORIENTED_EDGE('',*,*,#1542,.T.);
#1584 = ORIENTED_EDGE('',*,*,#299,.F.);
#1585 = ADVANCED_FACE('',(#1586),#287,.F.);
#1586 = FACE_BOUND('',#1587,.F.);
#1587 = EDGE_LOOP('',(#1588,#1589,#1590,#1591));
#1588 = ORIENTED_EDGE('',*,*,#270,.F.);
#1589 = ORIENTED_EDGE('',*,*,#1564,.F.);
#1590 = ORIENTED_EDGE('',*,*,#693,.T.);
#1591 = ORIENTED_EDGE('',*,*,#1592,.T.);
#1592 = EDGE_CURVE('',#670,#242,#1593,.T.);
#1593 = SURFACE_CURVE('',#1594,(#1598,#1604),.PCURVE_S1.);
#1594 = LINE('',#1595,#1596);
#1595 = CARTESIAN_POINT('',(0.770928418669,15.951381425234,0.2));
#1596 = VECTOR('',#1597,1.);
#1597 = DIRECTION('',(0.,0.,1.));
#1598 = PCURVE('',#287,#1599);
#1599 = DEFINITIONAL_REPRESENTATION('',(#1600),#1603);
#1600 = B_SPLINE_CURVE_WITH_KNOTS('',1,(#1601,#1602),.UNSPECIFIED.,.F.,
  .F.,(2,2),(-5.999999999895E-07,7.5000006),.PIECEWISE_BEZIER_KNOTS.);
#1601 = CARTESIAN_POINT('',(5.29554746851,-5.999999999895E-07));
#1602 = CARTESIAN_POINT('',(5.29554746851,7.5000006));
#1603 = ( GEOMETRIC_REPRESENTATION_CONTEXT(2) 
PARAMETRIC_REPRESENTATION_CONTEXT() REPRESENTATION_CONTEXT('2D SPACE',''
  ) );
#1604 = PCURVE('',#258,#1605);
#1605 = DEFINITIONAL_REPRESENTATION('',(#1606),#1609);
#1606 = B_SPLINE_CURVE_WITH_KNOTS('',1,(#1607,#1608),.UNSPECIFIED.,.F.,
  .F.,(2,2),(-5.999999999895E-07,7.5000006),.PIECEWISE_BEZIER_KNOTS.);
#1607 = CARTESIAN_POINT('',(1.522504019138,-5.999999999895E-07));
#1608 = CARTESIAN_POINT('',(1.522504019138,7.5000006));
#1609 = ( GEOMETRIC_REPRESENTATION_CONTEXT(2) 
PARAMETRIC_REPRESENTATION_CONTEXT() REPRESENTATION_CONTEXT('2D SPACE',''
  ) );
#1610 = ADVANCED_FACE('',(#1611),#258,.T.);
#1611 = FACE_BOUND('',#1612,.T.);
#1612 = EDGE_LOOP('',(#1613,#1614,#1615,#1616));
#1613 = ORIENTED_EDGE('',*,*,#619,.F.);
#1614 = ORIENTED_EDGE('',*,*,#669,.T.);
#1615 = ORIENTED_EDGE('',*,*,#1592,.T.);
#1616 = ORIENTED_EDGE('',*,*,#241,.F.);
#1617 = ADVANCED_FACE('',(#1618),#1000,.F.);
#1618 = FACE_BOUND('',#1619,.F.);
#1619 = EDGE_LOOP('',(#1620,#1651,#1677,#1696,#1697));
#1620 = ORIENTED_EDGE('',*,*,#1621,.F.);
#1621 = EDGE_CURVE('',#1622,#1624,#1626,.T.);
#1622 = VERTEX_POINT('',#1623);
#1623 = CARTESIAN_POINT('',(11.304298211188,7.915354821644,
    2.637323655924));
#1624 = VERTEX_POINT('',#1625);
#1625 = CARTESIAN_POINT('',(3.338522159275,13.390081022609,
    2.637323655924));
#1626 = SURFACE_CURVE('',#1627,(#1632,#1639),.PCURVE_S1.);
#1627 = CIRCLE('',#1628,13.8);
#1628 = AXIS2_PLACEMENT_3D('',#1629,#1630,#1631);
#1629 = CARTESIAN_POINT('',(0.,0.,2.637323655924));
#1630 = DIRECTION('',(0.,0.,1.));
#1631 = DIRECTION('',(0.,-1.,0.));
#1632 = PCURVE('',#1000,#1633);
#1633 = DEFINITIONAL_REPRESENTATION('',(#1634),#1638);
#1634 = LINE('',#1635,#1636);
#1635 = CARTESIAN_POINT('',(-1.570796326795,2.437323655924));
#1636 = VECTOR('',#1637,1.);
#1637 = DIRECTION('',(1.,0.));
#1638 = ( GEOMETRIC_REPRESENTATION_CONTEXT(2) 
PARAMETRIC_REPRESENTATION_CONTEXT() REPRESENTATION_CONTEXT('2D SPACE',''
  ) );
#1639 = PCURVE('',#1640,#1645);
#1640 = CONICAL_SURFACE('',#1641,13.75,0.698131700798);
#1641 = AXIS2_PLACEMENT_3D('',#1642,#1643,#1644);
#1642 = CARTESIAN_POINT('',(0.,0.,2.577735976294));
#1643 = DIRECTION('',(0.,0.,1.));
#1644 = DIRECTION('',(1.,0.,-0.));
#1645 = DEFINITIONAL_REPRESENTATION('',(#1646),#1650);
#1646 = LINE('',#1647,#1648);
#1647 = CARTESIAN_POINT('',(-1.570796326795,5.958767962971E-02));
#1648 = VECTOR('',#1649,1.);
#1649 = DIRECTION('',(1.,0.));
#1650 = ( GEOMETRIC_REPRESENTATION_CONTEXT(2) 
PARAMETRIC_REPRESENTATION_CONTEXT() REPRESENTATION_CONTEXT('2D SPACE',''
  ) );
#1651 = ORIENTED_EDGE('',*,*,#1652,.F.);
#1652 = EDGE_CURVE('',#1653,#1622,#1655,.T.);
#1653 = VERTEX_POINT('',#1654);
#1654 = CARTESIAN_POINT('',(11.304298211227,7.915354821588,
    2.220000001416));
#1655 = SURFACE_CURVE('',#1656,(#1660,#1666),.PCURVE_S1.);
#1656 = LINE('',#1657,#1658);
#1657 = CARTESIAN_POINT('',(11.304298211188,7.915354821644,0.2));
#1658 = VECTOR('',#1659,1.);
#1659 = DIRECTION('',(0.,0.,1.));
#1660 = PCURVE('',#1000,#1661);
#1661 = DEFINITIONAL_REPRESENTATION('',(#1662),#1665);
#1662 = B_SPLINE_CURVE_WITH_KNOTS('',1,(#1663,#1664),.UNSPECIFIED.,.F.,
  .F.,(2,2),(-5.999999999895E-07,3.57),.PIECEWISE_BEZIER_KNOTS.);
#1663 = CARTESIAN_POINT('',(0.610865238198,-5.999999999895E-07));
#1664 = CARTESIAN_POINT('',(0.610865238198,3.57));
#1665 = ( GEOMETRIC_REPRESENTATION_CONTEXT(2) 
PARAMETRIC_REPRESENTATION_CONTEXT() REPRESENTATION_CONTEXT('2D SPACE',''
  ) );
#1666 = PCURVE('',#1667,#1672);
#1667 = PLANE('',#1668);
#1668 = AXIS2_PLACEMENT_3D('',#1669,#1670,#1671);
#1669 = CARTESIAN_POINT('',(13.638881537412,9.550047665245,-0.3));
#1670 = DIRECTION('',(0.573576436351,-0.819152044289,0.));
#1671 = DIRECTION('',(-0.819152044289,-0.573576436351,0.));
#1672 = DEFINITIONAL_REPRESENTATION('',(#1673),#1676);
#1673 = B_SPLINE_CURVE_WITH_KNOTS('',1,(#1674,#1675),.UNSPECIFIED.,.F.,
  .F.,(2,2),(-5.999999999895E-07,3.57),.PIECEWISE_BEZIER_KNOTS.);
#1674 = CARTESIAN_POINT('',(2.85,-0.4999994));
#1675 = CARTESIAN_POINT('',(2.85,-4.07));
#1676 = ( GEOMETRIC_REPRESENTATION_CONTEXT(2) 
PARAMETRIC_REPRESENTATION_CONTEXT() REPRESENTATION_CONTEXT('2D SPACE',''
  ) );
#1677 = ORIENTED_EDGE('',*,*,#1678,.F.);
#1678 = EDGE_CURVE('',#982,#1653,#1679,.T.);
#1679 = SURFACE_CURVE('',#1680,(#1684,#1690),.PCURVE_S1.);
#1680 = LINE('',#1681,#1682);
#1681 = CARTESIAN_POINT('',(11.304298211188,7.915354821644,0.2));
#1682 = VECTOR('',#1683,1.);
#1683 = DIRECTION('',(0.,0.,1.));
#1684 = PCURVE('',#1000,#1685);
#1685 = DEFINITIONAL_REPRESENTATION('',(#1686),#1689);
#1686 = B_SPLINE_CURVE_WITH_KNOTS('',1,(#1687,#1688),.UNSPECIFIED.,.F.,
  .F.,(2,2),(-5.999999999895E-07,3.57),.PIECEWISE_BEZIER_KNOTS.);
#1687 = CARTESIAN_POINT('',(0.610865238198,-5.999999999895E-07));
#1688 = CARTESIAN_POINT('',(0.610865238198,3.57));
#1689 = ( GEOMETRIC_REPRESENTATION_CONTEXT(2) 
PARAMETRIC_REPRESENTATION_CONTEXT() REPRESENTATION_CONTEXT('2D SPACE',''
  ) );
#1690 = PCURVE('',#1027,#1691);
#1691 = DEFINITIONAL_REPRESENTATION('',(#1692),#1695);
#1692 = B_SPLINE_CURVE_WITH_KNOTS('',1,(#1693,#1694),.UNSPECIFIED.,.F.,
  .F.,(2,2),(-5.999999999895E-07,3.57),.PIECEWISE_BEZIER_KNOTS.);
#1693 = CARTESIAN_POINT('',(2.85,-0.4999994));
#1694 = CARTESIAN_POINT('',(2.85,-4.07));
#1695 = ( GEOMETRIC_REPRESENTATION_CONTEXT(2) 
PARAMETRIC_REPRESENTATION_CONTEXT() REPRESENTATION_CONTEXT('2D SPACE',''
  ) );
#1696 = ORIENTED_EDGE('',*,*,#981,.T.);
#1697 = ORIENTED_EDGE('',*,*,#1698,.T.);
#1698 = EDGE_CURVE('',#984,#1624,#1699,.T.);
#1699 = SURFACE_CURVE('',#1700,(#1704,#1710),.PCURVE_S1.);
#1700 = LINE('',#1701,#1702);
#1701 = CARTESIAN_POINT('',(3.338522159275,13.390081022609,0.2));
#1702 = VECTOR('',#1703,1.);
#1703 = DIRECTION('',(0.,0.,1.));
#1704 = PCURVE('',#1000,#1705);
#1705 = DEFINITIONAL_REPRESENTATION('',(#1706),#1709);
#1706 = B_SPLINE_CURVE_WITH_KNOTS('',1,(#1707,#1708),.UNSPECIFIED.,.F.,
  .F.,(2,2),(-5.999999999895E-07,3.57),.PIECEWISE_BEZIER_KNOTS.);
#1707 = CARTESIAN_POINT('',(1.326450231516,-5.999999999895E-07));
#1708 = CARTESIAN_POINT('',(1.326450231516,3.57));
#1709 = ( GEOMETRIC_REPRESENTATION_CONTEXT(2) 
PARAMETRIC_REPRESENTATION_CONTEXT() REPRESENTATION_CONTEXT('2D SPACE',''
  ) );
#1710 = PCURVE('',#1300,#1711);
#1711 = DEFINITIONAL_REPRESENTATION('',(#1712),#1715);
#1712 = B_SPLINE_CURVE_WITH_KNOTS('',1,(#1713,#1714),.UNSPECIFIED.,.F.,
  .F.,(2,2),(-5.999999999895E-07,3.57),.PIECEWISE_BEZIER_KNOTS.);
#1713 = CARTESIAN_POINT('',(13.8,-0.4999994));
#1714 = CARTESIAN_POINT('',(13.8,-4.07));
#1715 = ( GEOMETRIC_REPRESENTATION_CONTEXT(2) 
PARAMETRIC_REPRESENTATION_CONTEXT() REPRESENTATION_CONTEXT('2D SPACE',''
  ) );
#1716 = ADVANCED_FACE('',(#1717),#1027,.T.);
#1717 = FACE_BOUND('',#1718,.T.);
#1718 = EDGE_LOOP('',(#1719,#1720,#1721,#1742,#1786));
#1719 = ORIENTED_EDGE('',*,*,#1678,.F.);
#1720 = ORIENTED_EDGE('',*,*,#1012,.T.);
#1721 = ORIENTED_EDGE('',*,*,#1722,.T.);
#1722 = EDGE_CURVE('',#1013,#1723,#1725,.T.);
#1723 = VERTEX_POINT('',#1724);
#1724 = CARTESIAN_POINT('',(12.000577448834,8.402894792543,
    1.218900173232));
#1725 = SURFACE_CURVE('',#1726,(#1730,#1736),.PCURVE_S1.);
#1726 = LINE('',#1727,#1728);
#1727 = CARTESIAN_POINT('',(12.000577448834,8.402894792543,-0.3));
#1728 = VECTOR('',#1729,1.);
#1729 = DIRECTION('',(0.,0.,1.));
#1730 = PCURVE('',#1027,#1731);
#1731 = DEFINITIONAL_REPRESENTATION('',(#1732),#1735);
#1732 = B_SPLINE_CURVE_WITH_KNOTS('',1,(#1733,#1734),.UNSPECIFIED.,.F.,
  .F.,(2,2),(-6.000000000173E-07,3.7000006),.PIECEWISE_BEZIER_KNOTS.);
#1733 = CARTESIAN_POINT('',(2.,6.000000000173E-07));
#1734 = CARTESIAN_POINT('',(2.,-3.7000006));
#1735 = ( GEOMETRIC_REPRESENTATION_CONTEXT(2) 
PARAMETRIC_REPRESENTATION_CONTEXT() REPRESENTATION_CONTEXT('2D SPACE',''
  ) );
#1736 = PCURVE('',#1055,#1737);
#1737 = DEFINITIONAL_REPRESENTATION('',(#1738),#1741);
#1738 = B_SPLINE_CURVE_WITH_KNOTS('',1,(#1739,#1740),.UNSPECIFIED.,.F.,
  .F.,(2,2),(0.,3.7),.PIECEWISE_BEZIER_KNOTS.);
#1739 = CARTESIAN_POINT('',(6.894050545378,0.));
#1740 = CARTESIAN_POINT('',(6.894050545378,3.7));
#1741 = ( GEOMETRIC_REPRESENTATION_CONTEXT(2) 
PARAMETRIC_REPRESENTATION_CONTEXT() REPRESENTATION_CONTEXT('2D SPACE',''
  ) );
#1742 = ORIENTED_EDGE('',*,*,#1743,.T.);
#1743 = EDGE_CURVE('',#1723,#1744,#1746,.T.);
#1744 = VERTEX_POINT('',#1745);
#1745 = CARTESIAN_POINT('',(11.30436714105,7.915403086853,1.218760876989
    ));
#1746 = SURFACE_CURVE('',#1747,(#1753,#1762),.PCURVE_S1.);
#1747 = B_SPLINE_CURVE_WITH_KNOTS('',4,(#1748,#1749,#1750,#1751,#1752),
  .UNSPECIFIED.,.F.,.F.,(5,5),(0.,1.),.PIECEWISE_BEZIER_KNOTS.);
#1748 = CARTESIAN_POINT('',(12.000577448834,8.402894792543,
    1.218900173232));
#1749 = CARTESIAN_POINT('',(11.826524842339,8.28102184543,1.218867369524
    ));
#1750 = CARTESIAN_POINT('',(11.652472254389,8.159148911302,
    1.218833296911));
#1751 = CARTESIAN_POINT('',(11.478419686603,8.037275991294,
    1.218797845832));
#1752 = CARTESIAN_POINT('',(11.30436714105,7.915403086853,1.218760876989
    ));
#1753 = PCURVE('',#1027,#1754);
#1754 = DEFINITIONAL_REPRESENTATION('',(#1755),#1761);
#1755 = B_SPLINE_CURVE_WITH_KNOTS('',4,(#1756,#1757,#1758,#1759,#1760),
  .UNSPECIFIED.,.F.,.F.,(5,5),(0.,1.),.PIECEWISE_BEZIER_KNOTS.);
#1756 = CARTESIAN_POINT('',(2.,-1.518900173232));
#1757 = CARTESIAN_POINT('',(2.212478999117,-1.518867369524));
#1758 = CARTESIAN_POINT('',(2.424957975594,-1.518833296911));
#1759 = CARTESIAN_POINT('',(2.637436927455,-1.518797845832));
#1760 = CARTESIAN_POINT('',(2.849915852177,-1.518760876989));
#1761 = ( GEOMETRIC_REPRESENTATION_CONTEXT(2) 
PARAMETRIC_REPRESENTATION_CONTEXT() REPRESENTATION_CONTEXT('2D SPACE',''
  ) );
#1762 = PCURVE('',#1763,#1778);
#1763 = B_SPLINE_SURFACE_WITH_KNOTS('',1,6,(
    (#1764,#1765,#1766,#1767,#1768,#1769,#1770)
    ,(#1771,#1772,#1773,#1774,#1775,#1776,#1777
  )),.UNSPECIFIED.,.F.,.F.,.F.,(2,2),(7,7),(0.,0.9),(0.,1.080210122553),
  .PIECEWISE_BEZIER_KNOTS.);
#1764 = CARTESIAN_POINT('',(13.278695198915,-3.757469411842,
    0.609161958376));
#1765 = CARTESIAN_POINT('',(13.836126995083,-1.787535321272,
    0.711161963956));
#1766 = CARTESIAN_POINT('',(14.042864124837,0.281634782384,
    0.813161942742));
#1767 = CARTESIAN_POINT('',(13.876819982936,2.37203079631,0.91516195895)
  );
#1768 = CARTESIAN_POINT('',(13.339081840672,4.398891297638,
    1.017161975594));
#1769 = CARTESIAN_POINT('',(12.456778958247,6.281906664368,
    1.119161954189));
#1770 = CARTESIAN_POINT('',(11.276655831382,7.954832225773,
    1.221161959792));
#1771 = CARTESIAN_POINT('',(14.143830725259,-4.005543032077,
    0.609161958376));
#1772 = CARTESIAN_POINT('',(14.738064984516,-1.907263500163,
    0.711161952773));
#1773 = CARTESIAN_POINT('',(14.958756055421,0.296803730058,
    0.813161974178));
#1774 = CARTESIAN_POINT('',(14.782359194454,2.523566090662,
    0.915161957533));
#1775 = CARTESIAN_POINT('',(14.210013200538,4.682734021495,
    1.017161941326));
#1776 = CARTESIAN_POINT('',(13.270598398995,6.68875416831,1.11916196254)
  );
#1777 = CARTESIAN_POINT('',(12.013892671164,8.471051018601,1.22116195696
    ));
#1778 = DEFINITIONAL_REPRESENTATION('',(#1779),#1785);
#1779 = B_SPLINE_CURVE_WITH_KNOTS('',4,(#1780,#1781,#1782,#1783,#1784),
  .UNSPECIFIED.,.F.,.F.,(5,5),(0.,1.),.PIECEWISE_BEZIER_KNOTS.);
#1780 = CARTESIAN_POINT('',(0.849920734198,1.076217962481));
#1781 = CARTESIAN_POINT('',(0.637440585384,1.076160061238));
#1782 = CARTESIAN_POINT('',(0.424960414737,1.076099920326));
#1783 = CARTESIAN_POINT('',(0.212480220395,1.076037346346));
#1784 = CARTESIAN_POINT('',(0.,1.075972093447));
#1785 = ( GEOMETRIC_REPRESENTATION_CONTEXT(2) 
PARAMETRIC_REPRESENTATION_CONTEXT() REPRESENTATION_CONTEXT('2D SPACE',''
  ) );
#1786 = ORIENTED_EDGE('',*,*,#1787,.T.);
#1787 = EDGE_CURVE('',#1744,#1653,#1788,.T.);
#1788 = SURFACE_CURVE('',#1789,(#1795,#1804),.PCURVE_S1.);
#1789 = B_SPLINE_CURVE_WITH_KNOTS('',4,(#1790,#1791,#1792,#1793,#1794),
  .UNSPECIFIED.,.F.,.F.,(5,5),(0.,1.),.PIECEWISE_BEZIER_KNOTS.);
#1790 = CARTESIAN_POINT('',(11.30436714105,7.915403086853,1.218760876989
    ));
#1791 = CARTESIAN_POINT('',(11.304332675584,7.915378953874,
    1.469070654496));
#1792 = CARTESIAN_POINT('',(11.304309698677,7.915362865271,
    1.719380435605));
#1793 = CARTESIAN_POINT('',(11.304298210543,7.915354821193,
    1.969690218508));
#1794 = CARTESIAN_POINT('',(11.304298211188,7.915354821644,
    2.220000001416));
#1795 = PCURVE('',#1027,#1796);
#1796 = DEFINITIONAL_REPRESENTATION('',(#1797),#1803);
#1797 = B_SPLINE_CURVE_WITH_KNOTS('',4,(#1798,#1799,#1800,#1801,#1802),
  .UNSPECIFIED.,.F.,.F.,(5,5),(0.,1.),.PIECEWISE_BEZIER_KNOTS.);
#1798 = CARTESIAN_POINT('',(2.849915852177,-1.518760876989));
#1799 = CARTESIAN_POINT('',(2.849957926741,-1.769070654496));
#1800 = CARTESIAN_POINT('',(2.849985976366,-2.019380435605));
#1801 = CARTESIAN_POINT('',(2.850000000788,-2.269690218508));
#1802 = CARTESIAN_POINT('',(2.85,-2.520000001416));
#1803 = ( GEOMETRIC_REPRESENTATION_CONTEXT(2) 
PARAMETRIC_REPRESENTATION_CONTEXT() REPRESENTATION_CONTEXT('2D SPACE',''
  ) );
#1804 = PCURVE('',#1805,#1820);
#1805 = B_SPLINE_SURFACE_WITH_KNOTS('',1,6,(
    (#1806,#1807,#1808,#1809,#1810,#1811,#1812)
    ,(#1813,#1814,#1815,#1816,#1817,#1818,#1819
  )),.UNSPECIFIED.,.F.,.F.,.F.,(2,2),(7,7),(0.,1.),(0.,1.080210122553),
  .PIECEWISE_BEZIER_KNOTS.);
#1806 = CARTESIAN_POINT('',(13.265411403949,-3.803795510275,1.608));
#1807 = CARTESIAN_POINT('',(13.82971582729,-1.835832113592,
    1.710000005592));
#1808 = CARTESIAN_POINT('',(14.043676355634,0.232590802715,
    1.811999984282));
#1809 = CARTESIAN_POINT('',(13.884934369451,2.323541144273,
    1.914000000708));
#1810 = CARTESIAN_POINT('',(13.354281022362,4.352254868351,
    2.016000017134));
#1811 = CARTESIAN_POINT('',(12.478564736878,6.238328423579,
    2.117999995825));
#1812 = CARTESIAN_POINT('',(11.304298211227,7.915354821588,
    2.220000001416));
#1813 = CARTESIAN_POINT('',(13.278695198915,-3.757469411842,
    0.609161958376));
#1814 = CARTESIAN_POINT('',(13.836126995083,-1.787535321272,
    0.711161963956));
#1815 = CARTESIAN_POINT('',(14.042864124837,0.281634782384,
    0.813161942742));
#1816 = CARTESIAN_POINT('',(13.876819982936,2.37203079631,0.91516195895)
  );
#1817 = CARTESIAN_POINT('',(13.339081840672,4.398891297638,
    1.017161975594));
#1818 = CARTESIAN_POINT('',(12.456778958247,6.281906664368,
    1.119161954189));
#1819 = CARTESIAN_POINT('',(11.276655831382,7.954832225773,
    1.221161959792));
#1820 = DEFINITIONAL_REPRESENTATION('',(#1821),#1827);
#1821 = B_SPLINE_CURVE_WITH_KNOTS('',4,(#1822,#1823,#1824,#1825,#1826),
  .UNSPECIFIED.,.F.,.F.,(5,5),(0.,1.),.PIECEWISE_BEZIER_KNOTS.);
#1822 = CARTESIAN_POINT('',(1.,1.075972093447));
#1823 = CARTESIAN_POINT('',(0.74999999872,1.077031592114));
#1824 = CARTESIAN_POINT('',(0.499999998722,1.0780910994));
#1825 = CARTESIAN_POINT('',(0.249999999359,1.079150610969));
#1826 = CARTESIAN_POINT('',(0.,1.080210122553));
#1827 = ( GEOMETRIC_REPRESENTATION_CONTEXT(2) 
PARAMETRIC_REPRESENTATION_CONTEXT() REPRESENTATION_CONTEXT('2D SPACE',''
  ) );
#1828 = ADVANCED_FACE('',(#1829),#1300,.T.);
#1829 = FACE_BOUND('',#1830,.T.);
#1830 = EDGE_LOOP('',(#1831,#1852,#1853,#1854,#1875));
#1831 = ORIENTED_EDGE('',*,*,#1832,.F.);
#1832 = EDGE_CURVE('',#1259,#1833,#1835,.T.);
#1833 = VERTEX_POINT('',#1834);
#1834 = CARTESIAN_POINT('',(3.544155770536,14.214832389943,3.4));
#1835 = SURFACE_CURVE('',#1836,(#1840,#1846),.PCURVE_S1.);
#1836 = LINE('',#1837,#1838);
#1837 = CARTESIAN_POINT('',(3.544155770535,14.214832389943,-0.3));
#1838 = VECTOR('',#1839,1.);
#1839 = DIRECTION('',(0.,0.,1.));
#1840 = PCURVE('',#1300,#1841);
#1841 = DEFINITIONAL_REPRESENTATION('',(#1842),#1845);
#1842 = B_SPLINE_CURVE_WITH_KNOTS('',1,(#1843,#1844),.UNSPECIFIED.,.F.,
  .F.,(2,2),(-6.000000000173E-07,3.7000006),.PIECEWISE_BEZIER_KNOTS.);
#1843 = CARTESIAN_POINT('',(14.65,6.000000000173E-07));
#1844 = CARTESIAN_POINT('',(14.65,-3.7000006));
#1845 = ( GEOMETRIC_REPRESENTATION_CONTEXT(2) 
PARAMETRIC_REPRESENTATION_CONTEXT() REPRESENTATION_CONTEXT('2D SPACE',''
  ) );
#1846 = PCURVE('',#1275,#1847);
#1847 = DEFINITIONAL_REPRESENTATION('',(#1848),#1851);
#1848 = B_SPLINE_CURVE_WITH_KNOTS('',1,(#1849,#1850),.UNSPECIFIED.,.F.,
  .F.,(2,2),(-6.000000000173E-07,3.7000006),.PIECEWISE_BEZIER_KNOTS.);
#1849 = CARTESIAN_POINT('',(1.326450231516,-6.000000000173E-07));
#1850 = CARTESIAN_POINT('',(1.326450231516,3.7000006));
#1851 = ( GEOMETRIC_REPRESENTATION_CONTEXT(2) 
PARAMETRIC_REPRESENTATION_CONTEXT() REPRESENTATION_CONTEXT('2D SPACE',''
  ) );
#1852 = ORIENTED_EDGE('',*,*,#1287,.T.);
#1853 = ORIENTED_EDGE('',*,*,#1698,.T.);
#1854 = ORIENTED_EDGE('',*,*,#1855,.T.);
#1855 = EDGE_CURVE('',#1624,#1856,#1858,.T.);
#1856 = VERTEX_POINT('',#1857);
#1857 = CARTESIAN_POINT('',(3.493342843714,14.011032871873,3.4));
#1858 = SURFACE_CURVE('',#1859,(#1863,#1869),.PCURVE_S1.);
#1859 = LINE('',#1860,#1861);
#1860 = CARTESIAN_POINT('',(0.,0.,-13.80887592187));
#1861 = VECTOR('',#1862,1.);
#1862 = DIRECTION('',(0.155504397003,0.623694070582,0.766044443119));
#1863 = PCURVE('',#1300,#1864);
#1864 = DEFINITIONAL_REPRESENTATION('',(#1865),#1868);
#1865 = B_SPLINE_CURVE_WITH_KNOTS('',1,(#1866,#1867),.UNSPECIFIED.,.F.,
  .F.,(2,2),(21.391202619331,22.882322402218),.PIECEWISE_BEZIER_KNOTS.);
#1866 = CARTESIAN_POINT('',(13.75,-2.877735976294));
#1867 = CARTESIAN_POINT('',(14.708473320998,-4.02));
#1868 = ( GEOMETRIC_REPRESENTATION_CONTEXT(2) 
PARAMETRIC_REPRESENTATION_CONTEXT() REPRESENTATION_CONTEXT('2D SPACE',''
  ) );
#1869 = PCURVE('',#1640,#1870);
#1870 = DEFINITIONAL_REPRESENTATION('',(#1871),#1874);
#1871 = B_SPLINE_CURVE_WITH_KNOTS('',1,(#1872,#1873),.UNSPECIFIED.,.F.,
  .F.,(2,2),(21.391202619331,22.882322402218),.PIECEWISE_BEZIER_KNOTS.);
#1872 = CARTESIAN_POINT('',(1.326450231516,0.));
#1873 = CARTESIAN_POINT('',(1.326450231516,1.142264023706));
#1874 = ( GEOMETRIC_REPRESENTATION_CONTEXT(2) 
PARAMETRIC_REPRESENTATION_CONTEXT() REPRESENTATION_CONTEXT('2D SPACE',''
  ) );
#1875 = ORIENTED_EDGE('',*,*,#1876,.T.);
#1876 = EDGE_CURVE('',#1856,#1833,#1877,.T.);
#1877 = SURFACE_CURVE('',#1878,(#1882,#1889),.PCURVE_S1.);
#1878 = LINE('',#1879,#1880);
#1879 = CARTESIAN_POINT('',(0.,0.,3.4));
#1880 = VECTOR('',#1881,1.);
#1881 = DIRECTION('',(0.2419218956,0.970295726276,0.));
#1882 = PCURVE('',#1300,#1883);
#1883 = DEFINITIONAL_REPRESENTATION('',(#1884),#1888);
#1884 = LINE('',#1885,#1886);
#1885 = CARTESIAN_POINT('',(0.,-3.7));
#1886 = VECTOR('',#1887,1.);
#1887 = DIRECTION('',(1.,0.));
#1888 = ( GEOMETRIC_REPRESENTATION_CONTEXT(2) 
PARAMETRIC_REPRESENTATION_CONTEXT() REPRESENTATION_CONTEXT('2D SPACE',''
  ) );
#1889 = PCURVE('',#1890,#1895);
#1890 = PLANE('',#1891);
#1891 = AXIS2_PLACEMENT_3D('',#1892,#1893,#1894);
#1892 = CARTESIAN_POINT('',(-4.333841548315,9.086087757583,3.4));
#1893 = DIRECTION('',(0.,0.,1.));
#1894 = DIRECTION('',(1.,0.,-0.));
#1895 = DEFINITIONAL_REPRESENTATION('',(#1896),#1900);
#1896 = LINE('',#1897,#1898);
#1897 = CARTESIAN_POINT('',(4.333841548315,-9.086087757583));
#1898 = VECTOR('',#1899,1.);
#1899 = DIRECTION('',(0.2419218956,0.970295726276));
#1900 = ( GEOMETRIC_REPRESENTATION_CONTEXT(2) 
PARAMETRIC_REPRESENTATION_CONTEXT() REPRESENTATION_CONTEXT('2D SPACE',''
  ) );
#1901 = ADVANCED_FACE('',(#1902),#1055,.F.);
#1902 = FACE_BOUND('',#1903,.F.);
#1903 = EDGE_LOOP('',(#1904,#1925,#1926,#1927,#2008,#2040,#2136,#2168,
    #2189));
#1904 = ORIENTED_EDGE('',*,*,#1905,.F.);
#1905 = EDGE_CURVE('',#1039,#1906,#1908,.T.);
#1906 = VERTEX_POINT('',#1907);
#1907 = CARTESIAN_POINT('',(10.538328074961,-10.17674512722,3.4));
#1908 = SURFACE_CURVE('',#1909,(#1913,#1919),.PCURVE_S1.);
#1909 = LINE('',#1910,#1911);
#1910 = CARTESIAN_POINT('',(10.538328074961,-10.17674512722,-0.3));
#1911 = VECTOR('',#1912,1.);
#1912 = DIRECTION('',(0.,0.,1.));
#1913 = PCURVE('',#1055,#1914);
#1914 = DEFINITIONAL_REPRESENTATION('',(#1915),#1918);
#1915 = B_SPLINE_CURVE_WITH_KNOTS('',1,(#1916,#1917),.UNSPECIFIED.,.F.,
  .F.,(2,2),(0.,3.7),.PIECEWISE_BEZIER_KNOTS.);
#1916 = CARTESIAN_POINT('',(5.515240436302,0.));
#1917 = CARTESIAN_POINT('',(5.515240436302,3.7));
#1918 = ( GEOMETRIC_REPRESENTATION_CONTEXT(2) 
PARAMETRIC_REPRESENTATION_CONTEXT() REPRESENTATION_CONTEXT('2D SPACE',''
  ) );
#1919 = PCURVE('',#1082,#1920);
#1920 = DEFINITIONAL_REPRESENTATION('',(#1921),#1924);
#1921 = B_SPLINE_CURVE_WITH_KNOTS('',1,(#1922,#1923),.UNSPECIFIED.,.F.,
  .F.,(2,2),(-6.000000000173E-07,3.7000006),.PIECEWISE_BEZIER_KNOTS.);
#1922 = CARTESIAN_POINT('',(14.65,6.000000000173E-07));
#1923 = CARTESIAN_POINT('',(14.65,-3.7000006));
#1924 = ( GEOMETRIC_REPRESENTATION_CONTEXT(2) 
PARAMETRIC_REPRESENTATION_CONTEXT() REPRESENTATION_CONTEXT('2D SPACE',''
  ) );
#1925 = ORIENTED_EDGE('',*,*,#1038,.T.);
#1926 = ORIENTED_EDGE('',*,*,#1722,.T.);
#1927 = ORIENTED_EDGE('',*,*,#1928,.F.);
#1928 = EDGE_CURVE('',#1929,#1723,#1931,.T.);
#1929 = VERTEX_POINT('',#1930);
#1930 = CARTESIAN_POINT('',(14.095691442498,-3.991739314872,
    0.609161958376));
#1931 = SURFACE_CURVE('',#1932,(#1950,#1979),.PCURVE_S1.);
#1932 = B_SPLINE_CURVE_WITH_KNOTS('',6,(#1933,#1934,#1935,#1936,#1937,
    #1938,#1939,#1940,#1941,#1942,#1943,#1944,#1945,#1946,#1947,#1948,
    #1949),.UNSPECIFIED.,.F.,.F.,(7,5,5,7),(0.,1.,2.109472121712,
    3.213571926589),.UNSPECIFIED.);
#1933 = CARTESIAN_POINT('',(14.095691442498,-3.991739314872,
    0.609161958376));
#1934 = CARTESIAN_POINT('',(14.279286148461,-3.34342685717,
    0.640784868927));
#1935 = CARTESIAN_POINT('',(14.427101532911,-2.684972193853,
    0.672408227185));
#1936 = CARTESIAN_POINT('',(14.538430959575,-2.018863475452,
    0.704031025505));
#1937 = CARTESIAN_POINT('',(14.612810968013,-1.347623815571,
    0.735653821393));
#1938 = CARTESIAN_POINT('',(14.65,-0.673807138025,0.7672771554));
#1939 = CARTESIAN_POINT('',(14.65,0.747570235049,0.833984804572));
#1940 = CARTESIAN_POINT('',(14.604222961439,1.495156461967,
    0.869070316628));
#1941 = CARTESIAN_POINT('',(14.512665279975,2.239219671099,
    0.904154991949));
#1942 = CARTESIAN_POINT('',(14.375694855311,2.97627595677,0.939239674953
    ));
#1943 = CARTESIAN_POINT('',(14.194010991345,3.702892548885,
    0.974325202315));
#1944 = CARTESIAN_POINT('',(13.744447747168,5.125048118119,
    1.044324819796));
#1945 = CARTESIAN_POINT('',(13.476980522811,5.820750540426,
    1.079240385282));
#1946 = CARTESIAN_POINT('',(13.167329992212,6.499477002711,1.11415506998
    ));
#1947 = CARTESIAN_POINT('',(12.816875081369,7.158062168603,
    1.149069745102));
#1948 = CARTESIAN_POINT('',(12.427289827434,7.793486359592,
    1.183985323786));
#1949 = CARTESIAN_POINT('',(12.000577448834,8.402894792543,
    1.218900173232));
#1950 = PCURVE('',#1055,#1951);
#1951 = DEFINITIONAL_REPRESENTATION('',(#1952),#1978);
#1952 = B_SPLINE_CURVE_WITH_KNOTS('',3,(#1953,#1954,#1955,#1956,#1957,
    #1958,#1959,#1960,#1961,#1962,#1963,#1964,#1965,#1966,#1967,#1968,
    #1969,#1970,#1971,#1972,#1973,#1974,#1975,#1976,#1977),
  .UNSPECIFIED.,.F.,.F.,(4,1,1,1,1,1,1,1,1,1,1,1,1,1,1,1,1,1,1,1,1,1,4),
  (0.,0.146071451209,0.292142902417,0.438214353626,0.584285804834,
    0.730357256043,0.876428707252,1.02250015846,1.168571609669,
    1.314643060877,1.460714512086,1.606785963294,1.752857414503,
    1.898928865712,2.04500031692,2.191071768129,2.337143219337,
    2.483214670546,2.629286121755,2.775357572963,2.921429024172,
    3.06750047538,3.213571926589),.QUASI_UNIFORM_KNOTS.);
#1953 = CARTESIAN_POINT('',(6.007222258327,0.909161958376));
#1954 = CARTESIAN_POINT('',(6.020658999364,0.918400381096));
#1955 = CARTESIAN_POINT('',(6.047532543804,0.936877267422));
#1956 = CARTESIAN_POINT('',(6.087842941745,0.964592645541));
#1957 = CARTESIAN_POINT('',(6.1281532476,0.992307949319));
#1958 = CARTESIAN_POINT('',(6.168463524449,1.020023227078));
#1959 = CARTESIAN_POINT('',(6.208773836101,1.047738529863));
#1960 = CARTESIAN_POINT('',(6.249084265576,1.075453921182));
#1961 = CARTESIAN_POINT('',(6.289394464985,1.103169166405));
#1962 = CARTESIAN_POINT('',(6.329704883653,1.130884577003));
#1963 = CARTESIAN_POINT('',(6.370015392146,1.158600064936));
#1964 = CARTESIAN_POINT('',(6.410325784582,1.186315484147));
#1965 = CARTESIAN_POINT('',(6.450636116805,1.214030867829));
#1966 = CARTESIAN_POINT('',(6.490946486353,1.24174627779));
#1967 = CARTESIAN_POINT('',(6.531256953706,1.269461749745));
#1968 = CARTESIAN_POINT('',(6.571567469581,1.297177243156));
#1969 = CARTESIAN_POINT('',(6.611877629584,1.324892477264));
#1970 = CARTESIAN_POINT('',(6.652188163014,1.352607953483));
#1971 = CARTESIAN_POINT('',(6.692498608539,1.380323357011));
#1972 = CARTESIAN_POINT('',(6.732808966071,1.408038691403));
#1973 = CARTESIAN_POINT('',(6.77311929896,1.435754007326));
#1974 = CARTESIAN_POINT('',(6.813429702277,1.463469377604));
#1975 = CARTESIAN_POINT('',(6.853740214707,1.491184833603));
#1976 = CARTESIAN_POINT('',(6.880613801195,1.509661748446));
#1977 = CARTESIAN_POINT('',(6.894050545378,1.518900173232));
#1978 = ( GEOMETRIC_REPRESENTATION_CONTEXT(2) 
PARAMETRIC_REPRESENTATION_CONTEXT() REPRESENTATION_CONTEXT('2D SPACE',''
  ) );
#1979 = PCURVE('',#1763,#1980);
#1980 = DEFINITIONAL_REPRESENTATION('',(#1981),#2007);
#1981 = B_SPLINE_CURVE_WITH_KNOTS('',3,(#1982,#1983,#1984,#1985,#1986,
    #1987,#1988,#1989,#1990,#1991,#1992,#1993,#1994,#1995,#1996,#1997,
    #1998,#1999,#2000,#2001,#2002,#2003,#2004,#2005,#2006),
  .UNSPECIFIED.,.F.,.F.,(4,1,1,1,1,1,1,1,1,1,1,1,1,1,1,1,1,1,1,1,1,1,4),
  (0.,0.146071451209,0.292142902417,0.438214353626,0.584285804834,
    0.730357256043,0.876428707252,1.02250015846,1.168571609669,
    1.314643060877,1.460714512086,1.606785963294,1.752857414503,
    1.898928865712,2.04500031692,2.191071768129,2.337143219337,
    2.483214670546,2.629286121755,2.775357572963,2.921429024172,
    3.06750047538,3.213571926589),.QUASI_UNIFORM_KNOTS.);
#1982 = CARTESIAN_POINT('',(0.849920731301,0.));
#1983 = CARTESIAN_POINT('',(0.849920726128,1.630627182563E-02));
#1984 = CARTESIAN_POINT('',(0.849920740337,4.891888644197E-02));
#1985 = CARTESIAN_POINT('',(0.849920817101,9.783789205244E-02));
#1986 = CARTESIAN_POINT('',(0.849920946239,0.146756766046));
#1987 = CARTESIAN_POINT('',(0.849921071686,0.195675594448));
#1988 = CARTESIAN_POINT('',(0.849921149574,0.2445944666));
#1989 = CARTESIAN_POINT('',(0.849921155855,0.293513495337));
#1990 = CARTESIAN_POINT('',(0.849921095088,0.342432267453));
#1991 = CARTESIAN_POINT('',(0.849920989782,0.391351332628));
#1992 = CARTESIAN_POINT('',(0.849920877396,0.440270533037));
#1993 = CARTESIAN_POINT('',(0.849920791161,0.489189613325));
#1994 = CARTESIAN_POINT('',(0.849920758863,0.538108632137));
#1995 = CARTESIAN_POINT('',(0.84992079077,0.587027696735));
#1996 = CARTESIAN_POINT('',(0.849920876232,0.635946869321));
#1997 = CARTESIAN_POINT('',(0.849920991161,0.684866080715));
#1998 = CARTESIAN_POINT('',(0.849921099417,0.733784834296));
#1999 = CARTESIAN_POINT('',(0.849921165407,0.782704013925));
#2000 = CARTESIAN_POINT('',(0.849921163304,0.831623063717));
#2001 = CARTESIAN_POINT('',(0.849921087406,0.880541992206));
#2002 = CARTESIAN_POINT('',(0.849920961022,0.92946088821));
#2003 = CARTESIAN_POINT('',(0.849920826861,0.978379879166));
#2004 = CARTESIAN_POINT('',(0.849920742494,1.02729902197));
#2005 = CARTESIAN_POINT('',(0.849920727346,1.059911686917));
#2006 = CARTESIAN_POINT('',(0.849920734198,1.076217962485));
#2007 = ( GEOMETRIC_REPRESENTATION_CONTEXT(2) 
PARAMETRIC_REPRESENTATION_CONTEXT() REPRESENTATION_CONTEXT('2D SPACE',''
  ) );
#2008 = ORIENTED_EDGE('',*,*,#2009,.T.);
#2009 = EDGE_CURVE('',#1929,#2010,#2012,.T.);
#2010 = VERTEX_POINT('',#2011);
#2011 = CARTESIAN_POINT('',(14.068950598577,-4.084988256384,
    2.619716692904));
#2012 = SURFACE_CURVE('',#2013,(#2018,#2028),.PCURVE_S1.);
#2013 = ELLIPSE('',#2014,303.98596734882,14.65);
#2014 = AXIS2_PLACEMENT_3D('',#2015,#2016,#2017);
#2015 = CARTESIAN_POINT('',(0.,0.,1.608000000002));
#2016 = DIRECTION('',(-0.275317076683,-0.960144749859,
    -4.819301406499E-02));
#2017 = DIRECTION('',(-1.328379496572E-02,-4.632609843249E-02,
    0.998838041624));
#2018 = PCURVE('',#1055,#2019);
#2019 = DEFINITIONAL_REPRESENTATION('',(#2020),#2027);
#2020 = B_SPLINE_CURVE_WITH_KNOTS('',5,(#2021,#2022,#2023,#2024,#2025,
    #2026),.UNSPECIFIED.,.F.,.F.,(6,6),(4.708417543784,4.716599174193),
  .PIECEWISE_BEZIER_KNOTS.);
#2021 = CARTESIAN_POINT('',(6.007904063461,0.702144960006));
#2022 = CARTESIAN_POINT('',(6.006267737379,1.19898322722));
#2023 = CARTESIAN_POINT('',(6.004631411298,1.695825530376));
#2024 = CARTESIAN_POINT('',(6.002995085216,2.19266909798));
#2025 = CARTESIAN_POINT('',(6.001358759134,2.689511158499));
#2026 = CARTESIAN_POINT('',(5.999722433052,3.186348940442));
#2027 = ( GEOMETRIC_REPRESENTATION_CONTEXT(2) 
PARAMETRIC_REPRESENTATION_CONTEXT() REPRESENTATION_CONTEXT('2D SPACE',''
  ) );
#2028 = PCURVE('',#2029,#2034);
#2029 = PLANE('',#2030);
#2030 = AXIS2_PLACEMENT_3D('',#2031,#2032,#2033);
#2031 = CARTESIAN_POINT('',(13.785753239489,-3.947645813567,
    1.50130653696));
#2032 = DIRECTION('',(-0.275317076683,-0.960144749859,
    -4.819301406499E-02));
#2033 = DIRECTION('',(1.328379496572E-02,4.632609843249E-02,
    -0.998838041624));
#2034 = DEFINITIONAL_REPRESENTATION('',(#2035),#2039);
#2035 = ELLIPSE('',#2036,303.98596734882,14.65);
#2036 = AXIS2_PLACEMENT_2D('',#2037,#2038);
#2037 = CARTESIAN_POINT('',(-0.106817580625,-14.33983519253));
#2038 = DIRECTION('',(-1.,-3.650722692391E-16));
#2039 = ( GEOMETRIC_REPRESENTATION_CONTEXT(2) 
PARAMETRIC_REPRESENTATION_CONTEXT() REPRESENTATION_CONTEXT('2D SPACE',''
  ) );
#2040 = ORIENTED_EDGE('',*,*,#2041,.F.);
#2041 = EDGE_CURVE('',#2042,#2010,#2044,.T.);
#2042 = VERTEX_POINT('',#2043);
#2043 = CARTESIAN_POINT('',(12.028509618266,8.36286173288,3.231716687848
    ));
#2044 = SURFACE_CURVE('',#2045,(#2063,#2092),.PCURVE_S1.);
#2045 = B_SPLINE_CURVE_WITH_KNOTS('',6,(#2046,#2047,#2048,#2049,#2050,
    #2051,#2052,#2053,#2054,#2055,#2056,#2057,#2058,#2059,#2060,#2061,
    #2062),.UNSPECIFIED.,.F.,.F.,(7,5,5,7),(0.,0.501242045467,1.,
    1.465135299331),.UNSPECIFIED.);
#2046 = CARTESIAN_POINT('',(12.028509618266,8.36286173288,3.231716687848
    ));
#2047 = CARTESIAN_POINT('',(12.452951940065,7.752375907187,
    3.196821337926));
#2048 = CARTESIAN_POINT('',(12.840222187467,7.116027103345,
    3.161925260646));
#2049 = CARTESIAN_POINT('',(13.188330051945,6.456671904061,
    3.127030604688));
#2050 = CARTESIAN_POINT('',(13.4956141144,5.777330454483,3.09213547761)
  );
#2051 = CARTESIAN_POINT('',(13.760707979627,5.081167198659,
    3.057239322447));
#2052 = CARTESIAN_POINT('',(14.203344617593,3.665362165501,2.98762121866
    ));
#2053 = CARTESIAN_POINT('',(14.381323906901,2.94582462502,2.952897844884
    ));
#2054 = CARTESIAN_POINT('',(14.515487276347,2.21616608093,2.918175362577
    ));
#2055 = CARTESIAN_POINT('',(14.605163556152,1.479715397252,
    2.883453198201));
#2056 = CARTESIAN_POINT('',(14.65,0.739850101103,2.848730262797));
#2057 = CARTESIAN_POINT('',(14.65,-0.68997475651,2.78162639568));
#2058 = CARTESIAN_POINT('',(14.611004897763,-1.379960239932,
    2.749244256518));
#2059 = CARTESIAN_POINT('',(14.533012452702,-2.067178104636,
    2.716862565695));
#2060 = CARTESIAN_POINT('',(14.416288559986,-2.748886774217,
    2.684480568603));
#2061 = CARTESIAN_POINT('',(14.261342321239,-3.422379340072,
    2.652098371921));
#2062 = CARTESIAN_POINT('',(14.068950598577,-4.084988256384,
    2.619716692904));
#2063 = PCURVE('',#1055,#2064);
#2064 = DEFINITIONAL_REPRESENTATION('',(#2065),#2091);
#2065 = B_SPLINE_CURVE_WITH_KNOTS('',3,(#2066,#2067,#2068,#2069,#2070,
    #2071,#2072,#2073,#2074,#2075,#2076,#2077,#2078,#2079,#2080,#2081,
    #2082,#2083,#2084,#2085,#2086,#2087,#2088,#2089,#2090),
  .UNSPECIFIED.,.F.,.F.,(4,1,1,1,1,1,1,1,1,1,1,1,1,1,1,1,1,1,1,1,1,1,4),
  (0.,6.659705906049E-02,0.133194118121,0.199791177181,0.266388236242,
    0.332985295302,0.399582354363,0.466179413423,0.532776472484,
    0.599373531544,0.665970590605,0.732567649665,0.799164708726,
    0.865761767786,0.932358826847,0.998955885907,1.065552944968,
    1.132150004028,1.198747063089,1.265344122149,1.33194118121,
    1.39853824027,1.465135299331),.QUASI_UNIFORM_KNOTS.);
#2066 = CARTESIAN_POINT('',(6.89071849847,3.531716687848));
#2067 = CARTESIAN_POINT('',(6.877231911731,3.522443988314));
#2068 = CARTESIAN_POINT('',(6.850258639987,3.503898552018));
#2069 = CARTESIAN_POINT('',(6.80979859956,3.476080378388));
#2070 = CARTESIAN_POINT('',(6.769338669208,3.448262354993));
#2071 = CARTESIAN_POINT('',(6.728878808672,3.420444382005));
#2072 = CARTESIAN_POINT('',(6.688418922285,3.392626331606));
#2073 = CARTESIAN_POINT('',(6.647958945886,3.364808123866));
#2074 = CARTESIAN_POINT('',(6.607498890195,3.336989769987));
#2075 = CARTESIAN_POINT('',(6.56703920475,3.309171604675));
#2076 = CARTESIAN_POINT('',(6.526579166281,3.281353172417));
#2077 = CARTESIAN_POINT('',(6.486119190706,3.253534805767));
#2078 = CARTESIAN_POINT('',(6.445659307979,3.225716562576));
#2079 = CARTESIAN_POINT('',(6.405199452546,3.197898414624));
#2080 = CARTESIAN_POINT('',(6.364739534267,3.170080293777));
#2081 = CARTESIAN_POINT('',(6.324279489931,3.142262130563));
#2082 = CARTESIAN_POINT('',(6.28381962614,3.114444096756));
#2083 = CARTESIAN_POINT('',(6.243359831045,3.086626070686));
#2084 = CARTESIAN_POINT('',(6.202899864539,3.058807857525));
#2085 = CARTESIAN_POINT('',(6.162440016016,3.03098964562));
#2086 = CARTESIAN_POINT('',(6.121980202376,3.003171399218));
#2087 = CARTESIAN_POINT('',(6.081520351556,2.975353116991));
#2088 = CARTESIAN_POINT('',(6.041060402726,2.947534822482));
#2089 = CARTESIAN_POINT('',(6.014087164313,2.92898937699));
#2090 = CARTESIAN_POINT('',(6.000600579937,2.919716692904));
#2091 = ( GEOMETRIC_REPRESENTATION_CONTEXT(2) 
PARAMETRIC_REPRESENTATION_CONTEXT() REPRESENTATION_CONTEXT('2D SPACE',''
  ) );
#2092 = PCURVE('',#2093,#2108);
#2093 = B_SPLINE_SURFACE_WITH_KNOTS('',1,6,(
    (#2094,#2095,#2096,#2097,#2098,#2099,#2100)
    ,(#2101,#2102,#2103,#2104,#2105,#2106,#2107
  )),.UNSPECIFIED.,.F.,.F.,.F.,(2,2),(7,7),(0.,1.400151444174),(0.,
    1.080210122553),.PIECEWISE_BEZIER_KNOTS.);
#2094 = CARTESIAN_POINT('',(14.116299020957,-4.101557495324,
    2.679331942073));
#2095 = CARTESIAN_POINT('',(14.724777337697,-2.007362380665,
    2.781331936493));
#2096 = CARTESIAN_POINT('',(14.960439467292,0.19515624532,2.8833319577)
  );
#2097 = CARTESIAN_POINT('',(14.799176895322,2.423067493307,
    2.985331941509));
#2098 = CARTESIAN_POINT('',(14.241514693673,4.586076373274,
    3.087331924849));
#2099 = CARTESIAN_POINT('',(13.315751129581,6.598434855004,3.18933194626
    ));
#2100 = CARTESIAN_POINT('',(12.071183665948,8.389231009979,
    3.291331940657));
#2101 = CARTESIAN_POINT('',(13.265411403949,-3.803795510275,1.608));
#2102 = CARTESIAN_POINT('',(13.82971582729,-1.835832113592,
    1.710000005592));
#2103 = CARTESIAN_POINT('',(14.043676355634,0.232590802715,
    1.811999984282));
#2104 = CARTESIAN_POINT('',(13.884934369451,2.323541144273,
    1.914000000708));
#2105 = CARTESIAN_POINT('',(13.354281022362,4.352254868351,
    2.016000017134));
#2106 = CARTESIAN_POINT('',(12.478564736878,6.238328423579,
    2.117999995825));
#2107 = CARTESIAN_POINT('',(11.304298211227,7.915354821588,
    2.220000001416));
#2108 = DEFINITIONAL_REPRESENTATION('',(#2109),#2135);
#2109 = B_SPLINE_CURVE_WITH_KNOTS('',3,(#2110,#2111,#2112,#2113,#2114,
    #2115,#2116,#2117,#2118,#2119,#2120,#2121,#2122,#2123,#2124,#2125,
    #2126,#2127,#2128,#2129,#2130,#2131,#2132,#2133,#2134),
  .UNSPECIFIED.,.F.,.F.,(4,1,1,1,1,1,1,1,1,1,1,1,1,1,1,1,1,1,1,1,1,1,4),
  (0.,6.659705906049E-02,0.133194118121,0.199791177181,0.266388236242,
    0.332985295302,0.399582354363,0.466179413423,0.532776472484,
    0.599373531544,0.665970590605,0.732567649665,0.799164708726,
    0.865761767786,0.932358826847,0.998955885907,1.065552944968,
    1.132150004028,1.198747063089,1.265344122149,1.33194118121,
    1.39853824027,1.465135299331),.QUASI_UNIFORM_KNOTS.);
#2110 = CARTESIAN_POINT('',(7.791271711168E-02,1.080210122553));
#2111 = CARTESIAN_POINT('',(7.791272459686E-02,1.063843360018));
#2112 = CARTESIAN_POINT('',(7.791270197505E-02,1.031109720588));
#2113 = CARTESIAN_POINT('',(7.791258261255E-02,0.982009115614));
#2114 = CARTESIAN_POINT('',(7.791238105987E-02,0.932908664464));
#2115 = CARTESIAN_POINT('',(7.791218493133E-02,0.883808308368));
#2116 = CARTESIAN_POINT('',(7.791206455488E-02,0.834707918952));
#2117 = CARTESIAN_POINT('',(7.791205810849E-02,0.785607406048));
#2118 = CARTESIAN_POINT('',(7.791215565619E-02,0.7365067737));
#2119 = CARTESIAN_POINT('',(7.791231975279E-02,0.687406563238));
#2120 = CARTESIAN_POINT('',(7.791249587444E-02,0.638305898001));
#2121 = CARTESIAN_POINT('',(7.791262749409E-02,0.589205288603));
#2122 = CARTESIAN_POINT('',(7.791267413174E-02,0.540104780849));
#2123 = CARTESIAN_POINT('',(7.791262064841E-02,0.491004306503));
#2124 = CARTESIAN_POINT('',(7.791248320609E-02,0.441903767404));
#2125 = CARTESIAN_POINT('',(7.791230353715E-02,0.392803096061));
#2126 = CARTESIAN_POINT('',(7.791213572214E-02,0.343702670106));
#2127 = CARTESIAN_POINT('',(7.791203906044E-02,0.294602354548));
#2128 = CARTESIAN_POINT('',(7.791204924423E-02,0.245501853588));
#2129 = CARTESIAN_POINT('',(7.791217378255E-02,0.196401509402));
#2130 = CARTESIAN_POINT('',(7.791237516478E-02,0.147301209055));
#2131 = CARTESIAN_POINT('',(7.791258254942E-02,9.820085322884E-02));
#2132 = CARTESIAN_POINT('',(7.791270449433E-02,4.910035871388E-02));
#2133 = CARTESIAN_POINT('',(7.791272351283E-02,1.636675961281E-02));
#2134 = CARTESIAN_POINT('',(7.791271214847E-02,0.));
#2135 = ( GEOMETRIC_REPRESENTATION_CONTEXT(2) 
PARAMETRIC_REPRESENTATION_CONTEXT() REPRESENTATION_CONTEXT('2D SPACE',''
  ) );
#2136 = ORIENTED_EDGE('',*,*,#2137,.F.);
#2137 = EDGE_CURVE('',#2138,#2042,#2140,.T.);
#2138 = VERTEX_POINT('',#2139);
#2139 = CARTESIAN_POINT('',(12.000577448834,8.402894792543,2.22));
#2140 = SURFACE_CURVE('',#2141,(#2146,#2156),.PCURVE_S1.);
#2141 = ELLIPSE('',#2142,303.98596734883,14.65);
#2142 = AXIS2_PLACEMENT_3D('',#2143,#2144,#2145);
#2143 = CARTESIAN_POINT('',(0.,0.,2.220000000006));
#2144 = DIRECTION('',(0.572909964407,-0.81820022371,-4.819301406498E-02)
  );
#2145 = DIRECTION('',(2.764237726441E-02,-3.947740599178E-02,
    0.998838041624));
#2146 = PCURVE('',#1055,#2147);
#2147 = DEFINITIONAL_REPRESENTATION('',(#2148),#2155);
#2148 = B_SPLINE_CURVE_WITH_KNOTS('',5,(#2149,#2150,#2151,#2152,#2153,
    #2154),.UNSPECIFIED.,.F.,.F.,(6,6),(4.712388980385,4.716275271889),
  .PIECEWISE_BEZIER_KNOTS.);
#2149 = CARTESIAN_POINT('',(6.894050545378,2.519999999995));
#2150 = CARTESIAN_POINT('',(6.893273287077,2.75600107406));
#2151 = CARTESIAN_POINT('',(6.892496028776,2.992002148125));
#2152 = CARTESIAN_POINT('',(6.891718770475,3.228002925158));
#2153 = CARTESIAN_POINT('',(6.890941512174,3.464003108126));
#2154 = CARTESIAN_POINT('',(6.890164253873,3.7000024));
#2155 = ( GEOMETRIC_REPRESENTATION_CONTEXT(2) 
PARAMETRIC_REPRESENTATION_CONTEXT() REPRESENTATION_CONTEXT('2D SPACE',''
  ) );
#2156 = PCURVE('',#2157,#2162);
#2157 = PLANE('',#2158);
#2158 = AXIS2_PLACEMENT_3D('',#2159,#2160,#2161);
#2159 = CARTESIAN_POINT('',(11.743552620584,8.229208448409,
    2.113306536677));
#2160 = DIRECTION('',(0.572909964407,-0.81820022371,-4.819301406498E-02)
  );
#2161 = DIRECTION('',(0.819152044289,0.573576436351,6.891484591409E-19)
  );
#2162 = DEFINITIONAL_REPRESENTATION('',(#2163),#2167);
#2163 = ELLIPSE('',#2164,303.98596734883,14.65);
#2164 = AXIS2_PLACEMENT_2D('',#2165,#2166);
#2165 = CARTESIAN_POINT('',(-14.33983519219,0.106817580912));
#2166 = DIRECTION('',(1.661163632874E-18,1.));
#2167 = ( GEOMETRIC_REPRESENTATION_CONTEXT(2) 
PARAMETRIC_REPRESENTATION_CONTEXT() REPRESENTATION_CONTEXT('2D SPACE',''
  ) );
#2168 = ORIENTED_EDGE('',*,*,#2169,.T.);
#2169 = EDGE_CURVE('',#2138,#2170,#2172,.T.);
#2170 = VERTEX_POINT('',#2171);
#2171 = CARTESIAN_POINT('',(12.000577448834,8.402894792543,3.4));
#2172 = SURFACE_CURVE('',#2173,(#2177,#2183),.PCURVE_S1.);
#2173 = LINE('',#2174,#2175);
#2174 = CARTESIAN_POINT('',(12.000577448834,8.402894792543,-0.3));
#2175 = VECTOR('',#2176,1.);
#2176 = DIRECTION('',(0.,0.,1.));
#2177 = PCURVE('',#1055,#2178);
#2178 = DEFINITIONAL_REPRESENTATION('',(#2179),#2182);
#2179 = B_SPLINE_CURVE_WITH_KNOTS('',1,(#2180,#2181),.UNSPECIFIED.,.F.,
  .F.,(2,2),(0.,3.7),.PIECEWISE_BEZIER_KNOTS.);
#2180 = CARTESIAN_POINT('',(6.894050545378,0.));
#2181 = CARTESIAN_POINT('',(6.894050545378,3.7));
#2182 = ( GEOMETRIC_REPRESENTATION_CONTEXT(2) 
PARAMETRIC_REPRESENTATION_CONTEXT() REPRESENTATION_CONTEXT('2D SPACE',''
  ) );
#2183 = PCURVE('',#1667,#2184);
#2184 = DEFINITIONAL_REPRESENTATION('',(#2185),#2188);
#2185 = B_SPLINE_CURVE_WITH_KNOTS('',1,(#2186,#2187),.UNSPECIFIED.,.F.,
  .F.,(2,2),(-6.000000000173E-07,3.7000006),.PIECEWISE_BEZIER_KNOTS.);
#2186 = CARTESIAN_POINT('',(2.,6.000000000173E-07));
#2187 = CARTESIAN_POINT('',(2.,-3.7000006));
#2188 = ( GEOMETRIC_REPRESENTATION_CONTEXT(2) 
PARAMETRIC_REPRESENTATION_CONTEXT() REPRESENTATION_CONTEXT('2D SPACE',''
  ) );
#2189 = ORIENTED_EDGE('',*,*,#2190,.T.);
#2190 = EDGE_CURVE('',#2170,#1906,#2191,.T.);
#2191 = SURFACE_CURVE('',#2192,(#2197,#2204),.PCURVE_S1.);
#2192 = CIRCLE('',#2193,14.65);
#2193 = AXIS2_PLACEMENT_3D('',#2194,#2195,#2196);
#2194 = CARTESIAN_POINT('',(0.,0.,3.4));
#2195 = DIRECTION('',(0.,0.,-1.));
#2196 = DIRECTION('',(0.819152044289,0.573576436351,0.));
#2197 = PCURVE('',#1055,#2198);
#2198 = DEFINITIONAL_REPRESENTATION('',(#2199),#2203);
#2199 = LINE('',#2200,#2201);
#2200 = CARTESIAN_POINT('',(6.894050545378,3.7));
#2201 = VECTOR('',#2202,1.);
#2202 = DIRECTION('',(-1.,-0.));
#2203 = ( GEOMETRIC_REPRESENTATION_CONTEXT(2) 
PARAMETRIC_REPRESENTATION_CONTEXT() REPRESENTATION_CONTEXT('2D SPACE',''
  ) );
#2204 = PCURVE('',#2205,#2210);
#2205 = PLANE('',#2206);
#2206 = AXIS2_PLACEMENT_3D('',#2207,#2208,#2209);
#2207 = CARTESIAN_POINT('',(10.035703593239,-0.789827001974,3.4));
#2208 = DIRECTION('',(0.,0.,1.));
#2209 = DIRECTION('',(1.,0.,-0.));
#2210 = DEFINITIONAL_REPRESENTATION('',(#2211),#2219);
#2211 = ( BOUNDED_CURVE() B_SPLINE_CURVE(2,(#2212,#2213,#2214,#2215,
#2216,#2217,#2218),.UNSPECIFIED.,.T.,.F.) B_SPLINE_CURVE_WITH_KNOTS((1,2
    ,2,2,2,1),(-2.094395102393,0.,2.094395102393,4.188790204786,
6.28318530718,8.377580409573),.UNSPECIFIED.) CURVE() 
GEOMETRIC_REPRESENTATION_ITEM() RATIONAL_B_SPLINE_CURVE((1.,0.5,1.,0.5,
1.,0.5,1.)) REPRESENTATION_ITEM('') );
#2212 = CARTESIAN_POINT('',(1.964873855594,9.192721794517));
#2213 = CARTESIAN_POINT('',(16.519114566935,-11.59288806702));
#2214 = CARTESIAN_POINT('',(-8.758871961986,-13.80442532507));
#2215 = CARTESIAN_POINT('',(-34.0368584909,-16.01596258311));
#2216 = CARTESIAN_POINT('',(-23.31311267332,6.981184536475));
#2217 = CARTESIAN_POINT('',(-12.58936685574,29.978331656062));
#2218 = CARTESIAN_POINT('',(1.964873855594,9.192721794517));
#2219 = ( GEOMETRIC_REPRESENTATION_CONTEXT(2) 
PARAMETRIC_REPRESENTATION_CONTEXT() REPRESENTATION_CONTEXT('2D SPACE',''
  ) );
#2220 = ADVANCED_FACE('',(#2221),#1275,.F.);
#2221 = FACE_BOUND('',#2222,.F.);
#2222 = EDGE_LOOP('',(#2223,#2247,#2248,#2249,#2270,#2341,#2373,#2483,
    #2515));
#2223 = ORIENTED_EDGE('',*,*,#2224,.F.);
#2224 = EDGE_CURVE('',#1833,#2225,#2227,.T.);
#2225 = VERTEX_POINT('',#2226);
#2226 = CARTESIAN_POINT('',(-13.27740908008,6.191357534501,3.4));
#2227 = SURFACE_CURVE('',#2228,(#2233,#2240),.PCURVE_S1.);
#2228 = CIRCLE('',#2229,14.65);
#2229 = AXIS2_PLACEMENT_3D('',#2230,#2231,#2232);
#2230 = CARTESIAN_POINT('',(0.,0.,3.4));
#2231 = DIRECTION('',(0.,0.,1.));
#2232 = DIRECTION('',(1.,0.,-0.));
#2233 = PCURVE('',#1275,#2234);
#2234 = DEFINITIONAL_REPRESENTATION('',(#2235),#2239);
#2235 = LINE('',#2236,#2237);
#2236 = CARTESIAN_POINT('',(0.,3.7));
#2237 = VECTOR('',#2238,1.);
#2238 = DIRECTION('',(1.,0.));
#2239 = ( GEOMETRIC_REPRESENTATION_CONTEXT(2) 
PARAMETRIC_REPRESENTATION_CONTEXT() REPRESENTATION_CONTEXT('2D SPACE',''
  ) );
#2240 = PCURVE('',#1890,#2241);
#2241 = DEFINITIONAL_REPRESENTATION('',(#2242),#2246);
#2242 = CIRCLE('',#2243,14.65);
#2243 = AXIS2_PLACEMENT_2D('',#2244,#2245);
#2244 = CARTESIAN_POINT('',(4.333841548315,-9.086087757583));
#2245 = DIRECTION('',(1.,0.));
#2246 = ( GEOMETRIC_REPRESENTATION_CONTEXT(2) 
PARAMETRIC_REPRESENTATION_CONTEXT() REPRESENTATION_CONTEXT('2D SPACE',''
  ) );
#2247 = ORIENTED_EDGE('',*,*,#1832,.F.);
#2248 = ORIENTED_EDGE('',*,*,#1258,.T.);
#2249 = ORIENTED_EDGE('',*,*,#2250,.T.);
#2250 = EDGE_CURVE('',#1233,#2251,#2253,.T.);
#2251 = VERTEX_POINT('',#2252);
#2252 = CARTESIAN_POINT('',(-13.27740908008,6.191357534501,
    1.218900173232));
#2253 = SURFACE_CURVE('',#2254,(#2258,#2264),.PCURVE_S1.);
#2254 = LINE('',#2255,#2256);
#2255 = CARTESIAN_POINT('',(-13.27740908008,6.191357534501,-0.3));
#2256 = VECTOR('',#2257,1.);
#2257 = DIRECTION('',(0.,0.,1.));
#2258 = PCURVE('',#1275,#2259);
#2259 = DEFINITIONAL_REPRESENTATION('',(#2260),#2263);
#2260 = B_SPLINE_CURVE_WITH_KNOTS('',1,(#2261,#2262),.UNSPECIFIED.,.F.,
  .F.,(2,2),(-6.000000000173E-07,3.7000006),.PIECEWISE_BEZIER_KNOTS.);
#2261 = CARTESIAN_POINT('',(2.705260340591,-6.000000000173E-07));
#2262 = CARTESIAN_POINT('',(2.705260340591,3.7000006));
#2263 = ( GEOMETRIC_REPRESENTATION_CONTEXT(2) 
PARAMETRIC_REPRESENTATION_CONTEXT() REPRESENTATION_CONTEXT('2D SPACE',''
  ) );
#2264 = PCURVE('',#1247,#2265);
#2265 = DEFINITIONAL_REPRESENTATION('',(#2266),#2269);
#2266 = B_SPLINE_CURVE_WITH_KNOTS('',1,(#2267,#2268),.UNSPECIFIED.,.F.,
  .F.,(2,2),(-6.000000000173E-07,3.7000006),.PIECEWISE_BEZIER_KNOTS.);
#2267 = CARTESIAN_POINT('',(2.,6.000000000173E-07));
#2268 = CARTESIAN_POINT('',(2.,-3.7000006));
#2269 = ( GEOMETRIC_REPRESENTATION_CONTEXT(2) 
PARAMETRIC_REPRESENTATION_CONTEXT() REPRESENTATION_CONTEXT('2D SPACE',''
  ) );
#2270 = ORIENTED_EDGE('',*,*,#2271,.F.);
#2271 = EDGE_CURVE('',#2272,#2251,#2274,.T.);
#2272 = VERTEX_POINT('',#2273);
#2273 = CARTESIAN_POINT('',(-3.590898069285,14.203096530546,
    0.609161958376));
#2274 = SURFACE_CURVE('',#2275,(#2290,#2308),.PCURVE_S1.);
#2275 = B_SPLINE_CURVE_WITH_KNOTS('',4,(#2276,#2277,#2278,#2279,#2280,
    #2281,#2282,#2283,#2284,#2285,#2286,#2287,#2288,#2289),
  .UNSPECIFIED.,.F.,.F.,(5,3,3,3,5),(0.,0.250927509293,0.500851003726,
    0.75077449359,1.),.UNSPECIFIED.);
#2276 = CARTESIAN_POINT('',(-3.590898069285,14.203096530546,
    0.609161958376));
#2277 = CARTESIAN_POINT('',(-4.381049155283,14.003326571717,
    0.64741191612));
#2278 = CARTESIAN_POINT('',(-5.156389947591,13.744943550422,
    0.685661995285));
#2279 = CARTESIAN_POINT('',(-5.910364636542,13.429606719777,
    0.72391202486));
#2280 = CARTESIAN_POINT('',(-7.360615496984,12.692627046307,
    0.800258849309));
#2281 = CARTESIAN_POINT('',(-8.057125043053,12.271407203779,
    0.838355890778));
#2282 = CARTESIAN_POINT('',(-8.720516642811,11.799747085496,
    0.876452988196));
#2283 = CARTESIAN_POINT('',(-9.970771169155,10.764068193181,
    0.952646926634));
#2284 = CARTESIAN_POINT('',(-10.5576466128,10.20003905318,0.990744024168
    ));
#2285 = CARTESIAN_POINT('',(-11.1011260105,9.5940837554,1.028841066246)
  );
#2286 = CARTESIAN_POINT('',(-12.09173982436,8.310691571458,1.1049284478)
  );
#2287 = CARTESIAN_POINT('',(-12.53914891124,7.633446306336,
    1.142919030386));
#2288 = CARTESIAN_POINT('',(-12.93530583181,6.925000317943,
    1.180909659022));
#2289 = CARTESIAN_POINT('',(-13.27740908008,6.191357534501,
    1.218900173232));
#2290 = PCURVE('',#1275,#2291);
#2291 = DEFINITIONAL_REPRESENTATION('',(#2292),#2307);
#2292 = B_SPLINE_CURVE_WITH_KNOTS('',4,(#2293,#2294,#2295,#2296,#2297,
    #2298,#2299,#2300,#2301,#2302,#2303,#2304,#2305,#2306),
  .UNSPECIFIED.,.F.,.F.,(5,3,3,3,5),(0.,0.250927509293,0.500851003726,
    0.75077449359,1.),.UNSPECIFIED.);
#2293 = CARTESIAN_POINT('',(1.818432053541,0.909161958376));
#2294 = CARTESIAN_POINT('',(1.874064364727,0.94741191612));
#2295 = CARTESIAN_POINT('',(1.929696863093,0.985661995285));
#2296 = CARTESIAN_POINT('',(1.985329362226,1.02391202486));
#2297 = CARTESIAN_POINT('',(2.096371388577,1.100258849309));
#2298 = CARTESIAN_POINT('',(2.151781286168,1.138355890778));
#2299 = CARTESIAN_POINT('',(2.207191182861,1.176452988196));
#2300 = CARTESIAN_POINT('',(2.318010608692,1.252646926634));
#2301 = CARTESIAN_POINT('',(2.37342050436,1.290744024168));
#2302 = CARTESIAN_POINT('',(2.428830400916,1.328841066246));
#2303 = CARTESIAN_POINT('',(2.53949508078,1.4049284478));
#2304 = CARTESIAN_POINT('',(2.594750228164,1.442919030386));
#2305 = CARTESIAN_POINT('',(2.650005374881,1.480909659022));
#2306 = CARTESIAN_POINT('',(2.705260340591,1.518900173232));
#2307 = ( GEOMETRIC_REPRESENTATION_CONTEXT(2) 
PARAMETRIC_REPRESENTATION_CONTEXT() REPRESENTATION_CONTEXT('2D SPACE',''
  ) );
#2308 = PCURVE('',#2309,#2324);
#2309 = B_SPLINE_SURFACE_WITH_KNOTS('',1,6,(
    (#2310,#2311,#2312,#2313,#2314,#2315,#2316)
    ,(#2317,#2318,#2319,#2320,#2321,#2322,#2323
  )),.UNSPECIFIED.,.F.,.F.,.F.,(2,2),(7,7),(0.,0.9),(0.,1.080210122553),
  .PIECEWISE_BEZIER_KNOTS.);
#2310 = CARTESIAN_POINT('',(-3.385283634859,13.378422077291,
    0.609161958376));
#2311 = CARTESIAN_POINT('',(-5.370012499158,12.876205128366,
    0.711161963956));
#2312 = CARTESIAN_POINT('',(-7.265334938552,12.02065968281,
    0.813161942742));
#2313 = CARTESIAN_POINT('',(-8.992648919632,10.831663230811,
    0.91516195895));
#2314 = CARTESIAN_POINT('',(-10.47909253257,9.352538088363,
    1.017161975594));
#2315 = CARTESIAN_POINT('',(-11.66868023466,7.646933694986,
    1.119161954189));
#2316 = CARTESIAN_POINT('',(-12.52741470605,5.788454306824,
    1.221161959792));
#2317 = CARTESIAN_POINT('',(-3.603013340899,14.25168823094,
    0.609161958376));
#2318 = CARTESIAN_POINT('',(-5.717293849406,13.717170429299,
    0.711161952773));
#2319 = CARTESIAN_POINT('',(-7.736417597879,12.80626088798,
    0.813161974178));
#2320 = CARTESIAN_POINT('',(-9.57665193987,11.540115544933,
    0.915161957533));
#2321 = CARTESIAN_POINT('',(-11.16037322204,9.964865409031,
    1.017161941326));
#2322 = CARTESIAN_POINT('',(-12.42793022892,8.148298252795,1.11916196254
    ));
#2323 = CARTESIAN_POINT('',(-13.34309171444,6.168810742267,1.22116195696
    ));
#2324 = DEFINITIONAL_REPRESENTATION('',(#2325),#2340);
#2325 = B_SPLINE_CURVE_WITH_KNOTS('',4,(#2326,#2327,#2328,#2329,#2330,
    #2331,#2332,#2333,#2334,#2335,#2336,#2337,#2338,#2339),
  .UNSPECIFIED.,.F.,.F.,(5,3,3,3,5),(0.,0.250927509293,0.500851003726,
    0.75077449359,1.),.UNSPECIFIED.);
#2326 = CARTESIAN_POINT('',(0.849920731301,0.));
#2327 = CARTESIAN_POINT('',(0.849920736003,6.751306137174E-02));
#2328 = CARTESIAN_POINT('',(0.849920872069,0.135026330516));
#2329 = CARTESIAN_POINT('',(0.849921142226,0.202539513085));
#2330 = CARTESIAN_POINT('',(0.849921157827,0.337295414107));
#2331 = CARTESIAN_POINT('',(0.849920953798,0.404538567957));
#2332 = CARTESIAN_POINT('',(0.84992076867,0.471781822422));
#2333 = CARTESIAN_POINT('',(0.849920770715,0.606267878656));
#2334 = CARTESIAN_POINT('',(0.849920957712,0.673511133338));
#2335 = CARTESIAN_POINT('',(0.849921167067,0.740754288292));
#2336 = CARTESIAN_POINT('',(0.849921155504,0.875052259894));
#2337 = CARTESIAN_POINT('',(0.849920893312,0.942107505803));
#2338 = CARTESIAN_POINT('',(0.849920730577,1.009162832041));
#2339 = CARTESIAN_POINT('',(0.849920734199,1.076217962485));
#2340 = ( GEOMETRIC_REPRESENTATION_CONTEXT(2) 
PARAMETRIC_REPRESENTATION_CONTEXT() REPRESENTATION_CONTEXT('2D SPACE',''
  ) );
#2341 = ORIENTED_EDGE('',*,*,#2342,.T.);
#2342 = EDGE_CURVE('',#2272,#2343,#2345,.T.);
#2343 = VERTEX_POINT('',#2344);
#2344 = CARTESIAN_POINT('',(-3.496771695098,14.226562751148,
    2.619716692904));
#2345 = SURFACE_CURVE('',#2346,(#2351,#2361),.PCURVE_S1.);
#2346 = ELLIPSE('',#2347,303.98596734882,14.65);
#2347 = AXIS2_PLACEMENT_3D('',#2348,#2349,#2350);
#2348 = CARTESIAN_POINT('',(0.,0.,1.608000000002));
#2349 = DIRECTION('',(0.96916828303,0.241640792427,-4.819301406499E-02)
  );
#2350 = DIRECTION('',(4.676147558361E-02,1.165894531726E-02,
    0.998838041624));
#2351 = PCURVE('',#1275,#2352);
#2352 = DEFINITIONAL_REPRESENTATION('',(#2353),#2360);
#2353 = B_SPLINE_CURVE_WITH_KNOTS('',5,(#2354,#2355,#2356,#2357,#2358,
    #2359),.UNSPECIFIED.,.F.,.F.,(6,6),(4.708417543784,4.716599174193),
  .PIECEWISE_BEZIER_KNOTS.);
#2354 = CARTESIAN_POINT('',(1.819113858675,0.702144960006));
#2355 = CARTESIAN_POINT('',(1.817477532593,1.19898322722));
#2356 = CARTESIAN_POINT('',(1.815841206511,1.695825530376));
#2357 = CARTESIAN_POINT('',(1.814204880429,2.192669097979));
#2358 = CARTESIAN_POINT('',(1.812568554347,2.689511158499));
#2359 = CARTESIAN_POINT('',(1.810932228265,3.186348940442));
#2360 = ( GEOMETRIC_REPRESENTATION_CONTEXT(2) 
PARAMETRIC_REPRESENTATION_CONTEXT() REPRESENTATION_CONTEXT('2D SPACE',''
  ) );
#2361 = PCURVE('',#2362,#2367);
#2362 = PLANE('',#2363);
#2363 = AXIS2_PLACEMENT_3D('',#2364,#2365,#2366);
#2364 = CARTESIAN_POINT('',(-3.474115060052,13.912635422484,
    1.50130653696));
#2365 = DIRECTION('',(0.96916828303,0.241640792427,-4.819301406499E-02)
  );
#2366 = DIRECTION('',(-4.676147558361E-02,-1.165894531726E-02,
    -0.998838041624));
#2367 = DEFINITIONAL_REPRESENTATION('',(#2368),#2372);
#2368 = ELLIPSE('',#2369,303.98596734882,14.65);
#2369 = AXIS2_PLACEMENT_2D('',#2370,#2371);
#2370 = CARTESIAN_POINT('',(-0.106817580625,-14.33983519253));
#2371 = DIRECTION('',(-1.,-3.687134093727E-16));
#2372 = ( GEOMETRIC_REPRESENTATION_CONTEXT(2) 
PARAMETRIC_REPRESENTATION_CONTEXT() REPRESENTATION_CONTEXT('2D SPACE',''
  ) );
#2373 = ORIENTED_EDGE('',*,*,#2374,.T.);
#2374 = EDGE_CURVE('',#2343,#2375,#2377,.T.);
#2375 = VERTEX_POINT('',#2376);
#2376 = CARTESIAN_POINT('',(-13.25670551814,6.235564032644,
    3.231716687848));
#2377 = SURFACE_CURVE('',#2378,(#2406,#2437),.PCURVE_S1.);
#2378 = B_SPLINE_CURVE_WITH_KNOTS('',6,(#2379,#2380,#2381,#2382,#2383,
    #2384,#2385,#2386,#2387,#2388,#2389,#2390,#2391,#2392,#2393,#2394,
    #2395,#2396,#2397,#2398,#2399,#2400,#2401,#2402,#2403,#2404,#2405),
  .UNSPECIFIED.,.F.,.F.,(7,5,5,5,5,7),(0.,0.253000431931,0.281934695307,
    0.381934950908,0.690886928899,1.),.UNSPECIFIED.);
#2379 = CARTESIAN_POINT('',(-3.496771695098,14.226562751148,
    2.619716692904));
#2380 = CARTESIAN_POINT('',(-4.030741018962,14.095317498841,
    2.645522658659));
#2381 = CARTESIAN_POINT('',(-4.558802432127,13.940021278386,
    2.671328750461));
#2382 = CARTESIAN_POINT('',(-5.079594584202,13.761009082401,
    2.697134924652));
#2383 = CARTESIAN_POINT('',(-5.591792406643,13.558714192061,
    2.722941117434));
#2384 = CARTESIAN_POINT('',(-6.094107112745,13.333668177092,
    2.748747244865));
#2385 = CARTESIAN_POINT('',(-6.641459639326,13.058233737646,
    2.777504487886));
#2386 = CARTESIAN_POINT('',(-6.697487477985,13.029677231905,
    2.780455771897));
#2387 = CARTESIAN_POINT('',(-6.753367850434,13.000832316132,
    2.783407054917));
#2388 = CARTESIAN_POINT('',(-6.809098901746,12.971699943789,
    2.78635833698));
#2389 = CARTESIAN_POINT('',(-6.864678785261,12.942281084222,
    2.789309618129));
#2390 = CARTESIAN_POINT('',(-7.111667542965,12.809914916145,
    2.802460874126));
#2391 = CARTESIAN_POINT('',(-7.301401831691,12.703842840284,
    2.812660839937));
#2392 = CARTESIAN_POINT('',(-7.489232575931,12.594401201264,
    2.822860798425));
#2393 = CARTESIAN_POINT('',(-7.675085128749,12.481632901385,
    2.833060752596));
#2394 = CARTESIAN_POINT('',(-7.858886149109,12.365583039061,
    2.843260705891));
#2395 = CARTESIAN_POINT('',(-8.601858251086,11.877769170982,
    2.884973548369));
#2396 = CARTESIAN_POINT('',(-9.142891375262,11.478362758689,
    2.916486903623));
#2397 = CARTESIAN_POINT('',(-9.661522340944,11.049482873098,
    2.947999887735));
#2398 = CARTESIAN_POINT('',(-10.15576910289,10.592715807957,
    2.979513068179));
#2399 = CARTESIAN_POINT('',(-10.62379510553,10.109814211091,
    3.011026727766));
#2400 = CARTESIAN_POINT('',(-11.50428253359,9.095346036078,
    3.074069383941));
#2401 = CARTESIAN_POINT('',(-11.91672716623,8.56374003435,3.105599251232
    ));
#2402 = CARTESIAN_POINT('',(-12.29957617849,8.009829117351,
    3.137128438331));
#2403 = CARTESIAN_POINT('',(-12.65135054133,7.435681489979,
    3.168657370184));
#2404 = CARTESIAN_POINT('',(-12.97075678638,6.843486284813,
    3.200187250264));
#2405 = CARTESIAN_POINT('',(-13.25670551814,6.235564032644,
    3.231716687848));
#2406 = PCURVE('',#1275,#2407);
#2407 = DEFINITIONAL_REPRESENTATION('',(#2408),#2436);
#2408 = B_SPLINE_CURVE_WITH_KNOTS('',6,(#2409,#2410,#2411,#2412,#2413,
    #2414,#2415,#2416,#2417,#2418,#2419,#2420,#2421,#2422,#2423,#2424,
    #2425,#2426,#2427,#2428,#2429,#2430,#2431,#2432,#2433,#2434,#2435),
  .UNSPECIFIED.,.F.,.F.,(7,5,5,5,5,7),(0.,0.253000431931,0.281934695307,
    0.381934950908,0.690886928899,1.),.UNSPECIFIED.);
#2409 = CARTESIAN_POINT('',(1.81181037515,2.919716692904));
#2410 = CARTESIAN_POINT('',(1.849343638329,2.945522658659));
#2411 = CARTESIAN_POINT('',(1.886876980496,2.971328750461));
#2412 = CARTESIAN_POINT('',(1.924410362137,2.997134924652));
#2413 = CARTESIAN_POINT('',(1.961943743777,3.022941117434));
#2414 = CARTESIAN_POINT('',(1.999477085985,3.048747244865));
#2415 = CARTESIAN_POINT('',(2.041302821599,3.077504487886));
#2416 = CARTESIAN_POINT('',(2.045595293838,3.080455771897));
#2417 = CARTESIAN_POINT('',(2.049887766085,3.083407054917));
#2418 = CARTESIAN_POINT('',(2.054180238335,3.08635833698));
#2419 = CARTESIAN_POINT('',(2.058472710588,3.089309618129));
#2420 = CARTESIAN_POINT('',(2.077600477494,3.102460874126));
#2421 = CARTESIAN_POINT('',(2.092435772953,3.112660839937));
#2422 = CARTESIAN_POINT('',(2.107271068819,3.122860798425));
#2423 = CARTESIAN_POINT('',(2.122106364687,3.133060752596));
#2424 = CARTESIAN_POINT('',(2.136941660152,3.143260705891));
#2425 = CARTESIAN_POINT('',(2.197610773939,3.184973548369));
#2426 = CARTESIAN_POINT('',(2.24344522928,3.216486903623));
#2427 = CARTESIAN_POINT('',(2.289278940708,3.247999887735));
#2428 = CARTESIAN_POINT('',(2.335112651077,3.279513068179));
#2429 = CARTESIAN_POINT('',(2.380947104786,3.311026727766));
#2430 = CARTESIAN_POINT('',(2.472638639203,3.374069383941));
#2431 = CARTESIAN_POINT('',(2.51849699502,3.405599251232));
#2432 = CARTESIAN_POINT('',(2.56435460724,3.437128438331));
#2433 = CARTESIAN_POINT('',(2.610212220997,3.468657370184));
#2434 = CARTESIAN_POINT('',(2.656070576521,3.500187250264));
#2435 = CARTESIAN_POINT('',(2.701928293684,3.531716687848));
#2436 = ( GEOMETRIC_REPRESENTATION_CONTEXT(2) 
PARAMETRIC_REPRESENTATION_CONTEXT() REPRESENTATION_CONTEXT('2D SPACE',''
  ) );
#2437 = PCURVE('',#2438,#2453);
#2438 = B_SPLINE_SURFACE_WITH_KNOTS('',1,6,(
    (#2439,#2440,#2441,#2442,#2443,#2444,#2445)
    ,(#2446,#2447,#2448,#2449,#2450,#2451,#2452
  )),.UNSPECIFIED.,.F.,.F.,.F.,(2,2),(7,7),(0.,1.400151444174),(0.,
    1.080210122553),.PIECEWISE_BEZIER_KNOTS.);
#2439 = CARTESIAN_POINT('',(-3.506096524446,14.275852307228,
    2.679331942073));
#2440 = CARTESIAN_POINT('',(-5.623961852592,13.755712429848,
    2.781331936493));
#2441 = CARTESIAN_POINT('',(-7.6492299998,12.858542507795,2.8833319577)
  );
#2442 = CARTESIAN_POINT('',(-9.498026451949,11.604929399795,
    2.985331941509));
#2443 = CARTESIAN_POINT('',(-11.09241598978,10.040475326453,
    3.087331924849));
#2444 = CARTESIAN_POINT('',(-12.37228777444,8.232561321187,3.18933194626
    ));
#2445 = CARTESIAN_POINT('',(-13.30087900583,6.25933620347,3.291331940657
    ));
#2446 = CARTESIAN_POINT('',(-3.338522159275,13.390081022609,1.608));
#2447 = CARTESIAN_POINT('',(-5.324980666191,12.894801290349,
    1.710000005592));
#2448 = CARTESIAN_POINT('',(-7.223267721655,12.045885085149,
    1.811999984282));
#2449 = CARTESIAN_POINT('',(-8.954712842404,10.862935321688,
    1.914000000708));
#2450 = CARTESIAN_POINT('',(-10.44630379091,9.389019180466,
    2.016000017134));
#2451 = CARTESIAN_POINT('',(-11.6418332604,7.687589853116,2.117999995825
    ));
#2452 = CARTESIAN_POINT('',(-12.50704746107,5.832132012084,
    2.220000001416));
#2453 = DEFINITIONAL_REPRESENTATION('',(#2454),#2482);
#2454 = B_SPLINE_CURVE_WITH_KNOTS('',6,(#2455,#2456,#2457,#2458,#2459,
    #2460,#2461,#2462,#2463,#2464,#2465,#2466,#2467,#2468,#2469,#2470,
    #2471,#2472,#2473,#2474,#2475,#2476,#2477,#2478,#2479,#2480,#2481),
  .UNSPECIFIED.,.F.,.F.,(7,5,5,5,5,7),(0.,0.253000431931,0.281934695307,
    0.381934950908,0.690886928899,1.),.UNSPECIFIED.);
#2455 = CARTESIAN_POINT('',(7.791271214847E-02,0.));
#2456 = CARTESIAN_POINT('',(7.791271714604E-02,4.554880868711E-02));
#2457 = CARTESIAN_POINT('',(7.791262451135E-02,9.109770534116E-02));
#2458 = CARTESIAN_POINT('',(7.791244452427E-02,0.13664662832));
#2459 = CARTESIAN_POINT('',(7.791222511849E-02,0.182195530795));
#2460 = CARTESIAN_POINT('',(7.791205188152E-02,0.227744380756));
#2461 = CARTESIAN_POINT('',(7.791204761705E-02,0.278502323671));
#2462 = CARTESIAN_POINT('',(7.791204869339E-02,0.283711486602));
#2463 = CARTESIAN_POINT('',(7.79120512668E-02,0.288920649815));
#2464 = CARTESIAN_POINT('',(7.791205530459E-02,0.294129813324));
#2465 = CARTESIAN_POINT('',(7.791206075827E-02,0.29933897714));
#2466 = CARTESIAN_POINT('',(7.791209108333E-02,0.322551632098));
#2467 = CARTESIAN_POINT('',(7.791213099805E-02,0.340555127696));
#2468 = CARTESIAN_POINT('',(7.791218396809E-02,0.358558628102));
#2469 = CARTESIAN_POINT('',(7.791224584483E-02,0.376562133019));
#2470 = CARTESIAN_POINT('',(7.791231167062E-02,0.394565641816));
#2471 = CARTESIAN_POINT('',(7.791257343272E-02,0.468191216916));
#2472 = CARTESIAN_POINT('',(7.791275670293E-02,0.523814089434));
#2473 = CARTESIAN_POINT('',(7.791277500203E-02,0.579436084468));
#2474 = CARTESIAN_POINT('',(7.791252156007E-02,0.63505805873));
#2475 = CARTESIAN_POINT('',(7.791227423405E-02,0.690680886048));
#2476 = CARTESIAN_POINT('',(7.79120084866E-02,0.801953918462));
#2477 = CARTESIAN_POINT('',(7.791199769505E-02,0.857605670695));
#2478 = CARTESIAN_POINT('',(7.791218330147E-02,0.913256486588));
#2479 = CARTESIAN_POINT('',(7.791270659216E-02,0.968907307513));
#2480 = CARTESIAN_POINT('',(7.791271100512E-02,1.024559102378));
#2481 = CARTESIAN_POINT('',(7.791271711168E-02,1.080210122553));
#2482 = ( GEOMETRIC_REPRESENTATION_CONTEXT(2) 
PARAMETRIC_REPRESENTATION_CONTEXT() REPRESENTATION_CONTEXT('2D SPACE',''
  ) );
#2483 = ORIENTED_EDGE('',*,*,#2484,.F.);
#2484 = EDGE_CURVE('',#2485,#2375,#2487,.T.);
#2485 = VERTEX_POINT('',#2486);
#2486 = CARTESIAN_POINT('',(-13.27740908008,6.191357534501,2.22));
#2487 = SURFACE_CURVE('',#2488,(#2493,#2503),.PCURVE_S1.);
#2488 = ELLIPSE('',#2489,303.98596734883,14.65);
#2489 = AXIS2_PLACEMENT_3D('',#2490,#2491,#2492);
#2490 = CARTESIAN_POINT('',(0.,0.,2.220000000006));
#2491 = DIRECTION('',(0.422127196912,0.905254695112,-4.819301406498E-02)
  );
#2492 = DIRECTION('',(2.036724783219E-02,4.367770392786E-02,
    0.998838041624));
#2493 = PCURVE('',#1275,#2494);
#2494 = DEFINITIONAL_REPRESENTATION('',(#2495),#2502);
#2495 = B_SPLINE_CURVE_WITH_KNOTS('',5,(#2496,#2497,#2498,#2499,#2500,
    #2501),.UNSPECIFIED.,.F.,.F.,(6,6),(4.712388980385,4.716275271889),
  .PIECEWISE_BEZIER_KNOTS.);
#2496 = CARTESIAN_POINT('',(2.705260340591,2.52));
#2497 = CARTESIAN_POINT('',(2.70448308229,2.756001074064));
#2498 = CARTESIAN_POINT('',(2.703705823989,2.992002148127));
#2499 = CARTESIAN_POINT('',(2.702928565688,3.22800292516));
#2500 = CARTESIAN_POINT('',(2.702151307387,3.464003108127));
#2501 = CARTESIAN_POINT('',(2.701374049086,3.7000024));
#2502 = ( GEOMETRIC_REPRESENTATION_CONTEXT(2) 
PARAMETRIC_REPRESENTATION_CONTEXT() REPRESENTATION_CONTEXT('2D SPACE',''
  ) );
#2503 = PCURVE('',#2504,#2509);
#2504 = PLANE('',#2505);
#2505 = AXIS2_PLACEMENT_3D('',#2506,#2507,#2508);
#2506 = CARTESIAN_POINT('',(-12.99847987965,6.055610675901,
    2.113306536677));
#2507 = DIRECTION('',(0.422127196912,0.905254695112,-4.819301406498E-02)
  );
#2508 = DIRECTION('',(-0.906307787037,0.422618261741,6.891484591409E-19)
  );
#2509 = DEFINITIONAL_REPRESENTATION('',(#2510),#2514);
#2510 = ELLIPSE('',#2511,303.98596734883,14.65);
#2511 = AXIS2_PLACEMENT_2D('',#2512,#2513);
#2512 = CARTESIAN_POINT('',(-14.33983519219,0.106817580912));
#2513 = DIRECTION('',(4.489994332616E-18,1.));
#2514 = ( GEOMETRIC_REPRESENTATION_CONTEXT(2) 
PARAMETRIC_REPRESENTATION_CONTEXT() REPRESENTATION_CONTEXT('2D SPACE',''
  ) );
#2515 = ORIENTED_EDGE('',*,*,#2516,.T.);
#2516 = EDGE_CURVE('',#2485,#2225,#2517,.T.);
#2517 = SURFACE_CURVE('',#2518,(#2522,#2528),.PCURVE_S1.);
#2518 = LINE('',#2519,#2520);
#2519 = CARTESIAN_POINT('',(-13.27740908008,6.191357534501,-0.3));
#2520 = VECTOR('',#2521,1.);
#2521 = DIRECTION('',(0.,0.,1.));
#2522 = PCURVE('',#1275,#2523);
#2523 = DEFINITIONAL_REPRESENTATION('',(#2524),#2527);
#2524 = B_SPLINE_CURVE_WITH_KNOTS('',1,(#2525,#2526),.UNSPECIFIED.,.F.,
  .F.,(2,2),(-6.000000000173E-07,3.7000006),.PIECEWISE_BEZIER_KNOTS.);
#2525 = CARTESIAN_POINT('',(2.705260340591,-6.000000000173E-07));
#2526 = CARTESIAN_POINT('',(2.705260340591,3.7000006));
#2527 = ( GEOMETRIC_REPRESENTATION_CONTEXT(2) 
PARAMETRIC_REPRESENTATION_CONTEXT() REPRESENTATION_CONTEXT('2D SPACE',''
  ) );
#2528 = PCURVE('',#2529,#2534);
#2529 = PLANE('',#2530);
#2530 = AXIS2_PLACEMENT_3D('',#2531,#2532,#2533);
#2531 = CARTESIAN_POINT('',(-15.09002465416,7.036594057983,-0.3));
#2532 = DIRECTION('',(0.422618261741,0.906307787037,-0.));
#2533 = DIRECTION('',(0.906307787037,-0.422618261741,0.));
#2534 = DEFINITIONAL_REPRESENTATION('',(#2535),#2538);
#2535 = B_SPLINE_CURVE_WITH_KNOTS('',1,(#2536,#2537),.UNSPECIFIED.,.F.,
  .F.,(2,2),(-6.000000000173E-07,3.7000006),.PIECEWISE_BEZIER_KNOTS.);
#2536 = CARTESIAN_POINT('',(2.,6.000000000173E-07));
#2537 = CARTESIAN_POINT('',(2.,-3.7000006));
#2538 = ( GEOMETRIC_REPRESENTATION_CONTEXT(2) 
PARAMETRIC_REPRESENTATION_CONTEXT() REPRESENTATION_CONTEXT('2D SPACE',''
  ) );
#2539 = ADVANCED_FACE('',(#2540),#1082,.T.);
#2540 = FACE_BOUND('',#2541,.T.);
#2541 = EDGE_LOOP('',(#2542,#2543,#2544,#2565,#2586));
#2542 = ORIENTED_EDGE('',*,*,#1905,.F.);
#2543 = ORIENTED_EDGE('',*,*,#1067,.T.);
#2544 = ORIENTED_EDGE('',*,*,#2545,.T.);
#2545 = EDGE_CURVE('',#1068,#2546,#2548,.T.);
#2546 = VERTEX_POINT('',#2547);
#2547 = CARTESIAN_POINT('',(9.926889244673,-9.586285512334,
    2.637323655924));
#2548 = SURFACE_CURVE('',#2549,(#2553,#2559),.PCURVE_S1.);
#2549 = LINE('',#2550,#2551);
#2550 = CARTESIAN_POINT('',(9.926889244673,-9.586285512334,0.2));
#2551 = VECTOR('',#2552,1.);
#2552 = DIRECTION('',(0.,0.,1.));
#2553 = PCURVE('',#1082,#2554);
#2554 = DEFINITIONAL_REPRESENTATION('',(#2555),#2558);
#2555 = B_SPLINE_CURVE_WITH_KNOTS('',1,(#2556,#2557),.UNSPECIFIED.,.F.,
  .F.,(2,2),(-5.999999999895E-07,3.57),.PIECEWISE_BEZIER_KNOTS.);
#2556 = CARTESIAN_POINT('',(13.8,-0.4999994));
#2557 = CARTESIAN_POINT('',(13.8,-4.07));
#2558 = ( GEOMETRIC_REPRESENTATION_CONTEXT(2) 
PARAMETRIC_REPRESENTATION_CONTEXT() REPRESENTATION_CONTEXT('2D SPACE',''
  ) );
#2559 = PCURVE('',#1110,#2560);
#2560 = DEFINITIONAL_REPRESENTATION('',(#2561),#2564);
#2561 = B_SPLINE_CURVE_WITH_KNOTS('',1,(#2562,#2563),.UNSPECIFIED.,.F.,
  .F.,(2,2),(-5.999999999895E-07,3.57),.PIECEWISE_BEZIER_KNOTS.);
#2562 = CARTESIAN_POINT('',(5.515240436302,-5.999999999895E-07));
#2563 = CARTESIAN_POINT('',(5.515240436302,3.57));
#2564 = ( GEOMETRIC_REPRESENTATION_CONTEXT(2) 
PARAMETRIC_REPRESENTATION_CONTEXT() REPRESENTATION_CONTEXT('2D SPACE',''
  ) );
#2565 = ORIENTED_EDGE('',*,*,#2566,.T.);
#2566 = EDGE_CURVE('',#2546,#2567,#2569,.T.);
#2567 = VERTEX_POINT('',#2568);
#2568 = CARTESIAN_POINT('',(10.387238978444,-10.03084008272,3.4));
#2569 = SURFACE_CURVE('',#2570,(#2574,#2580),.PCURVE_S1.);
#2570 = LINE('',#2571,#2572);
#2571 = CARTESIAN_POINT('',(0.,0.,-13.80887592187));
#2572 = VECTOR('',#2573,1.);
#2573 = DIRECTION('',(0.462382710812,-0.446517793496,0.766044443119));
#2574 = PCURVE('',#1082,#2575);
#2575 = DEFINITIONAL_REPRESENTATION('',(#2576),#2579);
#2576 = B_SPLINE_CURVE_WITH_KNOTS('',1,(#2577,#2578),.UNSPECIFIED.,.F.,
  .F.,(2,2),(21.391202619331,22.882322402218),.PIECEWISE_BEZIER_KNOTS.);
#2577 = CARTESIAN_POINT('',(13.75,-2.877735976294));
#2578 = CARTESIAN_POINT('',(14.708473320998,-4.02));
#2579 = ( GEOMETRIC_REPRESENTATION_CONTEXT(2) 
PARAMETRIC_REPRESENTATION_CONTEXT() REPRESENTATION_CONTEXT('2D SPACE',''
  ) );
#2580 = PCURVE('',#1640,#2581);
#2581 = DEFINITIONAL_REPRESENTATION('',(#2582),#2585);
#2582 = B_SPLINE_CURVE_WITH_KNOTS('',1,(#2583,#2584),.UNSPECIFIED.,.F.,
  .F.,(2,2),(21.391202619331,22.882322402218),.PIECEWISE_BEZIER_KNOTS.);
#2583 = CARTESIAN_POINT('',(5.515240436302,-2.721536571638E-15));
#2584 = CARTESIAN_POINT('',(5.515240436302,1.142264023706));
#2585 = ( GEOMETRIC_REPRESENTATION_CONTEXT(2) 
PARAMETRIC_REPRESENTATION_CONTEXT() REPRESENTATION_CONTEXT('2D SPACE',''
  ) );
#2586 = ORIENTED_EDGE('',*,*,#2587,.T.);
#2587 = EDGE_CURVE('',#2567,#1906,#2588,.T.);
#2588 = SURFACE_CURVE('',#2589,(#2593,#2600),.PCURVE_S1.);
#2589 = LINE('',#2590,#2591);
#2590 = CARTESIAN_POINT('',(0.,0.,3.4));
#2591 = VECTOR('',#2592,1.);
#2592 = DIRECTION('',(0.719339800339,-0.694658370459,0.));
#2593 = PCURVE('',#1082,#2594);
#2594 = DEFINITIONAL_REPRESENTATION('',(#2595),#2599);
#2595 = LINE('',#2596,#2597);
#2596 = CARTESIAN_POINT('',(0.,-3.7));
#2597 = VECTOR('',#2598,1.);
#2598 = DIRECTION('',(1.,0.));
#2599 = ( GEOMETRIC_REPRESENTATION_CONTEXT(2) 
PARAMETRIC_REPRESENTATION_CONTEXT() REPRESENTATION_CONTEXT('2D SPACE',''
  ) );
#2600 = PCURVE('',#2205,#2601);
#2601 = DEFINITIONAL_REPRESENTATION('',(#2602),#2606);
#2602 = LINE('',#2603,#2604);
#2603 = CARTESIAN_POINT('',(-10.03570359323,0.789827001974));
#2604 = VECTOR('',#2605,1.);
#2605 = DIRECTION('',(0.719339800339,-0.694658370459));
#2606 = ( GEOMETRIC_REPRESENTATION_CONTEXT(2) 
PARAMETRIC_REPRESENTATION_CONTEXT() REPRESENTATION_CONTEXT('2D SPACE',''
  ) );
#2607 = ADVANCED_FACE('',(#2608),#1247,.T.);
#2608 = FACE_BOUND('',#2609,.T.);
#2609 = EDGE_LOOP('',(#2610,#2631,#2632,#2633,#2662));
#2610 = ORIENTED_EDGE('',*,*,#2611,.F.);
#2611 = EDGE_CURVE('',#1204,#2612,#2614,.T.);
#2612 = VERTEX_POINT('',#2613);
#2613 = CARTESIAN_POINT('',(-12.50704746107,5.832132012084,
    2.220000001416));
#2614 = SURFACE_CURVE('',#2615,(#2619,#2625),.PCURVE_S1.);
#2615 = LINE('',#2616,#2617);
#2616 = CARTESIAN_POINT('',(-12.5070474611,5.832132012022,0.2));
#2617 = VECTOR('',#2618,1.);
#2618 = DIRECTION('',(0.,0.,1.));
#2619 = PCURVE('',#1247,#2620);
#2620 = DEFINITIONAL_REPRESENTATION('',(#2621),#2624);
#2621 = B_SPLINE_CURVE_WITH_KNOTS('',1,(#2622,#2623),.UNSPECIFIED.,.F.,
  .F.,(2,2),(-5.999999999895E-07,3.57),.PIECEWISE_BEZIER_KNOTS.);
#2622 = CARTESIAN_POINT('',(2.85,-0.4999994));
#2623 = CARTESIAN_POINT('',(2.85,-4.07));
#2624 = ( GEOMETRIC_REPRESENTATION_CONTEXT(2) 
PARAMETRIC_REPRESENTATION_CONTEXT() REPRESENTATION_CONTEXT('2D SPACE',''
  ) );
#2625 = PCURVE('',#1220,#2626);
#2626 = DEFINITIONAL_REPRESENTATION('',(#2627),#2630);
#2627 = B_SPLINE_CURVE_WITH_KNOTS('',1,(#2628,#2629),.UNSPECIFIED.,.F.,
  .F.,(2,2),(-5.999999999895E-07,3.57),.PIECEWISE_BEZIER_KNOTS.);
#2628 = CARTESIAN_POINT('',(2.705260340591,-5.999999999895E-07));
#2629 = CARTESIAN_POINT('',(2.705260340591,3.57));
#2630 = ( GEOMETRIC_REPRESENTATION_CONTEXT(2) 
PARAMETRIC_REPRESENTATION_CONTEXT() REPRESENTATION_CONTEXT('2D SPACE',''
  ) );
#2631 = ORIENTED_EDGE('',*,*,#1232,.T.);
#2632 = ORIENTED_EDGE('',*,*,#2250,.T.);
#2633 = ORIENTED_EDGE('',*,*,#2634,.T.);
#2634 = EDGE_CURVE('',#2251,#2635,#2637,.T.);
#2635 = VERTEX_POINT('',#2636);
#2636 = CARTESIAN_POINT('',(-12.50712372493,5.832167574428,
    1.218760876989));
#2637 = SURFACE_CURVE('',#2638,(#2644,#2653),.PCURVE_S1.);
#2638 = B_SPLINE_CURVE_WITH_KNOTS('',4,(#2639,#2640,#2641,#2642,#2643),
  .UNSPECIFIED.,.F.,.F.,(5,5),(0.,1.),.PIECEWISE_BEZIER_KNOTS.);
#2639 = CARTESIAN_POINT('',(-13.27740908008,6.191357534501,
    1.218900173232));
#2640 = CARTESIAN_POINT('',(-13.0848377086,6.101560029238,1.218867369524
    ));
#2641 = CARTESIAN_POINT('',(-12.89226635764,6.011762533543,
    1.218833296911));
#2642 = CARTESIAN_POINT('',(-12.69969502898,5.921965048251,
    1.218797845832));
#2643 = CARTESIAN_POINT('',(-12.50712372493,5.832167574428,
    1.218760876989));
#2644 = PCURVE('',#1247,#2645);
#2645 = DEFINITIONAL_REPRESENTATION('',(#2646),#2652);
#2646 = B_SPLINE_CURVE_WITH_KNOTS('',4,(#2647,#2648,#2649,#2650,#2651),
  .UNSPECIFIED.,.F.,.F.,(5,5),(0.,1.),.PIECEWISE_BEZIER_KNOTS.);
#2647 = CARTESIAN_POINT('',(2.,-1.518900173232));
#2648 = CARTESIAN_POINT('',(2.212478999117,-1.518867369524));
#2649 = CARTESIAN_POINT('',(2.424957975594,-1.518833296911));
#2650 = CARTESIAN_POINT('',(2.637436927455,-1.518797845832));
#2651 = CARTESIAN_POINT('',(2.849915852177,-1.518760876989));
#2652 = ( GEOMETRIC_REPRESENTATION_CONTEXT(2) 
PARAMETRIC_REPRESENTATION_CONTEXT() REPRESENTATION_CONTEXT('2D SPACE',''
  ) );
#2653 = PCURVE('',#2309,#2654);
#2654 = DEFINITIONAL_REPRESENTATION('',(#2655),#2661);
#2655 = B_SPLINE_CURVE_WITH_KNOTS('',4,(#2656,#2657,#2658,#2659,#2660),
  .UNSPECIFIED.,.F.,.F.,(5,5),(0.,1.),.PIECEWISE_BEZIER_KNOTS.);
#2656 = CARTESIAN_POINT('',(0.849920734198,1.076217962481));
#2657 = CARTESIAN_POINT('',(0.637440585384,1.076160061238));
#2658 = CARTESIAN_POINT('',(0.424960414737,1.076099920326));
#2659 = CARTESIAN_POINT('',(0.212480220395,1.076037346346));
#2660 = CARTESIAN_POINT('',(0.,1.075972093447));
#2661 = ( GEOMETRIC_REPRESENTATION_CONTEXT(2) 
PARAMETRIC_REPRESENTATION_CONTEXT() REPRESENTATION_CONTEXT('2D SPACE',''
  ) );
#2662 = ORIENTED_EDGE('',*,*,#2663,.T.);
#2663 = EDGE_CURVE('',#2635,#2612,#2664,.T.);
#2664 = SURFACE_CURVE('',#2665,(#2671,#2680),.PCURVE_S1.);
#2665 = B_SPLINE_CURVE_WITH_KNOTS('',4,(#2666,#2667,#2668,#2669,#2670),
  .UNSPECIFIED.,.F.,.F.,(5,5),(0.,1.),.PIECEWISE_BEZIER_KNOTS.);
#2666 = CARTESIAN_POINT('',(-12.50712372493,5.832167574428,
    1.218760876989));
#2667 = CARTESIAN_POINT('',(-12.50708559242,5.832149792949,
    1.469070654496));
#2668 = CARTESIAN_POINT('',(-12.50706017083,5.832137938666,
    1.719380435605));
#2669 = CARTESIAN_POINT('',(-12.50704746039,5.832132011689,
    1.969690218508));
#2670 = CARTESIAN_POINT('',(-12.5070474611,5.832132012022,2.220000001416
    ));
#2671 = PCURVE('',#1247,#2672);
#2672 = DEFINITIONAL_REPRESENTATION('',(#2673),#2679);
#2673 = B_SPLINE_CURVE_WITH_KNOTS('',4,(#2674,#2675,#2676,#2677,#2678),
  .UNSPECIFIED.,.F.,.F.,(5,5),(0.,1.),.PIECEWISE_BEZIER_KNOTS.);
#2674 = CARTESIAN_POINT('',(2.849915852177,-1.518760876989));
#2675 = CARTESIAN_POINT('',(2.849957926741,-1.769070654496));
#2676 = CARTESIAN_POINT('',(2.849985976366,-2.019380435605));
#2677 = CARTESIAN_POINT('',(2.850000000788,-2.269690218508));
#2678 = CARTESIAN_POINT('',(2.85,-2.520000001416));
#2679 = ( GEOMETRIC_REPRESENTATION_CONTEXT(2) 
PARAMETRIC_REPRESENTATION_CONTEXT() REPRESENTATION_CONTEXT('2D SPACE',''
  ) );
#2680 = PCURVE('',#2681,#2696);
#2681 = B_SPLINE_SURFACE_WITH_KNOTS('',1,6,(
    (#2682,#2683,#2684,#2685,#2686,#2687,#2688)
    ,(#2689,#2690,#2691,#2692,#2693,#2694,#2695
  )),.UNSPECIFIED.,.F.,.F.,.F.,(2,2),(7,7),(0.,1.),(0.,1.080210122553),
  .PIECEWISE_BEZIER_KNOTS.);
#2682 = CARTESIAN_POINT('',(-3.338522159275,13.390081022609,1.608));
#2683 = CARTESIAN_POINT('',(-5.324980666191,12.894801290349,
    1.710000005592));
#2684 = CARTESIAN_POINT('',(-7.223267721655,12.045885085149,
    1.811999984282));
#2685 = CARTESIAN_POINT('',(-8.954712842404,10.862935321688,
    1.914000000708));
#2686 = CARTESIAN_POINT('',(-10.44630379091,9.389019180466,
    2.016000017134));
#2687 = CARTESIAN_POINT('',(-11.6418332604,7.687589853116,2.117999995825
    ));
#2688 = CARTESIAN_POINT('',(-12.50704746107,5.832132012084,
    2.220000001416));
#2689 = CARTESIAN_POINT('',(-3.385283634859,13.378422077291,
    0.609161958376));
#2690 = CARTESIAN_POINT('',(-5.370012499158,12.876205128366,
    0.711161963956));
#2691 = CARTESIAN_POINT('',(-7.265334938552,12.02065968281,
    0.813161942742));
#2692 = CARTESIAN_POINT('',(-8.992648919632,10.831663230811,
    0.91516195895));
#2693 = CARTESIAN_POINT('',(-10.47909253257,9.352538088363,
    1.017161975594));
#2694 = CARTESIAN_POINT('',(-11.66868023466,7.646933694986,
    1.119161954189));
#2695 = CARTESIAN_POINT('',(-12.52741470605,5.788454306824,
    1.221161959792));
#2696 = DEFINITIONAL_REPRESENTATION('',(#2697),#2703);
#2697 = B_SPLINE_CURVE_WITH_KNOTS('',4,(#2698,#2699,#2700,#2701,#2702),
  .UNSPECIFIED.,.F.,.F.,(5,5),(0.,1.),.PIECEWISE_BEZIER_KNOTS.);
#2698 = CARTESIAN_POINT('',(1.,1.075972093447));
#2699 = CARTESIAN_POINT('',(0.74999999872,1.077031592114));
#2700 = CARTESIAN_POINT('',(0.499999998722,1.0780910994));
#2701 = CARTESIAN_POINT('',(0.249999999359,1.079150610969));
#2702 = CARTESIAN_POINT('',(0.,1.080210122553));
#2703 = ( GEOMETRIC_REPRESENTATION_CONTEXT(2) 
PARAMETRIC_REPRESENTATION_CONTEXT() REPRESENTATION_CONTEXT('2D SPACE',''
  ) );
#2704 = ADVANCED_FACE('',(#2705),#1110,.F.);
#2705 = FACE_BOUND('',#2706,.F.);
#2706 = EDGE_LOOP('',(#2707,#2708,#2732,#2758,#2777));
#2707 = ORIENTED_EDGE('',*,*,#2545,.T.);
#2708 = ORIENTED_EDGE('',*,*,#2709,.F.);
#2709 = EDGE_CURVE('',#2710,#2546,#2712,.T.);
#2710 = VERTEX_POINT('',#2711);
#2711 = CARTESIAN_POINT('',(1.202749249918,-13.74748683366,
    2.637323655924));
#2712 = SURFACE_CURVE('',#2713,(#2718,#2725),.PCURVE_S1.);
#2713 = CIRCLE('',#2714,13.8);
#2714 = AXIS2_PLACEMENT_3D('',#2715,#2716,#2717);
#2715 = CARTESIAN_POINT('',(0.,0.,2.637323655924));
#2716 = DIRECTION('',(0.,0.,1.));
#2717 = DIRECTION('',(0.,-1.,0.));
#2718 = PCURVE('',#1110,#2719);
#2719 = DEFINITIONAL_REPRESENTATION('',(#2720),#2724);
#2720 = LINE('',#2721,#2722);
#2721 = CARTESIAN_POINT('',(-1.570796326795,2.437323655924));
#2722 = VECTOR('',#2723,1.);
#2723 = DIRECTION('',(1.,0.));
#2724 = ( GEOMETRIC_REPRESENTATION_CONTEXT(2) 
PARAMETRIC_REPRESENTATION_CONTEXT() REPRESENTATION_CONTEXT('2D SPACE',''
  ) );
#2725 = PCURVE('',#1640,#2726);
#2726 = DEFINITIONAL_REPRESENTATION('',(#2727),#2731);
#2727 = LINE('',#2728,#2729);
#2728 = CARTESIAN_POINT('',(-1.570796326795,5.958767962971E-02));
#2729 = VECTOR('',#2730,1.);
#2730 = DIRECTION('',(1.,0.));
#2731 = ( GEOMETRIC_REPRESENTATION_CONTEXT(2) 
PARAMETRIC_REPRESENTATION_CONTEXT() REPRESENTATION_CONTEXT('2D SPACE',''
  ) );
#2732 = ORIENTED_EDGE('',*,*,#2733,.F.);
#2733 = EDGE_CURVE('',#2734,#2710,#2736,.T.);
#2734 = VERTEX_POINT('',#2735);
#2735 = CARTESIAN_POINT('',(1.20274924985,-13.74748683367,2.220000001416
    ));
#2736 = SURFACE_CURVE('',#2737,(#2741,#2747),.PCURVE_S1.);
#2737 = LINE('',#2738,#2739);
#2738 = CARTESIAN_POINT('',(1.202749249918,-13.74748683366,0.2));
#2739 = VECTOR('',#2740,1.);
#2740 = DIRECTION('',(0.,0.,1.));
#2741 = PCURVE('',#1110,#2742);
#2742 = DEFINITIONAL_REPRESENTATION('',(#2743),#2746);
#2743 = B_SPLINE_CURVE_WITH_KNOTS('',1,(#2744,#2745),.UNSPECIFIED.,.F.,
  .F.,(2,2),(-5.999999999895E-07,3.57),.PIECEWISE_BEZIER_KNOTS.);
#2744 = CARTESIAN_POINT('',(4.799655442984,-5.999999999895E-07));
#2745 = CARTESIAN_POINT('',(4.799655442984,3.57));
#2746 = ( GEOMETRIC_REPRESENTATION_CONTEXT(2) 
PARAMETRIC_REPRESENTATION_CONTEXT() REPRESENTATION_CONTEXT('2D SPACE',''
  ) );
#2747 = PCURVE('',#2748,#2753);
#2748 = PLANE('',#2749);
#2749 = AXIS2_PLACEMENT_3D('',#2750,#2751,#2752);
#2750 = CARTESIAN_POINT('',(1.451143116749,-16.58664172322,-0.3));
#2751 = DIRECTION('',(-0.996194698092,-8.715574274766E-02,0.));
#2752 = DIRECTION('',(-8.715574274766E-02,0.996194698092,0.));
#2753 = DEFINITIONAL_REPRESENTATION('',(#2754),#2757);
#2754 = B_SPLINE_CURVE_WITH_KNOTS('',1,(#2755,#2756),.UNSPECIFIED.,.F.,
  .F.,(2,2),(-5.999999999895E-07,3.57),.PIECEWISE_BEZIER_KNOTS.);
#2755 = CARTESIAN_POINT('',(2.85,-0.4999994));
#2756 = CARTESIAN_POINT('',(2.85,-4.07));
#2757 = ( GEOMETRIC_REPRESENTATION_CONTEXT(2) 
PARAMETRIC_REPRESENTATION_CONTEXT() REPRESENTATION_CONTEXT('2D SPACE',''
  ) );
#2758 = ORIENTED_EDGE('',*,*,#2759,.F.);
#2759 = EDGE_CURVE('',#1094,#2734,#2760,.T.);
#2760 = SURFACE_CURVE('',#2761,(#2765,#2771),.PCURVE_S1.);
#2761 = LINE('',#2762,#2763);
#2762 = CARTESIAN_POINT('',(1.202749249918,-13.74748683366,0.2));
#2763 = VECTOR('',#2764,1.);
#2764 = DIRECTION('',(0.,0.,1.));
#2765 = PCURVE('',#1110,#2766);
#2766 = DEFINITIONAL_REPRESENTATION('',(#2767),#2770);
#2767 = B_SPLINE_CURVE_WITH_KNOTS('',1,(#2768,#2769),.UNSPECIFIED.,.F.,
  .F.,(2,2),(-5.999999999895E-07,3.57),.PIECEWISE_BEZIER_KNOTS.);
#2768 = CARTESIAN_POINT('',(4.799655442984,-5.999999999895E-07));
#2769 = CARTESIAN_POINT('',(4.799655442984,3.57));
#2770 = ( GEOMETRIC_REPRESENTATION_CONTEXT(2) 
PARAMETRIC_REPRESENTATION_CONTEXT() REPRESENTATION_CONTEXT('2D SPACE',''
  ) );
#2771 = PCURVE('',#1137,#2772);
#2772 = DEFINITIONAL_REPRESENTATION('',(#2773),#2776);
#2773 = B_SPLINE_CURVE_WITH_KNOTS('',1,(#2774,#2775),.UNSPECIFIED.,.F.,
  .F.,(2,2),(-5.999999999895E-07,3.57),.PIECEWISE_BEZIER_KNOTS.);
#2774 = CARTESIAN_POINT('',(2.85,-0.4999994));
#2775 = CARTESIAN_POINT('',(2.85,-4.07));
#2776 = ( GEOMETRIC_REPRESENTATION_CONTEXT(2) 
PARAMETRIC_REPRESENTATION_CONTEXT() REPRESENTATION_CONTEXT('2D SPACE',''
  ) );
#2777 = ORIENTED_EDGE('',*,*,#1093,.T.);
#2778 = ADVANCED_FACE('',(#2779),#1220,.F.);
#2779 = FACE_BOUND('',#2780,.F.);
#2780 = EDGE_LOOP('',(#2781,#2802,#2826,#2845,#2846));
#2781 = ORIENTED_EDGE('',*,*,#2782,.T.);
#2782 = EDGE_CURVE('',#1178,#2783,#2785,.T.);
#2783 = VERTEX_POINT('',#2784);
#2784 = CARTESIAN_POINT('',(-13.26541140394,-3.803795510275,
    2.637323655924));
#2785 = SURFACE_CURVE('',#2786,(#2790,#2796),.PCURVE_S1.);
#2786 = LINE('',#2787,#2788);
#2787 = CARTESIAN_POINT('',(-13.26541140394,-3.803795510275,0.2));
#2788 = VECTOR('',#2789,1.);
#2789 = DIRECTION('',(0.,0.,1.));
#2790 = PCURVE('',#1220,#2791);
#2791 = DEFINITIONAL_REPRESENTATION('',(#2792),#2795);
#2792 = B_SPLINE_CURVE_WITH_KNOTS('',1,(#2793,#2794),.UNSPECIFIED.,.F.,
  .F.,(2,2),(-5.999999999895E-07,3.57),.PIECEWISE_BEZIER_KNOTS.);
#2793 = CARTESIAN_POINT('',(3.420845333909,-5.999999999895E-07));
#2794 = CARTESIAN_POINT('',(3.420845333909,3.57));
#2795 = ( GEOMETRIC_REPRESENTATION_CONTEXT(2) 
PARAMETRIC_REPRESENTATION_CONTEXT() REPRESENTATION_CONTEXT('2D SPACE',''
  ) );
#2796 = PCURVE('',#1192,#2797);
#2797 = DEFINITIONAL_REPRESENTATION('',(#2798),#2801);
#2798 = B_SPLINE_CURVE_WITH_KNOTS('',1,(#2799,#2800),.UNSPECIFIED.,.F.,
  .F.,(2,2),(-5.999999999895E-07,3.57),.PIECEWISE_BEZIER_KNOTS.);
#2799 = CARTESIAN_POINT('',(13.8,-0.4999994));
#2800 = CARTESIAN_POINT('',(13.8,-4.07));
#2801 = ( GEOMETRIC_REPRESENTATION_CONTEXT(2) 
PARAMETRIC_REPRESENTATION_CONTEXT() REPRESENTATION_CONTEXT('2D SPACE',''
  ) );
#2802 = ORIENTED_EDGE('',*,*,#2803,.F.);
#2803 = EDGE_CURVE('',#2804,#2783,#2806,.T.);
#2804 = VERTEX_POINT('',#2805);
#2805 = CARTESIAN_POINT('',(-12.5070474611,5.832132012022,2.637323655924
    ));
#2806 = SURFACE_CURVE('',#2807,(#2812,#2819),.PCURVE_S1.);
#2807 = CIRCLE('',#2808,13.8);
#2808 = AXIS2_PLACEMENT_3D('',#2809,#2810,#2811);
#2809 = CARTESIAN_POINT('',(0.,0.,2.637323655924));
#2810 = DIRECTION('',(0.,0.,1.));
#2811 = DIRECTION('',(0.,-1.,0.));
#2812 = PCURVE('',#1220,#2813);
#2813 = DEFINITIONAL_REPRESENTATION('',(#2814),#2818);
#2814 = LINE('',#2815,#2816);
#2815 = CARTESIAN_POINT('',(-1.570796326795,2.437323655924));
#2816 = VECTOR('',#2817,1.);
#2817 = DIRECTION('',(1.,0.));
#2818 = ( GEOMETRIC_REPRESENTATION_CONTEXT(2) 
PARAMETRIC_REPRESENTATION_CONTEXT() REPRESENTATION_CONTEXT('2D SPACE',''
  ) );
#2819 = PCURVE('',#1640,#2820);
#2820 = DEFINITIONAL_REPRESENTATION('',(#2821),#2825);
#2821 = LINE('',#2822,#2823);
#2822 = CARTESIAN_POINT('',(-1.570796326795,5.958767962971E-02));
#2823 = VECTOR('',#2824,1.);
#2824 = DIRECTION('',(1.,0.));
#2825 = ( GEOMETRIC_REPRESENTATION_CONTEXT(2) 
PARAMETRIC_REPRESENTATION_CONTEXT() REPRESENTATION_CONTEXT('2D SPACE',''
  ) );
#2826 = ORIENTED_EDGE('',*,*,#2827,.F.);
#2827 = EDGE_CURVE('',#2612,#2804,#2828,.T.);
#2828 = SURFACE_CURVE('',#2829,(#2833,#2839),.PCURVE_S1.);
#2829 = LINE('',#2830,#2831);
#2830 = CARTESIAN_POINT('',(-12.5070474611,5.832132012022,0.2));
#2831 = VECTOR('',#2832,1.);
#2832 = DIRECTION('',(0.,0.,1.));
#2833 = PCURVE('',#1220,#2834);
#2834 = DEFINITIONAL_REPRESENTATION('',(#2835),#2838);
#2835 = B_SPLINE_CURVE_WITH_KNOTS('',1,(#2836,#2837),.UNSPECIFIED.,.F.,
  .F.,(2,2),(-5.999999999895E-07,3.57),.PIECEWISE_BEZIER_KNOTS.);
#2836 = CARTESIAN_POINT('',(2.705260340591,-5.999999999895E-07));
#2837 = CARTESIAN_POINT('',(2.705260340591,3.57));
#2838 = ( GEOMETRIC_REPRESENTATION_CONTEXT(2) 
PARAMETRIC_REPRESENTATION_CONTEXT() REPRESENTATION_CONTEXT('2D SPACE',''
  ) );
#2839 = PCURVE('',#2529,#2840);
#2840 = DEFINITIONAL_REPRESENTATION('',(#2841),#2844);
#2841 = B_SPLINE_CURVE_WITH_KNOTS('',1,(#2842,#2843),.UNSPECIFIED.,.F.,
  .F.,(2,2),(-5.999999999895E-07,3.57),.PIECEWISE_BEZIER_KNOTS.);
#2842 = CARTESIAN_POINT('',(2.85,-0.4999994));
#2843 = CARTESIAN_POINT('',(2.85,-4.07));
#2844 = ( GEOMETRIC_REPRESENTATION_CONTEXT(2) 
PARAMETRIC_REPRESENTATION_CONTEXT() REPRESENTATION_CONTEXT('2D SPACE',''
  ) );
#2845 = ORIENTED_EDGE('',*,*,#2611,.F.);
#2846 = ORIENTED_EDGE('',*,*,#1203,.T.);
#2847 = ADVANCED_FACE('',(#2848),#1137,.T.);
#2848 = FACE_BOUND('',#2849,.T.);
#2849 = EDGE_LOOP('',(#2850,#2851,#2852,#2873,#2917));
#2850 = ORIENTED_EDGE('',*,*,#2759,.F.);
#2851 = ORIENTED_EDGE('',*,*,#1122,.T.);
#2852 = ORIENTED_EDGE('',*,*,#2853,.T.);
#2853 = EDGE_CURVE('',#1123,#2854,#2856,.T.);
#2854 = VERTEX_POINT('',#2855);
#2855 = CARTESIAN_POINT('',(1.276831631253,-14.59425232704,
    1.218900173232));
#2856 = SURFACE_CURVE('',#2857,(#2861,#2867),.PCURVE_S1.);
#2857 = LINE('',#2858,#2859);
#2858 = CARTESIAN_POINT('',(1.276831631253,-14.59425232704,-0.3));
#2859 = VECTOR('',#2860,1.);
#2860 = DIRECTION('',(0.,0.,1.));
#2861 = PCURVE('',#1137,#2862);
#2862 = DEFINITIONAL_REPRESENTATION('',(#2863),#2866);
#2863 = B_SPLINE_CURVE_WITH_KNOTS('',1,(#2864,#2865),.UNSPECIFIED.,.F.,
  .F.,(2,2),(-6.000000000173E-07,3.7000006),.PIECEWISE_BEZIER_KNOTS.);
#2864 = CARTESIAN_POINT('',(2.,6.000000000173E-07));
#2865 = CARTESIAN_POINT('',(2.,-3.7000006));
#2866 = ( GEOMETRIC_REPRESENTATION_CONTEXT(2) 
PARAMETRIC_REPRESENTATION_CONTEXT() REPRESENTATION_CONTEXT('2D SPACE',''
  ) );
#2867 = PCURVE('',#1165,#2868);
#2868 = DEFINITIONAL_REPRESENTATION('',(#2869),#2872);
#2869 = B_SPLINE_CURVE_WITH_KNOTS('',1,(#2870,#2871),.UNSPECIFIED.,.F.,
  .F.,(2,2),(-6.000000000173E-07,3.7000006),.PIECEWISE_BEZIER_KNOTS.);
#2870 = CARTESIAN_POINT('',(4.799655442984,-6.000000000173E-07));
#2871 = CARTESIAN_POINT('',(4.799655442984,3.7000006));
#2872 = ( GEOMETRIC_REPRESENTATION_CONTEXT(2) 
PARAMETRIC_REPRESENTATION_CONTEXT() REPRESENTATION_CONTEXT('2D SPACE',''
  ) );
#2873 = ORIENTED_EDGE('',*,*,#2874,.T.);
#2874 = EDGE_CURVE('',#2854,#2875,#2877,.T.);
#2875 = VERTEX_POINT('',#2876);
#2876 = CARTESIAN_POINT('',(1.202756583884,-13.74757066128,
    1.218760876989));
#2877 = SURFACE_CURVE('',#2878,(#2884,#2893),.PCURVE_S1.);
#2878 = B_SPLINE_CURVE_WITH_KNOTS('',4,(#2879,#2880,#2881,#2882,#2883),
  .UNSPECIFIED.,.F.,.F.,(5,5),(0.,1.),.PIECEWISE_BEZIER_KNOTS.);
#2879 = CARTESIAN_POINT('',(1.276831631253,-14.59425232704,
    1.218900173232));
#2880 = CARTESIAN_POINT('',(1.258312866267,-14.38258187466,
    1.218867369524));
#2881 = CARTESIAN_POINT('',(1.239794103254,-14.17091144484,
    1.218833296911));
#2882 = CARTESIAN_POINT('',(1.221275342386,-13.95924103954,
    1.218797845832));
#2883 = CARTESIAN_POINT('',(1.202756583884,-13.74757066128,
    1.218760876989));
#2884 = PCURVE('',#1137,#2885);
#2885 = DEFINITIONAL_REPRESENTATION('',(#2886),#2892);
#2886 = B_SPLINE_CURVE_WITH_KNOTS('',4,(#2887,#2888,#2889,#2890,#2891),
  .UNSPECIFIED.,.F.,.F.,(5,5),(0.,1.),.PIECEWISE_BEZIER_KNOTS.);
#2887 = CARTESIAN_POINT('',(2.,-1.518900173232));
#2888 = CARTESIAN_POINT('',(2.212478999117,-1.518867369524));
#2889 = CARTESIAN_POINT('',(2.424957975594,-1.518833296911));
#2890 = CARTESIAN_POINT('',(2.637436927455,-1.518797845832));
#2891 = CARTESIAN_POINT('',(2.849915852177,-1.518760876989));
#2892 = ( GEOMETRIC_REPRESENTATION_CONTEXT(2) 
PARAMETRIC_REPRESENTATION_CONTEXT() REPRESENTATION_CONTEXT('2D SPACE',''
  ) );
#2893 = PCURVE('',#2894,#2909);
#2894 = B_SPLINE_SURFACE_WITH_KNOTS('',1,6,(
    (#2895,#2896,#2897,#2898,#2899,#2900,#2901)
    ,(#2902,#2903,#2904,#2905,#2906,#2907,#2908
  )),.UNSPECIFIED.,.F.,.F.,.F.,(2,2),(7,7),(0.,0.9),(0.,1.080210122553),
  .PIECEWISE_BEZIER_KNOTS.);
#2895 = CARTESIAN_POINT('',(-9.893411564055,-9.620952665449,
    0.609161958376));
#2896 = CARTESIAN_POINT('',(-8.466114495925,-11.08866980709,
    0.711161963956));
#2897 = CARTESIAN_POINT('',(-6.777529186284,-12.30229446519,
    0.813161942742));
#2898 = CARTESIAN_POINT('',(-4.884171063304,-13.20369402712,
    0.91516195895));
#2899 = CARTESIAN_POINT('',(-2.859989308095,-13.751429386,1.017161975594
    ));
#2900 = CARTESIAN_POINT('',(-0.788098723578,-13.92884035935,
    1.119161954189));
#2901 = CARTESIAN_POINT('',(1.250758874672,-13.74328653259,
    1.221161959792));
#2902 = CARTESIAN_POINT('',(-10.54081738436,-10.24614519886,
    0.609161958376));
#2903 = CARTESIAN_POINT('',(-9.020771135111,-11.80990692913,
    0.711161952773));
#2904 = CARTESIAN_POINT('',(-7.222338457542,-13.10306461803,
    0.813161974178));
#2905 = CARTESIAN_POINT('',(-5.205707254585,-14.06368163559,
    0.915161957533));
#2906 = CARTESIAN_POINT('',(-3.049639978489,-14.64759943052,
    1.017161941326));
#2907 = CARTESIAN_POINT('',(-0.842668170072,-14.8370524211,1.11916196254
    ));
#2908 = CARTESIAN_POINT('',(1.329199043281,-14.63986176086,1.22116195696
    ));
#2909 = DEFINITIONAL_REPRESENTATION('',(#2910),#2916);
#2910 = B_SPLINE_CURVE_WITH_KNOTS('',4,(#2911,#2912,#2913,#2914,#2915),
  .UNSPECIFIED.,.F.,.F.,(5,5),(0.,1.),.PIECEWISE_BEZIER_KNOTS.);
#2911 = CARTESIAN_POINT('',(0.849920734198,1.076217962481));
#2912 = CARTESIAN_POINT('',(0.637440585384,1.076160061238));
#2913 = CARTESIAN_POINT('',(0.424960414737,1.076099920326));
#2914 = CARTESIAN_POINT('',(0.212480220395,1.076037346346));
#2915 = CARTESIAN_POINT('',(0.,1.075972093447));
#2916 = ( GEOMETRIC_REPRESENTATION_CONTEXT(2) 
PARAMETRIC_REPRESENTATION_CONTEXT() REPRESENTATION_CONTEXT('2D SPACE',''
  ) );
#2917 = ORIENTED_EDGE('',*,*,#2918,.T.);
#2918 = EDGE_CURVE('',#2875,#2734,#2919,.T.);
#2919 = SURFACE_CURVE('',#2920,(#2926,#2935),.PCURVE_S1.);
#2920 = B_SPLINE_CURVE_WITH_KNOTS('',4,(#2921,#2922,#2923,#2924,#2925),
  .UNSPECIFIED.,.F.,.F.,(5,5),(0.,1.),.PIECEWISE_BEZIER_KNOTS.);
#2921 = CARTESIAN_POINT('',(1.202756583884,-13.74757066128,
    1.218760876989));
#2922 = CARTESIAN_POINT('',(1.202752916844,-13.74752874682,
    1.469070654496));
#2923 = CARTESIAN_POINT('',(1.202750472158,-13.74750080393,
    1.719380435605));
#2924 = CARTESIAN_POINT('',(1.202749249849,-13.74748683288,
    1.969690218508));
#2925 = CARTESIAN_POINT('',(1.202749249918,-13.74748683366,
    2.220000001416));
#2926 = PCURVE('',#1137,#2927);
#2927 = DEFINITIONAL_REPRESENTATION('',(#2928),#2934);
#2928 = B_SPLINE_CURVE_WITH_KNOTS('',4,(#2929,#2930,#2931,#2932,#2933),
  .UNSPECIFIED.,.F.,.F.,(5,5),(0.,1.),.PIECEWISE_BEZIER_KNOTS.);
#2929 = CARTESIAN_POINT('',(2.849915852177,-1.518760876989));
#2930 = CARTESIAN_POINT('',(2.849957926741,-1.769070654496));
#2931 = CARTESIAN_POINT('',(2.849985976366,-2.019380435605));
#2932 = CARTESIAN_POINT('',(2.850000000788,-2.269690218508));
#2933 = CARTESIAN_POINT('',(2.85,-2.520000001416));
#2934 = ( GEOMETRIC_REPRESENTATION_CONTEXT(2) 
PARAMETRIC_REPRESENTATION_CONTEXT() REPRESENTATION_CONTEXT('2D SPACE',''
  ) );
#2935 = PCURVE('',#2936,#2951);
#2936 = B_SPLINE_SURFACE_WITH_KNOTS('',1,6,(
    (#2937,#2938,#2939,#2940,#2941,#2942,#2943)
    ,(#2944,#2945,#2946,#2947,#2948,#2949,#2950
  )),.UNSPECIFIED.,.F.,.F.,.F.,(2,2),(7,7),(0.,1.),(0.,1.080210122553),
  .PIECEWISE_BEZIER_KNOTS.);
#2937 = CARTESIAN_POINT('',(-9.926889244673,-9.586285512334,1.608));
#2938 = CARTESIAN_POINT('',(-8.504735161099,-11.05896917675,
    1.710000005592));
#2939 = CARTESIAN_POINT('',(-6.820408633979,-12.27847588786,
    1.811999984282));
#2940 = CARTESIAN_POINT('',(-4.930221527047,-13.18647646596,
    1.914000000708));
#2941 = CARTESIAN_POINT('',(-2.907977231444,-13.74127404881,
    2.016000017134));
#2942 = CARTESIAN_POINT('',(-0.836731476469,-13.92591827669,
    2.117999995825));
#2943 = CARTESIAN_POINT('',(1.20274924985,-13.74748683367,2.220000001416
    ));
#2944 = CARTESIAN_POINT('',(-9.893411564055,-9.620952665449,
    0.609161958376));
#2945 = CARTESIAN_POINT('',(-8.466114495925,-11.08866980709,
    0.711161963956));
#2946 = CARTESIAN_POINT('',(-6.777529186284,-12.30229446519,
    0.813161942742));
#2947 = CARTESIAN_POINT('',(-4.884171063304,-13.20369402712,
    0.91516195895));
#2948 = CARTESIAN_POINT('',(-2.859989308095,-13.751429386,1.017161975594
    ));
#2949 = CARTESIAN_POINT('',(-0.788098723578,-13.92884035935,
    1.119161954189));
#2950 = CARTESIAN_POINT('',(1.250758874672,-13.74328653259,
    1.221161959792));
#2951 = DEFINITIONAL_REPRESENTATION('',(#2952),#2958);
#2952 = B_SPLINE_CURVE_WITH_KNOTS('',4,(#2953,#2954,#2955,#2956,#2957),
  .UNSPECIFIED.,.F.,.F.,(5,5),(0.,1.),.PIECEWISE_BEZIER_KNOTS.);
#2953 = CARTESIAN_POINT('',(1.,1.075972093447));
#2954 = CARTESIAN_POINT('',(0.74999999872,1.077031592114));
#2955 = CARTESIAN_POINT('',(0.499999998722,1.0780910994));
#2956 = CARTESIAN_POINT('',(0.249999999359,1.079150610969));
#2957 = CARTESIAN_POINT('',(0.,1.080210122553));
#2958 = ( GEOMETRIC_REPRESENTATION_CONTEXT(2) 
PARAMETRIC_REPRESENTATION_CONTEXT() REPRESENTATION_CONTEXT('2D SPACE',''
  ) );
#2959 = ADVANCED_FACE('',(#2960),#1192,.T.);
#2960 = FACE_BOUND('',#2961,.T.);
#2961 = EDGE_LOOP('',(#2962,#2983,#2984,#2985,#3006));
#2962 = ORIENTED_EDGE('',*,*,#2963,.F.);
#2963 = EDGE_CURVE('',#1149,#2964,#2966,.T.);
#2964 = VERTEX_POINT('',#2965);
#2965 = CARTESIAN_POINT('',(-14.08248384549,-4.038087262719,3.4));
#2966 = SURFACE_CURVE('',#2967,(#2971,#2977),.PCURVE_S1.);
#2967 = LINE('',#2968,#2969);
#2968 = CARTESIAN_POINT('',(-14.08248384549,-4.038087262719,-0.3));
#2969 = VECTOR('',#2970,1.);
#2970 = DIRECTION('',(0.,0.,1.));
#2971 = PCURVE('',#1192,#2972);
#2972 = DEFINITIONAL_REPRESENTATION('',(#2973),#2976);
#2973 = B_SPLINE_CURVE_WITH_KNOTS('',1,(#2974,#2975),.UNSPECIFIED.,.F.,
  .F.,(2,2),(-6.000000000173E-07,3.7000006),.PIECEWISE_BEZIER_KNOTS.);
#2974 = CARTESIAN_POINT('',(14.65,6.000000000173E-07));
#2975 = CARTESIAN_POINT('',(14.65,-3.7000006));
#2976 = ( GEOMETRIC_REPRESENTATION_CONTEXT(2) 
PARAMETRIC_REPRESENTATION_CONTEXT() REPRESENTATION_CONTEXT('2D SPACE',''
  ) );
#2977 = PCURVE('',#1165,#2978);
#2978 = DEFINITIONAL_REPRESENTATION('',(#2979),#2982);
#2979 = B_SPLINE_CURVE_WITH_KNOTS('',1,(#2980,#2981),.UNSPECIFIED.,.F.,
  .F.,(2,2),(-6.000000000173E-07,3.7000006),.PIECEWISE_BEZIER_KNOTS.);
#2980 = CARTESIAN_POINT('',(3.420845333909,-6.000000000173E-07));
#2981 = CARTESIAN_POINT('',(3.420845333909,3.7000006));
#2982 = ( GEOMETRIC_REPRESENTATION_CONTEXT(2) 
PARAMETRIC_REPRESENTATION_CONTEXT() REPRESENTATION_CONTEXT('2D SPACE',''
  ) );
#2983 = ORIENTED_EDGE('',*,*,#1177,.T.);
#2984 = ORIENTED_EDGE('',*,*,#2782,.T.);
#2985 = ORIENTED_EDGE('',*,*,#2986,.T.);
#2986 = EDGE_CURVE('',#2783,#2987,#2989,.T.);
#2987 = VERTEX_POINT('',#2988);
#2988 = CARTESIAN_POINT('',(-13.88058182215,-3.980192789151,3.4));
#2989 = SURFACE_CURVE('',#2990,(#2994,#3000),.PCURVE_S1.);
#2990 = LINE('',#2991,#2992);
#2991 = CARTESIAN_POINT('',(0.,0.,-13.80887592187));
#2992 = VECTOR('',#2993,1.);
#2993 = DIRECTION('',(-0.617887107815,-0.177176277086,0.766044443119));
#2994 = PCURVE('',#1192,#2995);
#2995 = DEFINITIONAL_REPRESENTATION('',(#2996),#2999);
#2996 = B_SPLINE_CURVE_WITH_KNOTS('',1,(#2997,#2998),.UNSPECIFIED.,.F.,
  .F.,(2,2),(21.391202619331,22.882322402218),.PIECEWISE_BEZIER_KNOTS.);
#2997 = CARTESIAN_POINT('',(13.75,-2.877735976294));
#2998 = CARTESIAN_POINT('',(14.708473320998,-4.02));
#2999 = ( GEOMETRIC_REPRESENTATION_CONTEXT(2) 
PARAMETRIC_REPRESENTATION_CONTEXT() REPRESENTATION_CONTEXT('2D SPACE',''
  ) );
#3000 = PCURVE('',#1640,#3001);
#3001 = DEFINITIONAL_REPRESENTATION('',(#3002),#3005);
#3002 = B_SPLINE_CURVE_WITH_KNOTS('',1,(#3003,#3004),.UNSPECIFIED.,.F.,
  .F.,(2,2),(21.391202619331,22.882322402218),.PIECEWISE_BEZIER_KNOTS.);
#3003 = CARTESIAN_POINT('',(3.420845333909,0.));
#3004 = CARTESIAN_POINT('',(3.420845333909,1.142264023706));
#3005 = ( GEOMETRIC_REPRESENTATION_CONTEXT(2) 
PARAMETRIC_REPRESENTATION_CONTEXT() REPRESENTATION_CONTEXT('2D SPACE',''
  ) );
#3006 = ORIENTED_EDGE('',*,*,#3007,.T.);
#3007 = EDGE_CURVE('',#2987,#2964,#3008,.T.);
#3008 = SURFACE_CURVE('',#3009,(#3013,#3020),.PCURVE_S1.);
#3009 = LINE('',#3010,#3011);
#3010 = CARTESIAN_POINT('',(0.,0.,3.4));
#3011 = VECTOR('',#3012,1.);
#3012 = DIRECTION('',(-0.961261695938,-0.275637355817,0.));
#3013 = PCURVE('',#1192,#3014);
#3014 = DEFINITIONAL_REPRESENTATION('',(#3015),#3019);
#3015 = LINE('',#3016,#3017);
#3016 = CARTESIAN_POINT('',(0.,-3.7));
#3017 = VECTOR('',#3018,1.);
#3018 = DIRECTION('',(1.,0.));
#3019 = ( GEOMETRIC_REPRESENTATION_CONTEXT(2) 
PARAMETRIC_REPRESENTATION_CONTEXT() REPRESENTATION_CONTEXT('2D SPACE',''
  ) );
#3020 = PCURVE('',#3021,#3026);
#3021 = PLANE('',#3022);
#3022 = AXIS2_PLACEMENT_3D('',#3023,#3024,#3025);
#3023 = CARTESIAN_POINT('',(-5.701862044924,-8.296260755609,3.4));
#3024 = DIRECTION('',(0.,0.,1.));
#3025 = DIRECTION('',(1.,0.,-0.));
#3026 = DEFINITIONAL_REPRESENTATION('',(#3027),#3031);
#3027 = LINE('',#3028,#3029);
#3028 = CARTESIAN_POINT('',(5.701862044924,8.296260755609));
#3029 = VECTOR('',#3030,1.);
#3030 = DIRECTION('',(-0.961261695938,-0.275637355817));
#3031 = ( GEOMETRIC_REPRESENTATION_CONTEXT(2) 
PARAMETRIC_REPRESENTATION_CONTEXT() REPRESENTATION_CONTEXT('2D SPACE',''
  ) );
#3032 = ADVANCED_FACE('',(#3033),#1165,.F.);
#3033 = FACE_BOUND('',#3034,.F.);
#3034 = EDGE_LOOP('',(#3035,#3059,#3060,#3061,#3062,#3118,#3150,#3260,
    #3292));
#3035 = ORIENTED_EDGE('',*,*,#3036,.F.);
#3036 = EDGE_CURVE('',#2964,#3037,#3039,.T.);
#3037 = VERTEX_POINT('',#3038);
#3038 = CARTESIAN_POINT('',(1.276831631253,-14.59425232704,3.4));
#3039 = SURFACE_CURVE('',#3040,(#3045,#3052),.PCURVE_S1.);
#3040 = CIRCLE('',#3041,14.65);
#3041 = AXIS2_PLACEMENT_3D('',#3042,#3043,#3044);
#3042 = CARTESIAN_POINT('',(0.,0.,3.4));
#3043 = DIRECTION('',(0.,0.,1.));
#3044 = DIRECTION('',(1.,0.,-0.));
#3045 = PCURVE('',#1165,#3046);
#3046 = DEFINITIONAL_REPRESENTATION('',(#3047),#3051);
#3047 = LINE('',#3048,#3049);
#3048 = CARTESIAN_POINT('',(0.,3.7));
#3049 = VECTOR('',#3050,1.);
#3050 = DIRECTION('',(1.,0.));
#3051 = ( GEOMETRIC_REPRESENTATION_CONTEXT(2) 
PARAMETRIC_REPRESENTATION_CONTEXT() REPRESENTATION_CONTEXT('2D SPACE',''
  ) );
#3052 = PCURVE('',#3021,#3053);
#3053 = DEFINITIONAL_REPRESENTATION('',(#3054),#3058);
#3054 = CIRCLE('',#3055,14.65);
#3055 = AXIS2_PLACEMENT_2D('',#3056,#3057);
#3056 = CARTESIAN_POINT('',(5.701862044924,8.296260755609));
#3057 = DIRECTION('',(1.,0.));
#3058 = ( GEOMETRIC_REPRESENTATION_CONTEXT(2) 
PARAMETRIC_REPRESENTATION_CONTEXT() REPRESENTATION_CONTEXT('2D SPACE',''
  ) );
#3059 = ORIENTED_EDGE('',*,*,#2963,.F.);
#3060 = ORIENTED_EDGE('',*,*,#1148,.T.);
#3061 = ORIENTED_EDGE('',*,*,#2853,.T.);
#3062 = ORIENTED_EDGE('',*,*,#3063,.F.);
#3063 = EDGE_CURVE('',#3064,#2854,#3066,.T.);
#3064 = VERTEX_POINT('',#3065);
#3065 = CARTESIAN_POINT('',(-10.50479337321,-10.21135721567,
    0.609161958376));
#3066 = SURFACE_CURVE('',#3067,(#3082,#3100),.PCURVE_S1.);
#3067 = B_SPLINE_CURVE_WITH_KNOTS('',4,(#3068,#3069,#3070,#3071,#3072,
    #3073,#3074,#3075,#3076,#3077,#3078,#3079,#3080,#3081),
  .UNSPECIFIED.,.F.,.F.,(5,3,3,3,5),(0.,0.250927509293,0.500851003726,
    0.75077449359,1.),.UNSPECIFIED.);
#3068 = CARTESIAN_POINT('',(-10.50479337321,-10.21135721567,
    0.609161958376));
#3069 = CARTESIAN_POINT('',(-9.936711970955,-10.79576314956,
    0.64741191612));
#3070 = CARTESIAN_POINT('',(-9.325275314453,-11.33803646164,
    0.685661995285));
#3071 = CARTESIAN_POINT('',(-8.67519826389,-11.83332928076,0.72391202486
    ));
#3072 = CARTESIAN_POINT('',(-7.311829714371,-12.72079353103,
    0.800258849309));
#3073 = CARTESIAN_POINT('',(-6.59878785713,-13.11337857064,
    0.838355890778));
#3074 = CARTESIAN_POINT('',(-5.858622412865,-13.45206248954,
    0.876452988196));
#3075 = CARTESIAN_POINT('',(-4.336570918786,-14.0169752244,
    0.952646926634));
#3076 = CARTESIAN_POINT('',(-3.554669633246,-14.24320969745,
    0.990744024168));
#3077 = CARTESIAN_POINT('',(-2.75815725296,-14.4108990134,1.028841066246
    ));
#3078 = CARTESIAN_POINT('',(-1.151400111718,-14.62709964958,1.1049284478
    ));
#3079 = CARTESIAN_POINT('',(-0.34118396409,-14.67594465214,
    1.142919030386));
#3080 = CARTESIAN_POINT('',(0.470426719356,-14.66480361504,
    1.180909659022));
#3081 = CARTESIAN_POINT('',(1.276831631253,-14.59425232704,
    1.218900173232));
#3082 = PCURVE('',#1165,#3083);
#3083 = DEFINITIONAL_REPRESENTATION('',(#3084),#3099);
#3084 = B_SPLINE_CURVE_WITH_KNOTS('',4,(#3085,#3086,#3087,#3088,#3089,
    #3090,#3091,#3092,#3093,#3094,#3095,#3096,#3097,#3098),
  .UNSPECIFIED.,.F.,.F.,(5,3,3,3,5),(0.,0.250927509293,0.500851003726,
    0.75077449359,1.),.UNSPECIFIED.);
#3085 = CARTESIAN_POINT('',(3.912827155934,0.909161958376));
#3086 = CARTESIAN_POINT('',(3.96845946712,0.94741191612));
#3087 = CARTESIAN_POINT('',(4.024091965486,0.985661995285));
#3088 = CARTESIAN_POINT('',(4.079724464619,1.02391202486));
#3089 = CARTESIAN_POINT('',(4.190766490971,1.100258849309));
#3090 = CARTESIAN_POINT('',(4.246176388561,1.138355890778));
#3091 = CARTESIAN_POINT('',(4.301586285255,1.176452988196));
#3092 = CARTESIAN_POINT('',(4.412405711086,1.252646926634));
#3093 = CARTESIAN_POINT('',(4.467815606753,1.290744024168));
#3094 = CARTESIAN_POINT('',(4.523225503309,1.328841066246));
#3095 = CARTESIAN_POINT('',(4.633890183174,1.4049284478));
#3096 = CARTESIAN_POINT('',(4.689145330558,1.442919030386));
#3097 = CARTESIAN_POINT('',(4.744400477274,1.480909659022));
#3098 = CARTESIAN_POINT('',(4.799655442984,1.518900173232));
#3099 = ( GEOMETRIC_REPRESENTATION_CONTEXT(2) 
PARAMETRIC_REPRESENTATION_CONTEXT() REPRESENTATION_CONTEXT('2D SPACE',''
  ) );
#3100 = PCURVE('',#2894,#3101);
#3101 = DEFINITIONAL_REPRESENTATION('',(#3102),#3117);
#3102 = B_SPLINE_CURVE_WITH_KNOTS('',4,(#3103,#3104,#3105,#3106,#3107,
    #3108,#3109,#3110,#3111,#3112,#3113,#3114,#3115,#3116),
  .UNSPECIFIED.,.F.,.F.,(5,3,3,3,5),(0.,0.250927509293,0.500851003726,
    0.75077449359,1.),.UNSPECIFIED.);
#3103 = CARTESIAN_POINT('',(0.849920731301,0.));
#3104 = CARTESIAN_POINT('',(0.849920736003,6.751306137175E-02));
#3105 = CARTESIAN_POINT('',(0.849920872069,0.135026330516));
#3106 = CARTESIAN_POINT('',(0.849921142226,0.202539513085));
#3107 = CARTESIAN_POINT('',(0.849921157827,0.337295414107));
#3108 = CARTESIAN_POINT('',(0.849920953798,0.404538567957));
#3109 = CARTESIAN_POINT('',(0.84992076867,0.471781822422));
#3110 = CARTESIAN_POINT('',(0.849920770715,0.606267878656));
#3111 = CARTESIAN_POINT('',(0.849920957712,0.673511133338));
#3112 = CARTESIAN_POINT('',(0.849921167067,0.740754288292));
#3113 = CARTESIAN_POINT('',(0.849921155504,0.875052259894));
#3114 = CARTESIAN_POINT('',(0.849920893312,0.942107505803));
#3115 = CARTESIAN_POINT('',(0.849920730577,1.009162832041));
#3116 = CARTESIAN_POINT('',(0.849920734199,1.076217962485));
#3117 = ( GEOMETRIC_REPRESENTATION_CONTEXT(2) 
PARAMETRIC_REPRESENTATION_CONTEXT() REPRESENTATION_CONTEXT('2D SPACE',''
  ) );
#3118 = ORIENTED_EDGE('',*,*,#3119,.T.);
#3119 = EDGE_CURVE('',#3064,#3120,#3122,.T.);
#3120 = VERTEX_POINT('',#3121);
#3121 = CARTESIAN_POINT('',(-10.57217890347,-10.14157449476,
    2.619716692904));
#3122 = SURFACE_CURVE('',#3123,(#3128,#3138),.PCURVE_S1.);
#3123 = ELLIPSE('',#3124,303.98596734882,14.65);
#3124 = AXIS2_PLACEMENT_3D('',#3125,#3126,#3127);
#3125 = CARTESIAN_POINT('',(0.,0.,1.608000000002));
#3126 = DIRECTION('',(-0.693851206347,0.718503957432,-4.819301406499E-02
    ));
#3127 = DIRECTION('',(-3.347768061789E-02,3.466715311522E-02,
    0.998838041624));
#3128 = PCURVE('',#1165,#3129);
#3129 = DEFINITIONAL_REPRESENTATION('',(#3130),#3137);
#3130 = B_SPLINE_CURVE_WITH_KNOTS('',5,(#3131,#3132,#3133,#3134,#3135,
    #3136),.UNSPECIFIED.,.F.,.F.,(6,6),(4.708417543784,4.716599174193),
  .PIECEWISE_BEZIER_KNOTS.);
#3131 = CARTESIAN_POINT('',(3.913508961068,0.702144960006));
#3132 = CARTESIAN_POINT('',(3.911872634986,1.19898322722));
#3133 = CARTESIAN_POINT('',(3.910236308904,1.695825530376));
#3134 = CARTESIAN_POINT('',(3.908599982822,2.19266909798));
#3135 = CARTESIAN_POINT('',(3.90696365674,2.689511158499));
#3136 = CARTESIAN_POINT('',(3.905327330659,3.186348940442));
#3137 = ( GEOMETRIC_REPRESENTATION_CONTEXT(2) 
PARAMETRIC_REPRESENTATION_CONTEXT() REPRESENTATION_CONTEXT('2D SPACE',''
  ) );
#3138 = PCURVE('',#3139,#3144);
#3139 = PLANE('',#3140);
#3140 = AXIS2_PLACEMENT_3D('',#3141,#3142,#3143);
#3141 = CARTESIAN_POINT('',(-10.31163817943,-9.964989608918,
    1.50130653696));
#3142 = DIRECTION('',(-0.693851206347,0.718503957432,-4.819301406499E-02
    ));
#3143 = DIRECTION('',(3.347768061789E-02,-3.466715311522E-02,
    -0.998838041624));
#3144 = DEFINITIONAL_REPRESENTATION('',(#3145),#3149);
#3145 = ELLIPSE('',#3146,303.98596734882,14.65);
#3146 = AXIS2_PLACEMENT_2D('',#3147,#3148);
#3147 = CARTESIAN_POINT('',(-0.106817580625,-14.33983519253));
#3148 = DIRECTION('',(-1.,-3.66957388744E-16));
#3149 = ( GEOMETRIC_REPRESENTATION_CONTEXT(2) 
PARAMETRIC_REPRESENTATION_CONTEXT() REPRESENTATION_CONTEXT('2D SPACE',''
  ) );
#3150 = ORIENTED_EDGE('',*,*,#3151,.T.);
#3151 = EDGE_CURVE('',#3120,#3152,#3154,.T.);
#3152 = VERTEX_POINT('',#3153);
#3153 = CARTESIAN_POINT('',(1.228195899878,-14.59842576552,
    3.231716687848));
#3154 = SURFACE_CURVE('',#3155,(#3183,#3214),.PCURVE_S1.);
#3155 = B_SPLINE_CURVE_WITH_KNOTS('',6,(#3156,#3157,#3158,#3159,#3160,
    #3161,#3162,#3163,#3164,#3165,#3166,#3167,#3168,#3169,#3170,#3171,
    #3172,#3173,#3174,#3175,#3176,#3177,#3178,#3179,#3180,#3181,#3182),
  .UNSPECIFIED.,.F.,.F.,(7,5,5,5,5,7),(0.,0.253000427165,0.281934632048,
    0.38293488754,0.690886853577,1.),.UNSPECIFIED.);
#3156 = CARTESIAN_POINT('',(-10.57217890347,-10.14157449476,
    2.619716692904));
#3157 = CARTESIAN_POINT('',(-10.19153251892,-10.53838286791,
    2.645522658659));
#3158 = CARTESIAN_POINT('',(-9.793011340314,-10.91804935624,
    2.671328750461));
#3159 = CARTESIAN_POINT('',(-9.377586154967,-11.27956249204,
    2.697134924652));
#3160 = CARTESIAN_POINT('',(-8.946294729656,-11.62199137287,
    2.722941117434));
#3161 = CARTESIAN_POINT('',(-8.500241810621,-11.94448566156,
    2.748747244865));
#3162 = CARTESIAN_POINT('',(-7.988032430972,-12.28078956556,
    2.777504481976));
#3163 = CARTESIAN_POINT('',(-7.935287958218,-12.31503277625,
    2.780455760076));
#3164 = CARTESIAN_POINT('',(-7.882367448856,-12.34900407353,
    2.783407037185));
#3165 = CARTESIAN_POINT('',(-7.829272656061,-12.38270232772,
    2.786358313337));
#3166 = CARTESIAN_POINT('',(-7.776005342631,-12.41612642426,
    2.789309588575));
#3167 = CARTESIAN_POINT('',(-7.536031729005,-12.56498748948,
    2.802562838342));
#3168 = CARTESIAN_POINT('',(-7.347415596273,-12.6773457542,
    2.812864803643));
#3169 = CARTESIAN_POINT('',(-7.156794332031,-12.78630325669,
    2.823166761518));
#3170 = CARTESIAN_POINT('',(-6.964244684141,-12.89181551588,
    2.833468715063));
#3171 = CARTESIAN_POINT('',(-6.769844699093,-12.99384037078,
    2.843770667821));
#3172 = CARTESIAN_POINT('',(-5.975544164986,-13.39265932552,
    2.88548351055));
#3173 = CARTESIAN_POINT('',(-5.360941988565,-13.66019380912,
    2.916894860547));
#3174 = CARTESIAN_POINT('',(-4.732131501173,-13.89380243157,
    2.948305847281));
#3175 = CARTESIAN_POINT('',(-4.09145513166,-14.09257211277,2.97971702754
    ));
#3176 = CARTESIAN_POINT('',(-3.44132564397,-14.25579635326,
    3.011128678762));
#3177 = CARTESIAN_POINT('',(-2.12466033167,-14.51067382449,
    3.074069342554));
#3178 = CARTESIAN_POINT('',(-1.458053542794,-14.60205841576,
    3.105599218123));
#3179 = CARTESIAN_POINT('',(-0.786927936493,-14.65665997119,
    3.137128413499));
#3180 = CARTESIAN_POINT('',(-0.113814147239,-14.67423171619,
    3.168657353628));
#3181 = CARTESIAN_POINT('',(0.558745244344,-14.6547480405,3.200187241987
    ));
#3182 = CARTESIAN_POINT('',(1.228195899878,-14.59842576552,
    3.231716687848));
#3183 = PCURVE('',#1165,#3184);
#3184 = DEFINITIONAL_REPRESENTATION('',(#3185),#3213);
#3185 = B_SPLINE_CURVE_WITH_KNOTS('',6,(#3186,#3187,#3188,#3189,#3190,
    #3191,#3192,#3193,#3194,#3195,#3196,#3197,#3198,#3199,#3200,#3201,
    #3202,#3203,#3204,#3205,#3206,#3207,#3208,#3209,#3210,#3211,#3212),
  .UNSPECIFIED.,.F.,.F.,(7,5,5,5,5,7),(0.,0.253000427165,0.281934632048,
    0.38293488754,0.690886853577,1.),.UNSPECIFIED.);
#3186 = CARTESIAN_POINT('',(3.906205477543,2.919716692904));
#3187 = CARTESIAN_POINT('',(3.943738740722,2.945522658659));
#3188 = CARTESIAN_POINT('',(3.981272082889,2.971328750461));
#3189 = CARTESIAN_POINT('',(4.01880546453,2.997134924652));
#3190 = CARTESIAN_POINT('',(4.056338846171,3.022941117434));
#3191 = CARTESIAN_POINT('',(4.093872188378,3.048747244865));
#3192 = CARTESIAN_POINT('',(4.135697915395,3.077504481976));
#3193 = CARTESIAN_POINT('',(4.139990379038,3.080455760076));
#3194 = CARTESIAN_POINT('',(4.144282842688,3.083407037185));
#3195 = CARTESIAN_POINT('',(4.148575306341,3.086358313337));
#3196 = CARTESIAN_POINT('',(4.152867769997,3.089309588575));
#3197 = CARTESIAN_POINT('',(4.17214388114,3.102562838342));
#3198 = CARTESIAN_POINT('',(4.187127529473,3.112864803643));
#3199 = CARTESIAN_POINT('',(4.202111178232,3.123166761518));
#3200 = CARTESIAN_POINT('',(4.217094826992,3.133468715063));
#3201 = CARTESIAN_POINT('',(4.232078475329,3.143770667821));
#3202 = CARTESIAN_POINT('',(4.292747588462,3.18548351055));
#3203 = CARTESIAN_POINT('',(4.338433680124,3.216894860547));
#3204 = CARTESIAN_POINT('',(4.384119039767,3.248305847281));
#3205 = CARTESIAN_POINT('',(4.429804398368,3.27971702754));
#3206 = CARTESIAN_POINT('',(4.47549048842,3.311128678762));
#3207 = CARTESIAN_POINT('',(4.5670336814,3.374069342554));
#3208 = CARTESIAN_POINT('',(4.612892049257,3.405599218123));
#3209 = CARTESIAN_POINT('',(4.658749673516,3.437128413499));
#3210 = CARTESIAN_POINT('',(4.704607299312,3.468657353628));
#3211 = CARTESIAN_POINT('',(4.750465666875,3.500187241987));
#3212 = CARTESIAN_POINT('',(4.796323396077,3.531716687848));
#3213 = ( GEOMETRIC_REPRESENTATION_CONTEXT(2) 
PARAMETRIC_REPRESENTATION_CONTEXT() REPRESENTATION_CONTEXT('2D SPACE',''
  ) );
#3214 = PCURVE('',#3215,#3230);
#3215 = B_SPLINE_SURFACE_WITH_KNOTS('',1,6,(
    (#3216,#3217,#3218,#3219,#3220,#3221,#3222)
    ,(#3223,#3224,#3225,#3226,#3227,#3228,#3229
  )),.UNSPECIFIED.,.F.,.F.,.F.,(2,2),(7,7),(0.,1.400151444174),(0.,
    1.080210122553),.PIECEWISE_BEZIER_KNOTS.);
#3216 = CARTESIAN_POINT('',(-10.61020249651,-10.1742948119,
    2.679331942073));
#3217 = CARTESIAN_POINT('',(-9.100815485106,-11.74835004918,
    2.781331936493));
#3218 = CARTESIAN_POINT('',(-7.311209467492,-13.05369875311,2.8833319577
    ));
#3219 = CARTESIAN_POINT('',(-5.301150443373,-14.0279968931,
    2.985331941509));
#3220 = CARTESIAN_POINT('',(-3.149098703886,-14.62655169972,
    3.087331924849));
#3221 = CARTESIAN_POINT('',(-0.943463355141,-14.83099617619,
    3.18933194626));
#3222 = CARTESIAN_POINT('',(1.229695339884,-14.64856721344,
    3.291331940657));
#3223 = CARTESIAN_POINT('',(-9.926889244673,-9.586285512334,1.608));
#3224 = CARTESIAN_POINT('',(-8.504735161099,-11.05896917675,
    1.710000005592));
#3225 = CARTESIAN_POINT('',(-6.820408633979,-12.27847588786,
    1.811999984282));
#3226 = CARTESIAN_POINT('',(-4.930221527047,-13.18647646596,
    1.914000000708));
#3227 = CARTESIAN_POINT('',(-2.907977231444,-13.74127404881,
    2.016000017134));
#3228 = CARTESIAN_POINT('',(-0.836731476469,-13.92591827669,
    2.117999995825));
#3229 = CARTESIAN_POINT('',(1.20274924985,-13.74748683367,2.220000001416
    ));
#3230 = DEFINITIONAL_REPRESENTATION('',(#3231),#3259);
#3231 = B_SPLINE_CURVE_WITH_KNOTS('',6,(#3232,#3233,#3234,#3235,#3236,
    #3237,#3238,#3239,#3240,#3241,#3242,#3243,#3244,#3245,#3246,#3247,
    #3248,#3249,#3250,#3251,#3252,#3253,#3254,#3255,#3256,#3257,#3258),
  .UNSPECIFIED.,.F.,.F.,(7,5,5,5,5,7),(0.,0.253000427165,0.281934632048,
    0.38293488754,0.690886853577,1.),.UNSPECIFIED.);
#3232 = CARTESIAN_POINT('',(7.791271214847E-02,0.));
#3233 = CARTESIAN_POINT('',(7.791271714604E-02,4.554880868711E-02));
#3234 = CARTESIAN_POINT('',(7.791262451135E-02,9.109770534116E-02));
#3235 = CARTESIAN_POINT('',(7.791244452428E-02,0.13664662832));
#3236 = CARTESIAN_POINT('',(7.79122251185E-02,0.182195530795));
#3237 = CARTESIAN_POINT('',(7.791205188153E-02,0.227744380756));
#3238 = CARTESIAN_POINT('',(7.791204761706E-02,0.278502313238));
#3239 = CARTESIAN_POINT('',(7.791204869339E-02,0.283711465737));
#3240 = CARTESIAN_POINT('',(7.791205126679E-02,0.288920618517));
#3241 = CARTESIAN_POINT('',(7.791205530457E-02,0.294129771593));
#3242 = CARTESIAN_POINT('',(7.791206075822E-02,0.299338924977));
#3243 = CARTESIAN_POINT('',(7.791209131841E-02,0.322731604274));
#3244 = CARTESIAN_POINT('',(7.791213180553E-02,0.340915134767));
#3245 = CARTESIAN_POINT('',(7.791218556855E-02,0.359098670185));
#3246 = CARTESIAN_POINT('',(7.791224832226E-02,0.377282210207));
#3247 = CARTESIAN_POINT('',(7.79123149526E-02,0.395465754168));
#3248 = CARTESIAN_POINT('',(7.791257637362E-02,0.46909132927));
#3249 = CARTESIAN_POINT('',(7.791275694359E-02,0.52453415384));
#3250 = CARTESIAN_POINT('',(7.791277251958E-02,0.579976114792));
#3251 = CARTESIAN_POINT('',(7.791251996942E-02,0.6354180549));
#3252 = CARTESIAN_POINT('',(7.791227380445E-02,0.690860833995));
#3253 = CARTESIAN_POINT('',(7.791200848663E-02,0.801953845412));
#3254 = CARTESIAN_POINT('',(7.791199769484E-02,0.857605612256));
#3255 = CARTESIAN_POINT('',(7.791218330109E-02,0.913256442758));
#3256 = CARTESIAN_POINT('',(7.791270659215E-02,0.968907278292));
#3257 = CARTESIAN_POINT('',(7.791271100512E-02,1.024559087768));
#3258 = CARTESIAN_POINT('',(7.791271711168E-02,1.080210122553));
#3259 = ( GEOMETRIC_REPRESENTATION_CONTEXT(2) 
PARAMETRIC_REPRESENTATION_CONTEXT() REPRESENTATION_CONTEXT('2D SPACE',''
  ) );
#3260 = ORIENTED_EDGE('',*,*,#3261,.F.);
#3261 = EDGE_CURVE('',#3262,#3152,#3264,.T.);
#3262 = VERTEX_POINT('',#3263);
#3263 = CARTESIAN_POINT('',(1.276831631253,-14.59425232704,2.22));
#3264 = SURFACE_CURVE('',#3265,(#3270,#3280),.PCURVE_S1.);
#3265 = ELLIPSE('',#3266,303.98596734883,14.65);
#3266 = AXIS2_PLACEMENT_3D('',#3267,#3268,#3269);
#3267 = CARTESIAN_POINT('',(0.,0.,2.220000000006));
#3268 = DIRECTION('',(-0.995037161318,-8.705447140234E-02,
    -4.819301406498E-02));
#3269 = DIRECTION('',(-4.80096250966E-02,-4.200297936081E-03,
    0.998838041624));
#3270 = PCURVE('',#1165,#3271);
#3271 = DEFINITIONAL_REPRESENTATION('',(#3272),#3279);
#3272 = B_SPLINE_CURVE_WITH_KNOTS('',5,(#3273,#3274,#3275,#3276,#3277,
    #3278),.UNSPECIFIED.,.F.,.F.,(6,6),(4.712388980385,4.716275271889),
  .PIECEWISE_BEZIER_KNOTS.);
#3273 = CARTESIAN_POINT('',(4.799655442984,2.519999999997));
#3274 = CARTESIAN_POINT('',(4.798878184683,2.756001074061));
#3275 = CARTESIAN_POINT('',(4.798100926383,2.992002148125));
#3276 = CARTESIAN_POINT('',(4.797323668082,3.228002925159));
#3277 = CARTESIAN_POINT('',(4.796546409781,3.464003108126));
#3278 = CARTESIAN_POINT('',(4.79576915148,3.7000024));
#3279 = ( GEOMETRIC_REPRESENTATION_CONTEXT(2) 
PARAMETRIC_REPRESENTATION_CONTEXT() REPRESENTATION_CONTEXT('2D SPACE',''
  ) );
#3280 = PCURVE('',#3281,#3286);
#3281 = PLANE('',#3282);
#3282 = AXIS2_PLACEMENT_3D('',#3283,#3284,#3285);
#3283 = CARTESIAN_POINT('',(1.254927259068,-14.28481912431,
    2.113306536677));
#3284 = DIRECTION('',(-0.995037161318,-8.705447140234E-02,
    -4.819301406498E-02));
#3285 = DIRECTION('',(8.715574274764E-02,-0.996194698092,
    6.891484591409E-19));
#3286 = DEFINITIONAL_REPRESENTATION('',(#3287),#3291);
#3287 = ELLIPSE('',#3288,303.98596734883,14.65);
#3288 = AXIS2_PLACEMENT_2D('',#3289,#3290);
#3289 = CARTESIAN_POINT('',(-14.33983519219,0.106817580912));
#3290 = DIRECTION('',(-5.864344655914E-19,1.));
#3291 = ( GEOMETRIC_REPRESENTATION_CONTEXT(2) 
PARAMETRIC_REPRESENTATION_CONTEXT() REPRESENTATION_CONTEXT('2D SPACE',''
  ) );
#3292 = ORIENTED_EDGE('',*,*,#3293,.T.);
#3293 = EDGE_CURVE('',#3262,#3037,#3294,.T.);
#3294 = SURFACE_CURVE('',#3295,(#3299,#3305),.PCURVE_S1.);
#3295 = LINE('',#3296,#3297);
#3296 = CARTESIAN_POINT('',(1.276831631253,-14.59425232704,-0.3));
#3297 = VECTOR('',#3298,1.);
#3298 = DIRECTION('',(0.,0.,1.));
#3299 = PCURVE('',#1165,#3300);
#3300 = DEFINITIONAL_REPRESENTATION('',(#3301),#3304);
#3301 = B_SPLINE_CURVE_WITH_KNOTS('',1,(#3302,#3303),.UNSPECIFIED.,.F.,
  .F.,(2,2),(-6.000000000173E-07,3.7000006),.PIECEWISE_BEZIER_KNOTS.);
#3302 = CARTESIAN_POINT('',(4.799655442984,-6.000000000173E-07));
#3303 = CARTESIAN_POINT('',(4.799655442984,3.7000006));
#3304 = ( GEOMETRIC_REPRESENTATION_CONTEXT(2) 
PARAMETRIC_REPRESENTATION_CONTEXT() REPRESENTATION_CONTEXT('2D SPACE',''
  ) );
#3305 = PCURVE('',#2748,#3306);
#3306 = DEFINITIONAL_REPRESENTATION('',(#3307),#3310);
#3307 = B_SPLINE_CURVE_WITH_KNOTS('',1,(#3308,#3309),.UNSPECIFIED.,.F.,
  .F.,(2,2),(-6.000000000173E-07,3.7000006),.PIECEWISE_BEZIER_KNOTS.);
#3308 = CARTESIAN_POINT('',(2.,6.000000000173E-07));
#3309 = CARTESIAN_POINT('',(2.,-3.7000006));
#3310 = ( GEOMETRIC_REPRESENTATION_CONTEXT(2) 
PARAMETRIC_REPRESENTATION_CONTEXT() REPRESENTATION_CONTEXT('2D SPACE',''
  ) );
#3311 = ADVANCED_FACE('',(#3312),#1640,.F.);
#3312 = FACE_BOUND('',#3313,.F.);
#3313 = EDGE_LOOP('',(#3314,#3338,#3361,#3388,#3389,#3413,#3432,#3433,
    #3434,#3458,#3477,#3478,#3479,#3503,#3522,#3523));
#3314 = ORIENTED_EDGE('',*,*,#3315,.T.);
#3315 = EDGE_CURVE('',#2567,#3316,#3318,.T.);
#3316 = VERTEX_POINT('',#3317);
#3317 = CARTESIAN_POINT('',(14.439961439022,0.,3.4));
#3318 = SURFACE_CURVE('',#3319,(#3324,#3331),.PCURVE_S1.);
#3319 = CIRCLE('',#3320,14.439961439022);
#3320 = AXIS2_PLACEMENT_3D('',#3321,#3322,#3323);
#3321 = CARTESIAN_POINT('',(0.,0.,3.4));
#3322 = DIRECTION('',(0.,0.,1.));
#3323 = DIRECTION('',(1.,0.,-0.));
#3324 = PCURVE('',#1640,#3325);
#3325 = DEFINITIONAL_REPRESENTATION('',(#3326),#3330);
#3326 = LINE('',#3327,#3328);
#3327 = CARTESIAN_POINT('',(0.,0.822264023706));
#3328 = VECTOR('',#3329,1.);
#3329 = DIRECTION('',(1.,0.));
#3330 = ( GEOMETRIC_REPRESENTATION_CONTEXT(2) 
PARAMETRIC_REPRESENTATION_CONTEXT() REPRESENTATION_CONTEXT('2D SPACE',''
  ) );
#3331 = PCURVE('',#2205,#3332);
#3332 = DEFINITIONAL_REPRESENTATION('',(#3333),#3337);
#3333 = CIRCLE('',#3334,14.439961439022);
#3334 = AXIS2_PLACEMENT_2D('',#3335,#3336);
#3335 = CARTESIAN_POINT('',(-10.03570359323,0.789827001974));
#3336 = DIRECTION('',(1.,0.));
#3337 = ( GEOMETRIC_REPRESENTATION_CONTEXT(2) 
PARAMETRIC_REPRESENTATION_CONTEXT() REPRESENTATION_CONTEXT('2D SPACE',''
  ) );
#3338 = ORIENTED_EDGE('',*,*,#3339,.T.);
#3339 = EDGE_CURVE('',#3316,#3340,#3342,.T.);
#3340 = VERTEX_POINT('',#3341);
#3341 = CARTESIAN_POINT('',(14.87,0.,3.9125));
#3342 = SEAM_CURVE('',#3343,(#3347,#3354),.PCURVE_S1.);
#3343 = LINE('',#3344,#3345);
#3344 = CARTESIAN_POINT('',(13.75,0.,2.577735976294));
#3345 = VECTOR('',#3346,1.);
#3346 = DIRECTION('',(0.642787609687,0.,0.766044443119));
#3347 = PCURVE('',#1640,#3348);
#3348 = DEFINITIONAL_REPRESENTATION('',(#3349),#3353);
#3349 = LINE('',#3350,#3351);
#3350 = CARTESIAN_POINT('',(0.,0.));
#3351 = VECTOR('',#3352,1.);
#3352 = DIRECTION('',(0.,1.));
#3353 = ( GEOMETRIC_REPRESENTATION_CONTEXT(2) 
PARAMETRIC_REPRESENTATION_CONTEXT() REPRESENTATION_CONTEXT('2D SPACE',''
  ) );
#3354 = PCURVE('',#1640,#3355);
#3355 = DEFINITIONAL_REPRESENTATION('',(#3356),#3360);
#3356 = LINE('',#3357,#3358);
#3357 = CARTESIAN_POINT('',(6.28318530718,0.));
#3358 = VECTOR('',#3359,1.);
#3359 = DIRECTION('',(0.,1.));
#3360 = ( GEOMETRIC_REPRESENTATION_CONTEXT(2) 
PARAMETRIC_REPRESENTATION_CONTEXT() REPRESENTATION_CONTEXT('2D SPACE',''
  ) );
#3361 = ORIENTED_EDGE('',*,*,#3362,.F.);
#3362 = EDGE_CURVE('',#3340,#3340,#3363,.T.);
#3363 = SURFACE_CURVE('',#3364,(#3369,#3376),.PCURVE_S1.);
#3364 = CIRCLE('',#3365,14.87);
#3365 = AXIS2_PLACEMENT_3D('',#3366,#3367,#3368);
#3366 = CARTESIAN_POINT('',(0.,0.,3.9125));
#3367 = DIRECTION('',(0.,0.,1.));
#3368 = DIRECTION('',(1.,0.,-0.));
#3369 = PCURVE('',#1640,#3370);
#3370 = DEFINITIONAL_REPRESENTATION('',(#3371),#3375);
#3371 = LINE('',#3372,#3373);
#3372 = CARTESIAN_POINT('',(0.,1.334764023706));
#3373 = VECTOR('',#3374,1.);
#3374 = DIRECTION('',(1.,0.));
#3375 = ( GEOMETRIC_REPRESENTATION_CONTEXT(2) 
PARAMETRIC_REPRESENTATION_CONTEXT() REPRESENTATION_CONTEXT('2D SPACE',''
  ) );
#3376 = PCURVE('',#3377,#3382);
#3377 = CYLINDRICAL_SURFACE('',#3378,14.87);
#3378 = AXIS2_PLACEMENT_3D('',#3379,#3380,#3381);
#3379 = CARTESIAN_POINT('',(0.,0.,3.9125));
#3380 = DIRECTION('',(0.,0.,1.));
#3381 = DIRECTION('',(1.,0.,-0.));
#3382 = DEFINITIONAL_REPRESENTATION('',(#3383),#3387);
#3383 = LINE('',#3384,#3385);
#3384 = CARTESIAN_POINT('',(0.,0.));
#3385 = VECTOR('',#3386,1.);
#3386 = DIRECTION('',(1.,0.));
#3387 = ( GEOMETRIC_REPRESENTATION_CONTEXT(2) 
PARAMETRIC_REPRESENTATION_CONTEXT() REPRESENTATION_CONTEXT('2D SPACE',''
  ) );
#3388 = ORIENTED_EDGE('',*,*,#3339,.F.);
#3389 = ORIENTED_EDGE('',*,*,#3390,.T.);
#3390 = EDGE_CURVE('',#3316,#3391,#3393,.T.);
#3391 = VERTEX_POINT('',#3392);
#3392 = CARTESIAN_POINT('',(11.828523932229,8.282421623241,3.4));
#3393 = SURFACE_CURVE('',#3394,(#3399,#3406),.PCURVE_S1.);
#3394 = CIRCLE('',#3395,14.439961439022);
#3395 = AXIS2_PLACEMENT_3D('',#3396,#3397,#3398);
#3396 = CARTESIAN_POINT('',(0.,0.,3.4));
#3397 = DIRECTION('',(0.,0.,1.));
#3398 = DIRECTION('',(1.,0.,-0.));
#3399 = PCURVE('',#1640,#3400);
#3400 = DEFINITIONAL_REPRESENTATION('',(#3401),#3405);
#3401 = LINE('',#3402,#3403);
#3402 = CARTESIAN_POINT('',(0.,0.822264023706));
#3403 = VECTOR('',#3404,1.);
#3404 = DIRECTION('',(1.,0.));
#3405 = ( GEOMETRIC_REPRESENTATION_CONTEXT(2) 
PARAMETRIC_REPRESENTATION_CONTEXT() REPRESENTATION_CONTEXT('2D SPACE',''
  ) );
#3406 = PCURVE('',#2205,#3407);
#3407 = DEFINITIONAL_REPRESENTATION('',(#3408),#3412);
#3408 = CIRCLE('',#3409,14.439961439022);
#3409 = AXIS2_PLACEMENT_2D('',#3410,#3411);
#3410 = CARTESIAN_POINT('',(-10.03570359323,0.789827001974));
#3411 = DIRECTION('',(1.,0.));
#3412 = ( GEOMETRIC_REPRESENTATION_CONTEXT(2) 
PARAMETRIC_REPRESENTATION_CONTEXT() REPRESENTATION_CONTEXT('2D SPACE',''
  ) );
#3413 = ORIENTED_EDGE('',*,*,#3414,.F.);
#3414 = EDGE_CURVE('',#1622,#3391,#3415,.T.);
#3415 = SURFACE_CURVE('',#3416,(#3420,#3426),.PCURVE_S1.);
#3416 = LINE('',#3417,#3418);
#3417 = CARTESIAN_POINT('',(0.,0.,-13.80887592187));
#3418 = VECTOR('',#3419,1.);
#3419 = DIRECTION('',(0.526540784518,0.368687826495,0.766044443119));
#3420 = PCURVE('',#1640,#3421);
#3421 = DEFINITIONAL_REPRESENTATION('',(#3422),#3425);
#3422 = B_SPLINE_CURVE_WITH_KNOTS('',1,(#3423,#3424),.UNSPECIFIED.,.F.,
  .F.,(2,2),(21.391202619331,22.618630129773),.PIECEWISE_BEZIER_KNOTS.);
#3423 = CARTESIAN_POINT('',(0.610865238198,-2.721536571638E-15));
#3424 = CARTESIAN_POINT('',(0.610865238198,0.940264023706));
#3425 = ( GEOMETRIC_REPRESENTATION_CONTEXT(2) 
PARAMETRIC_REPRESENTATION_CONTEXT() REPRESENTATION_CONTEXT('2D SPACE',''
  ) );
#3426 = PCURVE('',#1667,#3427);
#3427 = DEFINITIONAL_REPRESENTATION('',(#3428),#3431);
#3428 = B_SPLINE_CURVE_WITH_KNOTS('',1,(#3429,#3430),.UNSPECIFIED.,.F.,
  .F.,(2,2),(21.391202619331,22.618630129773),.PIECEWISE_BEZIER_KNOTS.);
#3429 = CARTESIAN_POINT('',(2.9,-2.877735976294));
#3430 = CARTESIAN_POINT('',(2.111024804499,-3.818));
#3431 = ( GEOMETRIC_REPRESENTATION_CONTEXT(2) 
PARAMETRIC_REPRESENTATION_CONTEXT() REPRESENTATION_CONTEXT('2D SPACE',''
  ) );
#3432 = ORIENTED_EDGE('',*,*,#1621,.T.);
#3433 = ORIENTED_EDGE('',*,*,#1855,.T.);
#3434 = ORIENTED_EDGE('',*,*,#3435,.T.);
#3435 = EDGE_CURVE('',#1856,#3436,#3438,.T.);
#3436 = VERTEX_POINT('',#3437);
#3437 = CARTESIAN_POINT('',(-13.08704949669,6.102591402962,3.4));
#3438 = SURFACE_CURVE('',#3439,(#3444,#3451),.PCURVE_S1.);
#3439 = CIRCLE('',#3440,14.439961439022);
#3440 = AXIS2_PLACEMENT_3D('',#3441,#3442,#3443);
#3441 = CARTESIAN_POINT('',(0.,0.,3.4));
#3442 = DIRECTION('',(0.,0.,1.));
#3443 = DIRECTION('',(1.,0.,-0.));
#3444 = PCURVE('',#1640,#3445);
#3445 = DEFINITIONAL_REPRESENTATION('',(#3446),#3450);
#3446 = LINE('',#3447,#3448);
#3447 = CARTESIAN_POINT('',(0.,0.822264023706));
#3448 = VECTOR('',#3449,1.);
#3449 = DIRECTION('',(1.,0.));
#3450 = ( GEOMETRIC_REPRESENTATION_CONTEXT(2) 
PARAMETRIC_REPRESENTATION_CONTEXT() REPRESENTATION_CONTEXT('2D SPACE',''
  ) );
#3451 = PCURVE('',#1890,#3452);
#3452 = DEFINITIONAL_REPRESENTATION('',(#3453),#3457);
#3453 = CIRCLE('',#3454,14.439961439022);
#3454 = AXIS2_PLACEMENT_2D('',#3455,#3456);
#3455 = CARTESIAN_POINT('',(4.333841548315,-9.086087757583));
#3456 = DIRECTION('',(1.,0.));
#3457 = ( GEOMETRIC_REPRESENTATION_CONTEXT(2) 
PARAMETRIC_REPRESENTATION_CONTEXT() REPRESENTATION_CONTEXT('2D SPACE',''
  ) );
#3458 = ORIENTED_EDGE('',*,*,#3459,.F.);
#3459 = EDGE_CURVE('',#2804,#3436,#3460,.T.);
#3460 = SURFACE_CURVE('',#3461,(#3465,#3471),.PCURVE_S1.);
#3461 = LINE('',#3462,#3463);
#3462 = CARTESIAN_POINT('',(0.,0.,-13.80887592187));
#3463 = VECTOR('',#3464,1.);
#3464 = DIRECTION('',(-0.58256341607,0.271653782274,0.766044443119));
#3465 = PCURVE('',#1640,#3466);
#3466 = DEFINITIONAL_REPRESENTATION('',(#3467),#3470);
#3467 = B_SPLINE_CURVE_WITH_KNOTS('',1,(#3468,#3469),.UNSPECIFIED.,.F.,
  .F.,(2,2),(21.391202619331,22.618630129773),.PIECEWISE_BEZIER_KNOTS.);
#3468 = CARTESIAN_POINT('',(2.705260340591,-2.721536571638E-15));
#3469 = CARTESIAN_POINT('',(2.705260340591,0.940264023706));
#3470 = ( GEOMETRIC_REPRESENTATION_CONTEXT(2) 
PARAMETRIC_REPRESENTATION_CONTEXT() REPRESENTATION_CONTEXT('2D SPACE',''
  ) );
#3471 = PCURVE('',#2529,#3472);
#3472 = DEFINITIONAL_REPRESENTATION('',(#3473),#3476);
#3473 = B_SPLINE_CURVE_WITH_KNOTS('',1,(#3474,#3475),.UNSPECIFIED.,.F.,
  .F.,(2,2),(21.391202619331,22.618630129773),.PIECEWISE_BEZIER_KNOTS.);
#3474 = CARTESIAN_POINT('',(2.9,-2.877735976294));
#3475 = CARTESIAN_POINT('',(2.111024804499,-3.818));
#3476 = ( GEOMETRIC_REPRESENTATION_CONTEXT(2) 
PARAMETRIC_REPRESENTATION_CONTEXT() REPRESENTATION_CONTEXT('2D SPACE',''
  ) );
#3477 = ORIENTED_EDGE('',*,*,#2803,.T.);
#3478 = ORIENTED_EDGE('',*,*,#2986,.T.);
#3479 = ORIENTED_EDGE('',*,*,#3480,.T.);
#3480 = EDGE_CURVE('',#2987,#3481,#3483,.T.);
#3481 = VERTEX_POINT('',#3482);
#3482 = CARTESIAN_POINT('',(1.258525564465,-14.3850130262,3.4));
#3483 = SURFACE_CURVE('',#3484,(#3489,#3496),.PCURVE_S1.);
#3484 = CIRCLE('',#3485,14.439961439022);
#3485 = AXIS2_PLACEMENT_3D('',#3486,#3487,#3488);
#3486 = CARTESIAN_POINT('',(0.,0.,3.4));
#3487 = DIRECTION('',(0.,0.,1.));
#3488 = DIRECTION('',(1.,0.,-0.));
#3489 = PCURVE('',#1640,#3490);
#3490 = DEFINITIONAL_REPRESENTATION('',(#3491),#3495);
#3491 = LINE('',#3492,#3493);
#3492 = CARTESIAN_POINT('',(0.,0.822264023706));
#3493 = VECTOR('',#3494,1.);
#3494 = DIRECTION('',(1.,0.));
#3495 = ( GEOMETRIC_REPRESENTATION_CONTEXT(2) 
PARAMETRIC_REPRESENTATION_CONTEXT() REPRESENTATION_CONTEXT('2D SPACE',''
  ) );
#3496 = PCURVE('',#3021,#3497);
#3497 = DEFINITIONAL_REPRESENTATION('',(#3498),#3502);
#3498 = CIRCLE('',#3499,14.439961439022);
#3499 = AXIS2_PLACEMENT_2D('',#3500,#3501);
#3500 = CARTESIAN_POINT('',(5.701862044924,8.296260755609));
#3501 = DIRECTION('',(1.,0.));
#3502 = ( GEOMETRIC_REPRESENTATION_CONTEXT(2) 
PARAMETRIC_REPRESENTATION_CONTEXT() REPRESENTATION_CONTEXT('2D SPACE',''
  ) );
#3503 = ORIENTED_EDGE('',*,*,#3504,.F.);
#3504 = EDGE_CURVE('',#2710,#3481,#3505,.T.);
#3505 = SURFACE_CURVE('',#3506,(#3510,#3516),.PCURVE_S1.);
#3506 = LINE('',#3507,#3508);
#3507 = CARTESIAN_POINT('',(0.,0.,-13.80887592187));
#3508 = VECTOR('',#3509,1.);
#3509 = DIRECTION('',(5.602263155122E-02,-0.640341608769,0.766044443119)
  );
#3510 = PCURVE('',#1640,#3511);
#3511 = DEFINITIONAL_REPRESENTATION('',(#3512),#3515);
#3512 = B_SPLINE_CURVE_WITH_KNOTS('',1,(#3513,#3514),.UNSPECIFIED.,.F.,
  .F.,(2,2),(21.391202619331,22.618630129773),.PIECEWISE_BEZIER_KNOTS.);
#3513 = CARTESIAN_POINT('',(4.799655442984,0.));
#3514 = CARTESIAN_POINT('',(4.799655442984,0.940264023706));
#3515 = ( GEOMETRIC_REPRESENTATION_CONTEXT(2) 
PARAMETRIC_REPRESENTATION_CONTEXT() REPRESENTATION_CONTEXT('2D SPACE',''
  ) );
#3516 = PCURVE('',#2748,#3517);
#3517 = DEFINITIONAL_REPRESENTATION('',(#3518),#3521);
#3518 = B_SPLINE_CURVE_WITH_KNOTS('',1,(#3519,#3520),.UNSPECIFIED.,.F.,
  .F.,(2,2),(21.391202619331,22.618630129773),.PIECEWISE_BEZIER_KNOTS.);
#3519 = CARTESIAN_POINT('',(2.9,-2.877735976294));
#3520 = CARTESIAN_POINT('',(2.111024804499,-3.818));
#3521 = ( GEOMETRIC_REPRESENTATION_CONTEXT(2) 
PARAMETRIC_REPRESENTATION_CONTEXT() REPRESENTATION_CONTEXT('2D SPACE',''
  ) );
#3522 = ORIENTED_EDGE('',*,*,#2709,.T.);
#3523 = ORIENTED_EDGE('',*,*,#2566,.T.);
#3524 = ADVANCED_FACE('',(#3525),#1667,.T.);
#3525 = FACE_BOUND('',#3526,.T.);
#3526 = EDGE_LOOP('',(#3527,#3528,#3547,#3548,#3569));
#3527 = ORIENTED_EDGE('',*,*,#1652,.F.);
#3528 = ORIENTED_EDGE('',*,*,#3529,.T.);
#3529 = EDGE_CURVE('',#1653,#2138,#3530,.T.);
#3530 = SURFACE_CURVE('',#3531,(#3535,#3541),.PCURVE_S1.);
#3531 = LINE('',#3532,#3533);
#3532 = CARTESIAN_POINT('',(12.692693424933,8.887519616323,2.22));
#3533 = VECTOR('',#3534,1.);
#3534 = DIRECTION('',(0.819152044289,0.573576436351,-4.533821426829E-13)
  );
#3535 = PCURVE('',#1667,#3536);
#3536 = DEFINITIONAL_REPRESENTATION('',(#3537),#3540);
#3537 = B_SPLINE_CURVE_WITH_KNOTS('',1,(#3538,#3539),.UNSPECIFIED.,.F.,
  .F.,(2,2),(-1.694917596098,-0.844917596098),.PIECEWISE_BEZIER_KNOTS.);
#3538 = CARTESIAN_POINT('',(2.85,-2.52));
#3539 = CARTESIAN_POINT('',(2.,-2.52));
#3540 = ( GEOMETRIC_REPRESENTATION_CONTEXT(2) 
PARAMETRIC_REPRESENTATION_CONTEXT() REPRESENTATION_CONTEXT('2D SPACE',''
  ) );
#3541 = PCURVE('',#2157,#3542);
#3542 = DEFINITIONAL_REPRESENTATION('',(#3543),#3546);
#3543 = B_SPLINE_CURVE_WITH_KNOTS('',1,(#3544,#3545),.UNSPECIFIED.,.F.,
  .F.,(2,2),(-1.694917596098,-0.844917596098),.PIECEWISE_BEZIER_KNOTS.);
#3544 = CARTESIAN_POINT('',(-0.539835192195,0.106817580906));
#3545 = CARTESIAN_POINT('',(0.310164807805,0.106817580906));
#3546 = ( GEOMETRIC_REPRESENTATION_CONTEXT(2) 
PARAMETRIC_REPRESENTATION_CONTEXT() REPRESENTATION_CONTEXT('2D SPACE',''
  ) );
#3547 = ORIENTED_EDGE('',*,*,#2169,.T.);
#3548 = ORIENTED_EDGE('',*,*,#3549,.T.);
#3549 = EDGE_CURVE('',#2170,#3391,#3550,.T.);
#3550 = SURFACE_CURVE('',#3551,(#3555,#3562),.PCURVE_S1.);
#3551 = LINE('',#3552,#3553);
#3552 = CARTESIAN_POINT('',(13.638881537412,9.550047665245,3.4));
#3553 = VECTOR('',#3554,1.);
#3554 = DIRECTION('',(-0.819152044289,-0.573576436351,0.));
#3555 = PCURVE('',#1667,#3556);
#3556 = DEFINITIONAL_REPRESENTATION('',(#3557),#3561);
#3557 = LINE('',#3558,#3559);
#3558 = CARTESIAN_POINT('',(0.,-3.7));
#3559 = VECTOR('',#3560,1.);
#3560 = DIRECTION('',(1.,0.));
#3561 = ( GEOMETRIC_REPRESENTATION_CONTEXT(2) 
PARAMETRIC_REPRESENTATION_CONTEXT() REPRESENTATION_CONTEXT('2D SPACE',''
  ) );
#3562 = PCURVE('',#2205,#3563);
#3563 = DEFINITIONAL_REPRESENTATION('',(#3564),#3568);
#3564 = LINE('',#3565,#3566);
#3565 = CARTESIAN_POINT('',(3.603177944173,10.339874667219));
#3566 = VECTOR('',#3567,1.);
#3567 = DIRECTION('',(-0.819152044289,-0.573576436351));
#3568 = ( GEOMETRIC_REPRESENTATION_CONTEXT(2) 
PARAMETRIC_REPRESENTATION_CONTEXT() REPRESENTATION_CONTEXT('2D SPACE',''
  ) );
#3569 = ORIENTED_EDGE('',*,*,#3414,.F.);
#3570 = ADVANCED_FACE('',(#3571),#1805,.F.);
#3571 = FACE_BOUND('',#3572,.F.);
#3572 = EDGE_LOOP('',(#3573,#3599,#3620,#3644));
#3573 = ORIENTED_EDGE('',*,*,#3574,.F.);
#3574 = EDGE_CURVE('',#3575,#1653,#3577,.T.);
#3575 = VERTEX_POINT('',#3576);
#3576 = CARTESIAN_POINT('',(13.265411403949,-3.803795510275,1.608));
#3577 = SURFACE_CURVE('',#3578,(#3586,#3593),.PCURVE_S1.);
#3578 = B_SPLINE_CURVE_WITH_KNOTS('',6,(#3579,#3580,#3581,#3582,#3583,
    #3584,#3585),.UNSPECIFIED.,.F.,.F.,(7,7),(0.,1.080210122553),
  .PIECEWISE_BEZIER_KNOTS.);
#3579 = CARTESIAN_POINT('',(13.265411403949,-3.803795510275,1.608));
#3580 = CARTESIAN_POINT('',(13.82971582729,-1.835832113592,
    1.710000005592));
#3581 = CARTESIAN_POINT('',(14.043676355634,0.232590802715,
    1.811999984282));
#3582 = CARTESIAN_POINT('',(13.884934369451,2.323541144273,
    1.914000000708));
#3583 = CARTESIAN_POINT('',(13.354281022362,4.352254868351,
    2.016000017134));
#3584 = CARTESIAN_POINT('',(12.478564736878,6.238328423579,
    2.117999995825));
#3585 = CARTESIAN_POINT('',(11.304298211227,7.915354821588,
    2.220000001416));
#3586 = PCURVE('',#1805,#3587);
#3587 = DEFINITIONAL_REPRESENTATION('',(#3588),#3592);
#3588 = LINE('',#3589,#3590);
#3589 = CARTESIAN_POINT('',(0.,0.));
#3590 = VECTOR('',#3591,1.);
#3591 = DIRECTION('',(0.,1.));
#3592 = ( GEOMETRIC_REPRESENTATION_CONTEXT(2) 
PARAMETRIC_REPRESENTATION_CONTEXT() REPRESENTATION_CONTEXT('2D SPACE',''
  ) );
#3593 = PCURVE('',#2093,#3594);
#3594 = DEFINITIONAL_REPRESENTATION('',(#3595),#3598);
#3595 = B_SPLINE_CURVE_WITH_KNOTS('',1,(#3596,#3597),.UNSPECIFIED.,.F.,
  .F.,(2,2),(0.,1.080210122553),.PIECEWISE_BEZIER_KNOTS.);
#3596 = CARTESIAN_POINT('',(1.400151444174,0.));
#3597 = CARTESIAN_POINT('',(1.400151444174,1.080210122553));
#3598 = ( GEOMETRIC_REPRESENTATION_CONTEXT(2) 
PARAMETRIC_REPRESENTATION_CONTEXT() REPRESENTATION_CONTEXT('2D SPACE',''
  ) );
#3599 = ORIENTED_EDGE('',*,*,#3600,.T.);
#3600 = EDGE_CURVE('',#3575,#3601,#3603,.T.);
#3601 = VERTEX_POINT('',#3602);
#3602 = CARTESIAN_POINT('',(13.278695198915,-3.757469411842,
    0.609161958376));
#3603 = SURFACE_CURVE('',#3604,(#3607,#3614),.PCURVE_S1.);
#3604 = B_SPLINE_CURVE_WITH_KNOTS('',1,(#3605,#3606),.UNSPECIFIED.,.F.,
  .F.,(2,2),(0.,1.),.PIECEWISE_BEZIER_KNOTS.);
#3605 = CARTESIAN_POINT('',(13.265411403949,-3.803795510275,1.608));
#3606 = CARTESIAN_POINT('',(13.278695198915,-3.757469411842,
    0.609161958376));
#3607 = PCURVE('',#1805,#3608);
#3608 = DEFINITIONAL_REPRESENTATION('',(#3609),#3613);
#3609 = LINE('',#3610,#3611);
#3610 = CARTESIAN_POINT('',(0.,0.));
#3611 = VECTOR('',#3612,1.);
#3612 = DIRECTION('',(1.,0.));
#3613 = ( GEOMETRIC_REPRESENTATION_CONTEXT(2) 
PARAMETRIC_REPRESENTATION_CONTEXT() REPRESENTATION_CONTEXT('2D SPACE',''
  ) );
#3614 = PCURVE('',#2029,#3615);
#3615 = DEFINITIONAL_REPRESENTATION('',(#3616),#3619);
#3616 = B_SPLINE_CURVE_WITH_KNOTS('',1,(#3617,#3618),.UNSPECIFIED.,.F.,
  .F.,(2,2),(0.,1.),.PIECEWISE_BEZIER_KNOTS.);
#3617 = CARTESIAN_POINT('',(-0.106817580623,-0.539835192532));
#3618 = CARTESIAN_POINT('',(0.893182419377,-0.539835192532));
#3619 = ( GEOMETRIC_REPRESENTATION_CONTEXT(2) 
PARAMETRIC_REPRESENTATION_CONTEXT() REPRESENTATION_CONTEXT('2D SPACE',''
  ) );
#3620 = ORIENTED_EDGE('',*,*,#3621,.T.);
#3621 = EDGE_CURVE('',#3601,#1744,#3622,.T.);
#3622 = SURFACE_CURVE('',#3623,(#3631,#3638),.PCURVE_S1.);
#3623 = B_SPLINE_CURVE_WITH_KNOTS('',6,(#3624,#3625,#3626,#3627,#3628,
    #3629,#3630),.UNSPECIFIED.,.F.,.F.,(7,7),(0.,1.080210122553),
  .PIECEWISE_BEZIER_KNOTS.);
#3624 = CARTESIAN_POINT('',(13.278695198915,-3.757469411842,
    0.609161958376));
#3625 = CARTESIAN_POINT('',(13.836126995083,-1.787535321272,
    0.711161963956));
#3626 = CARTESIAN_POINT('',(14.042864124837,0.281634782384,
    0.813161942742));
#3627 = CARTESIAN_POINT('',(13.876819982936,2.37203079631,0.91516195895)
  );
#3628 = CARTESIAN_POINT('',(13.339081840672,4.398891297638,
    1.017161975594));
#3629 = CARTESIAN_POINT('',(12.456778958247,6.281906664368,
    1.119161954189));
#3630 = CARTESIAN_POINT('',(11.276655831382,7.954832225773,
    1.221161959792));
#3631 = PCURVE('',#1805,#3632);
#3632 = DEFINITIONAL_REPRESENTATION('',(#3633),#3637);
#3633 = LINE('',#3634,#3635);
#3634 = CARTESIAN_POINT('',(1.,0.));
#3635 = VECTOR('',#3636,1.);
#3636 = DIRECTION('',(0.,1.));
#3637 = ( GEOMETRIC_REPRESENTATION_CONTEXT(2) 
PARAMETRIC_REPRESENTATION_CONTEXT() REPRESENTATION_CONTEXT('2D SPACE',''
  ) );
#3638 = PCURVE('',#1763,#3639);
#3639 = DEFINITIONAL_REPRESENTATION('',(#3640),#3643);
#3640 = B_SPLINE_CURVE_WITH_KNOTS('',1,(#3641,#3642),.UNSPECIFIED.,.F.,
  .F.,(2,2),(0.,1.080210122553),.PIECEWISE_BEZIER_KNOTS.);
#3641 = CARTESIAN_POINT('',(0.,0.));
#3642 = CARTESIAN_POINT('',(0.,1.080210122553));
#3643 = ( GEOMETRIC_REPRESENTATION_CONTEXT(2) 
PARAMETRIC_REPRESENTATION_CONTEXT() REPRESENTATION_CONTEXT('2D SPACE',''
  ) );
#3644 = ORIENTED_EDGE('',*,*,#1787,.T.);
#3645 = ADVANCED_FACE('',(#3646),#1763,.F.);
#3646 = FACE_BOUND('',#3647,.F.);
#3647 = EDGE_LOOP('',(#3648,#3649,#3668,#3669));
#3648 = ORIENTED_EDGE('',*,*,#3621,.F.);
#3649 = ORIENTED_EDGE('',*,*,#3650,.T.);
#3650 = EDGE_CURVE('',#3601,#1929,#3651,.T.);
#3651 = SURFACE_CURVE('',#3652,(#3655,#3662),.PCURVE_S1.);
#3652 = B_SPLINE_CURVE_WITH_KNOTS('',1,(#3653,#3654),.UNSPECIFIED.,.F.,
  .F.,(2,2),(0.,0.9),.PIECEWISE_BEZIER_KNOTS.);
#3653 = CARTESIAN_POINT('',(13.278695198915,-3.757469411842,
    0.609161958376));
#3654 = CARTESIAN_POINT('',(14.143830725259,-4.005543032077,
    0.609161958376));
#3655 = PCURVE('',#1763,#3656);
#3656 = DEFINITIONAL_REPRESENTATION('',(#3657),#3661);
#3657 = LINE('',#3658,#3659);
#3658 = CARTESIAN_POINT('',(0.,0.));
#3659 = VECTOR('',#3660,1.);
#3660 = DIRECTION('',(1.,0.));
#3661 = ( GEOMETRIC_REPRESENTATION_CONTEXT(2) 
PARAMETRIC_REPRESENTATION_CONTEXT() REPRESENTATION_CONTEXT('2D SPACE',''
  ) );
#3662 = PCURVE('',#2029,#3663);
#3663 = DEFINITIONAL_REPRESENTATION('',(#3664),#3667);
#3664 = B_SPLINE_CURVE_WITH_KNOTS('',1,(#3665,#3666),.UNSPECIFIED.,.F.,
  .F.,(2,2),(0.,0.9),.PIECEWISE_BEZIER_KNOTS.);
#3665 = CARTESIAN_POINT('',(0.893182419377,-0.539835192532));
#3666 = CARTESIAN_POINT('',(0.893182419377,0.360164807468));
#3667 = ( GEOMETRIC_REPRESENTATION_CONTEXT(2) 
PARAMETRIC_REPRESENTATION_CONTEXT() REPRESENTATION_CONTEXT('2D SPACE',''
  ) );
#3668 = ORIENTED_EDGE('',*,*,#1928,.T.);
#3669 = ORIENTED_EDGE('',*,*,#1743,.T.);
#3670 = ADVANCED_FACE('',(#3671),#1890,.F.);
#3671 = FACE_BOUND('',#3672,.F.);
#3672 = EDGE_LOOP('',(#3673,#3674,#3675,#3676));
#3673 = ORIENTED_EDGE('',*,*,#3435,.F.);
#3674 = ORIENTED_EDGE('',*,*,#1876,.T.);
#3675 = ORIENTED_EDGE('',*,*,#2224,.T.);
#3676 = ORIENTED_EDGE('',*,*,#3677,.T.);
#3677 = EDGE_CURVE('',#2225,#3436,#3678,.T.);
#3678 = SURFACE_CURVE('',#3679,(#3683,#3690),.PCURVE_S1.);
#3679 = LINE('',#3680,#3681);
#3680 = CARTESIAN_POINT('',(-15.09002465416,7.036594057983,3.4));
#3681 = VECTOR('',#3682,1.);
#3682 = DIRECTION('',(0.906307787037,-0.422618261741,0.));
#3683 = PCURVE('',#1890,#3684);
#3684 = DEFINITIONAL_REPRESENTATION('',(#3685),#3689);
#3685 = LINE('',#3686,#3687);
#3686 = CARTESIAN_POINT('',(-10.75618310584,-2.0494936996));
#3687 = VECTOR('',#3688,1.);
#3688 = DIRECTION('',(0.906307787037,-0.422618261741));
#3689 = ( GEOMETRIC_REPRESENTATION_CONTEXT(2) 
PARAMETRIC_REPRESENTATION_CONTEXT() REPRESENTATION_CONTEXT('2D SPACE',''
  ) );
#3690 = PCURVE('',#2529,#3691);
#3691 = DEFINITIONAL_REPRESENTATION('',(#3692),#3696);
#3692 = LINE('',#3693,#3694);
#3693 = CARTESIAN_POINT('',(0.,-3.7));
#3694 = VECTOR('',#3695,1.);
#3695 = DIRECTION('',(1.,0.));
#3696 = ( GEOMETRIC_REPRESENTATION_CONTEXT(2) 
PARAMETRIC_REPRESENTATION_CONTEXT() REPRESENTATION_CONTEXT('2D SPACE',''
  ) );
#3697 = ADVANCED_FACE('',(#3698),#2029,.T.);
#3698 = FACE_BOUND('',#3699,.T.);
#3699 = EDGE_LOOP('',(#3700,#3719,#3720,#3721));
#3700 = ORIENTED_EDGE('',*,*,#3701,.T.);
#3701 = EDGE_CURVE('',#2010,#3575,#3702,.T.);
#3702 = SURFACE_CURVE('',#3703,(#3706,#3712),.PCURVE_S1.);
#3703 = B_SPLINE_CURVE_WITH_KNOTS('',1,(#3704,#3705),.UNSPECIFIED.,.F.,
  .F.,(2,2),(0.,1.400151444174),.PIECEWISE_BEZIER_KNOTS.);
#3704 = CARTESIAN_POINT('',(14.116299020957,-4.101557495324,
    2.679331942073));
#3705 = CARTESIAN_POINT('',(13.265411403949,-3.803795510275,1.608));
#3706 = PCURVE('',#2029,#3707);
#3707 = DEFINITIONAL_REPRESENTATION('',(#3708),#3711);
#3708 = B_SPLINE_CURVE_WITH_KNOTS('',1,(#3709,#3710),.UNSPECIFIED.,.F.,
  .F.,(2,2),(0.,1.400151444174),.PIECEWISE_BEZIER_KNOTS.);
#3709 = CARTESIAN_POINT('',(-1.179395813957,0.360164807468));
#3710 = CARTESIAN_POINT('',(-0.106817580623,-0.539835192532));
#3711 = ( GEOMETRIC_REPRESENTATION_CONTEXT(2) 
PARAMETRIC_REPRESENTATION_CONTEXT() REPRESENTATION_CONTEXT('2D SPACE',''
  ) );
#3712 = PCURVE('',#2093,#3713);
#3713 = DEFINITIONAL_REPRESENTATION('',(#3714),#3718);
#3714 = LINE('',#3715,#3716);
#3715 = CARTESIAN_POINT('',(0.,0.));
#3716 = VECTOR('',#3717,1.);
#3717 = DIRECTION('',(1.,0.));
#3718 = ( GEOMETRIC_REPRESENTATION_CONTEXT(2) 
PARAMETRIC_REPRESENTATION_CONTEXT() REPRESENTATION_CONTEXT('2D SPACE',''
  ) );
#3719 = ORIENTED_EDGE('',*,*,#3600,.T.);
#3720 = ORIENTED_EDGE('',*,*,#3650,.T.);
#3721 = ORIENTED_EDGE('',*,*,#2009,.T.);
#3722 = ADVANCED_FACE('',(#3723),#2093,.F.);
#3723 = FACE_BOUND('',#3724,.F.);
#3724 = EDGE_LOOP('',(#3725,#3726,#3727,#3728));
#3725 = ORIENTED_EDGE('',*,*,#2041,.T.);
#3726 = ORIENTED_EDGE('',*,*,#3701,.T.);
#3727 = ORIENTED_EDGE('',*,*,#3574,.T.);
#3728 = ORIENTED_EDGE('',*,*,#3729,.F.);
#3729 = EDGE_CURVE('',#2042,#1653,#3730,.T.);
#3730 = SURFACE_CURVE('',#3731,(#3734,#3741),.PCURVE_S1.);
#3731 = B_SPLINE_CURVE_WITH_KNOTS('',1,(#3732,#3733),.UNSPECIFIED.,.F.,
  .F.,(2,2),(0.,1.400151444174),.PIECEWISE_BEZIER_KNOTS.);
#3732 = CARTESIAN_POINT('',(12.071183665948,8.389231009979,
    3.291331940657));
#3733 = CARTESIAN_POINT('',(11.304298211227,7.915354821588,
    2.220000001416));
#3734 = PCURVE('',#2093,#3735);
#3735 = DEFINITIONAL_REPRESENTATION('',(#3736),#3740);
#3736 = LINE('',#3737,#3738);
#3737 = CARTESIAN_POINT('',(0.,1.080210122553));
#3738 = VECTOR('',#3739,1.);
#3739 = DIRECTION('',(1.,0.));
#3740 = ( GEOMETRIC_REPRESENTATION_CONTEXT(2) 
PARAMETRIC_REPRESENTATION_CONTEXT() REPRESENTATION_CONTEXT('2D SPACE',''
  ) );
#3741 = PCURVE('',#2157,#3742);
#3742 = DEFINITIONAL_REPRESENTATION('',(#3743),#3746);
#3743 = B_SPLINE_CURVE_WITH_KNOTS('',1,(#3744,#3745),.UNSPECIFIED.,.F.,
  .F.,(2,2),(0.,1.400151444174),.PIECEWISE_BEZIER_KNOTS.);
#3744 = CARTESIAN_POINT('',(0.360164811184,1.179395812823));
#3745 = CARTESIAN_POINT('',(-0.539835192195,0.106817582323));
#3746 = ( GEOMETRIC_REPRESENTATION_CONTEXT(2) 
PARAMETRIC_REPRESENTATION_CONTEXT() REPRESENTATION_CONTEXT('2D SPACE',''
  ) );
#3747 = ADVANCED_FACE('',(#3748),#2157,.F.);
#3748 = FACE_BOUND('',#3749,.F.);
#3749 = EDGE_LOOP('',(#3750,#3751,#3752));
#3750 = ORIENTED_EDGE('',*,*,#3729,.T.);
#3751 = ORIENTED_EDGE('',*,*,#3529,.T.);
#3752 = ORIENTED_EDGE('',*,*,#2137,.T.);
#3753 = ADVANCED_FACE('',(#3754),#2205,.F.);
#3754 = FACE_BOUND('',#3755,.F.);
#3755 = EDGE_LOOP('',(#3756,#3757,#3758,#3759,#3760));
#3756 = ORIENTED_EDGE('',*,*,#2190,.F.);
#3757 = ORIENTED_EDGE('',*,*,#3549,.T.);
#3758 = ORIENTED_EDGE('',*,*,#3390,.F.);
#3759 = ORIENTED_EDGE('',*,*,#3315,.F.);
#3760 = ORIENTED_EDGE('',*,*,#2587,.T.);
#3761 = ADVANCED_FACE('',(#3762),#2529,.T.);
#3762 = FACE_BOUND('',#3763,.T.);
#3763 = EDGE_LOOP('',(#3764,#3765,#3784,#3785,#3786));
#3764 = ORIENTED_EDGE('',*,*,#2827,.F.);
#3765 = ORIENTED_EDGE('',*,*,#3766,.T.);
#3766 = EDGE_CURVE('',#2612,#2485,#3767,.T.);
#3767 = SURFACE_CURVE('',#3768,(#3772,#3778),.PCURVE_S1.);
#3768 = LINE('',#3769,#3770);
#3769 = CARTESIAN_POINT('',(-14.04316447683,6.548435140278,
    2.219999999999));
#3770 = VECTOR('',#3771,1.);
#3771 = DIRECTION('',(-0.906307787037,0.422618261741,-4.524012217382E-13
    ));
#3772 = PCURVE('',#2529,#3773);
#3773 = DEFINITIONAL_REPRESENTATION('',(#3774),#3777);
#3774 = B_SPLINE_CURVE_WITH_KNOTS('',1,(#3775,#3776),.UNSPECIFIED.,.F.,
  .F.,(2,2),(-1.694917596098,-0.844917596098),.PIECEWISE_BEZIER_KNOTS.);
#3775 = CARTESIAN_POINT('',(2.85,-2.52));
#3776 = CARTESIAN_POINT('',(2.,-2.52));
#3777 = ( GEOMETRIC_REPRESENTATION_CONTEXT(2) 
PARAMETRIC_REPRESENTATION_CONTEXT() REPRESENTATION_CONTEXT('2D SPACE',''
  ) );
#3778 = PCURVE('',#2504,#3779);
#3779 = DEFINITIONAL_REPRESENTATION('',(#3780),#3783);
#3780 = B_SPLINE_CURVE_WITH_KNOTS('',1,(#3781,#3782),.UNSPECIFIED.,.F.,
  .F.,(2,2),(-1.694917596098,-0.844917596098),.PIECEWISE_BEZIER_KNOTS.);
#3781 = CARTESIAN_POINT('',(-0.539835192195,0.106817580906));
#3782 = CARTESIAN_POINT('',(0.310164807805,0.106817580905));
#3783 = ( GEOMETRIC_REPRESENTATION_CONTEXT(2) 
PARAMETRIC_REPRESENTATION_CONTEXT() REPRESENTATION_CONTEXT('2D SPACE',''
  ) );
#3784 = ORIENTED_EDGE('',*,*,#2516,.T.);
#3785 = ORIENTED_EDGE('',*,*,#3677,.T.);
#3786 = ORIENTED_EDGE('',*,*,#3459,.F.);
#3787 = ADVANCED_FACE('',(#3788),#2504,.F.);
#3788 = FACE_BOUND('',#3789,.F.);
#3789 = EDGE_LOOP('',(#3790,#3809,#3810));
#3790 = ORIENTED_EDGE('',*,*,#3791,.T.);
#3791 = EDGE_CURVE('',#2375,#2612,#3792,.T.);
#3792 = SURFACE_CURVE('',#3793,(#3796,#3802),.PCURVE_S1.);
#3793 = B_SPLINE_CURVE_WITH_KNOTS('',1,(#3794,#3795),.UNSPECIFIED.,.F.,
  .F.,(2,2),(0.,1.400151444174),.PIECEWISE_BEZIER_KNOTS.);
#3794 = CARTESIAN_POINT('',(-13.30087900583,6.25933620347,3.291331940657
    ));
#3795 = CARTESIAN_POINT('',(-12.50704746107,5.832132012084,
    2.220000001416));
#3796 = PCURVE('',#2504,#3797);
#3797 = DEFINITIONAL_REPRESENTATION('',(#3798),#3801);
#3798 = B_SPLINE_CURVE_WITH_KNOTS('',1,(#3799,#3800),.UNSPECIFIED.,.F.,
  .F.,(2,2),(0.,1.400151444174),.PIECEWISE_BEZIER_KNOTS.);
#3799 = CARTESIAN_POINT('',(0.360164811184,1.179395812823));
#3800 = CARTESIAN_POINT('',(-0.539835192195,0.106817582323));
#3801 = ( GEOMETRIC_REPRESENTATION_CONTEXT(2) 
PARAMETRIC_REPRESENTATION_CONTEXT() REPRESENTATION_CONTEXT('2D SPACE',''
  ) );
#3802 = PCURVE('',#2438,#3803);
#3803 = DEFINITIONAL_REPRESENTATION('',(#3804),#3808);
#3804 = LINE('',#3805,#3806);
#3805 = CARTESIAN_POINT('',(0.,1.080210122553));
#3806 = VECTOR('',#3807,1.);
#3807 = DIRECTION('',(1.,0.));
#3808 = ( GEOMETRIC_REPRESENTATION_CONTEXT(2) 
PARAMETRIC_REPRESENTATION_CONTEXT() REPRESENTATION_CONTEXT('2D SPACE',''
  ) );
#3809 = ORIENTED_EDGE('',*,*,#3766,.T.);
#3810 = ORIENTED_EDGE('',*,*,#2484,.T.);
#3811 = ADVANCED_FACE('',(#3812),#2438,.F.);
#3812 = FACE_BOUND('',#3813,.F.);
#3813 = EDGE_LOOP('',(#3814,#3815,#3836,#3860));
#3814 = ORIENTED_EDGE('',*,*,#2374,.F.);
#3815 = ORIENTED_EDGE('',*,*,#3816,.T.);
#3816 = EDGE_CURVE('',#2343,#3817,#3819,.T.);
#3817 = VERTEX_POINT('',#3818);
#3818 = CARTESIAN_POINT('',(-3.338522159275,13.390081022609,1.608));
#3819 = SURFACE_CURVE('',#3820,(#3823,#3830),.PCURVE_S1.);
#3820 = B_SPLINE_CURVE_WITH_KNOTS('',1,(#3821,#3822),.UNSPECIFIED.,.F.,
  .F.,(2,2),(0.,1.400151444174),.PIECEWISE_BEZIER_KNOTS.);
#3821 = CARTESIAN_POINT('',(-3.506096524446,14.275852307228,
    2.679331942073));
#3822 = CARTESIAN_POINT('',(-3.338522159275,13.390081022609,1.608));
#3823 = PCURVE('',#2438,#3824);
#3824 = DEFINITIONAL_REPRESENTATION('',(#3825),#3829);
#3825 = LINE('',#3826,#3827);
#3826 = CARTESIAN_POINT('',(0.,0.));
#3827 = VECTOR('',#3828,1.);
#3828 = DIRECTION('',(1.,0.));
#3829 = ( GEOMETRIC_REPRESENTATION_CONTEXT(2) 
PARAMETRIC_REPRESENTATION_CONTEXT() REPRESENTATION_CONTEXT('2D SPACE',''
  ) );
#3830 = PCURVE('',#2362,#3831);
#3831 = DEFINITIONAL_REPRESENTATION('',(#3832),#3835);
#3832 = B_SPLINE_CURVE_WITH_KNOTS('',1,(#3833,#3834),.UNSPECIFIED.,.F.,
  .F.,(2,2),(0.,1.400151444174),.PIECEWISE_BEZIER_KNOTS.);
#3833 = CARTESIAN_POINT('',(-1.179395813957,0.360164807468));
#3834 = CARTESIAN_POINT('',(-0.106817580623,-0.539835192532));
#3835 = ( GEOMETRIC_REPRESENTATION_CONTEXT(2) 
PARAMETRIC_REPRESENTATION_CONTEXT() REPRESENTATION_CONTEXT('2D SPACE',''
  ) );
#3836 = ORIENTED_EDGE('',*,*,#3837,.T.);
#3837 = EDGE_CURVE('',#3817,#2612,#3838,.T.);
#3838 = SURFACE_CURVE('',#3839,(#3847,#3853),.PCURVE_S1.);
#3839 = B_SPLINE_CURVE_WITH_KNOTS('',6,(#3840,#3841,#3842,#3843,#3844,
    #3845,#3846),.UNSPECIFIED.,.F.,.F.,(7,7),(0.,1.080210122553),
  .PIECEWISE_BEZIER_KNOTS.);
#3840 = CARTESIAN_POINT('',(-3.338522159275,13.390081022609,1.608));
#3841 = CARTESIAN_POINT('',(-5.324980666191,12.894801290349,
    1.710000005592));
#3842 = CARTESIAN_POINT('',(-7.223267721655,12.045885085149,
    1.811999984282));
#3843 = CARTESIAN_POINT('',(-8.954712842404,10.862935321688,
    1.914000000708));
#3844 = CARTESIAN_POINT('',(-10.44630379091,9.389019180466,
    2.016000017134));
#3845 = CARTESIAN_POINT('',(-11.6418332604,7.687589853116,2.117999995825
    ));
#3846 = CARTESIAN_POINT('',(-12.50704746107,5.832132012084,
    2.220000001416));
#3847 = PCURVE('',#2438,#3848);
#3848 = DEFINITIONAL_REPRESENTATION('',(#3849),#3852);
#3849 = B_SPLINE_CURVE_WITH_KNOTS('',1,(#3850,#3851),.UNSPECIFIED.,.F.,
  .F.,(2,2),(0.,1.080210122553),.PIECEWISE_BEZIER_KNOTS.);
#3850 = CARTESIAN_POINT('',(1.400151444174,0.));
#3851 = CARTESIAN_POINT('',(1.400151444174,1.080210122553));
#3852 = ( GEOMETRIC_REPRESENTATION_CONTEXT(2) 
PARAMETRIC_REPRESENTATION_CONTEXT() REPRESENTATION_CONTEXT('2D SPACE',''
  ) );
#3853 = PCURVE('',#2681,#3854);
#3854 = DEFINITIONAL_REPRESENTATION('',(#3855),#3859);
#3855 = LINE('',#3856,#3857);
#3856 = CARTESIAN_POINT('',(0.,0.));
#3857 = VECTOR('',#3858,1.);
#3858 = DIRECTION('',(0.,1.));
#3859 = ( GEOMETRIC_REPRESENTATION_CONTEXT(2) 
PARAMETRIC_REPRESENTATION_CONTEXT() REPRESENTATION_CONTEXT('2D SPACE',''
  ) );
#3860 = ORIENTED_EDGE('',*,*,#3791,.F.);
#3861 = ADVANCED_FACE('',(#3862),#2362,.T.);
#3862 = FACE_BOUND('',#3863,.T.);
#3863 = EDGE_LOOP('',(#3864,#3865,#3886,#3905));
#3864 = ORIENTED_EDGE('',*,*,#3816,.T.);
#3865 = ORIENTED_EDGE('',*,*,#3866,.T.);
#3866 = EDGE_CURVE('',#3817,#3867,#3869,.T.);
#3867 = VERTEX_POINT('',#3868);
#3868 = CARTESIAN_POINT('',(-3.385283634859,13.378422077291,
    0.609161958376));
#3869 = SURFACE_CURVE('',#3870,(#3873,#3879),.PCURVE_S1.);
#3870 = B_SPLINE_CURVE_WITH_KNOTS('',1,(#3871,#3872),.UNSPECIFIED.,.F.,
  .F.,(2,2),(0.,1.),.PIECEWISE_BEZIER_KNOTS.);
#3871 = CARTESIAN_POINT('',(-3.338522159275,13.390081022609,1.608));
#3872 = CARTESIAN_POINT('',(-3.385283634859,13.378422077291,
    0.609161958376));
#3873 = PCURVE('',#2362,#3874);
#3874 = DEFINITIONAL_REPRESENTATION('',(#3875),#3878);
#3875 = B_SPLINE_CURVE_WITH_KNOTS('',1,(#3876,#3877),.UNSPECIFIED.,.F.,
  .F.,(2,2),(0.,1.),.PIECEWISE_BEZIER_KNOTS.);
#3876 = CARTESIAN_POINT('',(-0.106817580623,-0.539835192532));
#3877 = CARTESIAN_POINT('',(0.893182419377,-0.539835192532));
#3878 = ( GEOMETRIC_REPRESENTATION_CONTEXT(2) 
PARAMETRIC_REPRESENTATION_CONTEXT() REPRESENTATION_CONTEXT('2D SPACE',''
  ) );
#3879 = PCURVE('',#2681,#3880);
#3880 = DEFINITIONAL_REPRESENTATION('',(#3881),#3885);
#3881 = LINE('',#3882,#3883);
#3882 = CARTESIAN_POINT('',(0.,0.));
#3883 = VECTOR('',#3884,1.);
#3884 = DIRECTION('',(1.,0.));
#3885 = ( GEOMETRIC_REPRESENTATION_CONTEXT(2) 
PARAMETRIC_REPRESENTATION_CONTEXT() REPRESENTATION_CONTEXT('2D SPACE',''
  ) );
#3886 = ORIENTED_EDGE('',*,*,#3887,.T.);
#3887 = EDGE_CURVE('',#3867,#2272,#3888,.T.);
#3888 = SURFACE_CURVE('',#3889,(#3892,#3898),.PCURVE_S1.);
#3889 = B_SPLINE_CURVE_WITH_KNOTS('',1,(#3890,#3891),.UNSPECIFIED.,.F.,
  .F.,(2,2),(0.,0.9),.PIECEWISE_BEZIER_KNOTS.);
#3890 = CARTESIAN_POINT('',(-3.385283634859,13.378422077291,
    0.609161958376));
#3891 = CARTESIAN_POINT('',(-3.603013340899,14.25168823094,
    0.609161958376));
#3892 = PCURVE('',#2362,#3893);
#3893 = DEFINITIONAL_REPRESENTATION('',(#3894),#3897);
#3894 = B_SPLINE_CURVE_WITH_KNOTS('',1,(#3895,#3896),.UNSPECIFIED.,.F.,
  .F.,(2,2),(0.,0.9),.PIECEWISE_BEZIER_KNOTS.);
#3895 = CARTESIAN_POINT('',(0.893182419377,-0.539835192532));
#3896 = CARTESIAN_POINT('',(0.893182419377,0.360164807468));
#3897 = ( GEOMETRIC_REPRESENTATION_CONTEXT(2) 
PARAMETRIC_REPRESENTATION_CONTEXT() REPRESENTATION_CONTEXT('2D SPACE',''
  ) );
#3898 = PCURVE('',#2309,#3899);
#3899 = DEFINITIONAL_REPRESENTATION('',(#3900),#3904);
#3900 = LINE('',#3901,#3902);
#3901 = CARTESIAN_POINT('',(0.,0.));
#3902 = VECTOR('',#3903,1.);
#3903 = DIRECTION('',(1.,0.));
#3904 = ( GEOMETRIC_REPRESENTATION_CONTEXT(2) 
PARAMETRIC_REPRESENTATION_CONTEXT() REPRESENTATION_CONTEXT('2D SPACE',''
  ) );
#3905 = ORIENTED_EDGE('',*,*,#2342,.T.);
#3906 = ADVANCED_FACE('',(#3907),#2309,.F.);
#3907 = FACE_BOUND('',#3908,.F.);
#3908 = EDGE_LOOP('',(#3909,#3933,#3934,#3935));
#3909 = ORIENTED_EDGE('',*,*,#3910,.F.);
#3910 = EDGE_CURVE('',#3867,#2635,#3911,.T.);
#3911 = SURFACE_CURVE('',#3912,(#3920,#3926),.PCURVE_S1.);
#3912 = B_SPLINE_CURVE_WITH_KNOTS('',6,(#3913,#3914,#3915,#3916,#3917,
    #3918,#3919),.UNSPECIFIED.,.F.,.F.,(7,7),(0.,1.080210122553),
  .PIECEWISE_BEZIER_KNOTS.);
#3913 = CARTESIAN_POINT('',(-3.385283634859,13.378422077291,
    0.609161958376));
#3914 = CARTESIAN_POINT('',(-5.370012499158,12.876205128366,
    0.711161963956));
#3915 = CARTESIAN_POINT('',(-7.265334938552,12.02065968281,
    0.813161942742));
#3916 = CARTESIAN_POINT('',(-8.992648919632,10.831663230811,
    0.91516195895));
#3917 = CARTESIAN_POINT('',(-10.47909253257,9.352538088363,
    1.017161975594));
#3918 = CARTESIAN_POINT('',(-11.66868023466,7.646933694986,
    1.119161954189));
#3919 = CARTESIAN_POINT('',(-12.52741470605,5.788454306824,
    1.221161959792));
#3920 = PCURVE('',#2309,#3921);
#3921 = DEFINITIONAL_REPRESENTATION('',(#3922),#3925);
#3922 = B_SPLINE_CURVE_WITH_KNOTS('',1,(#3923,#3924),.UNSPECIFIED.,.F.,
  .F.,(2,2),(0.,1.080210122553),.PIECEWISE_BEZIER_KNOTS.);
#3923 = CARTESIAN_POINT('',(0.,0.));
#3924 = CARTESIAN_POINT('',(0.,1.080210122553));
#3925 = ( GEOMETRIC_REPRESENTATION_CONTEXT(2) 
PARAMETRIC_REPRESENTATION_CONTEXT() REPRESENTATION_CONTEXT('2D SPACE',''
  ) );
#3926 = PCURVE('',#2681,#3927);
#3927 = DEFINITIONAL_REPRESENTATION('',(#3928),#3932);
#3928 = LINE('',#3929,#3930);
#3929 = CARTESIAN_POINT('',(1.,0.));
#3930 = VECTOR('',#3931,1.);
#3931 = DIRECTION('',(0.,1.));
#3932 = ( GEOMETRIC_REPRESENTATION_CONTEXT(2) 
PARAMETRIC_REPRESENTATION_CONTEXT() REPRESENTATION_CONTEXT('2D SPACE',''
  ) );
#3933 = ORIENTED_EDGE('',*,*,#3887,.T.);
#3934 = ORIENTED_EDGE('',*,*,#2271,.T.);
#3935 = ORIENTED_EDGE('',*,*,#2634,.T.);
#3936 = ADVANCED_FACE('',(#3937),#2681,.F.);
#3937 = FACE_BOUND('',#3938,.F.);
#3938 = EDGE_LOOP('',(#3939,#3940,#3941,#3942));
#3939 = ORIENTED_EDGE('',*,*,#3837,.F.);
#3940 = ORIENTED_EDGE('',*,*,#3866,.T.);
#3941 = ORIENTED_EDGE('',*,*,#3910,.T.);
#3942 = ORIENTED_EDGE('',*,*,#2663,.T.);
#3943 = ADVANCED_FACE('',(#3944),#2748,.T.);
#3944 = FACE_BOUND('',#3945,.T.);
#3945 = EDGE_LOOP('',(#3946,#3947,#3966,#3967,#3988));
#3946 = ORIENTED_EDGE('',*,*,#2733,.F.);
#3947 = ORIENTED_EDGE('',*,*,#3948,.T.);
#3948 = EDGE_CURVE('',#2734,#3262,#3949,.T.);
#3949 = SURFACE_CURVE('',#3950,(#3954,#3960),.PCURVE_S1.);
#3950 = LINE('',#3951,#3952);
#3951 = CARTESIAN_POINT('',(1.350471051902,-15.4359547566,2.22));
#3952 = VECTOR('',#3953,1.);
#3953 = DIRECTION('',(8.715574274766E-02,-0.996194698092,
    -4.500152268206E-13));
#3954 = PCURVE('',#2748,#3955);
#3955 = DEFINITIONAL_REPRESENTATION('',(#3956),#3959);
#3956 = B_SPLINE_CURVE_WITH_KNOTS('',1,(#3957,#3958),.UNSPECIFIED.,.F.,
  .F.,(2,2),(-1.694917596098,-0.844917596098),.PIECEWISE_BEZIER_KNOTS.);
#3957 = CARTESIAN_POINT('',(2.85,-2.52));
#3958 = CARTESIAN_POINT('',(2.,-2.52));
#3959 = ( GEOMETRIC_REPRESENTATION_CONTEXT(2) 
PARAMETRIC_REPRESENTATION_CONTEXT() REPRESENTATION_CONTEXT('2D SPACE',''
  ) );
#3960 = PCURVE('',#3281,#3961);
#3961 = DEFINITIONAL_REPRESENTATION('',(#3962),#3965);
#3962 = B_SPLINE_CURVE_WITH_KNOTS('',1,(#3963,#3964),.UNSPECIFIED.,.F.,
  .F.,(2,2),(-1.694917596098,-0.844917596098),.PIECEWISE_BEZIER_KNOTS.);
#3963 = CARTESIAN_POINT('',(-0.539835192195,0.106817580906));
#3964 = CARTESIAN_POINT('',(0.310164807805,0.106817580906));
#3965 = ( GEOMETRIC_REPRESENTATION_CONTEXT(2) 
PARAMETRIC_REPRESENTATION_CONTEXT() REPRESENTATION_CONTEXT('2D SPACE',''
  ) );
#3966 = ORIENTED_EDGE('',*,*,#3293,.T.);
#3967 = ORIENTED_EDGE('',*,*,#3968,.T.);
#3968 = EDGE_CURVE('',#3037,#3481,#3969,.T.);
#3969 = SURFACE_CURVE('',#3970,(#3974,#3981),.PCURVE_S1.);
#3970 = LINE('',#3971,#3972);
#3971 = CARTESIAN_POINT('',(1.451143116749,-16.58664172322,3.4));
#3972 = VECTOR('',#3973,1.);
#3973 = DIRECTION('',(-8.715574274766E-02,0.996194698092,0.));
#3974 = PCURVE('',#2748,#3975);
#3975 = DEFINITIONAL_REPRESENTATION('',(#3976),#3980);
#3976 = LINE('',#3977,#3978);
#3977 = CARTESIAN_POINT('',(0.,-3.7));
#3978 = VECTOR('',#3979,1.);
#3979 = DIRECTION('',(1.,0.));
#3980 = ( GEOMETRIC_REPRESENTATION_CONTEXT(2) 
PARAMETRIC_REPRESENTATION_CONTEXT() REPRESENTATION_CONTEXT('2D SPACE',''
  ) );
#3981 = PCURVE('',#3021,#3982);
#3982 = DEFINITIONAL_REPRESENTATION('',(#3983),#3987);
#3983 = LINE('',#3984,#3985);
#3984 = CARTESIAN_POINT('',(7.153005161672,-8.290380967619));
#3985 = VECTOR('',#3986,1.);
#3986 = DIRECTION('',(-8.715574274766E-02,0.996194698092));
#3987 = ( GEOMETRIC_REPRESENTATION_CONTEXT(2) 
PARAMETRIC_REPRESENTATION_CONTEXT() REPRESENTATION_CONTEXT('2D SPACE',''
  ) );
#3988 = ORIENTED_EDGE('',*,*,#3504,.F.);
#3989 = ADVANCED_FACE('',(#3990),#2936,.F.);
#3990 = FACE_BOUND('',#3991,.F.);
#3991 = EDGE_LOOP('',(#3992,#4018,#4039,#4063));
#3992 = ORIENTED_EDGE('',*,*,#3993,.F.);
#3993 = EDGE_CURVE('',#3994,#2734,#3996,.T.);
#3994 = VERTEX_POINT('',#3995);
#3995 = CARTESIAN_POINT('',(-9.926889244673,-9.586285512334,1.608));
#3996 = SURFACE_CURVE('',#3997,(#4005,#4012),.PCURVE_S1.);
#3997 = B_SPLINE_CURVE_WITH_KNOTS('',6,(#3998,#3999,#4000,#4001,#4002,
    #4003,#4004),.UNSPECIFIED.,.F.,.F.,(7,7),(0.,1.080210122553),
  .PIECEWISE_BEZIER_KNOTS.);
#3998 = CARTESIAN_POINT('',(-9.926889244673,-9.586285512334,1.608));
#3999 = CARTESIAN_POINT('',(-8.504735161099,-11.05896917675,
    1.710000005592));
#4000 = CARTESIAN_POINT('',(-6.820408633979,-12.27847588786,
    1.811999984282));
#4001 = CARTESIAN_POINT('',(-4.930221527047,-13.18647646596,
    1.914000000708));
#4002 = CARTESIAN_POINT('',(-2.907977231444,-13.74127404881,
    2.016000017134));
#4003 = CARTESIAN_POINT('',(-0.836731476469,-13.92591827669,
    2.117999995825));
#4004 = CARTESIAN_POINT('',(1.20274924985,-13.74748683367,2.220000001416
    ));
#4005 = PCURVE('',#2936,#4006);
#4006 = DEFINITIONAL_REPRESENTATION('',(#4007),#4011);
#4007 = LINE('',#4008,#4009);
#4008 = CARTESIAN_POINT('',(0.,0.));
#4009 = VECTOR('',#4010,1.);
#4010 = DIRECTION('',(0.,1.));
#4011 = ( GEOMETRIC_REPRESENTATION_CONTEXT(2) 
PARAMETRIC_REPRESENTATION_CONTEXT() REPRESENTATION_CONTEXT('2D SPACE',''
  ) );
#4012 = PCURVE('',#3215,#4013);
#4013 = DEFINITIONAL_REPRESENTATION('',(#4014),#4017);
#4014 = B_SPLINE_CURVE_WITH_KNOTS('',1,(#4015,#4016),.UNSPECIFIED.,.F.,
  .F.,(2,2),(0.,1.080210122553),.PIECEWISE_BEZIER_KNOTS.);
#4015 = CARTESIAN_POINT('',(1.400151444174,0.));
#4016 = CARTESIAN_POINT('',(1.400151444174,1.080210122553));
#4017 = ( GEOMETRIC_REPRESENTATION_CONTEXT(2) 
PARAMETRIC_REPRESENTATION_CONTEXT() REPRESENTATION_CONTEXT('2D SPACE',''
  ) );
#4018 = ORIENTED_EDGE('',*,*,#4019,.T.);
#4019 = EDGE_CURVE('',#3994,#4020,#4022,.T.);
#4020 = VERTEX_POINT('',#4021);
#4021 = CARTESIAN_POINT('',(-9.893411564055,-9.620952665449,
    0.609161958376));
#4022 = SURFACE_CURVE('',#4023,(#4026,#4033),.PCURVE_S1.);
#4023 = B_SPLINE_CURVE_WITH_KNOTS('',1,(#4024,#4025),.UNSPECIFIED.,.F.,
  .F.,(2,2),(0.,1.),.PIECEWISE_BEZIER_KNOTS.);
#4024 = CARTESIAN_POINT('',(-9.926889244673,-9.586285512334,1.608));
#4025 = CARTESIAN_POINT('',(-9.893411564055,-9.620952665449,
    0.609161958376));
#4026 = PCURVE('',#2936,#4027);
#4027 = DEFINITIONAL_REPRESENTATION('',(#4028),#4032);
#4028 = LINE('',#4029,#4030);
#4029 = CARTESIAN_POINT('',(0.,0.));
#4030 = VECTOR('',#4031,1.);
#4031 = DIRECTION('',(1.,0.));
#4032 = ( GEOMETRIC_REPRESENTATION_CONTEXT(2) 
PARAMETRIC_REPRESENTATION_CONTEXT() REPRESENTATION_CONTEXT('2D SPACE',''
  ) );
#4033 = PCURVE('',#3139,#4034);
#4034 = DEFINITIONAL_REPRESENTATION('',(#4035),#4038);
#4035 = B_SPLINE_CURVE_WITH_KNOTS('',1,(#4036,#4037),.UNSPECIFIED.,.F.,
  .F.,(2,2),(0.,1.),.PIECEWISE_BEZIER_KNOTS.);
#4036 = CARTESIAN_POINT('',(-0.106817580623,-0.539835192532));
#4037 = CARTESIAN_POINT('',(0.893182419377,-0.539835192532));
#4038 = ( GEOMETRIC_REPRESENTATION_CONTEXT(2) 
PARAMETRIC_REPRESENTATION_CONTEXT() REPRESENTATION_CONTEXT('2D SPACE',''
  ) );
#4039 = ORIENTED_EDGE('',*,*,#4040,.T.);
#4040 = EDGE_CURVE('',#4020,#2875,#4041,.T.);
#4041 = SURFACE_CURVE('',#4042,(#4050,#4057),.PCURVE_S1.);
#4042 = B_SPLINE_CURVE_WITH_KNOTS('',6,(#4043,#4044,#4045,#4046,#4047,
    #4048,#4049),.UNSPECIFIED.,.F.,.F.,(7,7),(0.,1.080210122553),
  .PIECEWISE_BEZIER_KNOTS.);
#4043 = CARTESIAN_POINT('',(-9.893411564055,-9.620952665449,
    0.609161958376));
#4044 = CARTESIAN_POINT('',(-8.466114495925,-11.08866980709,
    0.711161963956));
#4045 = CARTESIAN_POINT('',(-6.777529186284,-12.30229446519,
    0.813161942742));
#4046 = CARTESIAN_POINT('',(-4.884171063304,-13.20369402712,
    0.91516195895));
#4047 = CARTESIAN_POINT('',(-2.859989308095,-13.751429386,1.017161975594
    ));
#4048 = CARTESIAN_POINT('',(-0.788098723578,-13.92884035935,
    1.119161954189));
#4049 = CARTESIAN_POINT('',(1.250758874672,-13.74328653259,
    1.221161959792));
#4050 = PCURVE('',#2936,#4051);
#4051 = DEFINITIONAL_REPRESENTATION('',(#4052),#4056);
#4052 = LINE('',#4053,#4054);
#4053 = CARTESIAN_POINT('',(1.,0.));
#4054 = VECTOR('',#4055,1.);
#4055 = DIRECTION('',(0.,1.));
#4056 = ( GEOMETRIC_REPRESENTATION_CONTEXT(2) 
PARAMETRIC_REPRESENTATION_CONTEXT() REPRESENTATION_CONTEXT('2D SPACE',''
  ) );
#4057 = PCURVE('',#2894,#4058);
#4058 = DEFINITIONAL_REPRESENTATION('',(#4059),#4062);
#4059 = B_SPLINE_CURVE_WITH_KNOTS('',1,(#4060,#4061),.UNSPECIFIED.,.F.,
  .F.,(2,2),(0.,1.080210122553),.PIECEWISE_BEZIER_KNOTS.);
#4060 = CARTESIAN_POINT('',(0.,0.));
#4061 = CARTESIAN_POINT('',(0.,1.080210122553));
#4062 = ( GEOMETRIC_REPRESENTATION_CONTEXT(2) 
PARAMETRIC_REPRESENTATION_CONTEXT() REPRESENTATION_CONTEXT('2D SPACE',''
  ) );
#4063 = ORIENTED_EDGE('',*,*,#2918,.T.);
#4064 = ADVANCED_FACE('',(#4065),#2894,.F.);
#4065 = FACE_BOUND('',#4066,.F.);
#4066 = EDGE_LOOP('',(#4067,#4068,#4087,#4088));
#4067 = ORIENTED_EDGE('',*,*,#4040,.F.);
#4068 = ORIENTED_EDGE('',*,*,#4069,.T.);
#4069 = EDGE_CURVE('',#4020,#3064,#4070,.T.);
#4070 = SURFACE_CURVE('',#4071,(#4074,#4081),.PCURVE_S1.);
#4071 = B_SPLINE_CURVE_WITH_KNOTS('',1,(#4072,#4073),.UNSPECIFIED.,.F.,
  .F.,(2,2),(0.,0.9),.PIECEWISE_BEZIER_KNOTS.);
#4072 = CARTESIAN_POINT('',(-9.893411564055,-9.620952665449,
    0.609161958376));
#4073 = CARTESIAN_POINT('',(-10.54081738436,-10.24614519886,
    0.609161958376));
#4074 = PCURVE('',#2894,#4075);
#4075 = DEFINITIONAL_REPRESENTATION('',(#4076),#4080);
#4076 = LINE('',#4077,#4078);
#4077 = CARTESIAN_POINT('',(0.,0.));
#4078 = VECTOR('',#4079,1.);
#4079 = DIRECTION('',(1.,0.));
#4080 = ( GEOMETRIC_REPRESENTATION_CONTEXT(2) 
PARAMETRIC_REPRESENTATION_CONTEXT() REPRESENTATION_CONTEXT('2D SPACE',''
  ) );
#4081 = PCURVE('',#3139,#4082);
#4082 = DEFINITIONAL_REPRESENTATION('',(#4083),#4086);
#4083 = B_SPLINE_CURVE_WITH_KNOTS('',1,(#4084,#4085),.UNSPECIFIED.,.F.,
  .F.,(2,2),(0.,0.9),.PIECEWISE_BEZIER_KNOTS.);
#4084 = CARTESIAN_POINT('',(0.893182419377,-0.539835192532));
#4085 = CARTESIAN_POINT('',(0.893182419377,0.360164807468));
#4086 = ( GEOMETRIC_REPRESENTATION_CONTEXT(2) 
PARAMETRIC_REPRESENTATION_CONTEXT() REPRESENTATION_CONTEXT('2D SPACE',''
  ) );
#4087 = ORIENTED_EDGE('',*,*,#3063,.T.);
#4088 = ORIENTED_EDGE('',*,*,#2874,.T.);
#4089 = ADVANCED_FACE('',(#4090),#3021,.F.);
#4090 = FACE_BOUND('',#4091,.F.);
#4091 = EDGE_LOOP('',(#4092,#4093,#4094,#4095));
#4092 = ORIENTED_EDGE('',*,*,#3480,.F.);
#4093 = ORIENTED_EDGE('',*,*,#3007,.T.);
#4094 = ORIENTED_EDGE('',*,*,#3036,.T.);
#4095 = ORIENTED_EDGE('',*,*,#3968,.T.);
#4096 = ADVANCED_FACE('',(#4097),#3281,.F.);
#4097 = FACE_BOUND('',#4098,.F.);
#4098 = EDGE_LOOP('',(#4099,#4118,#4119));
#4099 = ORIENTED_EDGE('',*,*,#4100,.T.);
#4100 = EDGE_CURVE('',#3152,#2734,#4101,.T.);
#4101 = SURFACE_CURVE('',#4102,(#4105,#4111),.PCURVE_S1.);
#4102 = B_SPLINE_CURVE_WITH_KNOTS('',1,(#4103,#4104),.UNSPECIFIED.,.F.,
  .F.,(2,2),(0.,1.400151444174),.PIECEWISE_BEZIER_KNOTS.);
#4103 = CARTESIAN_POINT('',(1.229695339884,-14.64856721344,
    3.291331940657));
#4104 = CARTESIAN_POINT('',(1.20274924985,-13.74748683367,2.220000001416
    ));
#4105 = PCURVE('',#3281,#4106);
#4106 = DEFINITIONAL_REPRESENTATION('',(#4107),#4110);
#4107 = B_SPLINE_CURVE_WITH_KNOTS('',1,(#4108,#4109),.UNSPECIFIED.,.F.,
  .F.,(2,2),(0.,1.400151444174),.PIECEWISE_BEZIER_KNOTS.);
#4108 = CARTESIAN_POINT('',(0.360164811184,1.179395812823));
#4109 = CARTESIAN_POINT('',(-0.539835192195,0.106817582323));
#4110 = ( GEOMETRIC_REPRESENTATION_CONTEXT(2) 
PARAMETRIC_REPRESENTATION_CONTEXT() REPRESENTATION_CONTEXT('2D SPACE',''
  ) );
#4111 = PCURVE('',#3215,#4112);
#4112 = DEFINITIONAL_REPRESENTATION('',(#4113),#4117);
#4113 = LINE('',#4114,#4115);
#4114 = CARTESIAN_POINT('',(0.,1.080210122553));
#4115 = VECTOR('',#4116,1.);
#4116 = DIRECTION('',(1.,0.));
#4117 = ( GEOMETRIC_REPRESENTATION_CONTEXT(2) 
PARAMETRIC_REPRESENTATION_CONTEXT() REPRESENTATION_CONTEXT('2D SPACE',''
  ) );
#4118 = ORIENTED_EDGE('',*,*,#3948,.T.);
#4119 = ORIENTED_EDGE('',*,*,#3261,.T.);
#4120 = ADVANCED_FACE('',(#4121),#3215,.F.);
#4121 = FACE_BOUND('',#4122,.F.);
#4122 = EDGE_LOOP('',(#4123,#4124,#4143,#4144));
#4123 = ORIENTED_EDGE('',*,*,#3151,.F.);
#4124 = ORIENTED_EDGE('',*,*,#4125,.T.);
#4125 = EDGE_CURVE('',#3120,#3994,#4126,.T.);
#4126 = SURFACE_CURVE('',#4127,(#4130,#4137),.PCURVE_S1.);
#4127 = B_SPLINE_CURVE_WITH_KNOTS('',1,(#4128,#4129),.UNSPECIFIED.,.F.,
  .F.,(2,2),(0.,1.400151444174),.PIECEWISE_BEZIER_KNOTS.);
#4128 = CARTESIAN_POINT('',(-10.61020249651,-10.1742948119,
    2.679331942073));
#4129 = CARTESIAN_POINT('',(-9.926889244673,-9.586285512334,1.608));
#4130 = PCURVE('',#3215,#4131);
#4131 = DEFINITIONAL_REPRESENTATION('',(#4132),#4136);
#4132 = LINE('',#4133,#4134);
#4133 = CARTESIAN_POINT('',(0.,0.));
#4134 = VECTOR('',#4135,1.);
#4135 = DIRECTION('',(1.,0.));
#4136 = ( GEOMETRIC_REPRESENTATION_CONTEXT(2) 
PARAMETRIC_REPRESENTATION_CONTEXT() REPRESENTATION_CONTEXT('2D SPACE',''
  ) );
#4137 = PCURVE('',#3139,#4138);
#4138 = DEFINITIONAL_REPRESENTATION('',(#4139),#4142);
#4139 = B_SPLINE_CURVE_WITH_KNOTS('',1,(#4140,#4141),.UNSPECIFIED.,.F.,
  .F.,(2,2),(0.,1.400151444174),.PIECEWISE_BEZIER_KNOTS.);
#4140 = CARTESIAN_POINT('',(-1.179395813957,0.360164807468));
#4141 = CARTESIAN_POINT('',(-0.106817580623,-0.539835192532));
#4142 = ( GEOMETRIC_REPRESENTATION_CONTEXT(2) 
PARAMETRIC_REPRESENTATION_CONTEXT() REPRESENTATION_CONTEXT('2D SPACE',''
  ) );
#4143 = ORIENTED_EDGE('',*,*,#3993,.T.);
#4144 = ORIENTED_EDGE('',*,*,#4100,.F.);
#4145 = ADVANCED_FACE('',(#4146),#3139,.T.);
#4146 = FACE_BOUND('',#4147,.T.);
#4147 = EDGE_LOOP('',(#4148,#4149,#4150,#4151));
#4148 = ORIENTED_EDGE('',*,*,#4125,.T.);
#4149 = ORIENTED_EDGE('',*,*,#4019,.T.);
#4150 = ORIENTED_EDGE('',*,*,#4069,.T.);
#4151 = ORIENTED_EDGE('',*,*,#3119,.T.);
#4152 = ADVANCED_FACE('',(#4153),#3377,.F.);
#4153 = FACE_BOUND('',#4154,.F.);
#4154 = EDGE_LOOP('',(#4155,#4156,#4179,#4206));
#4155 = ORIENTED_EDGE('',*,*,#3362,.T.);
#4156 = ORIENTED_EDGE('',*,*,#4157,.T.);
#4157 = EDGE_CURVE('',#3340,#4158,#4160,.T.);
#4158 = VERTEX_POINT('',#4159);
#4159 = CARTESIAN_POINT('',(14.87,0.,5.9375));
#4160 = SEAM_CURVE('',#4161,(#4165,#4172),.PCURVE_S1.);
#4161 = LINE('',#4162,#4163);
#4162 = CARTESIAN_POINT('',(14.87,0.,3.9125));
#4163 = VECTOR('',#4164,1.);
#4164 = DIRECTION('',(0.,0.,1.));
#4165 = PCURVE('',#3377,#4166);
#4166 = DEFINITIONAL_REPRESENTATION('',(#4167),#4171);
#4167 = LINE('',#4168,#4169);
#4168 = CARTESIAN_POINT('',(0.,0.));
#4169 = VECTOR('',#4170,1.);
#4170 = DIRECTION('',(0.,1.));
#4171 = ( GEOMETRIC_REPRESENTATION_CONTEXT(2) 
PARAMETRIC_REPRESENTATION_CONTEXT() REPRESENTATION_CONTEXT('2D SPACE',''
  ) );
#4172 = PCURVE('',#3377,#4173);
#4173 = DEFINITIONAL_REPRESENTATION('',(#4174),#4178);
#4174 = LINE('',#4175,#4176);
#4175 = CARTESIAN_POINT('',(6.28318530718,0.));
#4176 = VECTOR('',#4177,1.);
#4177 = DIRECTION('',(0.,1.));
#4178 = ( GEOMETRIC_REPRESENTATION_CONTEXT(2) 
PARAMETRIC_REPRESENTATION_CONTEXT() REPRESENTATION_CONTEXT('2D SPACE',''
  ) );
#4179 = ORIENTED_EDGE('',*,*,#4180,.F.);
#4180 = EDGE_CURVE('',#4158,#4158,#4181,.T.);
#4181 = SURFACE_CURVE('',#4182,(#4187,#4194),.PCURVE_S1.);
#4182 = CIRCLE('',#4183,14.87);
#4183 = AXIS2_PLACEMENT_3D('',#4184,#4185,#4186);
#4184 = CARTESIAN_POINT('',(0.,0.,5.9375));
#4185 = DIRECTION('',(0.,0.,1.));
#4186 = DIRECTION('',(1.,0.,-0.));
#4187 = PCURVE('',#3377,#4188);
#4188 = DEFINITIONAL_REPRESENTATION('',(#4189),#4193);
#4189 = LINE('',#4190,#4191);
#4190 = CARTESIAN_POINT('',(0.,2.025));
#4191 = VECTOR('',#4192,1.);
#4192 = DIRECTION('',(1.,0.));
#4193 = ( GEOMETRIC_REPRESENTATION_CONTEXT(2) 
PARAMETRIC_REPRESENTATION_CONTEXT() REPRESENTATION_CONTEXT('2D SPACE',''
  ) );
#4194 = PCURVE('',#4195,#4200);
#4195 = PLANE('',#4196);
#4196 = AXIS2_PLACEMENT_3D('',#4197,#4198,#4199);
#4197 = CARTESIAN_POINT('',(0.,0.,5.9375));
#4198 = DIRECTION('',(0.,0.,1.));
#4199 = DIRECTION('',(1.,0.,-0.));
#4200 = DEFINITIONAL_REPRESENTATION('',(#4201),#4205);
#4201 = CIRCLE('',#4202,14.87);
#4202 = AXIS2_PLACEMENT_2D('',#4203,#4204);
#4203 = CARTESIAN_POINT('',(0.,0.));
#4204 = DIRECTION('',(1.,0.));
#4205 = ( GEOMETRIC_REPRESENTATION_CONTEXT(2) 
PARAMETRIC_REPRESENTATION_CONTEXT() REPRESENTATION_CONTEXT('2D SPACE',''
  ) );
#4206 = ORIENTED_EDGE('',*,*,#4157,.F.);
#4207 = ADVANCED_FACE('',(#4208,#4211),#4195,.F.);
#4208 = FACE_BOUND('',#4209,.F.);
#4209 = EDGE_LOOP('',(#4210));
#4210 = ORIENTED_EDGE('',*,*,#4180,.T.);
#4211 = FACE_BOUND('',#4212,.F.);
#4212 = EDGE_LOOP('',(#4213));
#4213 = ORIENTED_EDGE('',*,*,#4214,.F.);
#4214 = EDGE_CURVE('',#4215,#4215,#4217,.T.);
#4215 = VERTEX_POINT('',#4216);
#4216 = CARTESIAN_POINT('',(13.8,-3.380025165647E-15,5.9375));
#4217 = SURFACE_CURVE('',#4218,(#4223,#4230),.PCURVE_S1.);
#4218 = CIRCLE('',#4219,13.8);
#4219 = AXIS2_PLACEMENT_3D('',#4220,#4221,#4222);
#4220 = CARTESIAN_POINT('',(0.,0.,5.9375));
#4221 = DIRECTION('',(0.,0.,1.));
#4222 = DIRECTION('',(1.,0.,-0.));
#4223 = PCURVE('',#4195,#4224);
#4224 = DEFINITIONAL_REPRESENTATION('',(#4225),#4229);
#4225 = CIRCLE('',#4226,13.8);
#4226 = AXIS2_PLACEMENT_2D('',#4227,#4228);
#4227 = CARTESIAN_POINT('',(0.,0.));
#4228 = DIRECTION('',(1.,0.));
#4229 = ( GEOMETRIC_REPRESENTATION_CONTEXT(2) 
PARAMETRIC_REPRESENTATION_CONTEXT() REPRESENTATION_CONTEXT('2D SPACE',''
  ) );
#4230 = PCURVE('',#4231,#4236);
#4231 = CYLINDRICAL_SURFACE('',#4232,13.8);
#4232 = AXIS2_PLACEMENT_3D('',#4233,#4234,#4235);
#4233 = CARTESIAN_POINT('',(0.,0.,0.2));
#4234 = DIRECTION('',(0.,0.,1.));
#4235 = DIRECTION('',(1.,0.,-0.));
#4236 = DEFINITIONAL_REPRESENTATION('',(#4237),#4241);
#4237 = LINE('',#4238,#4239);
#4238 = CARTESIAN_POINT('',(0.,5.7375));
#4239 = VECTOR('',#4240,1.);
#4240 = DIRECTION('',(1.,0.));
#4241 = ( GEOMETRIC_REPRESENTATION_CONTEXT(2) 
PARAMETRIC_REPRESENTATION_CONTEXT() REPRESENTATION_CONTEXT('2D SPACE',''
  ) );
#4242 = ADVANCED_FACE('',(#4243),#4231,.F.);
#4243 = FACE_BOUND('',#4244,.F.);
#4244 = EDGE_LOOP('',(#4245,#4246,#4269,#4296));
#4245 = ORIENTED_EDGE('',*,*,#4214,.T.);
#4246 = ORIENTED_EDGE('',*,*,#4247,.T.);
#4247 = EDGE_CURVE('',#4215,#4248,#4250,.T.);
#4248 = VERTEX_POINT('',#4249);
#4249 = CARTESIAN_POINT('',(13.8,-3.380025165647E-15,6.6));
#4250 = SEAM_CURVE('',#4251,(#4255,#4262),.PCURVE_S1.);
#4251 = LINE('',#4252,#4253);
#4252 = CARTESIAN_POINT('',(13.8,-3.380025165647E-15,0.2));
#4253 = VECTOR('',#4254,1.);
#4254 = DIRECTION('',(0.,0.,1.));
#4255 = PCURVE('',#4231,#4256);
#4256 = DEFINITIONAL_REPRESENTATION('',(#4257),#4261);
#4257 = LINE('',#4258,#4259);
#4258 = CARTESIAN_POINT('',(0.,-0.));
#4259 = VECTOR('',#4260,1.);
#4260 = DIRECTION('',(0.,1.));
#4261 = ( GEOMETRIC_REPRESENTATION_CONTEXT(2) 
PARAMETRIC_REPRESENTATION_CONTEXT() REPRESENTATION_CONTEXT('2D SPACE',''
  ) );
#4262 = PCURVE('',#4231,#4263);
#4263 = DEFINITIONAL_REPRESENTATION('',(#4264),#4268);
#4264 = LINE('',#4265,#4266);
#4265 = CARTESIAN_POINT('',(6.28318530718,-0.));
#4266 = VECTOR('',#4267,1.);
#4267 = DIRECTION('',(0.,1.));
#4268 = ( GEOMETRIC_REPRESENTATION_CONTEXT(2) 
PARAMETRIC_REPRESENTATION_CONTEXT() REPRESENTATION_CONTEXT('2D SPACE',''
  ) );
#4269 = ORIENTED_EDGE('',*,*,#4270,.F.);
#4270 = EDGE_CURVE('',#4248,#4248,#4271,.T.);
#4271 = SURFACE_CURVE('',#4272,(#4277,#4284),.PCURVE_S1.);
#4272 = CIRCLE('',#4273,13.8);
#4273 = AXIS2_PLACEMENT_3D('',#4274,#4275,#4276);
#4274 = CARTESIAN_POINT('',(0.,0.,6.6));
#4275 = DIRECTION('',(0.,0.,1.));
#4276 = DIRECTION('',(1.,0.,-0.));
#4277 = PCURVE('',#4231,#4278);
#4278 = DEFINITIONAL_REPRESENTATION('',(#4279),#4283);
#4279 = LINE('',#4280,#4281);
#4280 = CARTESIAN_POINT('',(0.,6.4));
#4281 = VECTOR('',#4282,1.);
#4282 = DIRECTION('',(1.,0.));
#4283 = ( GEOMETRIC_REPRESENTATION_CONTEXT(2) 
PARAMETRIC_REPRESENTATION_CONTEXT() REPRESENTATION_CONTEXT('2D SPACE',''
  ) );
#4284 = PCURVE('',#4285,#4290);
#4285 = PLANE('',#4286);
#4286 = AXIS2_PLACEMENT_3D('',#4287,#4288,#4289);
#4287 = CARTESIAN_POINT('',(0.,0.,6.6));
#4288 = DIRECTION('',(0.,0.,1.));
#4289 = DIRECTION('',(1.,0.,-0.));
#4290 = DEFINITIONAL_REPRESENTATION('',(#4291),#4295);
#4291 = CIRCLE('',#4292,13.8);
#4292 = AXIS2_PLACEMENT_2D('',#4293,#4294);
#4293 = CARTESIAN_POINT('',(0.,0.));
#4294 = DIRECTION('',(1.,0.));
#4295 = ( GEOMETRIC_REPRESENTATION_CONTEXT(2) 
PARAMETRIC_REPRESENTATION_CONTEXT() REPRESENTATION_CONTEXT('2D SPACE',''
  ) );
#4296 = ORIENTED_EDGE('',*,*,#4247,.F.);
#4297 = ADVANCED_FACE('',(#4298),#4285,.F.);
#4298 = FACE_BOUND('',#4299,.F.);
#4299 = EDGE_LOOP('',(#4300));
#4300 = ORIENTED_EDGE('',*,*,#4270,.T.);
#4301 = ( GEOMETRIC_REPRESENTATION_CONTEXT(3) 
GLOBAL_UNCERTAINTY_ASSIGNED_CONTEXT((#4305)) 
GLOBAL_UNIT_ASSIGNED_CONTEXT((#4302,#4303,#4304)) REPRESENTATION_CONTEXT
('Context #1','3D Context with UNIT and UNCERTAINTY') );
#4302 = ( LENGTH_UNIT() NAMED_UNIT(*) SI_UNIT(.MILLI.,.METRE.) );
#4303 = ( NAMED_UNIT(*) PLANE_ANGLE_UNIT() SI_UNIT($,.RADIAN.) );
#4304 = ( NAMED_UNIT(*) SI_UNIT($,.STERADIAN.) SOLID_ANGLE_UNIT() );
#4305 = UNCERTAINTY_MEASURE_WITH_UNIT(LENGTH_MEASURE(2.E-06),#4302,
  'distance_accuracy_value','confusion accuracy');
#4306 = PRODUCT_RELATED_PRODUCT_CATEGORY('part',$,(#7));
ENDSEC;
END-ISO-10303-21;
