ISO-10303-21;
HEADER;
FILE_DESCRIPTION(('Open CASCADE Model'),'2;1');
FILE_NAME('Open CASCADE Shape Model','2026-09-25T09:19:42',('Author'),(
    'Open CASCADE'),'Open CASCADE STEP processor 8.0','build123d',
  'Unknown');
FILE_SCHEMA(('AUTOMOTIVE_DESIGN { 1 0 10303 214 1 1 1 1 }'));
ENDSEC;
DATA;
#1 = APPLICATION_PROTOCOL_DEFINITION('international standard',
  'automotive_design',2000,#2);
#2 = APPLICATION_CONTEXT(
  'core data for automotive mechanical design processes');
#3 = SHAPE_DEFINITION_REPRESENTATION(#4,#10);
#4 = PRODUCT_DEFINITION_SHAPE('','',#5);
#5 = PRODUCT_DEFINITION('design','',#6,#9);
#6 = PRODUCT_DEFINITION_FORMATION('','',#7);
#7 = PRODUCT('COMPOUND','COMPOUND','',(#8));
#8 = PRODUCT_CONTEXT('',#2,'mechanical');
#9 = PRODUCT_DEFINITION_CONTEXT('part definition',#2,'design');
#10 = ADVANCED_BREP_SHAPE_REPRESENTATION('',(#11,#15),#5530);
#11 = AXIS2_PLACEMENT_3D('',#12,#13,#14);
#12 = CARTESIAN_POINT('',(0.,0.,0.));
#13 = DIRECTION('',(0.,0.,1.));
#14 = DIRECTION('',(1.,0.,-0.));
#15 = MANIFOLD_SOLID_BREP('',#16);
#16 = CLOSED_SHELL('',(#17,#414,#488,#822,#871,#920,#969,#1017,#1064,
    #1113,#1140,#1189,#1264,#1743,#1812,#1840,#2578,#2690,#2739,#2792,
    #2820,#2831,#2886,#2962,#3271,#3380,#3462,#3661,#3733,#3780,#3807,
    #3834,#3841,#3888,#3915,#3942,#3949,#3953,#4234,#4262,#4294,#4349,
    #4554,#4582,#4589,#4617,#4666,#4715,#4763,#4811,#4858,#4908,#4935,
    #4983,#5033,#5108,#5156,#5226,#5273,#5321,#5368,#5396,#5403,#5414,
    #5459,#5487,#5512,#5519));
#17 = ADVANCED_FACE('',(#18),#33,.F.);
#18 = FACE_BOUND('',#19,.F.);
#19 = EDGE_LOOP('',(#20,#56,#84,#112,#140,#168,#197,#225,#254,#282,#305,
    #333,#361,#389));
#20 = ORIENTED_EDGE('',*,*,#21,.F.);
#21 = EDGE_CURVE('',#22,#24,#26,.T.);
#22 = VERTEX_POINT('',#23);
#23 = CARTESIAN_POINT('',(-7.991594947711E-15,-15.62,-0.45));
#24 = VERTEX_POINT('',#25);
#25 = CARTESIAN_POINT('',(14.110081502245,-6.7,-0.45));
#26 = SURFACE_CURVE('',#27,(#32,#44),.PCURVE_S1.);
#27 = CIRCLE('',#28,15.62);
#28 = AXIS2_PLACEMENT_3D('',#29,#30,#31);
#29 = CARTESIAN_POINT('',(0.,0.,-0.45));
#30 = DIRECTION('',(0.,-0.,1.));
#31 = DIRECTION('',(0.903334283114,0.428937259923,0.));
#32 = PCURVE('',#33,#38);
#33 = PLANE('',#34);
#34 = AXIS2_PLACEMENT_3D('',#35,#36,#37);
#35 = CARTESIAN_POINT('',(0.,0.,-0.45));
#36 = DIRECTION('',(0.,0.,1.));
#37 = DIRECTION('',(-1.,1.224646799147E-16,0.));
#38 = DEFINITIONAL_REPRESENTATION('',(#39),#43);
#39 = CIRCLE('',#40,15.62);
#40 = AXIS2_PLACEMENT_2D('',#41,#42);
#41 = CARTESIAN_POINT('',(0.,0.));
#42 = DIRECTION('',(-0.903334283114,-0.428937259923));
#43 = ( GEOMETRIC_REPRESENTATION_CONTEXT(2) 
PARAMETRIC_REPRESENTATION_CONTEXT() REPRESENTATION_CONTEXT('2D SPACE',''
  ) );
#44 = PCURVE('',#45,#50);
#45 = CYLINDRICAL_SURFACE('',#46,15.62);
#46 = AXIS2_PLACEMENT_3D('',#47,#48,#49);
#47 = CARTESIAN_POINT('',(0.,0.,-0.45));
#48 = DIRECTION('',(0.,0.,1.));
#49 = DIRECTION('',(-1.,1.224646799147E-16,0.));
#50 = DEFINITIONAL_REPRESENTATION('',(#51),#55);
#51 = LINE('',#52,#53);
#52 = CARTESIAN_POINT('',(3.584908637674,0.));
#53 = VECTOR('',#54,1.);
#54 = DIRECTION('',(1.,0.));
#55 = ( GEOMETRIC_REPRESENTATION_CONTEXT(2) 
PARAMETRIC_REPRESENTATION_CONTEXT() REPRESENTATION_CONTEXT('2D SPACE',''
  ) );
#56 = ORIENTED_EDGE('',*,*,#57,.T.);
#57 = EDGE_CURVE('',#22,#58,#60,.T.);
#58 = VERTEX_POINT('',#59);
#59 = CARTESIAN_POINT('',(-2.106392494533E-15,-17.2,-0.45));
#60 = SURFACE_CURVE('',#61,(#65,#72),.PCURVE_S1.);
#61 = LINE('',#62,#63);
#62 = CARTESIAN_POINT('',(2.449293598295E-15,20.,-0.45));
#63 = VECTOR('',#64,1.);
#64 = DIRECTION('',(-1.224646799147E-16,-1.,0.));
#65 = PCURVE('',#33,#66);
#66 = DEFINITIONAL_REPRESENTATION('',(#67),#71);
#67 = LINE('',#68,#69);
#68 = CARTESIAN_POINT('',(0.,-20.));
#69 = VECTOR('',#70,1.);
#70 = DIRECTION('',(0.,1.));
#71 = ( GEOMETRIC_REPRESENTATION_CONTEXT(2) 
PARAMETRIC_REPRESENTATION_CONTEXT() REPRESENTATION_CONTEXT('2D SPACE',''
  ) );
#72 = PCURVE('',#73,#78);
#73 = PLANE('',#74);
#74 = AXIS2_PLACEMENT_3D('',#75,#76,#77);
#75 = CARTESIAN_POINT('',(0.,40.,-5.));
#76 = DIRECTION('',(-1.,1.224646799147E-16,0.));
#77 = DIRECTION('',(0.,0.,1.));
#78 = DEFINITIONAL_REPRESENTATION('',(#79),#83);
#79 = LINE('',#80,#81);
#80 = CARTESIAN_POINT('',(4.55,-20.));
#81 = VECTOR('',#82,1.);
#82 = DIRECTION('',(0.,-1.));
#83 = ( GEOMETRIC_REPRESENTATION_CONTEXT(2) 
PARAMETRIC_REPRESENTATION_CONTEXT() REPRESENTATION_CONTEXT('2D SPACE',''
  ) );
#84 = ORIENTED_EDGE('',*,*,#85,.T.);
#85 = EDGE_CURVE('',#58,#86,#88,.T.);
#86 = VERTEX_POINT('',#87);
#87 = CARTESIAN_POINT('',(-3.5,-17.2,-0.45));
#88 = SURFACE_CURVE('',#89,(#93,#100),.PCURVE_S1.);
#89 = LINE('',#90,#91);
#90 = CARTESIAN_POINT('',(1.,-17.2,-0.45));
#91 = VECTOR('',#92,1.);
#92 = DIRECTION('',(-1.,1.224646799147E-16,0.));
#93 = PCURVE('',#33,#94);
#94 = DEFINITIONAL_REPRESENTATION('',(#95),#99);
#95 = LINE('',#96,#97);
#96 = CARTESIAN_POINT('',(-1.,17.2));
#97 = VECTOR('',#98,1.);
#98 = DIRECTION('',(1.,0.));
#99 = ( GEOMETRIC_REPRESENTATION_CONTEXT(2) 
PARAMETRIC_REPRESENTATION_CONTEXT() REPRESENTATION_CONTEXT('2D SPACE',''
  ) );
#100 = PCURVE('',#101,#106);
#101 = PLANE('',#102);
#102 = AXIS2_PLACEMENT_3D('',#103,#104,#105);
#103 = CARTESIAN_POINT('',(1.,-17.2,-0.45));
#104 = DIRECTION('',(-1.224646799147E-16,-1.,0.));
#105 = DIRECTION('',(0.,0.,1.));
#106 = DEFINITIONAL_REPRESENTATION('',(#107),#111);
#107 = LINE('',#108,#109);
#108 = CARTESIAN_POINT('',(0.,0.));
#109 = VECTOR('',#110,1.);
#110 = DIRECTION('',(0.,1.));
#111 = ( GEOMETRIC_REPRESENTATION_CONTEXT(2) 
PARAMETRIC_REPRESENTATION_CONTEXT() REPRESENTATION_CONTEXT('2D SPACE',''
  ) );
#112 = ORIENTED_EDGE('',*,*,#113,.T.);
#113 = EDGE_CURVE('',#86,#114,#116,.T.);
#114 = VERTEX_POINT('',#115);
#115 = CARTESIAN_POINT('',(-3.5,-19.,-0.45));
#116 = SURFACE_CURVE('',#117,(#121,#128),.PCURVE_S1.);
#117 = LINE('',#118,#119);
#118 = CARTESIAN_POINT('',(-3.5,-17.2,-0.45));
#119 = VECTOR('',#120,1.);
#120 = DIRECTION('',(-1.224646799147E-16,-1.,0.));
#121 = PCURVE('',#33,#122);
#122 = DEFINITIONAL_REPRESENTATION('',(#123),#127);
#123 = LINE('',#124,#125);
#124 = CARTESIAN_POINT('',(3.5,17.2));
#125 = VECTOR('',#126,1.);
#126 = DIRECTION('',(0.,1.));
#127 = ( GEOMETRIC_REPRESENTATION_CONTEXT(2) 
PARAMETRIC_REPRESENTATION_CONTEXT() REPRESENTATION_CONTEXT('2D SPACE',''
  ) );
#128 = PCURVE('',#129,#134);
#129 = PLANE('',#130);
#130 = AXIS2_PLACEMENT_3D('',#131,#132,#133);
#131 = CARTESIAN_POINT('',(-3.5,-17.2,-0.45));
#132 = DIRECTION('',(-1.,1.224646799147E-16,0.));
#133 = DIRECTION('',(0.,0.,1.));
#134 = DEFINITIONAL_REPRESENTATION('',(#135),#139);
#135 = LINE('',#136,#137);
#136 = CARTESIAN_POINT('',(0.,0.));
#137 = VECTOR('',#138,1.);
#138 = DIRECTION('',(0.,-1.));
#139 = ( GEOMETRIC_REPRESENTATION_CONTEXT(2) 
PARAMETRIC_REPRESENTATION_CONTEXT() REPRESENTATION_CONTEXT('2D SPACE',''
  ) );
#140 = ORIENTED_EDGE('',*,*,#141,.F.);
#141 = EDGE_CURVE('',#142,#114,#144,.T.);
#142 = VERTEX_POINT('',#143);
#143 = CARTESIAN_POINT('',(-3.,-19.,-0.45));
#144 = SURFACE_CURVE('',#145,(#149,#156),.PCURVE_S1.);
#145 = LINE('',#146,#147);
#146 = CARTESIAN_POINT('',(1.,-19.,-0.45));
#147 = VECTOR('',#148,1.);
#148 = DIRECTION('',(-1.,1.224646799147E-16,0.));
#149 = PCURVE('',#33,#150);
#150 = DEFINITIONAL_REPRESENTATION('',(#151),#155);
#151 = LINE('',#152,#153);
#152 = CARTESIAN_POINT('',(-1.,19.));
#153 = VECTOR('',#154,1.);
#154 = DIRECTION('',(1.,0.));
#155 = ( GEOMETRIC_REPRESENTATION_CONTEXT(2) 
PARAMETRIC_REPRESENTATION_CONTEXT() REPRESENTATION_CONTEXT('2D SPACE',''
  ) );
#156 = PCURVE('',#157,#162);
#157 = PLANE('',#158);
#158 = AXIS2_PLACEMENT_3D('',#159,#160,#161);
#159 = CARTESIAN_POINT('',(1.,-19.,-0.45));
#160 = DIRECTION('',(-1.224646799147E-16,-1.,0.));
#161 = DIRECTION('',(0.,0.,1.));
#162 = DEFINITIONAL_REPRESENTATION('',(#163),#167);
#163 = LINE('',#164,#165);
#164 = CARTESIAN_POINT('',(0.,0.));
#165 = VECTOR('',#166,1.);
#166 = DIRECTION('',(0.,1.));
#167 = ( GEOMETRIC_REPRESENTATION_CONTEXT(2) 
PARAMETRIC_REPRESENTATION_CONTEXT() REPRESENTATION_CONTEXT('2D SPACE',''
  ) );
#168 = ORIENTED_EDGE('',*,*,#169,.T.);
#169 = EDGE_CURVE('',#142,#170,#172,.T.);
#170 = VERTEX_POINT('',#171);
#171 = CARTESIAN_POINT('',(-2.958257569496,-19.2,-0.45));
#172 = SURFACE_CURVE('',#173,(#178,#185),.PCURVE_S1.);
#173 = CIRCLE('',#174,0.5);
#174 = AXIS2_PLACEMENT_3D('',#175,#176,#177);
#175 = CARTESIAN_POINT('',(-2.5,-19.,-0.45));
#176 = DIRECTION('',(0.,0.,1.));
#177 = DIRECTION('',(-1.,1.224646799147E-16,0.));
#178 = PCURVE('',#33,#179);
#179 = DEFINITIONAL_REPRESENTATION('',(#180),#184);
#180 = CIRCLE('',#181,0.5);
#181 = AXIS2_PLACEMENT_2D('',#182,#183);
#182 = CARTESIAN_POINT('',(2.5,19.));
#183 = DIRECTION('',(1.,0.));
#184 = ( GEOMETRIC_REPRESENTATION_CONTEXT(2) 
PARAMETRIC_REPRESENTATION_CONTEXT() REPRESENTATION_CONTEXT('2D SPACE',''
  ) );
#185 = PCURVE('',#186,#191);
#186 = CYLINDRICAL_SURFACE('',#187,0.5);
#187 = AXIS2_PLACEMENT_3D('',#188,#189,#190);
#188 = CARTESIAN_POINT('',(-2.5,-19.,-0.45));
#189 = DIRECTION('',(0.,0.,1.));
#190 = DIRECTION('',(-1.,1.224646799147E-16,0.));
#191 = DEFINITIONAL_REPRESENTATION('',(#192),#196);
#192 = LINE('',#193,#194);
#193 = CARTESIAN_POINT('',(0.,0.));
#194 = VECTOR('',#195,1.);
#195 = DIRECTION('',(1.,0.));
#196 = ( GEOMETRIC_REPRESENTATION_CONTEXT(2) 
PARAMETRIC_REPRESENTATION_CONTEXT() REPRESENTATION_CONTEXT('2D SPACE',''
  ) );
#197 = ORIENTED_EDGE('',*,*,#198,.F.);
#198 = EDGE_CURVE('',#199,#170,#201,.T.);
#199 = VERTEX_POINT('',#200);
#200 = CARTESIAN_POINT('',(-2.041742430504,-19.2,-0.45));
#201 = SURFACE_CURVE('',#202,(#206,#213),.PCURVE_S1.);
#202 = LINE('',#203,#204);
#203 = CARTESIAN_POINT('',(-1.5,-19.2,-0.45));
#204 = VECTOR('',#205,1.);
#205 = DIRECTION('',(-1.,1.224646799147E-16,0.));
#206 = PCURVE('',#33,#207);
#207 = DEFINITIONAL_REPRESENTATION('',(#208),#212);
#208 = LINE('',#209,#210);
#209 = CARTESIAN_POINT('',(1.5,19.2));
#210 = VECTOR('',#211,1.);
#211 = DIRECTION('',(1.,0.));
#212 = ( GEOMETRIC_REPRESENTATION_CONTEXT(2) 
PARAMETRIC_REPRESENTATION_CONTEXT() REPRESENTATION_CONTEXT('2D SPACE',''
  ) );
#213 = PCURVE('',#214,#219);
#214 = PLANE('',#215);
#215 = AXIS2_PLACEMENT_3D('',#216,#217,#218);
#216 = CARTESIAN_POINT('',(-1.5,-19.2,-0.45));
#217 = DIRECTION('',(-1.224646799147E-16,-1.,0.));
#218 = DIRECTION('',(0.,0.,1.));
#219 = DEFINITIONAL_REPRESENTATION('',(#220),#224);
#220 = LINE('',#221,#222);
#221 = CARTESIAN_POINT('',(0.,0.));
#222 = VECTOR('',#223,1.);
#223 = DIRECTION('',(0.,1.));
#224 = ( GEOMETRIC_REPRESENTATION_CONTEXT(2) 
PARAMETRIC_REPRESENTATION_CONTEXT() REPRESENTATION_CONTEXT('2D SPACE',''
  ) );
#225 = ORIENTED_EDGE('',*,*,#226,.T.);
#226 = EDGE_CURVE('',#199,#227,#229,.T.);
#227 = VERTEX_POINT('',#228);
#228 = CARTESIAN_POINT('',(-2.,-19.,-0.45));
#229 = SURFACE_CURVE('',#230,(#235,#242),.PCURVE_S1.);
#230 = CIRCLE('',#231,0.5);
#231 = AXIS2_PLACEMENT_3D('',#232,#233,#234);
#232 = CARTESIAN_POINT('',(-2.5,-19.,-0.45));
#233 = DIRECTION('',(0.,0.,1.));
#234 = DIRECTION('',(-1.,1.224646799147E-16,0.));
#235 = PCURVE('',#33,#236);
#236 = DEFINITIONAL_REPRESENTATION('',(#237),#241);
#237 = CIRCLE('',#238,0.5);
#238 = AXIS2_PLACEMENT_2D('',#239,#240);
#239 = CARTESIAN_POINT('',(2.5,19.));
#240 = DIRECTION('',(1.,0.));
#241 = ( GEOMETRIC_REPRESENTATION_CONTEXT(2) 
PARAMETRIC_REPRESENTATION_CONTEXT() REPRESENTATION_CONTEXT('2D SPACE',''
  ) );
#242 = PCURVE('',#243,#248);
#243 = CYLINDRICAL_SURFACE('',#244,0.5);
#244 = AXIS2_PLACEMENT_3D('',#245,#246,#247);
#245 = CARTESIAN_POINT('',(-2.5,-19.,-0.45));
#246 = DIRECTION('',(0.,0.,1.));
#247 = DIRECTION('',(-1.,1.224646799147E-16,0.));
#248 = DEFINITIONAL_REPRESENTATION('',(#249),#253);
#249 = LINE('',#250,#251);
#250 = CARTESIAN_POINT('',(0.,0.));
#251 = VECTOR('',#252,1.);
#252 = DIRECTION('',(1.,0.));
#253 = ( GEOMETRIC_REPRESENTATION_CONTEXT(2) 
PARAMETRIC_REPRESENTATION_CONTEXT() REPRESENTATION_CONTEXT('2D SPACE',''
  ) );
#254 = ORIENTED_EDGE('',*,*,#255,.F.);
#255 = EDGE_CURVE('',#256,#227,#258,.T.);
#256 = VERTEX_POINT('',#257);
#257 = CARTESIAN_POINT('',(-2.32682891838E-15,-19.,-0.45));
#258 = SURFACE_CURVE('',#259,(#263,#270),.PCURVE_S1.);
#259 = LINE('',#260,#261);
#260 = CARTESIAN_POINT('',(1.,-19.,-0.45));
#261 = VECTOR('',#262,1.);
#262 = DIRECTION('',(-1.,1.224646799147E-16,0.));
#263 = PCURVE('',#33,#264);
#264 = DEFINITIONAL_REPRESENTATION('',(#265),#269);
#265 = LINE('',#266,#267);
#266 = CARTESIAN_POINT('',(-1.,19.));
#267 = VECTOR('',#268,1.);
#268 = DIRECTION('',(1.,0.));
#269 = ( GEOMETRIC_REPRESENTATION_CONTEXT(2) 
PARAMETRIC_REPRESENTATION_CONTEXT() REPRESENTATION_CONTEXT('2D SPACE',''
  ) );
#270 = PCURVE('',#271,#276);
#271 = PLANE('',#272);
#272 = AXIS2_PLACEMENT_3D('',#273,#274,#275);
#273 = CARTESIAN_POINT('',(1.,-19.,-0.45));
#274 = DIRECTION('',(-1.224646799147E-16,-1.,0.));
#275 = DIRECTION('',(0.,0.,1.));
#276 = DEFINITIONAL_REPRESENTATION('',(#277),#281);
#277 = LINE('',#278,#279);
#278 = CARTESIAN_POINT('',(0.,0.));
#279 = VECTOR('',#280,1.);
#280 = DIRECTION('',(0.,1.));
#281 = ( GEOMETRIC_REPRESENTATION_CONTEXT(2) 
PARAMETRIC_REPRESENTATION_CONTEXT() REPRESENTATION_CONTEXT('2D SPACE',''
  ) );
#282 = ORIENTED_EDGE('',*,*,#283,.T.);
#283 = EDGE_CURVE('',#256,#284,#286,.T.);
#284 = VERTEX_POINT('',#285);
#285 = CARTESIAN_POINT('',(-2.473786534278E-15,-20.2,-0.45));
#286 = SURFACE_CURVE('',#287,(#291,#298),.PCURVE_S1.);
#287 = LINE('',#288,#289);
#288 = CARTESIAN_POINT('',(2.449293598295E-15,20.,-0.45));
#289 = VECTOR('',#290,1.);
#290 = DIRECTION('',(-1.224646799147E-16,-1.,0.));
#291 = PCURVE('',#33,#292);
#292 = DEFINITIONAL_REPRESENTATION('',(#293),#297);
#293 = LINE('',#294,#295);
#294 = CARTESIAN_POINT('',(0.,-20.));
#295 = VECTOR('',#296,1.);
#296 = DIRECTION('',(0.,1.));
#297 = ( GEOMETRIC_REPRESENTATION_CONTEXT(2) 
PARAMETRIC_REPRESENTATION_CONTEXT() REPRESENTATION_CONTEXT('2D SPACE',''
  ) );
#298 = PCURVE('',#73,#299);
#299 = DEFINITIONAL_REPRESENTATION('',(#300),#304);
#300 = LINE('',#301,#302);
#301 = CARTESIAN_POINT('',(4.55,-20.));
#302 = VECTOR('',#303,1.);
#303 = DIRECTION('',(0.,-1.));
#304 = ( GEOMETRIC_REPRESENTATION_CONTEXT(2) 
PARAMETRIC_REPRESENTATION_CONTEXT() REPRESENTATION_CONTEXT('2D SPACE',''
  ) );
#305 = ORIENTED_EDGE('',*,*,#306,.F.);
#306 = EDGE_CURVE('',#307,#284,#309,.T.);
#307 = VERTEX_POINT('',#308);
#308 = CARTESIAN_POINT('',(4.,-20.2,-0.45));
#309 = SURFACE_CURVE('',#310,(#314,#321),.PCURVE_S1.);
#310 = LINE('',#311,#312);
#311 = CARTESIAN_POINT('',(4.,-20.2,-0.45));
#312 = VECTOR('',#313,1.);
#313 = DIRECTION('',(-1.,1.224646799147E-16,0.));
#314 = PCURVE('',#33,#315);
#315 = DEFINITIONAL_REPRESENTATION('',(#316),#320);
#316 = LINE('',#317,#318);
#317 = CARTESIAN_POINT('',(-4.,20.2));
#318 = VECTOR('',#319,1.);
#319 = DIRECTION('',(1.,0.));
#320 = ( GEOMETRIC_REPRESENTATION_CONTEXT(2) 
PARAMETRIC_REPRESENTATION_CONTEXT() REPRESENTATION_CONTEXT('2D SPACE',''
  ) );
#321 = PCURVE('',#322,#327);
#322 = PLANE('',#323);
#323 = AXIS2_PLACEMENT_3D('',#324,#325,#326);
#324 = CARTESIAN_POINT('',(4.,-20.2,-0.45));
#325 = DIRECTION('',(-1.224646799147E-16,-1.,0.));
#326 = DIRECTION('',(0.,0.,1.));
#327 = DEFINITIONAL_REPRESENTATION('',(#328),#332);
#328 = LINE('',#329,#330);
#329 = CARTESIAN_POINT('',(0.,0.));
#330 = VECTOR('',#331,1.);
#331 = DIRECTION('',(0.,1.));
#332 = ( GEOMETRIC_REPRESENTATION_CONTEXT(2) 
PARAMETRIC_REPRESENTATION_CONTEXT() REPRESENTATION_CONTEXT('2D SPACE',''
  ) );
#333 = ORIENTED_EDGE('',*,*,#334,.F.);
#334 = EDGE_CURVE('',#335,#307,#337,.T.);
#335 = VERTEX_POINT('',#336);
#336 = CARTESIAN_POINT('',(4.,-17.31395102222,-0.45));
#337 = SURFACE_CURVE('',#338,(#342,#349),.PCURVE_S1.);
#338 = LINE('',#339,#340);
#339 = CARTESIAN_POINT('',(4.,-16.72,-0.45));
#340 = VECTOR('',#341,1.);
#341 = DIRECTION('',(-1.224646799147E-16,-1.,0.));
#342 = PCURVE('',#33,#343);
#343 = DEFINITIONAL_REPRESENTATION('',(#344),#348);
#344 = LINE('',#345,#346);
#345 = CARTESIAN_POINT('',(-4.,16.72));
#346 = VECTOR('',#347,1.);
#347 = DIRECTION('',(0.,1.));
#348 = ( GEOMETRIC_REPRESENTATION_CONTEXT(2) 
PARAMETRIC_REPRESENTATION_CONTEXT() REPRESENTATION_CONTEXT('2D SPACE',''
  ) );
#349 = PCURVE('',#350,#355);
#350 = PLANE('',#351);
#351 = AXIS2_PLACEMENT_3D('',#352,#353,#354);
#352 = CARTESIAN_POINT('',(4.,-16.72,-0.45));
#353 = DIRECTION('',(-1.,1.224646799147E-16,0.));
#354 = DIRECTION('',(0.,0.,1.));
#355 = DEFINITIONAL_REPRESENTATION('',(#356),#360);
#356 = LINE('',#357,#358);
#357 = CARTESIAN_POINT('',(0.,0.));
#358 = VECTOR('',#359,1.);
#359 = DIRECTION('',(0.,-1.));
#360 = ( GEOMETRIC_REPRESENTATION_CONTEXT(2) 
PARAMETRIC_REPRESENTATION_CONTEXT() REPRESENTATION_CONTEXT('2D SPACE',''
  ) );
#361 = ORIENTED_EDGE('',*,*,#362,.T.);
#362 = EDGE_CURVE('',#335,#363,#365,.T.);
#363 = VERTEX_POINT('',#364);
#364 = CARTESIAN_POINT('',(16.458520589652,-6.7,-0.45));
#365 = SURFACE_CURVE('',#366,(#371,#378),.PCURVE_S1.);
#366 = CIRCLE('',#367,17.77);
#367 = AXIS2_PLACEMENT_3D('',#368,#369,#370);
#368 = CARTESIAN_POINT('',(0.,0.,-0.45));
#369 = DIRECTION('',(0.,0.,1.));
#370 = DIRECTION('',(-1.,1.224646799147E-16,0.));
#371 = PCURVE('',#33,#372);
#372 = DEFINITIONAL_REPRESENTATION('',(#373),#377);
#373 = CIRCLE('',#374,17.77);
#374 = AXIS2_PLACEMENT_2D('',#375,#376);
#375 = CARTESIAN_POINT('',(0.,0.));
#376 = DIRECTION('',(1.,0.));
#377 = ( GEOMETRIC_REPRESENTATION_CONTEXT(2) 
PARAMETRIC_REPRESENTATION_CONTEXT() REPRESENTATION_CONTEXT('2D SPACE',''
  ) );
#378 = PCURVE('',#379,#384);
#379 = CYLINDRICAL_SURFACE('',#380,17.77);
#380 = AXIS2_PLACEMENT_3D('',#381,#382,#383);
#381 = CARTESIAN_POINT('',(0.,0.,-0.45));
#382 = DIRECTION('',(0.,0.,1.));
#383 = DIRECTION('',(-1.,1.224646799147E-16,0.));
#384 = DEFINITIONAL_REPRESENTATION('',(#385),#388);
#385 = B_SPLINE_CURVE_WITH_KNOTS('',1,(#386,#387),.UNSPECIFIED.,.F.,.F.,
  (2,2),(1.797840436355,2.754994357236),.PIECEWISE_BEZIER_KNOTS.);
#386 = CARTESIAN_POINT('',(1.797840436355,0.));
#387 = CARTESIAN_POINT('',(2.754994357236,0.));
#388 = ( GEOMETRIC_REPRESENTATION_CONTEXT(2) 
PARAMETRIC_REPRESENTATION_CONTEXT() REPRESENTATION_CONTEXT('2D SPACE',''
  ) );
#389 = ORIENTED_EDGE('',*,*,#390,.F.);
#390 = EDGE_CURVE('',#24,#363,#391,.T.);
#391 = SURFACE_CURVE('',#392,(#396,#403),.PCURVE_S1.);
#392 = LINE('',#393,#394);
#393 = CARTESIAN_POINT('',(15.,-6.7,-0.45));
#394 = VECTOR('',#395,1.);
#395 = DIRECTION('',(1.,-1.224646799147E-16,0.));
#396 = PCURVE('',#33,#397);
#397 = DEFINITIONAL_REPRESENTATION('',(#398),#402);
#398 = LINE('',#399,#400);
#399 = CARTESIAN_POINT('',(-15.,6.7));
#400 = VECTOR('',#401,1.);
#401 = DIRECTION('',(-1.,0.));
#402 = ( GEOMETRIC_REPRESENTATION_CONTEXT(2) 
PARAMETRIC_REPRESENTATION_CONTEXT() REPRESENTATION_CONTEXT('2D SPACE',''
  ) );
#403 = PCURVE('',#404,#409);
#404 = PLANE('',#405);
#405 = AXIS2_PLACEMENT_3D('',#406,#407,#408);
#406 = CARTESIAN_POINT('',(30.,-6.7,-1.45));
#407 = DIRECTION('',(-1.224646799147E-16,-1.,0.));
#408 = DIRECTION('',(0.,0.,1.));
#409 = DEFINITIONAL_REPRESENTATION('',(#410),#413);
#410 = B_SPLINE_CURVE_WITH_KNOTS('',1,(#411,#412),.UNSPECIFIED.,.F.,.F.,
  (2,2),(-5.,2.77),.PIECEWISE_BEZIER_KNOTS.);
#411 = CARTESIAN_POINT('',(1.,20.));
#412 = CARTESIAN_POINT('',(1.,12.23));
#413 = ( GEOMETRIC_REPRESENTATION_CONTEXT(2) 
PARAMETRIC_REPRESENTATION_CONTEXT() REPRESENTATION_CONTEXT('2D SPACE',''
  ) );
#414 = ADVANCED_FACE('',(#415),#45,.F.);
#415 = FACE_BOUND('',#416,.F.);
#416 = EDGE_LOOP('',(#417,#439,#440,#461));
#417 = ORIENTED_EDGE('',*,*,#418,.F.);
#418 = EDGE_CURVE('',#22,#419,#421,.T.);
#419 = VERTEX_POINT('',#420);
#420 = CARTESIAN_POINT('',(-7.991594947711E-15,-15.62,-0.1));
#421 = SURFACE_CURVE('',#422,(#426,#432),.PCURVE_S1.);
#422 = LINE('',#423,#424);
#423 = CARTESIAN_POINT('',(-1.912898300268E-15,-15.62,-0.45));
#424 = VECTOR('',#425,1.);
#425 = DIRECTION('',(0.,0.,1.));
#426 = PCURVE('',#45,#427);
#427 = DEFINITIONAL_REPRESENTATION('',(#428),#431);
#428 = B_SPLINE_CURVE_WITH_KNOTS('',1,(#429,#430),.UNSPECIFIED.,.F.,.F.,
  (2,2),(-6.000000000173E-07,0.3500006),.PIECEWISE_BEZIER_KNOTS.);
#429 = CARTESIAN_POINT('',(7.853981633974,-6.000000000173E-07));
#430 = CARTESIAN_POINT('',(7.853981633974,0.3500006));
#431 = ( GEOMETRIC_REPRESENTATION_CONTEXT(2) 
PARAMETRIC_REPRESENTATION_CONTEXT() REPRESENTATION_CONTEXT('2D SPACE',''
  ) );
#432 = PCURVE('',#73,#433);
#433 = DEFINITIONAL_REPRESENTATION('',(#434),#438);
#434 = LINE('',#435,#436);
#435 = CARTESIAN_POINT('',(4.55,-55.62));
#436 = VECTOR('',#437,1.);
#437 = DIRECTION('',(1.,0.));
#438 = ( GEOMETRIC_REPRESENTATION_CONTEXT(2) 
PARAMETRIC_REPRESENTATION_CONTEXT() REPRESENTATION_CONTEXT('2D SPACE',''
  ) );
#439 = ORIENTED_EDGE('',*,*,#21,.T.);
#440 = ORIENTED_EDGE('',*,*,#441,.T.);
#441 = EDGE_CURVE('',#24,#442,#444,.T.);
#442 = VERTEX_POINT('',#443);
#443 = CARTESIAN_POINT('',(14.110081502245,-6.7,-0.1));
#444 = SURFACE_CURVE('',#445,(#449,#455),.PCURVE_S1.);
#445 = LINE('',#446,#447);
#446 = CARTESIAN_POINT('',(14.110081502245,-6.7,-0.45));
#447 = VECTOR('',#448,1.);
#448 = DIRECTION('',(0.,0.,1.));
#449 = PCURVE('',#45,#450);
#450 = DEFINITIONAL_REPRESENTATION('',(#451),#454);
#451 = B_SPLINE_CURVE_WITH_KNOTS('',1,(#452,#453),.UNSPECIFIED.,.F.,.F.,
  (2,2),(0.,0.35),.PIECEWISE_BEZIER_KNOTS.);
#452 = CARTESIAN_POINT('',(8.981461976685,0.));
#453 = CARTESIAN_POINT('',(8.981461976685,0.35));
#454 = ( GEOMETRIC_REPRESENTATION_CONTEXT(2) 
PARAMETRIC_REPRESENTATION_CONTEXT() REPRESENTATION_CONTEXT('2D SPACE',''
  ) );
#455 = PCURVE('',#404,#456);
#456 = DEFINITIONAL_REPRESENTATION('',(#457),#460);
#457 = B_SPLINE_CURVE_WITH_KNOTS('',1,(#458,#459),.UNSPECIFIED.,.F.,.F.,
  (2,2),(-6.000000000173E-07,0.3500006),.PIECEWISE_BEZIER_KNOTS.);
#458 = CARTESIAN_POINT('',(0.9999994,15.889918497755));
#459 = CARTESIAN_POINT('',(1.3500006,15.889918497755));
#460 = ( GEOMETRIC_REPRESENTATION_CONTEXT(2) 
PARAMETRIC_REPRESENTATION_CONTEXT() REPRESENTATION_CONTEXT('2D SPACE',''
  ) );
#461 = ORIENTED_EDGE('',*,*,#462,.F.);
#462 = EDGE_CURVE('',#419,#442,#463,.T.);
#463 = SURFACE_CURVE('',#464,(#469,#476),.PCURVE_S1.);
#464 = CIRCLE('',#465,15.62);
#465 = AXIS2_PLACEMENT_3D('',#466,#467,#468);
#466 = CARTESIAN_POINT('',(0.,0.,-0.1));
#467 = DIRECTION('',(0.,-0.,1.));
#468 = DIRECTION('',(0.903334283114,0.428937259923,0.));
#469 = PCURVE('',#45,#470);
#470 = DEFINITIONAL_REPRESENTATION('',(#471),#475);
#471 = LINE('',#472,#473);
#472 = CARTESIAN_POINT('',(3.584908637674,0.35));
#473 = VECTOR('',#474,1.);
#474 = DIRECTION('',(1.,0.));
#475 = ( GEOMETRIC_REPRESENTATION_CONTEXT(2) 
PARAMETRIC_REPRESENTATION_CONTEXT() REPRESENTATION_CONTEXT('2D SPACE',''
  ) );
#476 = PCURVE('',#477,#482);
#477 = PLANE('',#478);
#478 = AXIS2_PLACEMENT_3D('',#479,#480,#481);
#479 = CARTESIAN_POINT('',(0.,0.,-0.1));
#480 = DIRECTION('',(0.,0.,1.));
#481 = DIRECTION('',(-1.,1.224646799147E-16,0.));
#482 = DEFINITIONAL_REPRESENTATION('',(#483),#487);
#483 = CIRCLE('',#484,15.62);
#484 = AXIS2_PLACEMENT_2D('',#485,#486);
#485 = CARTESIAN_POINT('',(0.,0.));
#486 = DIRECTION('',(-0.903334283114,-0.428937259923));
#487 = ( GEOMETRIC_REPRESENTATION_CONTEXT(2) 
PARAMETRIC_REPRESENTATION_CONTEXT() REPRESENTATION_CONTEXT('2D SPACE',''
  ) );
#488 = ADVANCED_FACE('',(#489),#73,.T.);
#489 = FACE_BOUND('',#490,.T.);
#490 = EDGE_LOOP('',(#491,#492,#493,#515,#543,#563,#564,#586,#613,#640,
    #667,#694,#721,#748,#775,#802));
#491 = ORIENTED_EDGE('',*,*,#418,.F.);
#492 = ORIENTED_EDGE('',*,*,#57,.T.);
#493 = ORIENTED_EDGE('',*,*,#494,.T.);
#494 = EDGE_CURVE('',#58,#495,#497,.T.);
#495 = VERTEX_POINT('',#496);
#496 = CARTESIAN_POINT('',(-2.106392494533E-15,-17.2,6.));
#497 = SURFACE_CURVE('',#498,(#502,#509),.PCURVE_S1.);
#498 = LINE('',#499,#500);
#499 = CARTESIAN_POINT('',(-2.106392494533E-15,-17.2,-2.725));
#500 = VECTOR('',#501,1.);
#501 = DIRECTION('',(0.,0.,1.));
#502 = PCURVE('',#73,#503);
#503 = DEFINITIONAL_REPRESENTATION('',(#504),#508);
#504 = LINE('',#505,#506);
#505 = CARTESIAN_POINT('',(2.275,-57.2));
#506 = VECTOR('',#507,1.);
#507 = DIRECTION('',(1.,0.));
#508 = ( GEOMETRIC_REPRESENTATION_CONTEXT(2) 
PARAMETRIC_REPRESENTATION_CONTEXT() REPRESENTATION_CONTEXT('2D SPACE',''
  ) );
#509 = PCURVE('',#101,#510);
#510 = DEFINITIONAL_REPRESENTATION('',(#511),#514);
#511 = B_SPLINE_CURVE_WITH_KNOTS('',1,(#512,#513),.UNSPECIFIED.,.F.,.F.,
  (2,2),(2.275,8.725),.PIECEWISE_BEZIER_KNOTS.);
#512 = CARTESIAN_POINT('',(0.,1.));
#513 = CARTESIAN_POINT('',(6.45,1.));
#514 = ( GEOMETRIC_REPRESENTATION_CONTEXT(2) 
PARAMETRIC_REPRESENTATION_CONTEXT() REPRESENTATION_CONTEXT('2D SPACE',''
  ) );
#515 = ORIENTED_EDGE('',*,*,#516,.F.);
#516 = EDGE_CURVE('',#517,#495,#519,.T.);
#517 = VERTEX_POINT('',#518);
#518 = CARTESIAN_POINT('',(-2.32682891838E-15,-19.,6.));
#519 = SURFACE_CURVE('',#520,(#524,#531),.PCURVE_S1.);
#520 = LINE('',#521,#522);
#521 = CARTESIAN_POINT('',(1.396097351028E-15,11.4,6.));
#522 = VECTOR('',#523,1.);
#523 = DIRECTION('',(1.224646799147E-16,1.,0.));
#524 = PCURVE('',#73,#525);
#525 = DEFINITIONAL_REPRESENTATION('',(#526),#530);
#526 = LINE('',#527,#528);
#527 = CARTESIAN_POINT('',(11.,-28.6));
#528 = VECTOR('',#529,1.);
#529 = DIRECTION('',(0.,1.));
#530 = ( GEOMETRIC_REPRESENTATION_CONTEXT(2) 
PARAMETRIC_REPRESENTATION_CONTEXT() REPRESENTATION_CONTEXT('2D SPACE',''
  ) );
#531 = PCURVE('',#532,#537);
#532 = PLANE('',#533);
#533 = AXIS2_PLACEMENT_3D('',#534,#535,#536);
#534 = CARTESIAN_POINT('',(1.,-17.2,6.));
#535 = DIRECTION('',(0.,0.,1.));
#536 = DIRECTION('',(-1.,1.224646799147E-16,0.));
#537 = DEFINITIONAL_REPRESENTATION('',(#538),#542);
#538 = LINE('',#539,#540);
#539 = CARTESIAN_POINT('',(1.,-28.6));
#540 = VECTOR('',#541,1.);
#541 = DIRECTION('',(0.,-1.));
#542 = ( GEOMETRIC_REPRESENTATION_CONTEXT(2) 
PARAMETRIC_REPRESENTATION_CONTEXT() REPRESENTATION_CONTEXT('2D SPACE',''
  ) );
#543 = ORIENTED_EDGE('',*,*,#544,.F.);
#544 = EDGE_CURVE('',#256,#517,#545,.T.);
#545 = SURFACE_CURVE('',#546,(#550,#557),.PCURVE_S1.);
#546 = LINE('',#547,#548);
#547 = CARTESIAN_POINT('',(-2.32682891838E-15,-19.,-2.725));
#548 = VECTOR('',#549,1.);
#549 = DIRECTION('',(0.,0.,1.));
#550 = PCURVE('',#73,#551);
#551 = DEFINITIONAL_REPRESENTATION('',(#552),#556);
#552 = LINE('',#553,#554);
#553 = CARTESIAN_POINT('',(2.275,-59.));
#554 = VECTOR('',#555,1.);
#555 = DIRECTION('',(1.,0.));
#556 = ( GEOMETRIC_REPRESENTATION_CONTEXT(2) 
PARAMETRIC_REPRESENTATION_CONTEXT() REPRESENTATION_CONTEXT('2D SPACE',''
  ) );
#557 = PCURVE('',#271,#558);
#558 = DEFINITIONAL_REPRESENTATION('',(#559),#562);
#559 = B_SPLINE_CURVE_WITH_KNOTS('',1,(#560,#561),.UNSPECIFIED.,.F.,.F.,
  (2,2),(2.275,8.725),.PIECEWISE_BEZIER_KNOTS.);
#560 = CARTESIAN_POINT('',(0.,1.));
#561 = CARTESIAN_POINT('',(6.45,1.));
#562 = ( GEOMETRIC_REPRESENTATION_CONTEXT(2) 
PARAMETRIC_REPRESENTATION_CONTEXT() REPRESENTATION_CONTEXT('2D SPACE',''
  ) );
#563 = ORIENTED_EDGE('',*,*,#283,.T.);
#564 = ORIENTED_EDGE('',*,*,#565,.F.);
#565 = EDGE_CURVE('',#566,#284,#568,.T.);
#566 = VERTEX_POINT('',#567);
#567 = CARTESIAN_POINT('',(-2.473786534278E-15,-20.2,9.05));
#568 = SURFACE_CURVE('',#569,(#573,#580),.PCURVE_S1.);
#569 = LINE('',#570,#571);
#570 = CARTESIAN_POINT('',(-2.473786534278E-15,-20.2,-2.725));
#571 = VECTOR('',#572,1.);
#572 = DIRECTION('',(0.,0.,-1.));
#573 = PCURVE('',#73,#574);
#574 = DEFINITIONAL_REPRESENTATION('',(#575),#579);
#575 = LINE('',#576,#577);
#576 = CARTESIAN_POINT('',(2.275,-60.2));
#577 = VECTOR('',#578,1.);
#578 = DIRECTION('',(-1.,0.));
#579 = ( GEOMETRIC_REPRESENTATION_CONTEXT(2) 
PARAMETRIC_REPRESENTATION_CONTEXT() REPRESENTATION_CONTEXT('2D SPACE',''
  ) );
#580 = PCURVE('',#322,#581);
#581 = DEFINITIONAL_REPRESENTATION('',(#582),#585);
#582 = B_SPLINE_CURVE_WITH_KNOTS('',1,(#583,#584),.UNSPECIFIED.,.F.,.F.,
  (2,2),(-11.775,-2.275),.PIECEWISE_BEZIER_KNOTS.);
#583 = CARTESIAN_POINT('',(9.5,4.));
#584 = CARTESIAN_POINT('',(0.,4.));
#585 = ( GEOMETRIC_REPRESENTATION_CONTEXT(2) 
PARAMETRIC_REPRESENTATION_CONTEXT() REPRESENTATION_CONTEXT('2D SPACE',''
  ) );
#586 = ORIENTED_EDGE('',*,*,#587,.F.);
#587 = EDGE_CURVE('',#588,#566,#590,.T.);
#588 = VERTEX_POINT('',#589);
#589 = CARTESIAN_POINT('',(-2.563254812019E-15,-17.8,9.05));
#590 = SURFACE_CURVE('',#591,(#595,#602),.PCURVE_S1.);
#591 = LINE('',#592,#593);
#592 = CARTESIAN_POINT('',(2.449293598295E-15,20.,9.05));
#593 = VECTOR('',#594,1.);
#594 = DIRECTION('',(-1.224646799147E-16,-1.,0.));
#595 = PCURVE('',#73,#596);
#596 = DEFINITIONAL_REPRESENTATION('',(#597),#601);
#597 = LINE('',#598,#599);
#598 = CARTESIAN_POINT('',(14.05,-20.));
#599 = VECTOR('',#600,1.);
#600 = DIRECTION('',(0.,-1.));
#601 = ( GEOMETRIC_REPRESENTATION_CONTEXT(2) 
PARAMETRIC_REPRESENTATION_CONTEXT() REPRESENTATION_CONTEXT('2D SPACE',''
  ) );
#602 = PCURVE('',#603,#608);
#603 = PLANE('',#604);
#604 = AXIS2_PLACEMENT_3D('',#605,#606,#607);
#605 = CARTESIAN_POINT('',(0.,0.,9.05));
#606 = DIRECTION('',(0.,0.,1.));
#607 = DIRECTION('',(-1.,1.224646799147E-16,0.));
#608 = DEFINITIONAL_REPRESENTATION('',(#609),#612);
#609 = B_SPLINE_CURVE_WITH_KNOTS('',1,(#610,#611),.UNSPECIFIED.,.F.,.F.,
  (2,2),(-0.2,40.2),.PIECEWISE_BEZIER_KNOTS.);
#610 = CARTESIAN_POINT('',(0.,-20.2));
#611 = CARTESIAN_POINT('',(0.,20.2));
#612 = ( GEOMETRIC_REPRESENTATION_CONTEXT(2) 
PARAMETRIC_REPRESENTATION_CONTEXT() REPRESENTATION_CONTEXT('2D SPACE',''
  ) );
#613 = ORIENTED_EDGE('',*,*,#614,.T.);
#614 = EDGE_CURVE('',#588,#615,#617,.T.);
#615 = VERTEX_POINT('',#616);
#616 = CARTESIAN_POINT('',(5.807520365855E-15,-17.8,11.45));
#617 = SURFACE_CURVE('',#618,(#622,#629),.PCURVE_S1.);
#618 = LINE('',#619,#620);
#619 = CARTESIAN_POINT('',(0.,-17.8,9.05));
#620 = VECTOR('',#621,1.);
#621 = DIRECTION('',(0.,0.,1.));
#622 = PCURVE('',#73,#623);
#623 = DEFINITIONAL_REPRESENTATION('',(#624),#628);
#624 = LINE('',#625,#626);
#625 = CARTESIAN_POINT('',(14.05,-57.8));
#626 = VECTOR('',#627,1.);
#627 = DIRECTION('',(1.,0.));
#628 = ( GEOMETRIC_REPRESENTATION_CONTEXT(2) 
PARAMETRIC_REPRESENTATION_CONTEXT() REPRESENTATION_CONTEXT('2D SPACE',''
  ) );
#629 = PCURVE('',#630,#635);
#630 = CYLINDRICAL_SURFACE('',#631,17.8);
#631 = AXIS2_PLACEMENT_3D('',#632,#633,#634);
#632 = CARTESIAN_POINT('',(0.,0.,9.05));
#633 = DIRECTION('',(0.,0.,1.));
#634 = DIRECTION('',(1.,0.,-0.));
#635 = DEFINITIONAL_REPRESENTATION('',(#636),#639);
#636 = B_SPLINE_CURVE_WITH_KNOTS('',1,(#637,#638),.UNSPECIFIED.,.F.,.F.,
  (2,2),(-5.999999999062E-07,2.4000006),.PIECEWISE_BEZIER_KNOTS.);
#637 = CARTESIAN_POINT('',(4.712388980385,-5.999999999062E-07));
#638 = CARTESIAN_POINT('',(4.712388980385,2.4000006));
#639 = ( GEOMETRIC_REPRESENTATION_CONTEXT(2) 
PARAMETRIC_REPRESENTATION_CONTEXT() REPRESENTATION_CONTEXT('2D SPACE',''
  ) );
#640 = ORIENTED_EDGE('',*,*,#641,.T.);
#641 = EDGE_CURVE('',#615,#642,#644,.T.);
#642 = VERTEX_POINT('',#643);
#643 = CARTESIAN_POINT('',(-2.975891721928E-15,-16.2,11.45));
#644 = SURFACE_CURVE('',#645,(#649,#656),.PCURVE_S1.);
#645 = LINE('',#646,#647);
#646 = CARTESIAN_POINT('',(0.,-20.,11.45));
#647 = VECTOR('',#648,1.);
#648 = DIRECTION('',(-0.,1.,0.));
#649 = PCURVE('',#73,#650);
#650 = DEFINITIONAL_REPRESENTATION('',(#651),#655);
#651 = LINE('',#652,#653);
#652 = CARTESIAN_POINT('',(16.45,-60.));
#653 = VECTOR('',#654,1.);
#654 = DIRECTION('',(0.,1.));
#655 = ( GEOMETRIC_REPRESENTATION_CONTEXT(2) 
PARAMETRIC_REPRESENTATION_CONTEXT() REPRESENTATION_CONTEXT('2D SPACE',''
  ) );
#656 = PCURVE('',#657,#662);
#657 = PLANE('',#658);
#658 = AXIS2_PLACEMENT_3D('',#659,#660,#661);
#659 = CARTESIAN_POINT('',(0.,0.,11.45));
#660 = DIRECTION('',(0.,0.,1.));
#661 = DIRECTION('',(1.,0.,-0.));
#662 = DEFINITIONAL_REPRESENTATION('',(#663),#666);
#663 = B_SPLINE_CURVE_WITH_KNOTS('',1,(#664,#665),.UNSPECIFIED.,.F.,.F.,
  (2,2),(2.2,37.8),.PIECEWISE_BEZIER_KNOTS.);
#664 = CARTESIAN_POINT('',(0.,-17.8));
#665 = CARTESIAN_POINT('',(0.,17.8));
#666 = ( GEOMETRIC_REPRESENTATION_CONTEXT(2) 
PARAMETRIC_REPRESENTATION_CONTEXT() REPRESENTATION_CONTEXT('2D SPACE',''
  ) );
#667 = ORIENTED_EDGE('',*,*,#668,.F.);
#668 = EDGE_CURVE('',#669,#642,#671,.T.);
#669 = VERTEX_POINT('',#670);
#670 = CARTESIAN_POINT('',(-2.975891721928E-15,-16.2,9.05));
#671 = SURFACE_CURVE('',#672,(#676,#683),.PCURVE_S1.);
#672 = LINE('',#673,#674);
#673 = CARTESIAN_POINT('',(0.,-16.2,9.05));
#674 = VECTOR('',#675,1.);
#675 = DIRECTION('',(0.,0.,1.));
#676 = PCURVE('',#73,#677);
#677 = DEFINITIONAL_REPRESENTATION('',(#678),#682);
#678 = LINE('',#679,#680);
#679 = CARTESIAN_POINT('',(14.05,-56.2));
#680 = VECTOR('',#681,1.);
#681 = DIRECTION('',(1.,0.));
#682 = ( GEOMETRIC_REPRESENTATION_CONTEXT(2) 
PARAMETRIC_REPRESENTATION_CONTEXT() REPRESENTATION_CONTEXT('2D SPACE',''
  ) );
#683 = PCURVE('',#684,#689);
#684 = CYLINDRICAL_SURFACE('',#685,16.2);
#685 = AXIS2_PLACEMENT_3D('',#686,#687,#688);
#686 = CARTESIAN_POINT('',(0.,0.,9.05));
#687 = DIRECTION('',(0.,0.,1.));
#688 = DIRECTION('',(1.,0.,-0.));
#689 = DEFINITIONAL_REPRESENTATION('',(#690),#693);
#690 = B_SPLINE_CURVE_WITH_KNOTS('',1,(#691,#692),.UNSPECIFIED.,.F.,.F.,
  (2,2),(0.,2.4),.PIECEWISE_BEZIER_KNOTS.);
#691 = CARTESIAN_POINT('',(4.712388980385,0.));
#692 = CARTESIAN_POINT('',(4.712388980385,2.4));
#693 = ( GEOMETRIC_REPRESENTATION_CONTEXT(2) 
PARAMETRIC_REPRESENTATION_CONTEXT() REPRESENTATION_CONTEXT('2D SPACE',''
  ) );
#694 = ORIENTED_EDGE('',*,*,#695,.F.);
#695 = EDGE_CURVE('',#696,#669,#698,.T.);
#696 = VERTEX_POINT('',#697);
#697 = CARTESIAN_POINT('',(-2.856488659011E-15,-15.55,9.05));
#698 = SURFACE_CURVE('',#699,(#703,#710),.PCURVE_S1.);
#699 = LINE('',#700,#701);
#700 = CARTESIAN_POINT('',(2.449293598295E-15,20.,9.05));
#701 = VECTOR('',#702,1.);
#702 = DIRECTION('',(-1.224646799147E-16,-1.,0.));
#703 = PCURVE('',#73,#704);
#704 = DEFINITIONAL_REPRESENTATION('',(#705),#709);
#705 = LINE('',#706,#707);
#706 = CARTESIAN_POINT('',(14.05,-20.));
#707 = VECTOR('',#708,1.);
#708 = DIRECTION('',(0.,-1.));
#709 = ( GEOMETRIC_REPRESENTATION_CONTEXT(2) 
PARAMETRIC_REPRESENTATION_CONTEXT() REPRESENTATION_CONTEXT('2D SPACE',''
  ) );
#710 = PCURVE('',#711,#716);
#711 = PLANE('',#712);
#712 = AXIS2_PLACEMENT_3D('',#713,#714,#715);
#713 = CARTESIAN_POINT('',(0.,0.,9.05));
#714 = DIRECTION('',(0.,0.,1.));
#715 = DIRECTION('',(-1.,1.224646799147E-16,0.));
#716 = DEFINITIONAL_REPRESENTATION('',(#717),#720);
#717 = B_SPLINE_CURVE_WITH_KNOTS('',1,(#718,#719),.UNSPECIFIED.,.F.,.F.,
  (2,2),(-0.2,40.2),.PIECEWISE_BEZIER_KNOTS.);
#718 = CARTESIAN_POINT('',(0.,-20.2));
#719 = CARTESIAN_POINT('',(0.,20.2));
#720 = ( GEOMETRIC_REPRESENTATION_CONTEXT(2) 
PARAMETRIC_REPRESENTATION_CONTEXT() REPRESENTATION_CONTEXT('2D SPACE',''
  ) );
#721 = ORIENTED_EDGE('',*,*,#722,.F.);
#722 = EDGE_CURVE('',#723,#696,#725,.T.);
#723 = VERTEX_POINT('',#724);
#724 = CARTESIAN_POINT('',(-2.856488659011E-15,-15.55,7.85));
#725 = SURFACE_CURVE('',#726,(#730,#737),.PCURVE_S1.);
#726 = LINE('',#727,#728);
#727 = CARTESIAN_POINT('',(-1.904325772674E-15,-15.55,7.85));
#728 = VECTOR('',#729,1.);
#729 = DIRECTION('',(0.,0.,1.));
#730 = PCURVE('',#73,#731);
#731 = DEFINITIONAL_REPRESENTATION('',(#732),#736);
#732 = LINE('',#733,#734);
#733 = CARTESIAN_POINT('',(12.85,-55.55));
#734 = VECTOR('',#735,1.);
#735 = DIRECTION('',(1.,0.));
#736 = ( GEOMETRIC_REPRESENTATION_CONTEXT(2) 
PARAMETRIC_REPRESENTATION_CONTEXT() REPRESENTATION_CONTEXT('2D SPACE',''
  ) );
#737 = PCURVE('',#738,#743);
#738 = CYLINDRICAL_SURFACE('',#739,15.55);
#739 = AXIS2_PLACEMENT_3D('',#740,#741,#742);
#740 = CARTESIAN_POINT('',(0.,0.,7.85));
#741 = DIRECTION('',(0.,0.,1.));
#742 = DIRECTION('',(-1.,1.224646799147E-16,0.));
#743 = DEFINITIONAL_REPRESENTATION('',(#744),#747);
#744 = B_SPLINE_CURVE_WITH_KNOTS('',1,(#745,#746),.UNSPECIFIED.,.F.,.F.,
  (2,2),(-5.999999999062E-07,1.2000006),.PIECEWISE_BEZIER_KNOTS.);
#745 = CARTESIAN_POINT('',(1.570796326795,-5.999999999062E-07));
#746 = CARTESIAN_POINT('',(1.570796326795,1.2000006));
#747 = ( GEOMETRIC_REPRESENTATION_CONTEXT(2) 
PARAMETRIC_REPRESENTATION_CONTEXT() REPRESENTATION_CONTEXT('2D SPACE',''
  ) );
#748 = ORIENTED_EDGE('',*,*,#749,.T.);
#749 = EDGE_CURVE('',#723,#750,#752,.T.);
#750 = VERTEX_POINT('',#751);
#751 = CARTESIAN_POINT('',(-3.257640394123E-15,-16.22,7.85));
#752 = SURFACE_CURVE('',#753,(#757,#764),.PCURVE_S1.);
#753 = LINE('',#754,#755);
#754 = CARTESIAN_POINT('',(2.859550276009E-15,23.35,7.85));
#755 = VECTOR('',#756,1.);
#756 = DIRECTION('',(-1.224646799147E-16,-1.,0.));
#757 = PCURVE('',#73,#758);
#758 = DEFINITIONAL_REPRESENTATION('',(#759),#763);
#759 = LINE('',#760,#761);
#760 = CARTESIAN_POINT('',(12.85,-16.65));
#761 = VECTOR('',#762,1.);
#762 = DIRECTION('',(0.,-1.));
#763 = ( GEOMETRIC_REPRESENTATION_CONTEXT(2) 
PARAMETRIC_REPRESENTATION_CONTEXT() REPRESENTATION_CONTEXT('2D SPACE',''
  ) );
#764 = PCURVE('',#765,#770);
#765 = PLANE('',#766);
#766 = AXIS2_PLACEMENT_3D('',#767,#768,#769);
#767 = CARTESIAN_POINT('',(30.,6.7,7.85));
#768 = DIRECTION('',(0.,0.,1.));
#769 = DIRECTION('',(-1.,1.224646799147E-16,0.));
#770 = DEFINITIONAL_REPRESENTATION('',(#771),#774);
#771 = B_SPLINE_CURVE_WITH_KNOTS('',1,(#772,#773),.UNSPECIFIED.,.F.,.F.,
  (2,2),(7.13,39.57),.PIECEWISE_BEZIER_KNOTS.);
#772 = CARTESIAN_POINT('',(30.,-9.52));
#773 = CARTESIAN_POINT('',(30.,22.92));
#774 = ( GEOMETRIC_REPRESENTATION_CONTEXT(2) 
PARAMETRIC_REPRESENTATION_CONTEXT() REPRESENTATION_CONTEXT('2D SPACE',''
  ) );
#775 = ORIENTED_EDGE('',*,*,#776,.F.);
#776 = EDGE_CURVE('',#777,#750,#779,.T.);
#777 = VERTEX_POINT('',#778);
#778 = CARTESIAN_POINT('',(-1.431290106526E-14,-16.22,-0.1));
#779 = SURFACE_CURVE('',#780,(#784,#791),.PCURVE_S1.);
#780 = LINE('',#781,#782);
#781 = CARTESIAN_POINT('',(-1.986377108217E-15,-16.22,-0.45));
#782 = VECTOR('',#783,1.);
#783 = DIRECTION('',(0.,0.,1.));
#784 = PCURVE('',#73,#785);
#785 = DEFINITIONAL_REPRESENTATION('',(#786),#790);
#786 = LINE('',#787,#788);
#787 = CARTESIAN_POINT('',(4.55,-56.22));
#788 = VECTOR('',#789,1.);
#789 = DIRECTION('',(1.,0.));
#790 = ( GEOMETRIC_REPRESENTATION_CONTEXT(2) 
PARAMETRIC_REPRESENTATION_CONTEXT() REPRESENTATION_CONTEXT('2D SPACE',''
  ) );
#791 = PCURVE('',#792,#797);
#792 = CYLINDRICAL_SURFACE('',#793,16.22);
#793 = AXIS2_PLACEMENT_3D('',#794,#795,#796);
#794 = CARTESIAN_POINT('',(0.,0.,-0.45));
#795 = DIRECTION('',(0.,0.,1.));
#796 = DIRECTION('',(-1.,1.224646799147E-16,0.));
#797 = DEFINITIONAL_REPRESENTATION('',(#798),#801);
#798 = B_SPLINE_CURVE_WITH_KNOTS('',1,(#799,#800),.UNSPECIFIED.,.F.,.F.,
  (2,2),(0.3499994,8.3000006),.PIECEWISE_BEZIER_KNOTS.);
#799 = CARTESIAN_POINT('',(7.853981633974,0.3499994));
#800 = CARTESIAN_POINT('',(7.853981633974,8.3000006));
#801 = ( GEOMETRIC_REPRESENTATION_CONTEXT(2) 
PARAMETRIC_REPRESENTATION_CONTEXT() REPRESENTATION_CONTEXT('2D SPACE',''
  ) );
#802 = ORIENTED_EDGE('',*,*,#803,.F.);
#803 = EDGE_CURVE('',#419,#777,#804,.T.);
#804 = SURFACE_CURVE('',#805,(#809,#816),.PCURVE_S1.);
#805 = LINE('',#806,#807);
#806 = CARTESIAN_POINT('',(2.449293598295E-15,20.,-1.E-01));
#807 = VECTOR('',#808,1.);
#808 = DIRECTION('',(-1.224646799147E-16,-1.,0.));
#809 = PCURVE('',#73,#810);
#810 = DEFINITIONAL_REPRESENTATION('',(#811),#815);
#811 = LINE('',#812,#813);
#812 = CARTESIAN_POINT('',(4.9,-20.));
#813 = VECTOR('',#814,1.);
#814 = DIRECTION('',(0.,-1.));
#815 = ( GEOMETRIC_REPRESENTATION_CONTEXT(2) 
PARAMETRIC_REPRESENTATION_CONTEXT() REPRESENTATION_CONTEXT('2D SPACE',''
  ) );
#816 = PCURVE('',#477,#817);
#817 = DEFINITIONAL_REPRESENTATION('',(#818),#821);
#818 = B_SPLINE_CURVE_WITH_KNOTS('',1,(#819,#820),.UNSPECIFIED.,.F.,.F.,
  (2,2),(3.78,36.22),.PIECEWISE_BEZIER_KNOTS.);
#819 = CARTESIAN_POINT('',(0.,-16.22));
#820 = CARTESIAN_POINT('',(0.,16.22));
#821 = ( GEOMETRIC_REPRESENTATION_CONTEXT(2) 
PARAMETRIC_REPRESENTATION_CONTEXT() REPRESENTATION_CONTEXT('2D SPACE',''
  ) );
#822 = ADVANCED_FACE('',(#823),#101,.F.);
#823 = FACE_BOUND('',#824,.F.);
#824 = EDGE_LOOP('',(#825,#826,#827,#850));
#825 = ORIENTED_EDGE('',*,*,#85,.F.);
#826 = ORIENTED_EDGE('',*,*,#494,.T.);
#827 = ORIENTED_EDGE('',*,*,#828,.T.);
#828 = EDGE_CURVE('',#495,#829,#831,.T.);
#829 = VERTEX_POINT('',#830);
#830 = CARTESIAN_POINT('',(-3.5,-17.2,6.));
#831 = SURFACE_CURVE('',#832,(#836,#843),.PCURVE_S1.);
#832 = LINE('',#833,#834);
#833 = CARTESIAN_POINT('',(1.,-17.2,6.));
#834 = VECTOR('',#835,1.);
#835 = DIRECTION('',(-1.,1.224646799147E-16,0.));
#836 = PCURVE('',#101,#837);
#837 = DEFINITIONAL_REPRESENTATION('',(#838),#842);
#838 = LINE('',#839,#840);
#839 = CARTESIAN_POINT('',(6.45,0.));
#840 = VECTOR('',#841,1.);
#841 = DIRECTION('',(0.,1.));
#842 = ( GEOMETRIC_REPRESENTATION_CONTEXT(2) 
PARAMETRIC_REPRESENTATION_CONTEXT() REPRESENTATION_CONTEXT('2D SPACE',''
  ) );
#843 = PCURVE('',#532,#844);
#844 = DEFINITIONAL_REPRESENTATION('',(#845),#849);
#845 = LINE('',#846,#847);
#846 = CARTESIAN_POINT('',(0.,0.));
#847 = VECTOR('',#848,1.);
#848 = DIRECTION('',(1.,0.));
#849 = ( GEOMETRIC_REPRESENTATION_CONTEXT(2) 
PARAMETRIC_REPRESENTATION_CONTEXT() REPRESENTATION_CONTEXT('2D SPACE',''
  ) );
#850 = ORIENTED_EDGE('',*,*,#851,.F.);
#851 = EDGE_CURVE('',#86,#829,#852,.T.);
#852 = SURFACE_CURVE('',#853,(#857,#864),.PCURVE_S1.);
#853 = LINE('',#854,#855);
#854 = CARTESIAN_POINT('',(-3.5,-17.2,-0.45));
#855 = VECTOR('',#856,1.);
#856 = DIRECTION('',(0.,0.,1.));
#857 = PCURVE('',#101,#858);
#858 = DEFINITIONAL_REPRESENTATION('',(#859),#863);
#859 = LINE('',#860,#861);
#860 = CARTESIAN_POINT('',(0.,4.5));
#861 = VECTOR('',#862,1.);
#862 = DIRECTION('',(1.,0.));
#863 = ( GEOMETRIC_REPRESENTATION_CONTEXT(2) 
PARAMETRIC_REPRESENTATION_CONTEXT() REPRESENTATION_CONTEXT('2D SPACE',''
  ) );
#864 = PCURVE('',#129,#865);
#865 = DEFINITIONAL_REPRESENTATION('',(#866),#870);
#866 = LINE('',#867,#868);
#867 = CARTESIAN_POINT('',(0.,0.));
#868 = VECTOR('',#869,1.);
#869 = DIRECTION('',(1.,0.));
#870 = ( GEOMETRIC_REPRESENTATION_CONTEXT(2) 
PARAMETRIC_REPRESENTATION_CONTEXT() REPRESENTATION_CONTEXT('2D SPACE',''
  ) );
#871 = ADVANCED_FACE('',(#872),#129,.T.);
#872 = FACE_BOUND('',#873,.T.);
#873 = EDGE_LOOP('',(#874,#875,#876,#899));
#874 = ORIENTED_EDGE('',*,*,#851,.F.);
#875 = ORIENTED_EDGE('',*,*,#113,.T.);
#876 = ORIENTED_EDGE('',*,*,#877,.T.);
#877 = EDGE_CURVE('',#114,#878,#880,.T.);
#878 = VERTEX_POINT('',#879);
#879 = CARTESIAN_POINT('',(-3.5,-19.,6.));
#880 = SURFACE_CURVE('',#881,(#885,#892),.PCURVE_S1.);
#881 = LINE('',#882,#883);
#882 = CARTESIAN_POINT('',(-3.5,-19.,-0.45));
#883 = VECTOR('',#884,1.);
#884 = DIRECTION('',(0.,0.,1.));
#885 = PCURVE('',#129,#886);
#886 = DEFINITIONAL_REPRESENTATION('',(#887),#891);
#887 = LINE('',#888,#889);
#888 = CARTESIAN_POINT('',(0.,-1.8));
#889 = VECTOR('',#890,1.);
#890 = DIRECTION('',(1.,0.));
#891 = ( GEOMETRIC_REPRESENTATION_CONTEXT(2) 
PARAMETRIC_REPRESENTATION_CONTEXT() REPRESENTATION_CONTEXT('2D SPACE',''
  ) );
#892 = PCURVE('',#157,#893);
#893 = DEFINITIONAL_REPRESENTATION('',(#894),#898);
#894 = LINE('',#895,#896);
#895 = CARTESIAN_POINT('',(0.,4.5));
#896 = VECTOR('',#897,1.);
#897 = DIRECTION('',(1.,0.));
#898 = ( GEOMETRIC_REPRESENTATION_CONTEXT(2) 
PARAMETRIC_REPRESENTATION_CONTEXT() REPRESENTATION_CONTEXT('2D SPACE',''
  ) );
#899 = ORIENTED_EDGE('',*,*,#900,.F.);
#900 = EDGE_CURVE('',#829,#878,#901,.T.);
#901 = SURFACE_CURVE('',#902,(#906,#913),.PCURVE_S1.);
#902 = LINE('',#903,#904);
#903 = CARTESIAN_POINT('',(-3.5,-17.2,6.));
#904 = VECTOR('',#905,1.);
#905 = DIRECTION('',(-1.224646799147E-16,-1.,0.));
#906 = PCURVE('',#129,#907);
#907 = DEFINITIONAL_REPRESENTATION('',(#908),#912);
#908 = LINE('',#909,#910);
#909 = CARTESIAN_POINT('',(6.45,0.));
#910 = VECTOR('',#911,1.);
#911 = DIRECTION('',(0.,-1.));
#912 = ( GEOMETRIC_REPRESENTATION_CONTEXT(2) 
PARAMETRIC_REPRESENTATION_CONTEXT() REPRESENTATION_CONTEXT('2D SPACE',''
  ) );
#913 = PCURVE('',#532,#914);
#914 = DEFINITIONAL_REPRESENTATION('',(#915),#919);
#915 = LINE('',#916,#917);
#916 = CARTESIAN_POINT('',(4.5,0.));
#917 = VECTOR('',#918,1.);
#918 = DIRECTION('',(0.,1.));
#919 = ( GEOMETRIC_REPRESENTATION_CONTEXT(2) 
PARAMETRIC_REPRESENTATION_CONTEXT() REPRESENTATION_CONTEXT('2D SPACE',''
  ) );
#920 = ADVANCED_FACE('',(#921),#157,.T.);
#921 = FACE_BOUND('',#922,.T.);
#922 = EDGE_LOOP('',(#923,#924,#947,#968));
#923 = ORIENTED_EDGE('',*,*,#141,.F.);
#924 = ORIENTED_EDGE('',*,*,#925,.T.);
#925 = EDGE_CURVE('',#142,#926,#928,.T.);
#926 = VERTEX_POINT('',#927);
#927 = CARTESIAN_POINT('',(-3.,-19.,6.));
#928 = SURFACE_CURVE('',#929,(#933,#940),.PCURVE_S1.);
#929 = LINE('',#930,#931);
#930 = CARTESIAN_POINT('',(-3.,-19.,-0.45));
#931 = VECTOR('',#932,1.);
#932 = DIRECTION('',(0.,0.,1.));
#933 = PCURVE('',#157,#934);
#934 = DEFINITIONAL_REPRESENTATION('',(#935),#939);
#935 = LINE('',#936,#937);
#936 = CARTESIAN_POINT('',(0.,4.));
#937 = VECTOR('',#938,1.);
#938 = DIRECTION('',(1.,0.));
#939 = ( GEOMETRIC_REPRESENTATION_CONTEXT(2) 
PARAMETRIC_REPRESENTATION_CONTEXT() REPRESENTATION_CONTEXT('2D SPACE',''
  ) );
#940 = PCURVE('',#186,#941);
#941 = DEFINITIONAL_REPRESENTATION('',(#942),#946);
#942 = LINE('',#943,#944);
#943 = CARTESIAN_POINT('',(0.,-0.));
#944 = VECTOR('',#945,1.);
#945 = DIRECTION('',(0.,1.));
#946 = ( GEOMETRIC_REPRESENTATION_CONTEXT(2) 
PARAMETRIC_REPRESENTATION_CONTEXT() REPRESENTATION_CONTEXT('2D SPACE',''
  ) );
#947 = ORIENTED_EDGE('',*,*,#948,.T.);
#948 = EDGE_CURVE('',#926,#878,#949,.T.);
#949 = SURFACE_CURVE('',#950,(#954,#961),.PCURVE_S1.);
#950 = LINE('',#951,#952);
#951 = CARTESIAN_POINT('',(1.,-19.,6.));
#952 = VECTOR('',#953,1.);
#953 = DIRECTION('',(-1.,1.224646799147E-16,0.));
#954 = PCURVE('',#157,#955);
#955 = DEFINITIONAL_REPRESENTATION('',(#956),#960);
#956 = LINE('',#957,#958);
#957 = CARTESIAN_POINT('',(6.45,0.));
#958 = VECTOR('',#959,1.);
#959 = DIRECTION('',(0.,1.));
#960 = ( GEOMETRIC_REPRESENTATION_CONTEXT(2) 
PARAMETRIC_REPRESENTATION_CONTEXT() REPRESENTATION_CONTEXT('2D SPACE',''
  ) );
#961 = PCURVE('',#532,#962);
#962 = DEFINITIONAL_REPRESENTATION('',(#963),#967);
#963 = LINE('',#964,#965);
#964 = CARTESIAN_POINT('',(0.,1.8));
#965 = VECTOR('',#966,1.);
#966 = DIRECTION('',(1.,0.));
#967 = ( GEOMETRIC_REPRESENTATION_CONTEXT(2) 
PARAMETRIC_REPRESENTATION_CONTEXT() REPRESENTATION_CONTEXT('2D SPACE',''
  ) );
#968 = ORIENTED_EDGE('',*,*,#877,.F.);
#969 = ADVANCED_FACE('',(#970),#186,.T.);
#970 = FACE_BOUND('',#971,.T.);
#971 = EDGE_LOOP('',(#972,#996,#997,#998));
#972 = ORIENTED_EDGE('',*,*,#973,.F.);
#973 = EDGE_CURVE('',#926,#974,#976,.T.);
#974 = VERTEX_POINT('',#975);
#975 = CARTESIAN_POINT('',(-2.958257569496,-19.2,6.));
#976 = SURFACE_CURVE('',#977,(#982,#989),.PCURVE_S1.);
#977 = CIRCLE('',#978,0.5);
#978 = AXIS2_PLACEMENT_3D('',#979,#980,#981);
#979 = CARTESIAN_POINT('',(-2.5,-19.,6.));
#980 = DIRECTION('',(0.,0.,1.));
#981 = DIRECTION('',(-1.,1.224646799147E-16,0.));
#982 = PCURVE('',#186,#983);
#983 = DEFINITIONAL_REPRESENTATION('',(#984),#988);
#984 = LINE('',#985,#986);
#985 = CARTESIAN_POINT('',(0.,6.45));
#986 = VECTOR('',#987,1.);
#987 = DIRECTION('',(1.,0.));
#988 = ( GEOMETRIC_REPRESENTATION_CONTEXT(2) 
PARAMETRIC_REPRESENTATION_CONTEXT() REPRESENTATION_CONTEXT('2D SPACE',''
  ) );
#989 = PCURVE('',#532,#990);
#990 = DEFINITIONAL_REPRESENTATION('',(#991),#995);
#991 = CIRCLE('',#992,0.5);
#992 = AXIS2_PLACEMENT_2D('',#993,#994);
#993 = CARTESIAN_POINT('',(3.5,1.8));
#994 = DIRECTION('',(1.,0.));
#995 = ( GEOMETRIC_REPRESENTATION_CONTEXT(2) 
PARAMETRIC_REPRESENTATION_CONTEXT() REPRESENTATION_CONTEXT('2D SPACE',''
  ) );
#996 = ORIENTED_EDGE('',*,*,#925,.F.);
#997 = ORIENTED_EDGE('',*,*,#169,.T.);
#998 = ORIENTED_EDGE('',*,*,#999,.T.);
#999 = EDGE_CURVE('',#170,#974,#1000,.T.);
#1000 = SURFACE_CURVE('',#1001,(#1005,#1011),.PCURVE_S1.);
#1001 = LINE('',#1002,#1003);
#1002 = CARTESIAN_POINT('',(-2.958257569496,-19.2,-0.45));
#1003 = VECTOR('',#1004,1.);
#1004 = DIRECTION('',(0.,0.,1.));
#1005 = PCURVE('',#186,#1006);
#1006 = DEFINITIONAL_REPRESENTATION('',(#1007),#1010);
#1007 = B_SPLINE_CURVE_WITH_KNOTS('',1,(#1008,#1009),.UNSPECIFIED.,.F.,
  .F.,(2,2),(-6.000000000173E-07,6.4500006),.PIECEWISE_BEZIER_KNOTS.);
#1008 = CARTESIAN_POINT('',(0.411516846067,-6.000000000173E-07));
#1009 = CARTESIAN_POINT('',(0.411516846067,6.4500006));
#1010 = ( GEOMETRIC_REPRESENTATION_CONTEXT(2) 
PARAMETRIC_REPRESENTATION_CONTEXT() REPRESENTATION_CONTEXT('2D SPACE',''
  ) );
#1011 = PCURVE('',#214,#1012);
#1012 = DEFINITIONAL_REPRESENTATION('',(#1013),#1016);
#1013 = B_SPLINE_CURVE_WITH_KNOTS('',1,(#1014,#1015),.UNSPECIFIED.,.F.,
  .F.,(2,2),(-6.000000000173E-07,6.4500006),.PIECEWISE_BEZIER_KNOTS.);
#1014 = CARTESIAN_POINT('',(-6.000000000173E-07,1.458257569496));
#1015 = CARTESIAN_POINT('',(6.4500006,1.458257569496));
#1016 = ( GEOMETRIC_REPRESENTATION_CONTEXT(2) 
PARAMETRIC_REPRESENTATION_CONTEXT() REPRESENTATION_CONTEXT('2D SPACE',''
  ) );
#1017 = ADVANCED_FACE('',(#1018),#214,.T.);
#1018 = FACE_BOUND('',#1019,.T.);
#1019 = EDGE_LOOP('',(#1020,#1021,#1042,#1063));
#1020 = ORIENTED_EDGE('',*,*,#198,.F.);
#1021 = ORIENTED_EDGE('',*,*,#1022,.T.);
#1022 = EDGE_CURVE('',#199,#1023,#1025,.T.);
#1023 = VERTEX_POINT('',#1024);
#1024 = CARTESIAN_POINT('',(-2.041742430504,-19.2,6.));
#1025 = SURFACE_CURVE('',#1026,(#1030,#1036),.PCURVE_S1.);
#1026 = LINE('',#1027,#1028);
#1027 = CARTESIAN_POINT('',(-2.041742430504,-19.2,-0.45));
#1028 = VECTOR('',#1029,1.);
#1029 = DIRECTION('',(0.,0.,1.));
#1030 = PCURVE('',#214,#1031);
#1031 = DEFINITIONAL_REPRESENTATION('',(#1032),#1035);
#1032 = B_SPLINE_CURVE_WITH_KNOTS('',1,(#1033,#1034),.UNSPECIFIED.,.F.,
  .F.,(2,2),(-6.000000000173E-07,6.4500006),.PIECEWISE_BEZIER_KNOTS.);
#1033 = CARTESIAN_POINT('',(-6.000000000173E-07,0.541742430504));
#1034 = CARTESIAN_POINT('',(6.4500006,0.541742430504));
#1035 = ( GEOMETRIC_REPRESENTATION_CONTEXT(2) 
PARAMETRIC_REPRESENTATION_CONTEXT() REPRESENTATION_CONTEXT('2D SPACE',''
  ) );
#1036 = PCURVE('',#243,#1037);
#1037 = DEFINITIONAL_REPRESENTATION('',(#1038),#1041);
#1038 = B_SPLINE_CURVE_WITH_KNOTS('',1,(#1039,#1040),.UNSPECIFIED.,.F.,
  .F.,(2,2),(-6.000000000173E-07,6.4500006),.PIECEWISE_BEZIER_KNOTS.);
#1039 = CARTESIAN_POINT('',(2.730075807522,-6.000000000173E-07));
#1040 = CARTESIAN_POINT('',(2.730075807522,6.4500006));
#1041 = ( GEOMETRIC_REPRESENTATION_CONTEXT(2) 
PARAMETRIC_REPRESENTATION_CONTEXT() REPRESENTATION_CONTEXT('2D SPACE',''
  ) );
#1042 = ORIENTED_EDGE('',*,*,#1043,.T.);
#1043 = EDGE_CURVE('',#1023,#974,#1044,.T.);
#1044 = SURFACE_CURVE('',#1045,(#1049,#1056),.PCURVE_S1.);
#1045 = LINE('',#1046,#1047);
#1046 = CARTESIAN_POINT('',(-1.5,-19.2,6.));
#1047 = VECTOR('',#1048,1.);
#1048 = DIRECTION('',(-1.,1.224646799147E-16,0.));
#1049 = PCURVE('',#214,#1050);
#1050 = DEFINITIONAL_REPRESENTATION('',(#1051),#1055);
#1051 = LINE('',#1052,#1053);
#1052 = CARTESIAN_POINT('',(6.45,0.));
#1053 = VECTOR('',#1054,1.);
#1054 = DIRECTION('',(0.,1.));
#1055 = ( GEOMETRIC_REPRESENTATION_CONTEXT(2) 
PARAMETRIC_REPRESENTATION_CONTEXT() REPRESENTATION_CONTEXT('2D SPACE',''
  ) );
#1056 = PCURVE('',#532,#1057);
#1057 = DEFINITIONAL_REPRESENTATION('',(#1058),#1062);
#1058 = LINE('',#1059,#1060);
#1059 = CARTESIAN_POINT('',(2.5,2.));
#1060 = VECTOR('',#1061,1.);
#1061 = DIRECTION('',(1.,0.));
#1062 = ( GEOMETRIC_REPRESENTATION_CONTEXT(2) 
PARAMETRIC_REPRESENTATION_CONTEXT() REPRESENTATION_CONTEXT('2D SPACE',''
  ) );
#1063 = ORIENTED_EDGE('',*,*,#999,.F.);
#1064 = ADVANCED_FACE('',(#1065),#243,.T.);
#1065 = FACE_BOUND('',#1066,.T.);
#1066 = EDGE_LOOP('',(#1067,#1089,#1111,#1112));
#1067 = ORIENTED_EDGE('',*,*,#1068,.T.);
#1068 = EDGE_CURVE('',#227,#1069,#1071,.T.);
#1069 = VERTEX_POINT('',#1070);
#1070 = CARTESIAN_POINT('',(-2.,-19.,6.));
#1071 = SURFACE_CURVE('',#1072,(#1076,#1082),.PCURVE_S1.);
#1072 = LINE('',#1073,#1074);
#1073 = CARTESIAN_POINT('',(-2.,-19.,-0.45));
#1074 = VECTOR('',#1075,1.);
#1075 = DIRECTION('',(0.,0.,1.));
#1076 = PCURVE('',#243,#1077);
#1077 = DEFINITIONAL_REPRESENTATION('',(#1078),#1081);
#1078 = B_SPLINE_CURVE_WITH_KNOTS('',1,(#1079,#1080),.UNSPECIFIED.,.F.,
  .F.,(2,2),(-6.000000000173E-07,6.4500006),.PIECEWISE_BEZIER_KNOTS.);
#1079 = CARTESIAN_POINT('',(3.14159265359,-6.000000000173E-07));
#1080 = CARTESIAN_POINT('',(3.14159265359,6.4500006));
#1081 = ( GEOMETRIC_REPRESENTATION_CONTEXT(2) 
PARAMETRIC_REPRESENTATION_CONTEXT() REPRESENTATION_CONTEXT('2D SPACE',''
  ) );
#1082 = PCURVE('',#271,#1083);
#1083 = DEFINITIONAL_REPRESENTATION('',(#1084),#1088);
#1084 = LINE('',#1085,#1086);
#1085 = CARTESIAN_POINT('',(0.,3.));
#1086 = VECTOR('',#1087,1.);
#1087 = DIRECTION('',(1.,0.));
#1088 = ( GEOMETRIC_REPRESENTATION_CONTEXT(2) 
PARAMETRIC_REPRESENTATION_CONTEXT() REPRESENTATION_CONTEXT('2D SPACE',''
  ) );
#1089 = ORIENTED_EDGE('',*,*,#1090,.F.);
#1090 = EDGE_CURVE('',#1023,#1069,#1091,.T.);
#1091 = SURFACE_CURVE('',#1092,(#1097,#1104),.PCURVE_S1.);
#1092 = CIRCLE('',#1093,0.5);
#1093 = AXIS2_PLACEMENT_3D('',#1094,#1095,#1096);
#1094 = CARTESIAN_POINT('',(-2.5,-19.,6.));
#1095 = DIRECTION('',(0.,0.,1.));
#1096 = DIRECTION('',(-1.,1.224646799147E-16,0.));
#1097 = PCURVE('',#243,#1098);
#1098 = DEFINITIONAL_REPRESENTATION('',(#1099),#1103);
#1099 = LINE('',#1100,#1101);
#1100 = CARTESIAN_POINT('',(0.,6.45));
#1101 = VECTOR('',#1102,1.);
#1102 = DIRECTION('',(1.,0.));
#1103 = ( GEOMETRIC_REPRESENTATION_CONTEXT(2) 
PARAMETRIC_REPRESENTATION_CONTEXT() REPRESENTATION_CONTEXT('2D SPACE',''
  ) );
#1104 = PCURVE('',#532,#1105);
#1105 = DEFINITIONAL_REPRESENTATION('',(#1106),#1110);
#1106 = CIRCLE('',#1107,0.5);
#1107 = AXIS2_PLACEMENT_2D('',#1108,#1109);
#1108 = CARTESIAN_POINT('',(3.5,1.8));
#1109 = DIRECTION('',(1.,0.));
#1110 = ( GEOMETRIC_REPRESENTATION_CONTEXT(2) 
PARAMETRIC_REPRESENTATION_CONTEXT() REPRESENTATION_CONTEXT('2D SPACE',''
  ) );
#1111 = ORIENTED_EDGE('',*,*,#1022,.F.);
#1112 = ORIENTED_EDGE('',*,*,#226,.T.);
#1113 = ADVANCED_FACE('',(#1114),#271,.T.);
#1114 = FACE_BOUND('',#1115,.T.);
#1115 = EDGE_LOOP('',(#1116,#1117,#1118,#1139));
#1116 = ORIENTED_EDGE('',*,*,#255,.F.);
#1117 = ORIENTED_EDGE('',*,*,#544,.T.);
#1118 = ORIENTED_EDGE('',*,*,#1119,.T.);
#1119 = EDGE_CURVE('',#517,#1069,#1120,.T.);
#1120 = SURFACE_CURVE('',#1121,(#1125,#1132),.PCURVE_S1.);
#1121 = LINE('',#1122,#1123);
#1122 = CARTESIAN_POINT('',(1.,-19.,6.));
#1123 = VECTOR('',#1124,1.);
#1124 = DIRECTION('',(-1.,1.224646799147E-16,0.));
#1125 = PCURVE('',#271,#1126);
#1126 = DEFINITIONAL_REPRESENTATION('',(#1127),#1131);
#1127 = LINE('',#1128,#1129);
#1128 = CARTESIAN_POINT('',(6.45,0.));
#1129 = VECTOR('',#1130,1.);
#1130 = DIRECTION('',(0.,1.));
#1131 = ( GEOMETRIC_REPRESENTATION_CONTEXT(2) 
PARAMETRIC_REPRESENTATION_CONTEXT() REPRESENTATION_CONTEXT('2D SPACE',''
  ) );
#1132 = PCURVE('',#532,#1133);
#1133 = DEFINITIONAL_REPRESENTATION('',(#1134),#1138);
#1134 = LINE('',#1135,#1136);
#1135 = CARTESIAN_POINT('',(0.,1.8));
#1136 = VECTOR('',#1137,1.);
#1137 = DIRECTION('',(1.,0.));
#1138 = ( GEOMETRIC_REPRESENTATION_CONTEXT(2) 
PARAMETRIC_REPRESENTATION_CONTEXT() REPRESENTATION_CONTEXT('2D SPACE',''
  ) );
#1139 = ORIENTED_EDGE('',*,*,#1068,.F.);
#1140 = ADVANCED_FACE('',(#1141),#322,.T.);
#1141 = FACE_BOUND('',#1142,.T.);
#1142 = EDGE_LOOP('',(#1143,#1144,#1167,#1188));
#1143 = ORIENTED_EDGE('',*,*,#306,.F.);
#1144 = ORIENTED_EDGE('',*,*,#1145,.T.);
#1145 = EDGE_CURVE('',#307,#1146,#1148,.T.);
#1146 = VERTEX_POINT('',#1147);
#1147 = CARTESIAN_POINT('',(4.,-20.2,9.05));
#1148 = SURFACE_CURVE('',#1149,(#1153,#1160),.PCURVE_S1.);
#1149 = LINE('',#1150,#1151);
#1150 = CARTESIAN_POINT('',(4.,-20.2,-0.45));
#1151 = VECTOR('',#1152,1.);
#1152 = DIRECTION('',(0.,0.,1.));
#1153 = PCURVE('',#322,#1154);
#1154 = DEFINITIONAL_REPRESENTATION('',(#1155),#1159);
#1155 = LINE('',#1156,#1157);
#1156 = CARTESIAN_POINT('',(0.,0.));
#1157 = VECTOR('',#1158,1.);
#1158 = DIRECTION('',(1.,0.));
#1159 = ( GEOMETRIC_REPRESENTATION_CONTEXT(2) 
PARAMETRIC_REPRESENTATION_CONTEXT() REPRESENTATION_CONTEXT('2D SPACE',''
  ) );
#1160 = PCURVE('',#350,#1161);
#1161 = DEFINITIONAL_REPRESENTATION('',(#1162),#1166);
#1162 = LINE('',#1163,#1164);
#1163 = CARTESIAN_POINT('',(0.,-3.48));
#1164 = VECTOR('',#1165,1.);
#1165 = DIRECTION('',(1.,0.));
#1166 = ( GEOMETRIC_REPRESENTATION_CONTEXT(2) 
PARAMETRIC_REPRESENTATION_CONTEXT() REPRESENTATION_CONTEXT('2D SPACE',''
  ) );
#1167 = ORIENTED_EDGE('',*,*,#1168,.T.);
#1168 = EDGE_CURVE('',#1146,#566,#1169,.T.);
#1169 = SURFACE_CURVE('',#1170,(#1174,#1181),.PCURVE_S1.);
#1170 = LINE('',#1171,#1172);
#1171 = CARTESIAN_POINT('',(4.,-20.2,9.05));
#1172 = VECTOR('',#1173,1.);
#1173 = DIRECTION('',(-1.,1.224646799147E-16,0.));
#1174 = PCURVE('',#322,#1175);
#1175 = DEFINITIONAL_REPRESENTATION('',(#1176),#1180);
#1176 = LINE('',#1177,#1178);
#1177 = CARTESIAN_POINT('',(9.5,0.));
#1178 = VECTOR('',#1179,1.);
#1179 = DIRECTION('',(0.,1.));
#1180 = ( GEOMETRIC_REPRESENTATION_CONTEXT(2) 
PARAMETRIC_REPRESENTATION_CONTEXT() REPRESENTATION_CONTEXT('2D SPACE',''
  ) );
#1181 = PCURVE('',#603,#1182);
#1182 = DEFINITIONAL_REPRESENTATION('',(#1183),#1187);
#1183 = LINE('',#1184,#1185);
#1184 = CARTESIAN_POINT('',(-4.,20.2));
#1185 = VECTOR('',#1186,1.);
#1186 = DIRECTION('',(1.,0.));
#1187 = ( GEOMETRIC_REPRESENTATION_CONTEXT(2) 
PARAMETRIC_REPRESENTATION_CONTEXT() REPRESENTATION_CONTEXT('2D SPACE',''
  ) );
#1188 = ORIENTED_EDGE('',*,*,#565,.T.);
#1189 = ADVANCED_FACE('',(#1190),#350,.F.);
#1190 = FACE_BOUND('',#1191,.F.);
#1191 = EDGE_LOOP('',(#1192,#1222,#1241,#1242,#1243));
#1192 = ORIENTED_EDGE('',*,*,#1193,.F.);
#1193 = EDGE_CURVE('',#1194,#1196,#1198,.T.);
#1194 = VERTEX_POINT('',#1195);
#1195 = CARTESIAN_POINT('',(4.,-17.31395102222,9.05));
#1196 = VERTEX_POINT('',#1197);
#1197 = CARTESIAN_POINT('',(4.,-17.34473983661,9.05));
#1198 = SURFACE_CURVE('',#1199,(#1203,#1210),.PCURVE_S1.);
#1199 = LINE('',#1200,#1201);
#1200 = CARTESIAN_POINT('',(4.,-16.72,9.05));
#1201 = VECTOR('',#1202,1.);
#1202 = DIRECTION('',(-1.224646799147E-16,-1.,0.));
#1203 = PCURVE('',#350,#1204);
#1204 = DEFINITIONAL_REPRESENTATION('',(#1205),#1209);
#1205 = LINE('',#1206,#1207);
#1206 = CARTESIAN_POINT('',(9.5,0.));
#1207 = VECTOR('',#1208,1.);
#1208 = DIRECTION('',(0.,-1.));
#1209 = ( GEOMETRIC_REPRESENTATION_CONTEXT(2) 
PARAMETRIC_REPRESENTATION_CONTEXT() REPRESENTATION_CONTEXT('2D SPACE',''
  ) );
#1210 = PCURVE('',#1211,#1216);
#1211 = PLANE('',#1212);
#1212 = AXIS2_PLACEMENT_3D('',#1213,#1214,#1215);
#1213 = CARTESIAN_POINT('',(0.,0.,9.05));
#1214 = DIRECTION('',(0.,0.,1.));
#1215 = DIRECTION('',(1.,0.,-0.));
#1216 = DEFINITIONAL_REPRESENTATION('',(#1217),#1221);
#1217 = LINE('',#1218,#1219);
#1218 = CARTESIAN_POINT('',(4.,-16.72));
#1219 = VECTOR('',#1220,1.);
#1220 = DIRECTION('',(-1.224646799147E-16,-1.));
#1221 = ( GEOMETRIC_REPRESENTATION_CONTEXT(2) 
PARAMETRIC_REPRESENTATION_CONTEXT() REPRESENTATION_CONTEXT('2D SPACE',''
  ) );
#1222 = ORIENTED_EDGE('',*,*,#1223,.F.);
#1223 = EDGE_CURVE('',#335,#1194,#1224,.T.);
#1224 = SURFACE_CURVE('',#1225,(#1229,#1235),.PCURVE_S1.);
#1225 = LINE('',#1226,#1227);
#1226 = CARTESIAN_POINT('',(4.,-17.31395102222,-0.45));
#1227 = VECTOR('',#1228,1.);
#1228 = DIRECTION('',(0.,0.,1.));
#1229 = PCURVE('',#350,#1230);
#1230 = DEFINITIONAL_REPRESENTATION('',(#1231),#1234);
#1231 = B_SPLINE_CURVE_WITH_KNOTS('',1,(#1232,#1233),.UNSPECIFIED.,.F.,
  .F.,(2,2),(-2.400000000014E-06,9.5000024),.PIECEWISE_BEZIER_KNOTS.);
#1232 = CARTESIAN_POINT('',(-2.400000000014E-06,-0.593951022225));
#1233 = CARTESIAN_POINT('',(9.5000024,-0.593951022225));
#1234 = ( GEOMETRIC_REPRESENTATION_CONTEXT(2) 
PARAMETRIC_REPRESENTATION_CONTEXT() REPRESENTATION_CONTEXT('2D SPACE',''
  ) );
#1235 = PCURVE('',#379,#1236);
#1236 = DEFINITIONAL_REPRESENTATION('',(#1237),#1240);
#1237 = B_SPLINE_CURVE_WITH_KNOTS('',1,(#1238,#1239),.UNSPECIFIED.,.F.,
  .F.,(2,2),(0.,9.5),.PIECEWISE_BEZIER_KNOTS.);
#1238 = CARTESIAN_POINT('',(1.797840436355,0.));
#1239 = CARTESIAN_POINT('',(1.797840436355,9.5));
#1240 = ( GEOMETRIC_REPRESENTATION_CONTEXT(2) 
PARAMETRIC_REPRESENTATION_CONTEXT() REPRESENTATION_CONTEXT('2D SPACE',''
  ) );
#1241 = ORIENTED_EDGE('',*,*,#334,.T.);
#1242 = ORIENTED_EDGE('',*,*,#1145,.T.);
#1243 = ORIENTED_EDGE('',*,*,#1244,.F.);
#1244 = EDGE_CURVE('',#1196,#1146,#1245,.T.);
#1245 = SURFACE_CURVE('',#1246,(#1250,#1257),.PCURVE_S1.);
#1246 = LINE('',#1247,#1248);
#1247 = CARTESIAN_POINT('',(4.,-16.72,9.05));
#1248 = VECTOR('',#1249,1.);
#1249 = DIRECTION('',(-1.224646799147E-16,-1.,0.));
#1250 = PCURVE('',#350,#1251);
#1251 = DEFINITIONAL_REPRESENTATION('',(#1252),#1256);
#1252 = LINE('',#1253,#1254);
#1253 = CARTESIAN_POINT('',(9.5,0.));
#1254 = VECTOR('',#1255,1.);
#1255 = DIRECTION('',(0.,-1.));
#1256 = ( GEOMETRIC_REPRESENTATION_CONTEXT(2) 
PARAMETRIC_REPRESENTATION_CONTEXT() REPRESENTATION_CONTEXT('2D SPACE',''
  ) );
#1257 = PCURVE('',#603,#1258);
#1258 = DEFINITIONAL_REPRESENTATION('',(#1259),#1263);
#1259 = LINE('',#1260,#1261);
#1260 = CARTESIAN_POINT('',(-4.,16.72));
#1261 = VECTOR('',#1262,1.);
#1262 = DIRECTION('',(0.,1.));
#1263 = ( GEOMETRIC_REPRESENTATION_CONTEXT(2) 
PARAMETRIC_REPRESENTATION_CONTEXT() REPRESENTATION_CONTEXT('2D SPACE',''
  ) );
#1264 = ADVANCED_FACE('',(#1265,#1519,#1631),#379,.T.);
#1265 = FACE_BOUND('',#1266,.T.);
#1266 = EDGE_LOOP('',(#1267,#1295,#1328,#1361,#1394,#1420,#1421,#1422,
    #1443,#1466,#1492));
#1267 = ORIENTED_EDGE('',*,*,#1268,.T.);
#1268 = EDGE_CURVE('',#1269,#1271,#1273,.T.);
#1269 = VERTEX_POINT('',#1270);
#1270 = CARTESIAN_POINT('',(4.,17.313951022225,-0.45));
#1271 = VERTEX_POINT('',#1272);
#1272 = CARTESIAN_POINT('',(4.,17.313951022225,9.05));
#1273 = SURFACE_CURVE('',#1274,(#1278,#1284),.PCURVE_S1.);
#1274 = LINE('',#1275,#1276);
#1275 = CARTESIAN_POINT('',(4.,17.313951022225,-0.45));
#1276 = VECTOR('',#1277,1.);
#1277 = DIRECTION('',(0.,0.,1.));
#1278 = PCURVE('',#379,#1279);
#1279 = DEFINITIONAL_REPRESENTATION('',(#1280),#1283);
#1280 = B_SPLINE_CURVE_WITH_KNOTS('',1,(#1281,#1282),.UNSPECIFIED.,.F.,
  .F.,(2,2),(-2.400000000014E-06,9.5000024),.PIECEWISE_BEZIER_KNOTS.);
#1281 = CARTESIAN_POINT('',(4.485344870825,-2.400000000014E-06));
#1282 = CARTESIAN_POINT('',(4.485344870825,9.5000024));
#1283 = ( GEOMETRIC_REPRESENTATION_CONTEXT(2) 
PARAMETRIC_REPRESENTATION_CONTEXT() REPRESENTATION_CONTEXT('2D SPACE',''
  ) );
#1284 = PCURVE('',#1285,#1290);
#1285 = PLANE('',#1286);
#1286 = AXIS2_PLACEMENT_3D('',#1287,#1288,#1289);
#1287 = CARTESIAN_POINT('',(4.,20.2,-0.45));
#1288 = DIRECTION('',(-1.,1.224646799147E-16,0.));
#1289 = DIRECTION('',(0.,0.,1.));
#1290 = DEFINITIONAL_REPRESENTATION('',(#1291),#1294);
#1291 = B_SPLINE_CURVE_WITH_KNOTS('',1,(#1292,#1293),.UNSPECIFIED.,.F.,
  .F.,(2,2),(-2.400000000014E-06,9.5000024),.PIECEWISE_BEZIER_KNOTS.);
#1292 = CARTESIAN_POINT('',(-2.400000000014E-06,-2.886048977775));
#1293 = CARTESIAN_POINT('',(9.5000024,-2.886048977775));
#1294 = ( GEOMETRIC_REPRESENTATION_CONTEXT(2) 
PARAMETRIC_REPRESENTATION_CONTEXT() REPRESENTATION_CONTEXT('2D SPACE',''
  ) );
#1295 = ORIENTED_EDGE('',*,*,#1296,.T.);
#1296 = EDGE_CURVE('',#1271,#1297,#1299,.T.);
#1297 = VERTEX_POINT('',#1298);
#1298 = CARTESIAN_POINT('',(10.694252961412,14.191753013541,9.05));
#1299 = SURFACE_CURVE('',#1300,(#1305,#1312),.PCURVE_S1.);
#1300 = CIRCLE('',#1301,17.77);
#1301 = AXIS2_PLACEMENT_3D('',#1302,#1303,#1304);
#1302 = CARTESIAN_POINT('',(0.,0.,9.05));
#1303 = DIRECTION('',(-0.,0.,-1.));
#1304 = DIRECTION('',(-0.225098480585,-0.974336017008,0.));
#1305 = PCURVE('',#379,#1306);
#1306 = DEFINITIONAL_REPRESENTATION('',(#1307),#1311);
#1307 = LINE('',#1308,#1309);
#1308 = CARTESIAN_POINT('',(7.626937524415,9.5));
#1309 = VECTOR('',#1310,1.);
#1310 = DIRECTION('',(-1.,-0.));
#1311 = ( GEOMETRIC_REPRESENTATION_CONTEXT(2) 
PARAMETRIC_REPRESENTATION_CONTEXT() REPRESENTATION_CONTEXT('2D SPACE',''
  ) );
#1312 = PCURVE('',#1313,#1318);
#1313 = PLANE('',#1314);
#1314 = AXIS2_PLACEMENT_3D('',#1315,#1316,#1317);
#1315 = CARTESIAN_POINT('',(0.,0.,9.05));
#1316 = DIRECTION('',(0.,0.,1.));
#1317 = DIRECTION('',(-1.,1.224646799147E-16,0.));
#1318 = DEFINITIONAL_REPRESENTATION('',(#1319),#1327);
#1319 = ( BOUNDED_CURVE() B_SPLINE_CURVE(2,(#1320,#1321,#1322,#1323,
#1324,#1325,#1326),.UNSPECIFIED.,.T.,.F.) B_SPLINE_CURVE_WITH_KNOTS((1,2
    ,2,2,2,1),(-2.094395102393,0.,2.094395102393,4.188790204786,
6.28318530718,8.377580409573),.UNSPECIFIED.) CURVE() 
GEOMETRIC_REPRESENTATION_ITEM() RATIONAL_B_SPLINE_CURVE((1.,0.5,1.,0.5,
1.,0.5,1.)) REPRESENTATION_ITEM('') );
#1320 = CARTESIAN_POINT('',(4.,17.313951022225));
#1321 = CARTESIAN_POINT('',(33.988642850252,10.38574779195));
#1322 = CARTESIAN_POINT('',(12.994321425126,-12.12107712625));
#1323 = CARTESIAN_POINT('',(-7.999999999999,-34.62790204445));
#1324 = CARTESIAN_POINT('',(-16.99432142512,-5.192873895975));
#1325 = CARTESIAN_POINT('',(-25.98864285025,24.2421542525));
#1326 = CARTESIAN_POINT('',(4.,17.313951022225));
#1327 = ( GEOMETRIC_REPRESENTATION_CONTEXT(2) 
PARAMETRIC_REPRESENTATION_CONTEXT() REPRESENTATION_CONTEXT('2D SPACE',''
  ) );
#1328 = ORIENTED_EDGE('',*,*,#1329,.T.);
#1329 = EDGE_CURVE('',#1297,#1330,#1332,.T.);
#1330 = VERTEX_POINT('',#1331);
#1331 = CARTESIAN_POINT('',(17.597063581538,-2.473106004061,9.05));
#1332 = SURFACE_CURVE('',#1333,(#1338,#1345),.PCURVE_S1.);
#1333 = CIRCLE('',#1334,17.77);
#1334 = AXIS2_PLACEMENT_3D('',#1335,#1336,#1337);
#1335 = CARTESIAN_POINT('',(0.,0.,9.05));
#1336 = DIRECTION('',(-0.,0.,-1.));
#1337 = DIRECTION('',(-0.225098480585,-0.974336017008,0.));
#1338 = PCURVE('',#379,#1339);
#1339 = DEFINITIONAL_REPRESENTATION('',(#1340),#1344);
#1340 = LINE('',#1341,#1342);
#1341 = CARTESIAN_POINT('',(7.626937524415,9.5));
#1342 = VECTOR('',#1343,1.);
#1343 = DIRECTION('',(-1.,-0.));
#1344 = ( GEOMETRIC_REPRESENTATION_CONTEXT(2) 
PARAMETRIC_REPRESENTATION_CONTEXT() REPRESENTATION_CONTEXT('2D SPACE',''
  ) );
#1345 = PCURVE('',#1346,#1351);
#1346 = PLANE('',#1347);
#1347 = AXIS2_PLACEMENT_3D('',#1348,#1349,#1350);
#1348 = CARTESIAN_POINT('',(0.,0.,9.05));
#1349 = DIRECTION('',(0.,0.,1.));
#1350 = DIRECTION('',(1.,0.,-0.));
#1351 = DEFINITIONAL_REPRESENTATION('',(#1352),#1360);
#1352 = ( BOUNDED_CURVE() B_SPLINE_CURVE(2,(#1353,#1354,#1355,#1356,
#1357,#1358,#1359),.UNSPECIFIED.,.T.,.F.) B_SPLINE_CURVE_WITH_KNOTS((1,2
    ,2,2,2,1),(-2.094395102393,0.,2.094395102393,4.188790204786,
6.28318530718,8.377580409573),.UNSPECIFIED.) CURVE() 
GEOMETRIC_REPRESENTATION_ITEM() RATIONAL_B_SPLINE_CURVE((1.,0.5,1.,0.5,
1.,0.5,1.)) REPRESENTATION_ITEM('') );
#1353 = CARTESIAN_POINT('',(-4.,-17.31395102222));
#1354 = CARTESIAN_POINT('',(-33.98864285025,-10.38574779195));
#1355 = CARTESIAN_POINT('',(-12.99432142512,12.12107712625));
#1356 = CARTESIAN_POINT('',(7.999999999999,34.62790204445));
#1357 = CARTESIAN_POINT('',(16.994321425126,5.192873895975));
#1358 = CARTESIAN_POINT('',(25.988642850253,-24.2421542525));
#1359 = CARTESIAN_POINT('',(-4.,-17.31395102222));
#1360 = ( GEOMETRIC_REPRESENTATION_CONTEXT(2) 
PARAMETRIC_REPRESENTATION_CONTEXT() REPRESENTATION_CONTEXT('2D SPACE',''
  ) );
#1361 = ORIENTED_EDGE('',*,*,#1362,.T.);
#1362 = EDGE_CURVE('',#1330,#1363,#1365,.T.);
#1363 = VERTEX_POINT('',#1364);
#1364 = CARTESIAN_POINT('',(6.943292153254,-16.35737124585,9.05));
#1365 = SURFACE_CURVE('',#1366,(#1371,#1378),.PCURVE_S1.);
#1366 = CIRCLE('',#1367,17.77);
#1367 = AXIS2_PLACEMENT_3D('',#1368,#1369,#1370);
#1368 = CARTESIAN_POINT('',(0.,0.,9.05));
#1369 = DIRECTION('',(-0.,0.,-1.));
#1370 = DIRECTION('',(-0.225098480585,-0.974336017008,0.));
#1371 = PCURVE('',#379,#1372);
#1372 = DEFINITIONAL_REPRESENTATION('',(#1373),#1377);
#1373 = LINE('',#1374,#1375);
#1374 = CARTESIAN_POINT('',(7.626937524415,9.5));
#1375 = VECTOR('',#1376,1.);
#1376 = DIRECTION('',(-1.,-0.));
#1377 = ( GEOMETRIC_REPRESENTATION_CONTEXT(2) 
PARAMETRIC_REPRESENTATION_CONTEXT() REPRESENTATION_CONTEXT('2D SPACE',''
  ) );
#1378 = PCURVE('',#1379,#1384);
#1379 = PLANE('',#1380);
#1380 = AXIS2_PLACEMENT_3D('',#1381,#1382,#1383);
#1381 = CARTESIAN_POINT('',(0.,0.,9.05));
#1382 = DIRECTION('',(0.,0.,1.));
#1383 = DIRECTION('',(-1.,1.224646799147E-16,0.));
#1384 = DEFINITIONAL_REPRESENTATION('',(#1385),#1393);
#1385 = ( BOUNDED_CURVE() B_SPLINE_CURVE(2,(#1386,#1387,#1388,#1389,
#1390,#1391,#1392),.UNSPECIFIED.,.T.,.F.) B_SPLINE_CURVE_WITH_KNOTS((1,2
    ,2,2,2,1),(-2.094395102393,0.,2.094395102393,4.188790204786,
6.28318530718,8.377580409573),.UNSPECIFIED.) CURVE() 
GEOMETRIC_REPRESENTATION_ITEM() RATIONAL_B_SPLINE_CURVE((1.,0.5,1.,0.5,
1.,0.5,1.)) REPRESENTATION_ITEM('') );
#1386 = CARTESIAN_POINT('',(4.,17.313951022225));
#1387 = CARTESIAN_POINT('',(33.988642850252,10.38574779195));
#1388 = CARTESIAN_POINT('',(12.994321425126,-12.12107712625));
#1389 = CARTESIAN_POINT('',(-7.999999999999,-34.62790204445));
#1390 = CARTESIAN_POINT('',(-16.99432142512,-5.192873895975));
#1391 = CARTESIAN_POINT('',(-25.98864285025,24.2421542525));
#1392 = CARTESIAN_POINT('',(4.,17.313951022225));
#1393 = ( GEOMETRIC_REPRESENTATION_CONTEXT(2) 
PARAMETRIC_REPRESENTATION_CONTEXT() REPRESENTATION_CONTEXT('2D SPACE',''
  ) );
#1394 = ORIENTED_EDGE('',*,*,#1395,.T.);
#1395 = EDGE_CURVE('',#1363,#1194,#1396,.T.);
#1396 = SURFACE_CURVE('',#1397,(#1402,#1409),.PCURVE_S1.);
#1397 = CIRCLE('',#1398,17.77);
#1398 = AXIS2_PLACEMENT_3D('',#1399,#1400,#1401);
#1399 = CARTESIAN_POINT('',(0.,0.,9.05));
#1400 = DIRECTION('',(-0.,0.,-1.));
#1401 = DIRECTION('',(-0.225098480585,-0.974336017008,0.));
#1402 = PCURVE('',#379,#1403);
#1403 = DEFINITIONAL_REPRESENTATION('',(#1404),#1408);
#1404 = LINE('',#1405,#1406);
#1405 = CARTESIAN_POINT('',(7.626937524415,9.5));
#1406 = VECTOR('',#1407,1.);
#1407 = DIRECTION('',(-1.,-0.));
#1408 = ( GEOMETRIC_REPRESENTATION_CONTEXT(2) 
PARAMETRIC_REPRESENTATION_CONTEXT() REPRESENTATION_CONTEXT('2D SPACE',''
  ) );
#1409 = PCURVE('',#1211,#1410);
#1410 = DEFINITIONAL_REPRESENTATION('',(#1411),#1419);
#1411 = ( BOUNDED_CURVE() B_SPLINE_CURVE(2,(#1412,#1413,#1414,#1415,
#1416,#1417,#1418),.UNSPECIFIED.,.T.,.F.) B_SPLINE_CURVE_WITH_KNOTS((1,2
    ,2,2,2,1),(-2.094395102393,0.,2.094395102393,4.188790204786,
6.28318530718,8.377580409573),.UNSPECIFIED.) CURVE() 
GEOMETRIC_REPRESENTATION_ITEM() RATIONAL_B_SPLINE_CURVE((1.,0.5,1.,0.5,
1.,0.5,1.)) REPRESENTATION_ITEM('') );
#1412 = CARTESIAN_POINT('',(-4.,-17.31395102222));
#1413 = CARTESIAN_POINT('',(-33.98864285025,-10.38574779195));
#1414 = CARTESIAN_POINT('',(-12.99432142512,12.12107712625));
#1415 = CARTESIAN_POINT('',(7.999999999999,34.62790204445));
#1416 = CARTESIAN_POINT('',(16.994321425126,5.192873895975));
#1417 = CARTESIAN_POINT('',(25.988642850253,-24.2421542525));
#1418 = CARTESIAN_POINT('',(-4.,-17.31395102222));
#1419 = ( GEOMETRIC_REPRESENTATION_CONTEXT(2) 
PARAMETRIC_REPRESENTATION_CONTEXT() REPRESENTATION_CONTEXT('2D SPACE',''
  ) );
#1420 = ORIENTED_EDGE('',*,*,#1223,.F.);
#1421 = ORIENTED_EDGE('',*,*,#362,.T.);
#1422 = ORIENTED_EDGE('',*,*,#1423,.T.);
#1423 = EDGE_CURVE('',#363,#1424,#1426,.T.);
#1424 = VERTEX_POINT('',#1425);
#1425 = CARTESIAN_POINT('',(16.458520589652,-6.7,7.85));
#1426 = SURFACE_CURVE('',#1427,(#1431,#1437),.PCURVE_S1.);
#1427 = LINE('',#1428,#1429);
#1428 = CARTESIAN_POINT('',(16.458520589652,-6.7,-0.45));
#1429 = VECTOR('',#1430,1.);
#1430 = DIRECTION('',(0.,0.,1.));
#1431 = PCURVE('',#379,#1432);
#1432 = DEFINITIONAL_REPRESENTATION('',(#1433),#1436);
#1433 = B_SPLINE_CURVE_WITH_KNOTS('',1,(#1434,#1435),.UNSPECIFIED.,.F.,
  .F.,(2,2),(0.,8.3),.PIECEWISE_BEZIER_KNOTS.);
#1434 = CARTESIAN_POINT('',(2.754994357236,0.));
#1435 = CARTESIAN_POINT('',(2.754994357236,8.3));
#1436 = ( GEOMETRIC_REPRESENTATION_CONTEXT(2) 
PARAMETRIC_REPRESENTATION_CONTEXT() REPRESENTATION_CONTEXT('2D SPACE',''
  ) );
#1437 = PCURVE('',#404,#1438);
#1438 = DEFINITIONAL_REPRESENTATION('',(#1439),#1442);
#1439 = B_SPLINE_CURVE_WITH_KNOTS('',1,(#1440,#1441),.UNSPECIFIED.,.F.,
  .F.,(2,2),(-6.000000000173E-07,9.23),.PIECEWISE_BEZIER_KNOTS.);
#1440 = CARTESIAN_POINT('',(0.9999994,13.541479410348));
#1441 = CARTESIAN_POINT('',(10.23,13.541479410348));
#1442 = ( GEOMETRIC_REPRESENTATION_CONTEXT(2) 
PARAMETRIC_REPRESENTATION_CONTEXT() REPRESENTATION_CONTEXT('2D SPACE',''
  ) );
#1443 = ORIENTED_EDGE('',*,*,#1444,.T.);
#1444 = EDGE_CURVE('',#1424,#1445,#1447,.T.);
#1445 = VERTEX_POINT('',#1446);
#1446 = CARTESIAN_POINT('',(16.458520589652,6.7,7.85));
#1447 = SURFACE_CURVE('',#1448,(#1453,#1459),.PCURVE_S1.);
#1448 = CIRCLE('',#1449,17.77);
#1449 = AXIS2_PLACEMENT_3D('',#1450,#1451,#1452);
#1450 = CARTESIAN_POINT('',(0.,0.,7.85));
#1451 = DIRECTION('',(0.,0.,1.));
#1452 = DIRECTION('',(-1.,1.224646799147E-16,0.));
#1453 = PCURVE('',#379,#1454);
#1454 = DEFINITIONAL_REPRESENTATION('',(#1455),#1458);
#1455 = B_SPLINE_CURVE_WITH_KNOTS('',1,(#1456,#1457),.UNSPECIFIED.,.F.,
  .F.,(2,2),(2.754994357236,3.528190949944),.PIECEWISE_BEZIER_KNOTS.);
#1456 = CARTESIAN_POINT('',(2.754994357236,8.3));
#1457 = CARTESIAN_POINT('',(3.528190949944,8.3));
#1458 = ( GEOMETRIC_REPRESENTATION_CONTEXT(2) 
PARAMETRIC_REPRESENTATION_CONTEXT() REPRESENTATION_CONTEXT('2D SPACE',''
  ) );
#1459 = PCURVE('',#765,#1460);
#1460 = DEFINITIONAL_REPRESENTATION('',(#1461),#1465);
#1461 = CIRCLE('',#1462,17.77);
#1462 = AXIS2_PLACEMENT_2D('',#1463,#1464);
#1463 = CARTESIAN_POINT('',(30.,6.7));
#1464 = DIRECTION('',(1.,0.));
#1465 = ( GEOMETRIC_REPRESENTATION_CONTEXT(2) 
PARAMETRIC_REPRESENTATION_CONTEXT() REPRESENTATION_CONTEXT('2D SPACE',''
  ) );
#1466 = ORIENTED_EDGE('',*,*,#1467,.F.);
#1467 = EDGE_CURVE('',#1468,#1445,#1470,.T.);
#1468 = VERTEX_POINT('',#1469);
#1469 = CARTESIAN_POINT('',(16.458520589652,6.7,-0.45));
#1470 = SURFACE_CURVE('',#1471,(#1475,#1481),.PCURVE_S1.);
#1471 = LINE('',#1472,#1473);
#1472 = CARTESIAN_POINT('',(16.458520589652,6.7,-0.45));
#1473 = VECTOR('',#1474,1.);
#1474 = DIRECTION('',(0.,0.,1.));
#1475 = PCURVE('',#379,#1476);
#1476 = DEFINITIONAL_REPRESENTATION('',(#1477),#1480);
#1477 = B_SPLINE_CURVE_WITH_KNOTS('',1,(#1478,#1479),.UNSPECIFIED.,.F.,
  .F.,(2,2),(0.,8.3),.PIECEWISE_BEZIER_KNOTS.);
#1478 = CARTESIAN_POINT('',(3.528190949944,0.));
#1479 = CARTESIAN_POINT('',(3.528190949944,8.3));
#1480 = ( GEOMETRIC_REPRESENTATION_CONTEXT(2) 
PARAMETRIC_REPRESENTATION_CONTEXT() REPRESENTATION_CONTEXT('2D SPACE',''
  ) );
#1481 = PCURVE('',#1482,#1487);
#1482 = PLANE('',#1483);
#1483 = AXIS2_PLACEMENT_3D('',#1484,#1485,#1486);
#1484 = CARTESIAN_POINT('',(30.,6.7,-1.45));
#1485 = DIRECTION('',(-1.224646799147E-16,-1.,0.));
#1486 = DIRECTION('',(0.,0.,1.));
#1487 = DEFINITIONAL_REPRESENTATION('',(#1488),#1491);
#1488 = B_SPLINE_CURVE_WITH_KNOTS('',1,(#1489,#1490),.UNSPECIFIED.,.F.,
  .F.,(2,2),(-6.000000000173E-07,9.23),.PIECEWISE_BEZIER_KNOTS.);
#1489 = CARTESIAN_POINT('',(0.9999994,13.541479410348));
#1490 = CARTESIAN_POINT('',(10.23,13.541479410348));
#1491 = ( GEOMETRIC_REPRESENTATION_CONTEXT(2) 
PARAMETRIC_REPRESENTATION_CONTEXT() REPRESENTATION_CONTEXT('2D SPACE',''
  ) );
#1492 = ORIENTED_EDGE('',*,*,#1493,.T.);
#1493 = EDGE_CURVE('',#1468,#1269,#1494,.T.);
#1494 = SURFACE_CURVE('',#1495,(#1500,#1507),.PCURVE_S1.);
#1495 = CIRCLE('',#1496,17.77);
#1496 = AXIS2_PLACEMENT_3D('',#1497,#1498,#1499);
#1497 = CARTESIAN_POINT('',(0.,0.,-0.45));
#1498 = DIRECTION('',(0.,-0.,1.));
#1499 = DIRECTION('',(0.926196994353,0.37703995498,0.));
#1500 = PCURVE('',#379,#1501);
#1501 = DEFINITIONAL_REPRESENTATION('',(#1502),#1506);
#1502 = LINE('',#1503,#1504);
#1503 = CARTESIAN_POINT('',(3.528190949944,0.));
#1504 = VECTOR('',#1505,1.);
#1505 = DIRECTION('',(1.,0.));
#1506 = ( GEOMETRIC_REPRESENTATION_CONTEXT(2) 
PARAMETRIC_REPRESENTATION_CONTEXT() REPRESENTATION_CONTEXT('2D SPACE',''
  ) );
#1507 = PCURVE('',#1508,#1513);
#1508 = PLANE('',#1509);
#1509 = AXIS2_PLACEMENT_3D('',#1510,#1511,#1512);
#1510 = CARTESIAN_POINT('',(0.,0.,-0.45));
#1511 = DIRECTION('',(0.,0.,1.));
#1512 = DIRECTION('',(-1.,1.224646799147E-16,0.));
#1513 = DEFINITIONAL_REPRESENTATION('',(#1514),#1518);
#1514 = CIRCLE('',#1515,17.77);
#1515 = AXIS2_PLACEMENT_2D('',#1516,#1517);
#1516 = CARTESIAN_POINT('',(0.,0.));
#1517 = DIRECTION('',(-0.926196994353,-0.37703995498));
#1518 = ( GEOMETRIC_REPRESENTATION_CONTEXT(2) 
PARAMETRIC_REPRESENTATION_CONTEXT() REPRESENTATION_CONTEXT('2D SPACE',''
  ) );
#1519 = FACE_BOUND('',#1520,.T.);
#1520 = EDGE_LOOP('',(#1521,#1552,#1578,#1607));
#1521 = ORIENTED_EDGE('',*,*,#1522,.F.);
#1522 = EDGE_CURVE('',#1523,#1525,#1527,.T.);
#1523 = VERTEX_POINT('',#1524);
#1524 = CARTESIAN_POINT('',(8.911845799324,-15.37374074352,4.));
#1525 = VERTEX_POINT('',#1526);
#1526 = CARTESIAN_POINT('',(9.652209975623,-14.92004499277,4.));
#1527 = SURFACE_CURVE('',#1528,(#1533,#1540),.PCURVE_S1.);
#1528 = CIRCLE('',#1529,17.77);
#1529 = AXIS2_PLACEMENT_3D('',#1530,#1531,#1532);
#1530 = CARTESIAN_POINT('',(0.,0.,4.));
#1531 = DIRECTION('',(0.,0.,1.));
#1532 = DIRECTION('',(-1.,1.224646799147E-16,0.));
#1533 = PCURVE('',#379,#1534);
#1534 = DEFINITIONAL_REPRESENTATION('',(#1535),#1539);
#1535 = LINE('',#1536,#1537);
#1536 = CARTESIAN_POINT('',(0.,4.45));
#1537 = VECTOR('',#1538,1.);
#1538 = DIRECTION('',(1.,0.));
#1539 = ( GEOMETRIC_REPRESENTATION_CONTEXT(2) 
PARAMETRIC_REPRESENTATION_CONTEXT() REPRESENTATION_CONTEXT('2D SPACE',''
  ) );
#1540 = PCURVE('',#1541,#1546);
#1541 = PLANE('',#1542);
#1542 = AXIS2_PLACEMENT_3D('',#1543,#1544,#1545);
#1543 = CARTESIAN_POINT('',(5.553948078979,-9.063219542908,4.));
#1544 = DIRECTION('',(0.,0.,1.));
#1545 = DIRECTION('',(-1.,1.224646799147E-16,0.));
#1546 = DEFINITIONAL_REPRESENTATION('',(#1547),#1551);
#1547 = CIRCLE('',#1548,17.77);
#1548 = AXIS2_PLACEMENT_2D('',#1549,#1550);
#1549 = CARTESIAN_POINT('',(5.553948078979,-9.063219542908));
#1550 = DIRECTION('',(1.,0.));
#1551 = ( GEOMETRIC_REPRESENTATION_CONTEXT(2) 
PARAMETRIC_REPRESENTATION_CONTEXT() REPRESENTATION_CONTEXT('2D SPACE',''
  ) );
#1552 = ORIENTED_EDGE('',*,*,#1553,.T.);
#1553 = EDGE_CURVE('',#1523,#1554,#1556,.T.);
#1554 = VERTEX_POINT('',#1555);
#1555 = CARTESIAN_POINT('',(8.911845799324,-15.37374074352,6.5));
#1556 = SURFACE_CURVE('',#1557,(#1561,#1567),.PCURVE_S1.);
#1557 = LINE('',#1558,#1559);
#1558 = CARTESIAN_POINT('',(8.911845799324,-15.37374074352,-0.45));
#1559 = VECTOR('',#1560,1.);
#1560 = DIRECTION('',(0.,0.,1.));
#1561 = PCURVE('',#379,#1562);
#1562 = DEFINITIONAL_REPRESENTATION('',(#1563),#1566);
#1563 = B_SPLINE_CURVE_WITH_KNOTS('',1,(#1564,#1565),.UNSPECIFIED.,.F.,
  .F.,(2,2),(4.2,7.2),.PIECEWISE_BEZIER_KNOTS.);
#1564 = CARTESIAN_POINT('',(2.096140431645,4.2));
#1565 = CARTESIAN_POINT('',(2.096140431645,7.2));
#1566 = ( GEOMETRIC_REPRESENTATION_CONTEXT(2) 
PARAMETRIC_REPRESENTATION_CONTEXT() REPRESENTATION_CONTEXT('2D SPACE',''
  ) );
#1567 = PCURVE('',#1568,#1573);
#1568 = PLANE('',#1569);
#1569 = AXIS2_PLACEMENT_3D('',#1570,#1571,#1572);
#1570 = CARTESIAN_POINT('',(0.,0.,4.));
#1571 = DIRECTION('',(0.86515142057,0.501510737159,0.));
#1572 = DIRECTION('',(0.501510737159,-0.86515142057,0.));
#1573 = DEFINITIONAL_REPRESENTATION('',(#1574),#1577);
#1574 = B_SPLINE_CURVE_WITH_KNOTS('',1,(#1575,#1576),.UNSPECIFIED.,.F.,
  .F.,(2,2),(4.2,7.2),.PIECEWISE_BEZIER_KNOTS.);
#1575 = CARTESIAN_POINT('',(17.77,0.25));
#1576 = CARTESIAN_POINT('',(17.77,-2.75));
#1577 = ( GEOMETRIC_REPRESENTATION_CONTEXT(2) 
PARAMETRIC_REPRESENTATION_CONTEXT() REPRESENTATION_CONTEXT('2D SPACE',''
  ) );
#1578 = ORIENTED_EDGE('',*,*,#1579,.T.);
#1579 = EDGE_CURVE('',#1554,#1580,#1582,.T.);
#1580 = VERTEX_POINT('',#1581);
#1581 = CARTESIAN_POINT('',(9.652209975623,-14.92004499277,6.5));
#1582 = SURFACE_CURVE('',#1583,(#1588,#1595),.PCURVE_S1.);
#1583 = CIRCLE('',#1584,17.77);
#1584 = AXIS2_PLACEMENT_3D('',#1585,#1586,#1587);
#1585 = CARTESIAN_POINT('',(0.,0.,6.5));
#1586 = DIRECTION('',(0.,0.,1.));
#1587 = DIRECTION('',(-1.,1.224646799147E-16,0.));
#1588 = PCURVE('',#379,#1589);
#1589 = DEFINITIONAL_REPRESENTATION('',(#1590),#1594);
#1590 = LINE('',#1591,#1592);
#1591 = CARTESIAN_POINT('',(0.,6.95));
#1592 = VECTOR('',#1593,1.);
#1593 = DIRECTION('',(1.,0.));
#1594 = ( GEOMETRIC_REPRESENTATION_CONTEXT(2) 
PARAMETRIC_REPRESENTATION_CONTEXT() REPRESENTATION_CONTEXT('2D SPACE',''
  ) );
#1595 = PCURVE('',#1596,#1601);
#1596 = PLANE('',#1597);
#1597 = AXIS2_PLACEMENT_3D('',#1598,#1599,#1600);
#1598 = CARTESIAN_POINT('',(5.553948078979,-9.063219542908,6.5));
#1599 = DIRECTION('',(0.,0.,1.));
#1600 = DIRECTION('',(-1.,1.224646799147E-16,0.));
#1601 = DEFINITIONAL_REPRESENTATION('',(#1602),#1606);
#1602 = CIRCLE('',#1603,17.77);
#1603 = AXIS2_PLACEMENT_2D('',#1604,#1605);
#1604 = CARTESIAN_POINT('',(5.553948078979,-9.063219542908));
#1605 = DIRECTION('',(1.,0.));
#1606 = ( GEOMETRIC_REPRESENTATION_CONTEXT(2) 
PARAMETRIC_REPRESENTATION_CONTEXT() REPRESENTATION_CONTEXT('2D SPACE',''
  ) );
#1607 = ORIENTED_EDGE('',*,*,#1608,.F.);
#1608 = EDGE_CURVE('',#1525,#1580,#1609,.T.);
#1609 = SURFACE_CURVE('',#1610,(#1614,#1620),.PCURVE_S1.);
#1610 = LINE('',#1611,#1612);
#1611 = CARTESIAN_POINT('',(9.652209975623,-14.92004499277,-0.45));
#1612 = VECTOR('',#1613,1.);
#1613 = DIRECTION('',(0.,0.,1.));
#1614 = PCURVE('',#379,#1615);
#1615 = DEFINITIONAL_REPRESENTATION('',(#1616),#1619);
#1616 = B_SPLINE_CURVE_WITH_KNOTS('',1,(#1617,#1618),.UNSPECIFIED.,.F.,
  .F.,(2,2),(4.2,7.2),.PIECEWISE_BEZIER_KNOTS.);
#1617 = CARTESIAN_POINT('',(2.145009650701,4.2));
#1618 = CARTESIAN_POINT('',(2.145009650701,7.2));
#1619 = ( GEOMETRIC_REPRESENTATION_CONTEXT(2) 
PARAMETRIC_REPRESENTATION_CONTEXT() REPRESENTATION_CONTEXT('2D SPACE',''
  ) );
#1620 = PCURVE('',#1621,#1626);
#1621 = PLANE('',#1622);
#1622 = AXIS2_PLACEMENT_3D('',#1623,#1624,#1625);
#1623 = CARTESIAN_POINT('',(11.281733325475,-17.43890458638,4.));
#1624 = DIRECTION('',(-0.839619864534,-0.543174449951,0.));
#1625 = DIRECTION('',(-0.543174449951,0.839619864534,0.));
#1626 = DEFINITIONAL_REPRESENTATION('',(#1627),#1630);
#1627 = B_SPLINE_CURVE_WITH_KNOTS('',1,(#1628,#1629),.UNSPECIFIED.,.F.,
  .F.,(2,2),(4.2,7.2),.PIECEWISE_BEZIER_KNOTS.);
#1628 = CARTESIAN_POINT('',(3.,0.25));
#1629 = CARTESIAN_POINT('',(3.,-2.75));
#1630 = ( GEOMETRIC_REPRESENTATION_CONTEXT(2) 
PARAMETRIC_REPRESENTATION_CONTEXT() REPRESENTATION_CONTEXT('2D SPACE',''
  ) );
#1631 = FACE_BOUND('',#1632,.T.);
#1632 = EDGE_LOOP('',(#1633,#1664,#1690,#1719));
#1633 = ORIENTED_EDGE('',*,*,#1634,.F.);
#1634 = EDGE_CURVE('',#1635,#1637,#1639,.T.);
#1635 = VERTEX_POINT('',#1636);
#1636 = CARTESIAN_POINT('',(14.920044992777,-9.652209975623,4.));
#1637 = VERTEX_POINT('',#1638);
#1638 = CARTESIAN_POINT('',(15.373740743524,-8.911845799324,4.));
#1639 = SURFACE_CURVE('',#1640,(#1645,#1652),.PCURVE_S1.);
#1640 = CIRCLE('',#1641,17.77);
#1641 = AXIS2_PLACEMENT_3D('',#1642,#1643,#1644);
#1642 = CARTESIAN_POINT('',(0.,0.,4.));
#1643 = DIRECTION('',(0.,0.,1.));
#1644 = DIRECTION('',(-1.,1.224646799147E-16,0.));
#1645 = PCURVE('',#379,#1646);
#1646 = DEFINITIONAL_REPRESENTATION('',(#1647),#1651);
#1647 = LINE('',#1648,#1649);
#1648 = CARTESIAN_POINT('',(0.,4.45));
#1649 = VECTOR('',#1650,1.);
#1650 = DIRECTION('',(1.,0.));
#1651 = ( GEOMETRIC_REPRESENTATION_CONTEXT(2) 
PARAMETRIC_REPRESENTATION_CONTEXT() REPRESENTATION_CONTEXT('2D SPACE',''
  ) );
#1652 = PCURVE('',#1653,#1658);
#1653 = PLANE('',#1654);
#1654 = AXIS2_PLACEMENT_3D('',#1655,#1656,#1657);
#1655 = CARTESIAN_POINT('',(9.063219542908,-5.553948078979,4.));
#1656 = DIRECTION('',(0.,0.,1.));
#1657 = DIRECTION('',(-1.,1.224646799147E-16,0.));
#1658 = DEFINITIONAL_REPRESENTATION('',(#1659),#1663);
#1659 = CIRCLE('',#1660,17.77);
#1660 = AXIS2_PLACEMENT_2D('',#1661,#1662);
#1661 = CARTESIAN_POINT('',(9.063219542908,-5.553948078979));
#1662 = DIRECTION('',(1.,0.));
#1663 = ( GEOMETRIC_REPRESENTATION_CONTEXT(2) 
PARAMETRIC_REPRESENTATION_CONTEXT() REPRESENTATION_CONTEXT('2D SPACE',''
  ) );
#1664 = ORIENTED_EDGE('',*,*,#1665,.T.);
#1665 = EDGE_CURVE('',#1635,#1666,#1668,.T.);
#1666 = VERTEX_POINT('',#1667);
#1667 = CARTESIAN_POINT('',(14.920044992777,-9.652209975623,6.5));
#1668 = SURFACE_CURVE('',#1669,(#1673,#1679),.PCURVE_S1.);
#1669 = LINE('',#1670,#1671);
#1670 = CARTESIAN_POINT('',(14.920044992777,-9.652209975623,-0.45));
#1671 = VECTOR('',#1672,1.);
#1672 = DIRECTION('',(0.,0.,1.));
#1673 = PCURVE('',#379,#1674);
#1674 = DEFINITIONAL_REPRESENTATION('',(#1675),#1678);
#1675 = B_SPLINE_CURVE_WITH_KNOTS('',1,(#1676,#1677),.UNSPECIFIED.,.F.,
  .F.,(2,2),(4.2,7.2),.PIECEWISE_BEZIER_KNOTS.);
#1676 = CARTESIAN_POINT('',(2.567379329684,4.2));
#1677 = CARTESIAN_POINT('',(2.567379329684,7.2));
#1678 = ( GEOMETRIC_REPRESENTATION_CONTEXT(2) 
PARAMETRIC_REPRESENTATION_CONTEXT() REPRESENTATION_CONTEXT('2D SPACE',''
  ) );
#1679 = PCURVE('',#1680,#1685);
#1680 = PLANE('',#1681);
#1681 = AXIS2_PLACEMENT_3D('',#1682,#1683,#1684);
#1682 = CARTESIAN_POINT('',(0.,0.,4.));
#1683 = DIRECTION('',(0.543174449951,0.839619864534,0.));
#1684 = DIRECTION('',(0.839619864534,-0.543174449951,0.));
#1685 = DEFINITIONAL_REPRESENTATION('',(#1686),#1689);
#1686 = B_SPLINE_CURVE_WITH_KNOTS('',1,(#1687,#1688),.UNSPECIFIED.,.F.,
  .F.,(2,2),(4.2,7.2),.PIECEWISE_BEZIER_KNOTS.);
#1687 = CARTESIAN_POINT('',(17.77,0.25));
#1688 = CARTESIAN_POINT('',(17.77,-2.75));
#1689 = ( GEOMETRIC_REPRESENTATION_CONTEXT(2) 
PARAMETRIC_REPRESENTATION_CONTEXT() REPRESENTATION_CONTEXT('2D SPACE',''
  ) );
#1690 = ORIENTED_EDGE('',*,*,#1691,.T.);
#1691 = EDGE_CURVE('',#1666,#1692,#1694,.T.);
#1692 = VERTEX_POINT('',#1693);
#1693 = CARTESIAN_POINT('',(15.373740743524,-8.911845799324,6.5));
#1694 = SURFACE_CURVE('',#1695,(#1700,#1707),.PCURVE_S1.);
#1695 = CIRCLE('',#1696,17.77);
#1696 = AXIS2_PLACEMENT_3D('',#1697,#1698,#1699);
#1697 = CARTESIAN_POINT('',(0.,0.,6.5));
#1698 = DIRECTION('',(0.,0.,1.));
#1699 = DIRECTION('',(-1.,1.224646799147E-16,0.));
#1700 = PCURVE('',#379,#1701);
#1701 = DEFINITIONAL_REPRESENTATION('',(#1702),#1706);
#1702 = LINE('',#1703,#1704);
#1703 = CARTESIAN_POINT('',(0.,6.95));
#1704 = VECTOR('',#1705,1.);
#1705 = DIRECTION('',(1.,0.));
#1706 = ( GEOMETRIC_REPRESENTATION_CONTEXT(2) 
PARAMETRIC_REPRESENTATION_CONTEXT() REPRESENTATION_CONTEXT('2D SPACE',''
  ) );
#1707 = PCURVE('',#1708,#1713);
#1708 = PLANE('',#1709);
#1709 = AXIS2_PLACEMENT_3D('',#1710,#1711,#1712);
#1710 = CARTESIAN_POINT('',(9.063219542908,-5.553948078979,6.5));
#1711 = DIRECTION('',(0.,0.,1.));
#1712 = DIRECTION('',(-1.,1.224646799147E-16,0.));
#1713 = DEFINITIONAL_REPRESENTATION('',(#1714),#1718);
#1714 = CIRCLE('',#1715,17.77);
#1715 = AXIS2_PLACEMENT_2D('',#1716,#1717);
#1716 = CARTESIAN_POINT('',(9.063219542908,-5.553948078979));
#1717 = DIRECTION('',(1.,0.));
#1718 = ( GEOMETRIC_REPRESENTATION_CONTEXT(2) 
PARAMETRIC_REPRESENTATION_CONTEXT() REPRESENTATION_CONTEXT('2D SPACE',''
  ) );
#1719 = ORIENTED_EDGE('',*,*,#1720,.F.);
#1720 = EDGE_CURVE('',#1637,#1692,#1721,.T.);
#1721 = SURFACE_CURVE('',#1722,(#1726,#1732),.PCURVE_S1.);
#1722 = LINE('',#1723,#1724);
#1723 = CARTESIAN_POINT('',(15.373740743524,-8.911845799324,-0.45));
#1724 = VECTOR('',#1725,1.);
#1725 = DIRECTION('',(0.,0.,1.));
#1726 = PCURVE('',#379,#1727);
#1727 = DEFINITIONAL_REPRESENTATION('',(#1728),#1731);
#1728 = B_SPLINE_CURVE_WITH_KNOTS('',1,(#1729,#1730),.UNSPECIFIED.,.F.,
  .F.,(2,2),(4.2,7.2),.PIECEWISE_BEZIER_KNOTS.);
#1729 = CARTESIAN_POINT('',(2.61624854874,4.2));
#1730 = CARTESIAN_POINT('',(2.61624854874,7.2));
#1731 = ( GEOMETRIC_REPRESENTATION_CONTEXT(2) 
PARAMETRIC_REPRESENTATION_CONTEXT() REPRESENTATION_CONTEXT('2D SPACE',''
  ) );
#1732 = PCURVE('',#1733,#1738);
#1733 = PLANE('',#1734);
#1734 = AXIS2_PLACEMENT_3D('',#1735,#1736,#1737);
#1735 = CARTESIAN_POINT('',(17.969195005233,-10.4163780108,4.));
#1736 = DIRECTION('',(-0.501510737159,-0.86515142057,0.));
#1737 = DIRECTION('',(-0.86515142057,0.501510737159,0.));
#1738 = DEFINITIONAL_REPRESENTATION('',(#1739),#1742);
#1739 = B_SPLINE_CURVE_WITH_KNOTS('',1,(#1740,#1741),.UNSPECIFIED.,.F.,
  .F.,(2,2),(4.2,7.2),.PIECEWISE_BEZIER_KNOTS.);
#1740 = CARTESIAN_POINT('',(3.,0.25));
#1741 = CARTESIAN_POINT('',(3.,-2.75));
#1742 = ( GEOMETRIC_REPRESENTATION_CONTEXT(2) 
PARAMETRIC_REPRESENTATION_CONTEXT() REPRESENTATION_CONTEXT('2D SPACE',''
  ) );
#1743 = ADVANCED_FACE('',(#1744),#404,.F.);
#1744 = FACE_BOUND('',#1745,.F.);
#1745 = EDGE_LOOP('',(#1746,#1747,#1770,#1791,#1810,#1811));
#1746 = ORIENTED_EDGE('',*,*,#1423,.T.);
#1747 = ORIENTED_EDGE('',*,*,#1748,.T.);
#1748 = EDGE_CURVE('',#1424,#1749,#1751,.T.);
#1749 = VERTEX_POINT('',#1750);
#1750 = CARTESIAN_POINT('',(14.771540204054,-6.7,7.85));
#1751 = SURFACE_CURVE('',#1752,(#1756,#1763),.PCURVE_S1.);
#1752 = LINE('',#1753,#1754);
#1753 = CARTESIAN_POINT('',(30.,-6.7,7.85));
#1754 = VECTOR('',#1755,1.);
#1755 = DIRECTION('',(-1.,1.224646799147E-16,0.));
#1756 = PCURVE('',#404,#1757);
#1757 = DEFINITIONAL_REPRESENTATION('',(#1758),#1762);
#1758 = LINE('',#1759,#1760);
#1759 = CARTESIAN_POINT('',(9.3,0.));
#1760 = VECTOR('',#1761,1.);
#1761 = DIRECTION('',(0.,1.));
#1762 = ( GEOMETRIC_REPRESENTATION_CONTEXT(2) 
PARAMETRIC_REPRESENTATION_CONTEXT() REPRESENTATION_CONTEXT('2D SPACE',''
  ) );
#1763 = PCURVE('',#765,#1764);
#1764 = DEFINITIONAL_REPRESENTATION('',(#1765),#1769);
#1765 = LINE('',#1766,#1767);
#1766 = CARTESIAN_POINT('',(0.,13.4));
#1767 = VECTOR('',#1768,1.);
#1768 = DIRECTION('',(1.,0.));
#1769 = ( GEOMETRIC_REPRESENTATION_CONTEXT(2) 
PARAMETRIC_REPRESENTATION_CONTEXT() REPRESENTATION_CONTEXT('2D SPACE',''
  ) );
#1770 = ORIENTED_EDGE('',*,*,#1771,.F.);
#1771 = EDGE_CURVE('',#1772,#1749,#1774,.T.);
#1772 = VERTEX_POINT('',#1773);
#1773 = CARTESIAN_POINT('',(14.771540204055,-6.7,-0.1));
#1774 = SURFACE_CURVE('',#1775,(#1779,#1785),.PCURVE_S1.);
#1775 = LINE('',#1776,#1777);
#1776 = CARTESIAN_POINT('',(14.771540204055,-6.7,-0.45));
#1777 = VECTOR('',#1778,1.);
#1778 = DIRECTION('',(0.,0.,1.));
#1779 = PCURVE('',#404,#1780);
#1780 = DEFINITIONAL_REPRESENTATION('',(#1781),#1784);
#1781 = B_SPLINE_CURVE_WITH_KNOTS('',1,(#1782,#1783),.UNSPECIFIED.,.F.,
  .F.,(2,2),(0.3499994,8.3000006),.PIECEWISE_BEZIER_KNOTS.);
#1782 = CARTESIAN_POINT('',(1.3499994,15.228459795945));
#1783 = CARTESIAN_POINT('',(9.3000006,15.228459795945));
#1784 = ( GEOMETRIC_REPRESENTATION_CONTEXT(2) 
PARAMETRIC_REPRESENTATION_CONTEXT() REPRESENTATION_CONTEXT('2D SPACE',''
  ) );
#1785 = PCURVE('',#792,#1786);
#1786 = DEFINITIONAL_REPRESENTATION('',(#1787),#1790);
#1787 = B_SPLINE_CURVE_WITH_KNOTS('',1,(#1788,#1789),.UNSPECIFIED.,.F.,
  .F.,(2,2),(0.35,8.3),.PIECEWISE_BEZIER_KNOTS.);
#1788 = CARTESIAN_POINT('',(8.998955118118,0.35));
#1789 = CARTESIAN_POINT('',(8.998955118118,8.3));
#1790 = ( GEOMETRIC_REPRESENTATION_CONTEXT(2) 
PARAMETRIC_REPRESENTATION_CONTEXT() REPRESENTATION_CONTEXT('2D SPACE',''
  ) );
#1791 = ORIENTED_EDGE('',*,*,#1792,.F.);
#1792 = EDGE_CURVE('',#442,#1772,#1793,.T.);
#1793 = SURFACE_CURVE('',#1794,(#1798,#1804),.PCURVE_S1.);
#1794 = LINE('',#1795,#1796);
#1795 = CARTESIAN_POINT('',(15.,-6.7,-0.1));
#1796 = VECTOR('',#1797,1.);
#1797 = DIRECTION('',(1.,-1.224646799147E-16,0.));
#1798 = PCURVE('',#404,#1799);
#1799 = DEFINITIONAL_REPRESENTATION('',(#1800),#1803);
#1800 = B_SPLINE_CURVE_WITH_KNOTS('',1,(#1801,#1802),.UNSPECIFIED.,.F.,
  .F.,(2,2),(-5.,1.22),.PIECEWISE_BEZIER_KNOTS.);
#1801 = CARTESIAN_POINT('',(1.35,20.));
#1802 = CARTESIAN_POINT('',(1.35,13.78));
#1803 = ( GEOMETRIC_REPRESENTATION_CONTEXT(2) 
PARAMETRIC_REPRESENTATION_CONTEXT() REPRESENTATION_CONTEXT('2D SPACE',''
  ) );
#1804 = PCURVE('',#477,#1805);
#1805 = DEFINITIONAL_REPRESENTATION('',(#1806),#1809);
#1806 = B_SPLINE_CURVE_WITH_KNOTS('',1,(#1807,#1808),.UNSPECIFIED.,.F.,
  .F.,(2,2),(-5.,1.22),.PIECEWISE_BEZIER_KNOTS.);
#1807 = CARTESIAN_POINT('',(-10.,6.7));
#1808 = CARTESIAN_POINT('',(-16.22,6.7));
#1809 = ( GEOMETRIC_REPRESENTATION_CONTEXT(2) 
PARAMETRIC_REPRESENTATION_CONTEXT() REPRESENTATION_CONTEXT('2D SPACE',''
  ) );
#1810 = ORIENTED_EDGE('',*,*,#441,.F.);
#1811 = ORIENTED_EDGE('',*,*,#390,.T.);
#1812 = ADVANCED_FACE('',(#1813),#477,.T.);
#1813 = FACE_BOUND('',#1814,.T.);
#1814 = EDGE_LOOP('',(#1815,#1816,#1838,#1839));
#1815 = ORIENTED_EDGE('',*,*,#803,.T.);
#1816 = ORIENTED_EDGE('',*,*,#1817,.T.);
#1817 = EDGE_CURVE('',#777,#1772,#1818,.T.);
#1818 = SURFACE_CURVE('',#1819,(#1824,#1831),.PCURVE_S1.);
#1819 = CIRCLE('',#1820,16.22);
#1820 = AXIS2_PLACEMENT_3D('',#1821,#1822,#1823);
#1821 = CARTESIAN_POINT('',(0.,0.,-0.1));
#1822 = DIRECTION('',(0.,-0.,1.));
#1823 = DIRECTION('',(0.910699149448,0.4130702836,0.));
#1824 = PCURVE('',#477,#1825);
#1825 = DEFINITIONAL_REPRESENTATION('',(#1826),#1830);
#1826 = CIRCLE('',#1827,16.22);
#1827 = AXIS2_PLACEMENT_2D('',#1828,#1829);
#1828 = CARTESIAN_POINT('',(0.,0.));
#1829 = DIRECTION('',(-0.910699149448,-0.4130702836));
#1830 = ( GEOMETRIC_REPRESENTATION_CONTEXT(2) 
PARAMETRIC_REPRESENTATION_CONTEXT() REPRESENTATION_CONTEXT('2D SPACE',''
  ) );
#1831 = PCURVE('',#792,#1832);
#1832 = DEFINITIONAL_REPRESENTATION('',(#1833),#1837);
#1833 = LINE('',#1834,#1835);
#1834 = CARTESIAN_POINT('',(3.567415496241,0.35));
#1835 = VECTOR('',#1836,1.);
#1836 = DIRECTION('',(1.,0.));
#1837 = ( GEOMETRIC_REPRESENTATION_CONTEXT(2) 
PARAMETRIC_REPRESENTATION_CONTEXT() REPRESENTATION_CONTEXT('2D SPACE',''
  ) );
#1838 = ORIENTED_EDGE('',*,*,#1792,.F.);
#1839 = ORIENTED_EDGE('',*,*,#462,.F.);
#1840 = ADVANCED_FACE('',(#1841,#1872,#1964,#2486),#792,.F.);
#1841 = FACE_BOUND('',#1842,.F.);
#1842 = EDGE_LOOP('',(#1843,#1844,#1845,#1846));
#1843 = ORIENTED_EDGE('',*,*,#776,.F.);
#1844 = ORIENTED_EDGE('',*,*,#1817,.T.);
#1845 = ORIENTED_EDGE('',*,*,#1771,.T.);
#1846 = ORIENTED_EDGE('',*,*,#1847,.T.);
#1847 = EDGE_CURVE('',#1749,#750,#1848,.T.);
#1848 = SURFACE_CURVE('',#1849,(#1854,#1861),.PCURVE_S1.);
#1849 = CIRCLE('',#1850,16.22);
#1850 = AXIS2_PLACEMENT_3D('',#1851,#1852,#1853);
#1851 = CARTESIAN_POINT('',(0.,0.,7.85));
#1852 = DIRECTION('',(0.,-0.,-1.));
#1853 = DIRECTION('',(0.910699149448,-0.413070283601,0.));
#1854 = PCURVE('',#792,#1855);
#1855 = DEFINITIONAL_REPRESENTATION('',(#1856),#1860);
#1856 = LINE('',#1857,#1858);
#1857 = CARTESIAN_POINT('',(8.998955118118,8.3));
#1858 = VECTOR('',#1859,1.);
#1859 = DIRECTION('',(-1.,-0.));
#1860 = ( GEOMETRIC_REPRESENTATION_CONTEXT(2) 
PARAMETRIC_REPRESENTATION_CONTEXT() REPRESENTATION_CONTEXT('2D SPACE',''
  ) );
#1861 = PCURVE('',#765,#1862);
#1862 = DEFINITIONAL_REPRESENTATION('',(#1863),#1871);
#1863 = ( BOUNDED_CURVE() B_SPLINE_CURVE(2,(#1864,#1865,#1866,#1867,
#1868,#1869,#1870),.UNSPECIFIED.,.T.,.F.) B_SPLINE_CURVE_WITH_KNOTS((1,2
    ,2,2,2,1),(-2.094395102393,0.,2.094395102393,4.188790204786,
6.28318530718,8.377580409573),.UNSPECIFIED.) CURVE() 
GEOMETRIC_REPRESENTATION_ITEM() RATIONAL_B_SPLINE_CURVE((1.,0.5,1.,0.5,
1.,0.5,1.)) REPRESENTATION_ITEM('') );
#1864 = CARTESIAN_POINT('',(15.228459795946,13.4));
#1865 = CARTESIAN_POINT('',(26.833200206658,38.985058139469));
#1866 = CARTESIAN_POINT('',(43.188140307383,16.142529069734));
#1867 = CARTESIAN_POINT('',(59.543080408109,-6.700000000001));
#1868 = CARTESIAN_POINT('',(31.583399896671,-9.442529069734));
#1869 = CARTESIAN_POINT('',(3.623719385233,-12.18505813946));
#1870 = CARTESIAN_POINT('',(15.228459795946,13.4));
#1871 = ( GEOMETRIC_REPRESENTATION_CONTEXT(2) 
PARAMETRIC_REPRESENTATION_CONTEXT() REPRESENTATION_CONTEXT('2D SPACE',''
  ) );
#1872 = FACE_BOUND('',#1873,.F.);
#1873 = EDGE_LOOP('',(#1874,#1900,#1921,#1945));
#1874 = ORIENTED_EDGE('',*,*,#1875,.F.);
#1875 = EDGE_CURVE('',#1876,#1878,#1880,.T.);
#1876 = VERTEX_POINT('',#1877);
#1877 = CARTESIAN_POINT('',(8.134504156726,-14.03275604164,4.));
#1878 = VERTEX_POINT('',#1879);
#1879 = CARTESIAN_POINT('',(8.8102895782,-13.61863420274,4.));
#1880 = SURFACE_CURVE('',#1881,(#1886,#1893),.PCURVE_S1.);
#1881 = CIRCLE('',#1882,16.22);
#1882 = AXIS2_PLACEMENT_3D('',#1883,#1884,#1885);
#1883 = CARTESIAN_POINT('',(0.,0.,4.));
#1884 = DIRECTION('',(0.,0.,1.));
#1885 = DIRECTION('',(-1.,1.224646799147E-16,0.));
#1886 = PCURVE('',#792,#1887);
#1887 = DEFINITIONAL_REPRESENTATION('',(#1888),#1892);
#1888 = LINE('',#1889,#1890);
#1889 = CARTESIAN_POINT('',(6.28318530718,4.45));
#1890 = VECTOR('',#1891,1.);
#1891 = DIRECTION('',(1.,0.));
#1892 = ( GEOMETRIC_REPRESENTATION_CONTEXT(2) 
PARAMETRIC_REPRESENTATION_CONTEXT() REPRESENTATION_CONTEXT('2D SPACE',''
  ) );
#1893 = PCURVE('',#1541,#1894);
#1894 = DEFINITIONAL_REPRESENTATION('',(#1895),#1899);
#1895 = CIRCLE('',#1896,16.22);
#1896 = AXIS2_PLACEMENT_2D('',#1897,#1898);
#1897 = CARTESIAN_POINT('',(5.553948078979,-9.063219542908));
#1898 = DIRECTION('',(1.,0.));
#1899 = ( GEOMETRIC_REPRESENTATION_CONTEXT(2) 
PARAMETRIC_REPRESENTATION_CONTEXT() REPRESENTATION_CONTEXT('2D SPACE',''
  ) );
#1900 = ORIENTED_EDGE('',*,*,#1901,.T.);
#1901 = EDGE_CURVE('',#1876,#1902,#1904,.T.);
#1902 = VERTEX_POINT('',#1903);
#1903 = CARTESIAN_POINT('',(8.134504156726,-14.03275604164,6.5));
#1904 = SURFACE_CURVE('',#1905,(#1909,#1915),.PCURVE_S1.);
#1905 = LINE('',#1906,#1907);
#1906 = CARTESIAN_POINT('',(8.134504156726,-14.03275604164,-0.45));
#1907 = VECTOR('',#1908,1.);
#1908 = DIRECTION('',(0.,0.,1.));
#1909 = PCURVE('',#792,#1910);
#1910 = DEFINITIONAL_REPRESENTATION('',(#1911),#1914);
#1911 = B_SPLINE_CURVE_WITH_KNOTS('',1,(#1912,#1913),.UNSPECIFIED.,.F.,
  .F.,(2,2),(4.2,7.2),.PIECEWISE_BEZIER_KNOTS.);
#1912 = CARTESIAN_POINT('',(8.379325738825,4.2));
#1913 = CARTESIAN_POINT('',(8.379325738825,7.2));
#1914 = ( GEOMETRIC_REPRESENTATION_CONTEXT(2) 
PARAMETRIC_REPRESENTATION_CONTEXT() REPRESENTATION_CONTEXT('2D SPACE',''
  ) );
#1915 = PCURVE('',#1568,#1916);
#1916 = DEFINITIONAL_REPRESENTATION('',(#1917),#1920);
#1917 = B_SPLINE_CURVE_WITH_KNOTS('',1,(#1918,#1919),.UNSPECIFIED.,.F.,
  .F.,(2,2),(4.2,7.2),.PIECEWISE_BEZIER_KNOTS.);
#1918 = CARTESIAN_POINT('',(16.22,0.25));
#1919 = CARTESIAN_POINT('',(16.22,-2.75));
#1920 = ( GEOMETRIC_REPRESENTATION_CONTEXT(2) 
PARAMETRIC_REPRESENTATION_CONTEXT() REPRESENTATION_CONTEXT('2D SPACE',''
  ) );
#1921 = ORIENTED_EDGE('',*,*,#1922,.T.);
#1922 = EDGE_CURVE('',#1902,#1923,#1925,.T.);
#1923 = VERTEX_POINT('',#1924);
#1924 = CARTESIAN_POINT('',(8.8102895782,-13.61863420274,6.5));
#1925 = SURFACE_CURVE('',#1926,(#1931,#1938),.PCURVE_S1.);
#1926 = CIRCLE('',#1927,16.22);
#1927 = AXIS2_PLACEMENT_3D('',#1928,#1929,#1930);
#1928 = CARTESIAN_POINT('',(0.,0.,6.5));
#1929 = DIRECTION('',(0.,0.,1.));
#1930 = DIRECTION('',(-1.,1.224646799147E-16,0.));
#1931 = PCURVE('',#792,#1932);
#1932 = DEFINITIONAL_REPRESENTATION('',(#1933),#1937);
#1933 = LINE('',#1934,#1935);
#1934 = CARTESIAN_POINT('',(6.28318530718,6.95));
#1935 = VECTOR('',#1936,1.);
#1936 = DIRECTION('',(1.,0.));
#1937 = ( GEOMETRIC_REPRESENTATION_CONTEXT(2) 
PARAMETRIC_REPRESENTATION_CONTEXT() REPRESENTATION_CONTEXT('2D SPACE',''
  ) );
#1938 = PCURVE('',#1596,#1939);
#1939 = DEFINITIONAL_REPRESENTATION('',(#1940),#1944);
#1940 = CIRCLE('',#1941,16.22);
#1941 = AXIS2_PLACEMENT_2D('',#1942,#1943);
#1942 = CARTESIAN_POINT('',(5.553948078979,-9.063219542908));
#1943 = DIRECTION('',(1.,0.));
#1944 = ( GEOMETRIC_REPRESENTATION_CONTEXT(2) 
PARAMETRIC_REPRESENTATION_CONTEXT() REPRESENTATION_CONTEXT('2D SPACE',''
  ) );
#1945 = ORIENTED_EDGE('',*,*,#1946,.F.);
#1946 = EDGE_CURVE('',#1878,#1923,#1947,.T.);
#1947 = SURFACE_CURVE('',#1948,(#1952,#1958),.PCURVE_S1.);
#1948 = LINE('',#1949,#1950);
#1949 = CARTESIAN_POINT('',(8.8102895782,-13.61863420274,-0.45));
#1950 = VECTOR('',#1951,1.);
#1951 = DIRECTION('',(0.,0.,1.));
#1952 = PCURVE('',#792,#1953);
#1953 = DEFINITIONAL_REPRESENTATION('',(#1954),#1957);
#1954 = B_SPLINE_CURVE_WITH_KNOTS('',1,(#1955,#1956),.UNSPECIFIED.,.F.,
  .F.,(2,2),(4.2,7.2),.PIECEWISE_BEZIER_KNOTS.);
#1955 = CARTESIAN_POINT('',(8.428194957881,4.2));
#1956 = CARTESIAN_POINT('',(8.428194957881,7.2));
#1957 = ( GEOMETRIC_REPRESENTATION_CONTEXT(2) 
PARAMETRIC_REPRESENTATION_CONTEXT() REPRESENTATION_CONTEXT('2D SPACE',''
  ) );
#1958 = PCURVE('',#1621,#1959);
#1959 = DEFINITIONAL_REPRESENTATION('',(#1960),#1963);
#1960 = B_SPLINE_CURVE_WITH_KNOTS('',1,(#1961,#1962),.UNSPECIFIED.,.F.,
  .F.,(2,2),(4.2,7.2),.PIECEWISE_BEZIER_KNOTS.);
#1961 = CARTESIAN_POINT('',(4.55,0.25));
#1962 = CARTESIAN_POINT('',(4.55,-2.75));
#1963 = ( GEOMETRIC_REPRESENTATION_CONTEXT(2) 
PARAMETRIC_REPRESENTATION_CONTEXT() REPRESENTATION_CONTEXT('2D SPACE',''
  ) );
#1964 = FACE_BOUND('',#1965,.F.);
#1965 = EDGE_LOOP('',(#1966));
#1966 = ORIENTED_EDGE('',*,*,#1967,.F.);
#1967 = EDGE_CURVE('',#1968,#1968,#1970,.T.);
#1968 = VERTEX_POINT('',#1969);
#1969 = CARTESIAN_POINT('',(10.910119496992,-12.00240361599,5.25));
#1970 = SURFACE_CURVE('',#1971,(#2136,#2313),.PCURVE_S1.);
#1971 = B_SPLINE_CURVE_WITH_KNOTS('',7,(#1972,#1973,#1974,#1975,#1976,
    #1977,#1978,#1979,#1980,#1981,#1982,#1983,#1984,#1985,#1986,#1987,
    #1988,#1989,#1990,#1991,#1992,#1993,#1994,#1995,#1996,#1997,#1998,
    #1999,#2000,#2001,#2002,#2003,#2004,#2005,#2006,#2007,#2008,#2009,
    #2010,#2011,#2012,#2013,#2014,#2015,#2016,#2017,#2018,#2019,#2020,
    #2021,#2022,#2023,#2024,#2025,#2026,#2027,#2028,#2029,#2030,#2031,
    #2032,#2033,#2034,#2035,#2036,#2037,#2038,#2039,#2040,#2041,#2042,
    #2043,#2044,#2045,#2046,#2047,#2048,#2049,#2050,#2051,#2052,#2053,
    #2054,#2055,#2056,#2057,#2058,#2059,#2060,#2061,#2062,#2063,#2064,
    #2065,#2066,#2067,#2068,#2069,#2070,#2071,#2072,#2073,#2074,#2075,
    #2076,#2077,#2078,#2079,#2080,#2081,#2082,#2083,#2084,#2085,#2086,
    #2087,#2088,#2089,#2090,#2091,#2092,#2093,#2094,#2095,#2096,#2097,
    #2098,#2099,#2100,#2101,#2102,#2103,#2104,#2105,#2106,#2107,#2108,
    #2109,#2110,#2111,#2112,#2113,#2114,#2115,#2116,#2117,#2118,#2119,
    #2120,#2121,#2122,#2123,#2124,#2125,#2126,#2127,#2128,#2129,#2130,
    #2131,#2132,#2133,#2134,#2135),.UNSPECIFIED.,.T.,.F.,(8,6,6,6,6,6,6,
    6,6,6,6,6,6,6,6,6,6,6,6,6,6,6,6,6,6,6,6,8),(0.,0.119996589251,
    0.147340191174,0.162865026591,0.173164255869,0.198465027257,
    0.223043268367,0.25015323841,0.276956209984,0.301534455256,
    0.35265474441,0.380000923164,0.413119245561,0.43743698118,
    0.499938704396,0.586774944369,0.619894901106,0.647242429353,
    0.662769494014,0.67307020218,0.698374606559,0.722956376911,
    0.749763192641,0.77687705087,0.80145881706,0.852586429369,
    0.88042001498,1.),.UNSPECIFIED.);
#1972 = CARTESIAN_POINT('',(10.910119496992,-12.00240361599,5.25));
#1973 = CARTESIAN_POINT('',(10.910119496992,-12.00240361599,
    5.170792150925));
#1974 = CARTESIAN_POINT('',(10.916762184149,-11.99636555905,
    5.091948136182));
#1975 = CARTESIAN_POINT('',(10.929945133528,-11.98438191576,
    5.013768007317));
#1976 = CARTESIAN_POINT('',(10.949851323673,-11.96624587202,
    4.936988006384));
#1977 = CARTESIAN_POINT('',(10.976645571395,-11.94172278223,
    4.862715699765));
#1978 = CARTESIAN_POINT('',(11.010315677272,-11.91068405798,
    4.792360540979));
#1979 = CARTESIAN_POINT('',(11.059921531325,-11.86451406024,
    4.71275211487));
#1980 = CARTESIAN_POINT('',(11.069471241067,-11.85561025025,
    4.698274033482));
#1981 = CARTESIAN_POINT('',(11.07935979192,-11.84637339444,
    4.684114028922));
#1982 = CARTESIAN_POINT('',(11.089580434652,-11.83680754837,
    4.670295864678));
#1983 = CARTESIAN_POINT('',(11.10012440181,-11.82691860632,
    4.656844232461));
#1984 = CARTESIAN_POINT('',(11.110980694941,-11.81671455482,
    4.643784230401));
#1985 = CARTESIAN_POINT('',(11.128469429677,-11.80023914447,
    4.623962323314));
#1986 = CARTESIAN_POINT('',(11.134899327567,-11.7941743251,
    4.616918096366));
#1987 = CARTESIAN_POINT('',(11.141423072314,-11.78801318598,
    4.610012811272));
#1988 = CARTESIAN_POINT('',(11.14803793744,-11.78175787728,
    4.603251019343));
#1989 = CARTESIAN_POINT('',(11.15474096316,-11.77541078144,
    4.596637172305));
#1990 = CARTESIAN_POINT('',(11.161528956381,-11.76897451312,
    4.590175622307));
#1991 = CARTESIAN_POINT('',(11.172955763427,-11.75812480802,
    4.579687862938));
#1992 = CARTESIAN_POINT('',(11.177548929179,-11.75375969966,
    4.575573987593));
#1993 = CARTESIAN_POINT('',(11.182176985796,-11.749357428,4.571530229439
    ));
#1994 = CARTESIAN_POINT('',(11.18683889871,-11.74491886179,
    4.567557778188));
#1995 = CARTESIAN_POINT('',(11.191533600943,-11.74044490472,
    4.563657779696));
#1996 = CARTESIAN_POINT('',(11.196259993111,-11.73593649539,
    4.559831335969));
#1997 = CARTESIAN_POINT('',(11.212702721943,-11.72023714417,
    4.546862872429));
#1998 = CARTESIAN_POINT('',(11.224573366329,-11.70887722063,
    4.538096302124));
#1999 = CARTESIAN_POINT('',(11.236611388025,-11.69732993211,
    4.52979569466));
#2000 = CARTESIAN_POINT('',(11.248799353395,-11.6856105302,
    4.521974597411));
#2001 = CARTESIAN_POINT('',(11.261119883723,-11.67373442261,
    4.514644204705));
#2002 = CARTESIAN_POINT('',(11.273555655214,-11.66171717321,
    4.507813357825));
#2003 = CARTESIAN_POINT('',(11.298265208647,-11.63777859682,
    4.495344353904));
#2004 = CARTESIAN_POINT('',(11.310534031652,-11.62586379897,
    4.489677562889));
#2005 = CARTESIAN_POINT('',(11.322880443484,-11.61384413752,
    4.484494229064));
#2006 = CARTESIAN_POINT('',(11.335290372658,-11.60173253139,
    4.479798172846));
#2007 = CARTESIAN_POINT('',(11.34775101805,-11.58954084767,
    4.475591519912));
#2008 = CARTESIAN_POINT('',(11.360250766232,-11.57727996007,
    4.47187524314));
#2009 = CARTESIAN_POINT('',(11.386597957356,-11.55137059334,
    4.465091913174));
#2010 = CARTESIAN_POINT('',(11.400451687992,-11.53770918237,
    4.462131155876));
#2011 = CARTESIAN_POINT('',(11.414326690534,-11.52398843307,
    4.459767645809));
#2012 = CARTESIAN_POINT('',(11.428211182953,-11.51021960909,
    4.458000881375));
#2013 = CARTESIAN_POINT('',(11.442094729008,-11.49641283062,
    4.456830107323));
#2014 = CARTESIAN_POINT('',(11.455967755883,-11.48257752604,
    4.456254775834));
#2015 = CARTESIAN_POINT('',(11.483517510197,-11.4550251337,
    4.456295010294));
#2016 = CARTESIAN_POINT('',(11.497194530045,-11.441308633,4.456897162734
    ));
#2017 = CARTESIAN_POINT('',(11.510843248508,-11.42758227439,
    4.458081370035));
#2018 = CARTESIAN_POINT('',(11.524454534055,-11.4138553346,
    4.459848168896));
#2019 = CARTESIAN_POINT('',(11.538018580744,-11.40013792922,
    4.462198287081));
#2020 = CARTESIAN_POINT('',(11.551524482469,-11.38644146776,
    4.465132202877));
#2021 = CARTESIAN_POINT('',(11.577279960071,-11.36025076623,
    4.47187524314));
#2022 = CARTESIAN_POINT('',(11.589540847678,-11.34775101805,
    4.475591519911));
#2023 = CARTESIAN_POINT('',(11.601732531391,-11.33529037265,
    4.479798172846));
#2024 = CARTESIAN_POINT('',(11.613844137525,-11.32288044348,
    4.484494229064));
#2025 = CARTESIAN_POINT('',(11.625863798972,-11.31053403165,
    4.489677562889));
#2026 = CARTESIAN_POINT('',(11.637778596828,-11.29826520864,
    4.495344353904));
#2027 = CARTESIAN_POINT('',(11.67410880368,-11.26076493406,
    4.514267847282));
#2028 = CARTESIAN_POINT('',(11.69813802864,-11.23583329386,
    4.529117212058));
#2029 = CARTESIAN_POINT('',(11.721520772619,-11.21144875266,
    4.545976557937));
#2030 = CARTESIAN_POINT('',(11.744127673495,-11.18775749029,
    4.564752059291));
#2031 = CARTESIAN_POINT('',(11.765841557338,-11.16489655313,
    4.585315044167));
#2032 = CARTESIAN_POINT('',(11.786560774561,-11.14298909128,
    4.607505593444));
#2033 = CARTESIAN_POINT('',(11.81671455482,-11.11098069494,
    4.643784230401));
#2034 = CARTESIAN_POINT('',(11.82691860632,-11.10012440181,
    4.656844232461));
#2035 = CARTESIAN_POINT('',(11.836807548371,-11.08958043465,
    4.670295864677));
#2036 = CARTESIAN_POINT('',(11.846373394444,-11.07935979192,
    4.684114028922));
#2037 = CARTESIAN_POINT('',(11.855610250258,-11.06947124106,
    4.698274033482));
#2038 = CARTESIAN_POINT('',(11.86451406024,-11.05992153132,4.71275211487
    ));
#2039 = CARTESIAN_POINT('',(11.883459215685,-11.03956652457,
    4.745418220152));
#2040 = CARTESIAN_POINT('',(11.893343689403,-11.02892197893,
    4.763743791618));
#2041 = CARTESIAN_POINT('',(11.902731837556,-11.01879029113,
    4.782463655159));
#2042 = CARTESIAN_POINT('',(11.911622276451,-11.00917681474,
    4.801540772342));
#2043 = CARTESIAN_POINT('',(11.920015667665,-11.00008444062,
    4.820940641454));
#2044 = CARTESIAN_POINT('',(11.927914209416,-10.99151410219,
    4.840631853776));
#2045 = CARTESIAN_POINT('',(11.940759793706,-10.97755528595,
    4.87523882486));
#2046 = CARTESIAN_POINT('',(11.94593326138,-10.97192662023,
    4.890032813291));
#2047 = CARTESIAN_POINT('',(11.950842822526,-10.96657906706,
    4.90495740654));
#2048 = CARTESIAN_POINT('',(11.955489840187,-10.96151224147,
    4.920002021298));
#2049 = CARTESIAN_POINT('',(11.959875748877,-10.95672559005,
    4.935156699562));
#2050 = CARTESIAN_POINT('',(11.964002054587,-10.95221839093,
    4.950412108632));
#2051 = CARTESIAN_POINT('',(11.977812632939,-10.93712126218,
    5.005205688241));
#2052 = CARTESIAN_POINT('',(11.986049103016,-10.92809438658,
    5.045255279968));
#2053 = CARTESIAN_POINT('',(11.992607704384,-10.92089274755,
    5.085766947132));
#2054 = CARTESIAN_POINT('',(11.997509788522,-10.91550327556,
    5.126610209233));
#2055 = CARTESIAN_POINT('',(12.000771795636,-10.91191469044,
    5.167665957303));
#2056 = CARTESIAN_POINT('',(12.002403615999,-10.91011949699,
    5.208827189582));
#2057 = CARTESIAN_POINT('',(12.002403615999,-10.91011949699,
    5.307203095561));
#2058 = CARTESIAN_POINT('',(11.99925377144,-10.91358470463,
    5.364359899366));
#2059 = CARTESIAN_POINT('',(11.992963093903,-10.92050513911,
    5.421248342217));
#2060 = CARTESIAN_POINT('',(11.983488456767,-10.93091577193,
    5.477577855162));
#2061 = CARTESIAN_POINT('',(11.970769611623,-10.94485737482,
    5.532996048718));
#2062 = CARTESIAN_POINT('',(11.95474110965,-10.96236231257,
    5.587094457481));
#2063 = CARTESIAN_POINT('',(11.927914209416,-10.99151410219,
    5.659368146222));
#2064 = CARTESIAN_POINT('',(11.920015667665,-11.00008444061,
    5.679059358544));
#2065 = CARTESIAN_POINT('',(11.911622276452,-11.00917681474,
    5.698459227656));
#2066 = CARTESIAN_POINT('',(11.902731837557,-11.01879029113,
    5.717536344839));
#2067 = CARTESIAN_POINT('',(11.893343689404,-11.02892197893,
    5.736256208381));
#2068 = CARTESIAN_POINT('',(11.883459215686,-11.03956652457,
    5.754581779846));
#2069 = CARTESIAN_POINT('',(11.864514060241,-11.05992153132,
    5.787247885129));
#2070 = CARTESIAN_POINT('',(11.855610250259,-11.06947124106,
    5.801725966517));
#2071 = CARTESIAN_POINT('',(11.846373394445,-11.07935979192,
    5.815885971077));
#2072 = CARTESIAN_POINT('',(11.836807548372,-11.08958043465,
    5.829704135322));
#2073 = CARTESIAN_POINT('',(11.826918606321,-11.10012440181,
    5.843155767538));
#2074 = CARTESIAN_POINT('',(11.816714554821,-11.11098069494,
    5.856215769598));
#2075 = CARTESIAN_POINT('',(11.800239144475,-11.12846942967,
    5.876037676686));
#2076 = CARTESIAN_POINT('',(11.794174325101,-11.13489932756,
    5.883081903634));
#2077 = CARTESIAN_POINT('',(11.788013185982,-11.14142307231,
    5.889987188727));
#2078 = CARTESIAN_POINT('',(11.781757877288,-11.14803793743,
    5.896748980657));
#2079 = CARTESIAN_POINT('',(11.775410781444,-11.15474096316,
    5.903362827694));
#2080 = CARTESIAN_POINT('',(11.768974513126,-11.16152895638,
    5.909824377693));
#2081 = CARTESIAN_POINT('',(11.758124808027,-11.17295576342,
    5.920312137061));
#2082 = CARTESIAN_POINT('',(11.753759699667,-11.17754892917,
    5.924426012407));
#2083 = CARTESIAN_POINT('',(11.749357428006,-11.18217698579,
    5.92846977056));
#2084 = CARTESIAN_POINT('',(11.7449188618,-11.1868388987,5.932442221812)
  );
#2085 = CARTESIAN_POINT('',(11.740444904727,-11.19153360094,
    5.936342220303));
#2086 = CARTESIAN_POINT('',(11.735936495397,-11.19625999311,
    5.940168664031));
#2087 = CARTESIAN_POINT('',(11.720237144177,-11.21270272194,
    5.953137127571));
#2088 = CARTESIAN_POINT('',(11.708877220631,-11.22457336632,
    5.961903697876));
#2089 = CARTESIAN_POINT('',(11.69732993212,-11.23661138802,5.97020430534
    ));
#2090 = CARTESIAN_POINT('',(11.685610530209,-11.24879935339,
    5.978025402589));
#2091 = CARTESIAN_POINT('',(11.673734422617,-11.26111988372,
    5.985355795294));
#2092 = CARTESIAN_POINT('',(11.661717173212,-11.27355565521,
    5.992186642175));
#2093 = CARTESIAN_POINT('',(11.637778596828,-11.29826520864,
    6.004655646096));
#2094 = CARTESIAN_POINT('',(11.625863798973,-11.31053403165,
    6.010322437111));
#2095 = CARTESIAN_POINT('',(11.613844137526,-11.32288044348,
    6.015505770936));
#2096 = CARTESIAN_POINT('',(11.601732531392,-11.33529037265,
    6.020201827154));
#2097 = CARTESIAN_POINT('',(11.589540847678,-11.34775101804,
    6.024408480088));
#2098 = CARTESIAN_POINT('',(11.577279960071,-11.36025076623,
    6.02812475686));
#2099 = CARTESIAN_POINT('',(11.55152448247,-11.38644146776,
    6.034867797123));
#2100 = CARTESIAN_POINT('',(11.538018580745,-11.40013792921,
    6.037801712919));
#2101 = CARTESIAN_POINT('',(11.524454534056,-11.4138553346,
    6.040151831104));
#2102 = CARTESIAN_POINT('',(11.510843248509,-11.42758227439,
    6.041918629965));
#2103 = CARTESIAN_POINT('',(11.497194530046,-11.441308633,6.043102837266
    ));
#2104 = CARTESIAN_POINT('',(11.483517510197,-11.4550251337,
    6.043704989706));
#2105 = CARTESIAN_POINT('',(11.455967755884,-11.48257752604,
    6.043745224167));
#2106 = CARTESIAN_POINT('',(11.442094729009,-11.49641283062,
    6.043169892677));
#2107 = CARTESIAN_POINT('',(11.428211182954,-11.51021960908,
    6.041999118625));
#2108 = CARTESIAN_POINT('',(11.414326690535,-11.52398843307,
    6.040232354191));
#2109 = CARTESIAN_POINT('',(11.400451687993,-11.53770918237,
    6.037868844124));
#2110 = CARTESIAN_POINT('',(11.386597957357,-11.55137059334,
    6.034908086826));
#2111 = CARTESIAN_POINT('',(11.360250766233,-11.57727996007,
    6.028124756861));
#2112 = CARTESIAN_POINT('',(11.347751018051,-11.58954084767,
    6.024408480089));
#2113 = CARTESIAN_POINT('',(11.335290372659,-11.60173253139,
    6.020201827154));
#2114 = CARTESIAN_POINT('',(11.322880443485,-11.61384413752,
    6.015505770936));
#2115 = CARTESIAN_POINT('',(11.310534031653,-11.62586379897,
    6.010322437111));
#2116 = CARTESIAN_POINT('',(11.298265208648,-11.63777859682,
    6.004655646097));
#2117 = CARTESIAN_POINT('',(11.260764934067,-11.67410880368,
    5.985732152718));
#2118 = CARTESIAN_POINT('',(11.235833293864,-11.69813802864,
    5.970882787942));
#2119 = CARTESIAN_POINT('',(11.211448752667,-11.72152077261,
    5.954023442063));
#2120 = CARTESIAN_POINT('',(11.187757490297,-11.74412767349,
    5.93524794071));
#2121 = CARTESIAN_POINT('',(11.164896553138,-11.76584155733,
    5.914684955833));
#2122 = CARTESIAN_POINT('',(11.142989091285,-11.78656077456,
    5.892494406556));
#2123 = CARTESIAN_POINT('',(11.110783496,-11.81690032774,5.855992262344)
  );
#2124 = CARTESIAN_POINT('',(11.099740671424,-11.82727927476,
    5.842693900931));
#2125 = CARTESIAN_POINT('',(11.089021559858,-11.83733168326,
    5.828990401032));
#2126 = CARTESIAN_POINT('',(11.078637704082,-11.84704918272,
    5.814908212297));
#2127 = CARTESIAN_POINT('',(11.06859826065,-11.85642563929,
    5.800473340846));
#2128 = CARTESIAN_POINT('',(11.058910232661,-11.86545687898,
    5.785710782568));
#2129 = CARTESIAN_POINT('',(11.009488135344,-11.9114470168,
    5.705913135614));
#2130 = CARTESIAN_POINT('',(10.976096713076,-11.94222505019,
    5.635759149565));
#2131 = CARTESIAN_POINT('',(10.949516274739,-11.96655129971,
    5.561736118348));
#2132 = CARTESIAN_POINT('',(10.929762648352,-11.9845478702,
    5.485215021027));
#2133 = CARTESIAN_POINT('',(10.916687741319,-11.99643317959,
    5.407298077557));
#2134 = CARTESIAN_POINT('',(10.910119496992,-12.00240361599,
    5.328759360003));
#2135 = CARTESIAN_POINT('',(10.910119496992,-12.00240361599,5.25));
#2136 = PCURVE('',#792,#2137);
#2137 = DEFINITIONAL_REPRESENTATION('',(#2138),#2312);
#2138 = B_SPLINE_CURVE_WITH_KNOTS('',10,(#2139,#2140,#2141,#2142,#2143,
    #2144,#2145,#2146,#2147,#2148,#2149,#2150,#2151,#2152,#2153,#2154,
    #2155,#2156,#2157,#2158,#2159,#2160,#2161,#2162,#2163,#2164,#2165,
    #2166,#2167,#2168,#2169,#2170,#2171,#2172,#2173,#2174,#2175,#2176,
    #2177,#2178,#2179,#2180,#2181,#2182,#2183,#2184,#2185,#2186,#2187,
    #2188,#2189,#2190,#2191,#2192,#2193,#2194,#2195,#2196,#2197,#2198,
    #2199,#2200,#2201,#2202,#2203,#2204,#2205,#2206,#2207,#2208,#2209,
    #2210,#2211,#2212,#2213,#2214,#2215,#2216,#2217,#2218,#2219,#2220,
    #2221,#2222,#2223,#2224,#2225,#2226,#2227,#2228,#2229,#2230,#2231,
    #2232,#2233,#2234,#2235,#2236,#2237,#2238,#2239,#2240,#2241,#2242,
    #2243,#2244,#2245,#2246,#2247,#2248,#2249,#2250,#2251,#2252,#2253,
    #2254,#2255,#2256,#2257,#2258,#2259,#2260,#2261,#2262,#2263,#2264,
    #2265,#2266,#2267,#2268,#2269,#2270,#2271,#2272,#2273,#2274,#2275,
    #2276,#2277,#2278,#2279,#2280,#2281,#2282,#2283,#2284,#2285,#2286,
    #2287,#2288,#2289,#2290,#2291,#2292,#2293,#2294,#2295,#2296,#2297,
    #2298,#2299,#2300,#2301,#2302,#2303,#2304,#2305,#2306,#2307,#2308,
    #2309,#2310,#2311),.UNSPECIFIED.,.T.,.F.,(11,9,9,9,9,9,9,9,9,9,9,9,9
    ,9,9,9,9,9,9,11),(0.,6.250000000002E-02,9.179687500003E-02,
    0.120178222656,0.230155944824,0.278271198273,0.323379248381,
    0.344523646869,0.38549091894,0.462304554072,0.495910519443,
    0.527416111977,0.58648909798,0.689866823485,0.767400117614,
    0.82555008821,0.847356327184,0.866436786286,0.883132188,1.),
  .UNSPECIFIED.);
#2139 = CARTESIAN_POINT('',(8.591743934928,5.7));
#2140 = CARTESIAN_POINT('',(8.591743934928,5.671121317542));
#2141 = CARTESIAN_POINT('',(8.591813990968,5.642288704448));
#2142 = CARTESIAN_POINT('',(8.591953774384,5.613514506383));
#2143 = CARTESIAN_POINT('',(8.59216324056,5.584816442993));
#2144 = CARTESIAN_POINT('',(8.592442570111,5.556217384938));
#2145 = CARTESIAN_POINT('',(8.592792110067,5.527745130943));
#2146 = CARTESIAN_POINT('',(8.593212315055,5.499432184828));
#2147 = CARTESIAN_POINT('',(8.593703688485,5.471315532558));
#2148 = CARTESIAN_POINT('',(8.59426672373,5.443436419277));
#2149 = CARTESIAN_POINT('',(8.595199558555,5.402904364046));
#2150 = CARTESIAN_POINT('',(8.595513112972,5.39003074292));
#2151 = CARTESIAN_POINT('',(8.595842554858,5.37722392379));
#2152 = CARTESIAN_POINT('',(8.596187928253,5.36448876129));
#2153 = CARTESIAN_POINT('',(8.596549274373,5.351830297742));
#2154 = CARTESIAN_POINT('',(8.596926631056,5.339253757023));
#2155 = CARTESIAN_POINT('',(8.597320032193,5.326764538438));
#2156 = CARTESIAN_POINT('',(8.597729507169,5.314368210585));
#2157 = CARTESIAN_POINT('',(8.5981550803,5.302070505227));
#2158 = CARTESIAN_POINT('',(8.599024657428,5.278065154403));
#2159 = CARTESIAN_POINT('',(8.599467675526,5.266350971298));
#2160 = CARTESIAN_POINT('',(8.599925831491,5.254740315176));
#2161 = CARTESIAN_POINT('',(8.600399136337,5.243238705481));
#2162 = CARTESIAN_POINT('',(8.600887601599,5.231851689011));
#2163 = CARTESIAN_POINT('',(8.601391235758,5.220584901154));
#2164 = CARTESIAN_POINT('',(8.601910040669,5.209444127129));
#2165 = CARTESIAN_POINT('',(8.602444007993,5.198435363225));
#2166 = CARTESIAN_POINT('',(8.602993115623,5.187564878044));
#2167 = CARTESIAN_POINT('',(8.605743632011,5.135277557037));
#2168 = CARTESIAN_POINT('',(8.608153336587,5.095954044404));
#2169 = CARTESIAN_POINT('',(8.610780462887,5.059294989064));
#2170 = CARTESIAN_POINT('',(8.613611246701,5.025779751299));
#2171 = CARTESIAN_POINT('',(8.616627436769,4.995915691275));
#2172 = CARTESIAN_POINT('',(8.619793183908,4.970225578002));
#2173 = CARTESIAN_POINT('',(8.623064322493,4.949043450587));
#2174 = CARTESIAN_POINT('',(8.626405527476,4.932431173826));
#2175 = CARTESIAN_POINT('',(8.629791412825,4.920412943021));
#2176 = CARTESIAN_POINT('',(8.634694311846,4.909726236899));
#2177 = CARTESIAN_POINT('',(8.636191272,4.907351231571));
#2178 = CARTESIAN_POINT('',(8.637691314922,4.905853083743));
#2179 = CARTESIAN_POINT('',(8.639193016464,4.905230539432));
#2180 = CARTESIAN_POINT('',(8.640695093631,4.90548273732));
#2181 = CARTESIAN_POINT('',(8.642196294181,4.906609741349));
#2182 = CARTESIAN_POINT('',(8.643695301268,4.908612572208));
#2183 = CARTESIAN_POINT('',(8.645190653107,4.911492737698));
#2184 = CARTESIAN_POINT('',(8.646680677672,4.915251262001));
#2185 = CARTESIAN_POINT('',(8.649553534379,4.924233418651));
#2186 = CARTESIAN_POINT('',(8.650937270828,4.929351014829));
#2187 = CARTESIAN_POINT('',(8.652312775627,4.93523727996));
#2188 = CARTESIAN_POINT('',(8.653679168067,4.941896798453));
#2189 = CARTESIAN_POINT('',(8.655032648894,4.949312324118));
#2190 = CARTESIAN_POINT('',(8.656372438773,4.9574854751));
#2191 = CARTESIAN_POINT('',(8.65769705711,4.966411185534));
#2192 = CARTESIAN_POINT('',(8.659001584353,4.976056938609));
#2193 = CARTESIAN_POINT('',(8.660285168835,4.986411589132));
#2194 = CARTESIAN_POINT('',(8.662135722233,5.00262285995));
#2195 = CARTESIAN_POINT('',(8.662721142867,5.007946764664));
#2196 = CARTESIAN_POINT('',(8.663301150129,5.013418341125));
#2197 = CARTESIAN_POINT('',(8.663875517374,5.019035004734));
#2198 = CARTESIAN_POINT('',(8.664444023614,5.024794014334));
#2199 = CARTESIAN_POINT('',(8.66500645395,5.030692477105));
#2200 = CARTESIAN_POINT('',(8.665562600017,5.036727353478));
#2201 = CARTESIAN_POINT('',(8.666112260418,5.042895462029));
#2202 = CARTESIAN_POINT('',(8.666655241163,5.049193484386));
#2203 = CARTESIAN_POINT('',(8.668230078828,5.068065411271));
#2204 = CARTESIAN_POINT('',(8.669243091621,5.080988378307));
#2205 = CARTESIAN_POINT('',(8.670228632399,5.094356926249));
#2206 = CARTESIAN_POINT('',(8.671186156347,5.108150959359));
#2207 = CARTESIAN_POINT('',(8.672115059987,5.122352459819));
#2208 = CARTESIAN_POINT('',(8.673014077708,5.136929097162));
#2209 = CARTESIAN_POINT('',(8.673882516215,5.151854007189));
#2210 = CARTESIAN_POINT('',(8.674720544485,5.167114263016));
#2211 = CARTESIAN_POINT('',(8.675527321602,5.182679443387));
#2212 = CARTESIAN_POINT('',(8.677756886621,5.228254780377));
#2213 = CARTESIAN_POINT('',(8.679100911901,5.258985725785));
#2214 = CARTESIAN_POINT('',(8.680333467818,5.290588840407));
#2215 = CARTESIAN_POINT('',(8.681454194038,5.322933850364));
#2216 = CARTESIAN_POINT('',(8.682463694789,5.355915982461));
#2217 = CARTESIAN_POINT('',(8.683362894261,5.38944174484));
#2218 = CARTESIAN_POINT('',(8.684152655002,5.423419729432));
#2219 = CARTESIAN_POINT('',(8.684833868013,5.457768583822));
#2220 = CARTESIAN_POINT('',(8.685407629937,5.49242716224));
#2221 = CARTESIAN_POINT('',(8.686078797991,5.542592412481));
#2222 = CARTESIAN_POINT('',(8.686262615771,5.557905938639));
#2223 = CARTESIAN_POINT('',(8.686426040599,5.573259706596));
#2224 = CARTESIAN_POINT('',(8.686569125473,5.58864827757));
#2225 = CARTESIAN_POINT('',(8.686691917615,5.604066376573));
#2226 = CARTESIAN_POINT('',(8.686794457506,5.619508895482));
#2227 = CARTESIAN_POINT('',(8.686876777919,5.63497089611));
#2228 = CARTESIAN_POINT('',(8.686938902951,5.650447613274));
#2229 = CARTESIAN_POINT('',(8.68698084706,5.665934457867));
#2230 = CARTESIAN_POINT('',(8.68702302069,5.695951296866));
#2231 = CARTESIAN_POINT('',(8.687025695192,5.710480282796));
#2232 = CARTESIAN_POINT('',(8.687010626533,5.725016362966));
#2233 = CARTESIAN_POINT('',(8.686977835781,5.739526818873));
#2234 = CARTESIAN_POINT('',(8.686927331024,5.754041194236));
#2235 = CARTESIAN_POINT('',(8.686859089375,5.768547044721));
#2236 = CARTESIAN_POINT('',(8.68677308595,5.783023076231));
#2237 = CARTESIAN_POINT('',(8.686669305203,5.797489124904));
#2238 = CARTESIAN_POINT('',(8.686547703698,5.811927249711));
#2239 = CARTESIAN_POINT('',(8.686146760673,5.85335641884));
#2240 = CARTESIAN_POINT('',(8.685822503357,5.880275204638));
#2241 = CARTESIAN_POINT('',(8.685435196507,5.907065750556));
#2242 = CARTESIAN_POINT('',(8.684984522501,5.933697835437));
#2243 = CARTESIAN_POINT('',(8.684470128706,5.960139085496));
#2244 = CARTESIAN_POINT('',(8.683891633282,5.986355040514));
#2245 = CARTESIAN_POINT('',(8.683248630994,6.012309220027));
#2246 = CARTESIAN_POINT('',(8.682540699018,6.037963189519));
#2247 = CARTESIAN_POINT('',(8.68176740275,6.063276626621));
#2248 = CARTESIAN_POINT('',(8.679459874634,6.131836218473));
#2249 = CARTESIAN_POINT('',(8.677790501021,6.174275267651));
#2250 = CARTESIAN_POINT('',(8.675918994593,6.215269052147));
#2251 = CARTESIAN_POINT('',(8.67384559593,6.254524676141));
#2252 = CARTESIAN_POINT('',(8.671572517318,6.291707695698));
#2253 = CARTESIAN_POINT('',(8.66910679603,6.326417699479));
#2254 = CARTESIAN_POINT('',(8.666463438719,6.3582077611));
#2255 = CARTESIAN_POINT('',(8.663666727418,6.386658507061));
#2256 = CARTESIAN_POINT('',(8.660747445375,6.411464132211));
#2257 = CARTESIAN_POINT('',(8.655473336181,6.448161895526));
#2258 = CARTESIAN_POINT('',(8.653159896848,6.461731959936));
#2259 = CARTESIAN_POINT('',(8.650805346805,6.473063002698));
#2260 = CARTESIAN_POINT('',(8.648421552777,6.482110984123));
#2261 = CARTESIAN_POINT('',(8.646018476826,6.488866034495));
#2262 = CARTESIAN_POINT('',(8.643603699888,6.49333842602));
#2263 = CARTESIAN_POINT('',(8.641182886947,6.495541291154));
#2264 = CARTESIAN_POINT('',(8.63876083666,6.495477598204));
#2265 = CARTESIAN_POINT('',(8.636342758256,6.493138895079));
#2266 = CARTESIAN_POINT('',(8.632129913721,6.485061659877));
#2267 = CARTESIAN_POINT('',(8.630330436576,6.480319225285));
#2268 = CARTESIAN_POINT('',(8.628539727743,6.474293508726));
#2269 = CARTESIAN_POINT('',(8.626761449619,6.466991252188));
#2270 = CARTESIAN_POINT('',(8.624996979944,6.45838794699));
#2271 = CARTESIAN_POINT('',(8.623257652055,6.448554996228));
#2272 = CARTESIAN_POINT('',(8.621537608899,6.437426729222));
#2273 = CARTESIAN_POINT('',(8.619851645593,6.425104343589));
#2274 = CARTESIAN_POINT('',(8.618200756508,6.411604782398));
#2275 = CARTESIAN_POINT('',(8.615986808641,6.391505116675));
#2276 = CARTESIAN_POINT('',(8.615388721577,6.385866038661));
#2277 = CARTESIAN_POINT('',(8.61479660115,6.380072394768));
#2278 = CARTESIAN_POINT('',(8.614210690974,6.374127150577));
#2279 = CARTESIAN_POINT('',(8.613631228,6.368033445854));
#2280 = CARTESIAN_POINT('',(8.613058441967,6.361794588281));
#2281 = CARTESIAN_POINT('',(8.612492554851,6.355414047182));
#2282 = CARTESIAN_POINT('',(8.611933780321,6.348895447246));
#2283 = CARTESIAN_POINT('',(8.611382323194,6.342242562263));
#2284 = CARTESIAN_POINT('',(8.610362427607,6.329523962101));
#2285 = CARTESIAN_POINT('',(8.609892225197,6.323488742594));
#2286 = CARTESIAN_POINT('',(8.609427930832,6.317356703365));
#2287 = CARTESIAN_POINT('',(8.608969632738,6.311130053203));
#2288 = CARTESIAN_POINT('',(8.608517395998,6.304810791819));
#2289 = CARTESIAN_POINT('',(8.608071292231,6.298401102769));
#2290 = CARTESIAN_POINT('',(8.60763141116,6.291903504079));
#2291 = CARTESIAN_POINT('',(8.607197854046,6.285320756615));
#2292 = CARTESIAN_POINT('',(8.606770709009,6.278655530156));
#2293 = CARTESIAN_POINT('',(8.605981895027,6.266007337138));
#2294 = CARTESIAN_POINT('',(8.605618711207,6.260043089794));
#2295 = CARTESIAN_POINT('',(8.605260574797,6.254020181151));
#2296 = CARTESIAN_POINT('',(8.604907354275,6.247936875386));
#2297 = CARTESIAN_POINT('',(8.604559223503,6.241797463824));
#2298 = CARTESIAN_POINT('',(8.604216290057,6.235605023483));
#2299 = CARTESIAN_POINT('',(8.603878412426,6.229357809052));
#2300 = CARTESIAN_POINT('',(8.603545524057,6.223055519773));
#2301 = CARTESIAN_POINT('',(8.603217984766,6.216706190488));
#2302 = CARTESIAN_POINT('',(8.600639566785,6.165528377035));
#2303 = CARTESIAN_POINT('',(8.598640506788,6.118408594644));
#2304 = CARTESIAN_POINT('',(8.596898864836,6.069368227864));
#2305 = CARTESIAN_POINT('',(8.595413941552,6.018797022699));
#2306 = CARTESIAN_POINT('',(8.594183740738,5.967049770034));
#2307 = CARTESIAN_POINT('',(8.593205118199,5.914440804837));
#2308 = CARTESIAN_POINT('',(8.592474314547,5.861239094451));
#2309 = CARTESIAN_POINT('',(8.591987871963,5.807663915982));
#2310 = CARTESIAN_POINT('',(8.591743934928,5.753881122778));
#2311 = CARTESIAN_POINT('',(8.591743934928,5.7));
#2312 = ( GEOMETRIC_REPRESENTATION_CONTEXT(2) 
PARAMETRIC_REPRESENTATION_CONTEXT() REPRESENTATION_CONTEXT('2D SPACE',''
  ) );
#2313 = PCURVE('',#2314,#2319);
#2314 = SPHERICAL_SURFACE('',#2315,1.2);
#2315 = AXIS2_PLACEMENT_3D('',#2316,#2317,#2318);
#2316 = CARTESIAN_POINT('',(12.105668093914,-12.10566809391,5.25));
#2317 = DIRECTION('',(0.,0.,1.));
#2318 = DIRECTION('',(-1.,1.224646799147E-16,0.));
#2319 = DEFINITIONAL_REPRESENTATION('',(#2320),#2485);
#2320 = B_SPLINE_CURVE_WITH_KNOTS('',7,(#2321,#2322,#2323,#2324,#2325,
    #2326,#2327,#2328,#2329,#2330,#2331,#2332,#2333,#2334,#2335,#2336,
    #2337,#2338,#2339,#2340,#2341,#2342,#2343,#2344,#2345,#2346,#2347,
    #2348,#2349,#2350,#2351,#2352,#2353,#2354,#2355,#2356,#2357,#2358,
    #2359,#2360,#2361,#2362,#2363,#2364,#2365,#2366,#2367,#2368,#2369,
    #2370,#2371,#2372,#2373,#2374,#2375,#2376,#2377,#2378,#2379,#2380,
    #2381,#2382,#2383,#2384,#2385,#2386,#2387,#2388,#2389,#2390,#2391,
    #2392,#2393,#2394,#2395,#2396,#2397,#2398,#2399,#2400,#2401,#2402,
    #2403,#2404,#2405,#2406,#2407,#2408,#2409,#2410,#2411,#2412,#2413,
    #2414,#2415,#2416,#2417,#2418,#2419,#2420,#2421,#2422,#2423,#2424,
    #2425,#2426,#2427,#2428,#2429,#2430,#2431,#2432,#2433,#2434,#2435,
    #2436,#2437,#2438,#2439,#2440,#2441,#2442,#2443,#2444,#2445,#2446,
    #2447,#2448,#2449,#2450,#2451,#2452,#2453,#2454,#2455,#2456,#2457,
    #2458,#2459,#2460,#2461,#2462,#2463,#2464,#2465,#2466,#2467,#2468,
    #2469,#2470,#2471,#2472,#2473,#2474,#2475,#2476,#2477,#2478,#2479,
    #2480,#2481,#2482,#2483,#2484),.UNSPECIFIED.,.T.,.F.,(8,6,6,6,6,6,6,
    6,6,6,6,6,6,6,6,6,6,6,6,6,6,6,6,6,6,6,6,8),(0.,0.119996589251,
    0.147340191174,0.162865026591,0.173164255869,0.198465027257,
    0.223043268367,0.25015323841,0.276956209984,0.301534455256,
    0.35265474441,0.380000923164,0.413119245561,0.43743698118,
    0.499938704396,0.586774944369,0.619894901106,0.647242429353,
    0.662769494014,0.67307020218,0.698374606559,0.722956376911,
    0.749763192641,0.77687705087,0.80145881706,0.852586429369,
    0.88042001498,1.),.UNSPECIFIED.);
#2321 = CARTESIAN_POINT('',(6.197025011935,0.));
#2322 = CARTESIAN_POINT('',(6.197025011935,-6.600654089582E-02));
#2323 = CARTESIAN_POINT('',(6.191534298218,-0.131709632765));
#2324 = CARTESIAN_POINT('',(6.180644090361,-0.197330235298));
#2325 = CARTESIAN_POINT('',(6.163800399418,-0.26270242286));
#2326 = CARTESIAN_POINT('',(6.140149479761,-0.327366919248));
#2327 = CARTESIAN_POINT('',(6.108228900048,-0.390460991167));
#2328 = CARTESIAN_POINT('',(6.056606200388,-0.464152886258));
#2329 = CARTESIAN_POINT('',(6.046506289686,-0.477660473245));
#2330 = CARTESIAN_POINT('',(6.035868638883,-0.490978680841));
#2331 = CARTESIAN_POINT('',(6.024675842608,-0.504083577581));
#2332 = CARTESIAN_POINT('',(6.012912309028,-0.516948715254));
#2333 = CARTESIAN_POINT('',(6.000565435457,-0.529545423796));
#2334 = CARTESIAN_POINT('',(5.980280625402,-0.548825342646));
#2335 = CARTESIAN_POINT('',(5.972743763602,-0.555711198979));
#2336 = CARTESIAN_POINT('',(5.965014613472,-0.56249500055));
#2337 = CARTESIAN_POINT('',(5.957092154351,-0.569170970274));
#2338 = CARTESIAN_POINT('',(5.948975929991,-0.575733228597));
#2339 = CARTESIAN_POINT('',(5.940666048564,-0.582175793496));
#2340 = CARTESIAN_POINT('',(5.926522352141,-0.592683158715));
#2341 = CARTESIAN_POINT('',(5.920796604928,-0.596818398994));
#2342 = CARTESIAN_POINT('',(5.914986157395,-0.600896532275));
#2343 = CARTESIAN_POINT('',(5.90909136148,-0.604915800905));
#2344 = CARTESIAN_POINT('',(5.903112704687,-0.608874458619));
#2345 = CARTESIAN_POINT('',(5.897050810088,-0.612770770541));
#2346 = CARTESIAN_POINT('',(5.875812355811,-0.626017183147));
#2347 = CARTESIAN_POINT('',(5.86022019965,-0.635045163601));
#2348 = CARTESIAN_POINT('',(5.84414172259,-0.643660701824));
#2349 = CARTESIAN_POINT('',(5.827593465441,-0.651839548259));
#2350 = CARTESIAN_POINT('',(5.810596755068,-0.659559456515));
#2351 = CARTESIAN_POINT('',(5.793177704396,-0.666800183363));
#2352 = CARTESIAN_POINT('',(5.758065346011,-0.680094221241));
#2353 = CARTESIAN_POINT('',(5.740393466561,-0.686175927115));
#2354 = CARTESIAN_POINT('',(5.722379533691,-0.691772277468));
#2355 = CARTESIAN_POINT('',(5.704054366012,-0.69686960602));
#2356 = CARTESIAN_POINT('',(5.685451198613,-0.701456687875));
#2357 = CARTESIAN_POINT('',(5.666605240554,-0.705524518286));
#2358 = CARTESIAN_POINT('',(5.626538735461,-0.712972471103));
#2359 = CARTESIAN_POINT('',(5.605273392474,-0.716238609072));
#2360 = CARTESIAN_POINT('',(5.583805619819,-0.718855296416));
#2361 = CARTESIAN_POINT('',(5.562185588447,-0.720816099466));
#2362 = CARTESIAN_POINT('',(5.540464478899,-0.722117041103));
#2363 = CARTESIAN_POINT('',(5.518693736379,-0.722756282079));
#2364 = CARTESIAN_POINT('',(5.475401436226,-0.722711577141));
#2365 = CARTESIAN_POINT('',(5.453880076293,-0.722042534116));
#2366 = CARTESIAN_POINT('',(5.432409509238,-0.720726776772));
#2367 = CARTESIAN_POINT('',(5.411039438569,-0.718766152206));
#2368 = CARTESIAN_POINT('',(5.389819303843,-0.716164555456));
#2369 = CARTESIAN_POINT('',(5.368797576418,-0.712928233861));
#2370 = CARTESIAN_POINT('',(5.328969047011,-0.705524518286));
#2371 = CARTESIAN_POINT('',(5.310123088951,-0.701456687876));
#2372 = CARTESIAN_POINT('',(5.291519921553,-0.69686960602));
#2373 = CARTESIAN_POINT('',(5.273194753874,-0.691772277468));
#2374 = CARTESIAN_POINT('',(5.255180821004,-0.686175927115));
#2375 = CARTESIAN_POINT('',(5.237508941554,-0.680094221241));
#2376 = CARTESIAN_POINT('',(5.184220925477,-0.659918621061));
#2377 = CARTESIAN_POINT('',(5.149821732522,-0.644259605765));
#2378 = CARTESIAN_POINT('',(5.117286563486,-0.626718980953));
#2379 = CARTESIAN_POINT('',(5.086787026976,-0.607489855572));
#2380 = CARTESIAN_POINT('',(5.058401364385,-0.586787002549));
#2381 = CARTESIAN_POINT('',(5.032134707682,-0.56483209795));
#2382 = CARTESIAN_POINT('',(4.995008852108,-0.529545423796));
#2383 = CARTESIAN_POINT('',(4.982661978537,-0.516948715255));
#2384 = CARTESIAN_POINT('',(4.970898444957,-0.504083577581));
#2385 = CARTESIAN_POINT('',(4.959705648681,-0.490978680842));
#2386 = CARTESIAN_POINT('',(4.949067997879,-0.477660473246));
#2387 = CARTESIAN_POINT('',(4.938968087177,-0.464152886258));
#2388 = CARTESIAN_POINT('',(4.917785498543,-0.433914539375));
#2389 = CARTESIAN_POINT('',(4.906945686883,-0.417105717736));
#2390 = CARTESIAN_POINT('',(4.896835471923,-0.400087551794));
#2391 = CARTESIAN_POINT('',(4.88742142798,-0.382892211598));
#2392 = CARTESIAN_POINT('',(4.878670655632,-0.365547160006));
#2393 = CARTESIAN_POINT('',(4.870551767292,-0.348075252439));
#2394 = CARTESIAN_POINT('',(4.857517189408,-0.31758609391));
#2395 = CARTESIAN_POINT('',(4.852323710122,-0.304619146364));
#2396 = CARTESIAN_POINT('',(4.847443956062,-0.291601346626));
#2397 = CARTESIAN_POINT('',(4.842867258675,-0.278539223856));
#2398 = CARTESIAN_POINT('',(4.838583759731,-0.265438483754));
#2399 = CARTESIAN_POINT('',(4.834584411316,-0.252304008555));
#2400 = CARTESIAN_POINT('',(4.821290959231,-0.205305203692));
#2401 = CARTESIAN_POINT('',(4.813544758264,-0.171278575204));
#2402 = CARTESIAN_POINT('',(4.807480461213,-0.137124595487));
#2403 = CARTESIAN_POINT('',(4.802998436956,-0.102890807155));
#2404 = CARTESIAN_POINT('',(4.800032809025,-6.861169744295E-02));
#2405 = CARTESIAN_POINT('',(4.798549275629,-3.431067534868E-02));
#2406 = CARTESIAN_POINT('',(4.798549275629,4.766924630119E-02));
#2407 = CARTESIAN_POINT('',(4.801412710507,9.529986173955E-02));
#2408 = CARTESIAN_POINT('',(4.807132387752,0.142883979844));
#2409 = CARTESIAN_POINT('',(4.815839975651,0.190354576257));
#2410 = CARTESIAN_POINT('',(4.827781531507,0.23759034489));
#2411 = CARTESIAN_POINT('',(4.843330170158,0.284401261778));
#2412 = CARTESIAN_POINT('',(4.870551767291,0.348075252438));
#2413 = CARTESIAN_POINT('',(4.878670655632,0.365547160004));
#2414 = CARTESIAN_POINT('',(4.88742142798,0.382892211596));
#2415 = CARTESIAN_POINT('',(4.896835471922,0.400087551792));
#2416 = CARTESIAN_POINT('',(4.906945686882,0.417105717734));
#2417 = CARTESIAN_POINT('',(4.917785498542,0.433914539374));
#2418 = CARTESIAN_POINT('',(4.938968087176,0.464152886257));
#2419 = CARTESIAN_POINT('',(4.949067997878,0.477660473245));
#2420 = CARTESIAN_POINT('',(4.959705648681,0.490978680841));
#2421 = CARTESIAN_POINT('',(4.970898444956,0.50408357758));
#2422 = CARTESIAN_POINT('',(4.982661978536,0.516948715254));
#2423 = CARTESIAN_POINT('',(4.995008852107,0.529545423795));
#2424 = CARTESIAN_POINT('',(5.015293662162,0.548825342645));
#2425 = CARTESIAN_POINT('',(5.022830523962,0.555711198979));
#2426 = CARTESIAN_POINT('',(5.030559674091,0.56249500055));
#2427 = CARTESIAN_POINT('',(5.038482133213,0.569170970274));
#2428 = CARTESIAN_POINT('',(5.046598357573,0.575733228597));
#2429 = CARTESIAN_POINT('',(5.054908238999,0.582175793496));
#2430 = CARTESIAN_POINT('',(5.069051935423,0.592683158715));
#2431 = CARTESIAN_POINT('',(5.074777682635,0.596818398994));
#2432 = CARTESIAN_POINT('',(5.080588130168,0.600896532275));
#2433 = CARTESIAN_POINT('',(5.086482926084,0.604915800905));
#2434 = CARTESIAN_POINT('',(5.092461582877,0.608874458619));
#2435 = CARTESIAN_POINT('',(5.098523477475,0.612770770541));
#2436 = CARTESIAN_POINT('',(5.119761931753,0.626017183147));
#2437 = CARTESIAN_POINT('',(5.135354087914,0.635045163601));
#2438 = CARTESIAN_POINT('',(5.151432564973,0.643660701824));
#2439 = CARTESIAN_POINT('',(5.167980822123,0.651839548259));
#2440 = CARTESIAN_POINT('',(5.184977532496,0.659559456515));
#2441 = CARTESIAN_POINT('',(5.202396583168,0.666800183363));
#2442 = CARTESIAN_POINT('',(5.237508941553,0.680094221241));
#2443 = CARTESIAN_POINT('',(5.255180821003,0.686175927114));
#2444 = CARTESIAN_POINT('',(5.273194753873,0.691772277467));
#2445 = CARTESIAN_POINT('',(5.291519921552,0.69686960602));
#2446 = CARTESIAN_POINT('',(5.31012308895,0.701456687875));
#2447 = CARTESIAN_POINT('',(5.32896904701,0.705524518286));
#2448 = CARTESIAN_POINT('',(5.368797576417,0.712928233861));
#2449 = CARTESIAN_POINT('',(5.389819303842,0.716164555456));
#2450 = CARTESIAN_POINT('',(5.411039438568,0.718766152206));
#2451 = CARTESIAN_POINT('',(5.432409509237,0.720726776772));
#2452 = CARTESIAN_POINT('',(5.453880076292,0.722042534116));
#2453 = CARTESIAN_POINT('',(5.475401436224,0.722711577141));
#2454 = CARTESIAN_POINT('',(5.518693736378,0.722756282079));
#2455 = CARTESIAN_POINT('',(5.540464478898,0.722117041103));
#2456 = CARTESIAN_POINT('',(5.562185588446,0.720816099466));
#2457 = CARTESIAN_POINT('',(5.583805619818,0.718855296416));
#2458 = CARTESIAN_POINT('',(5.605273392472,0.716238609072));
#2459 = CARTESIAN_POINT('',(5.62653873546,0.712972471103));
#2460 = CARTESIAN_POINT('',(5.666605240553,0.705524518286));
#2461 = CARTESIAN_POINT('',(5.685451198612,0.701456687876));
#2462 = CARTESIAN_POINT('',(5.704054366011,0.696869606021));
#2463 = CARTESIAN_POINT('',(5.722379533689,0.691772277468));
#2464 = CARTESIAN_POINT('',(5.74039346656,0.686175927115));
#2465 = CARTESIAN_POINT('',(5.75806534601,0.680094221241));
#2466 = CARTESIAN_POINT('',(5.811353362087,0.659918621062));
#2467 = CARTESIAN_POINT('',(5.845752555042,0.644259605765));
#2468 = CARTESIAN_POINT('',(5.878287724078,0.626718980953));
#2469 = CARTESIAN_POINT('',(5.908787260588,0.607489855572));
#2470 = CARTESIAN_POINT('',(5.937172923179,0.586787002549));
#2471 = CARTESIAN_POINT('',(5.963439579882,0.564832097951));
#2472 = CARTESIAN_POINT('',(6.000794162298,0.529328027875));
#2473 = CARTESIAN_POINT('',(6.013348644811,0.516503264602));
#2474 = CARTESIAN_POINT('',(6.025299139219,0.503401061802));
#2475 = CARTESIAN_POINT('',(6.036659006761,0.490051595209));
#2476 = CARTESIAN_POINT('',(6.047444786978,0.476482653543));
#2477 = CARTESIAN_POINT('',(6.057674922507,0.462719321209));
#2478 = CARTESIAN_POINT('',(6.109014426996,0.388912609478));
#2479 = CARTESIAN_POINT('',(6.140632913886,0.326039250605));
#2480 = CARTESIAN_POINT('',(6.164086684864,0.261615300988));
#2481 = CARTESIAN_POINT('',(6.180793838152,0.196474612398));
#2482 = CARTESIAN_POINT('',(6.191596462575,0.131081621));
#2483 = CARTESIAN_POINT('',(6.197025011935,6.563280000221E-02));
#2484 = CARTESIAN_POINT('',(6.197025011935,0.));
#2485 = ( GEOMETRIC_REPRESENTATION_CONTEXT(2) 
PARAMETRIC_REPRESENTATION_CONTEXT() REPRESENTATION_CONTEXT('2D SPACE',''
  ) );
#2486 = FACE_BOUND('',#2487,.F.);
#2487 = EDGE_LOOP('',(#2488,#2514,#2535,#2559));
#2488 = ORIENTED_EDGE('',*,*,#2489,.F.);
#2489 = EDGE_CURVE('',#2490,#2492,#2494,.T.);
#2490 = VERTEX_POINT('',#2491);
#2491 = CARTESIAN_POINT('',(13.618634202748,-8.8102895782,4.));
#2492 = VERTEX_POINT('',#2493);
#2493 = CARTESIAN_POINT('',(14.032756041641,-8.134504156726,4.));
#2494 = SURFACE_CURVE('',#2495,(#2500,#2507),.PCURVE_S1.);
#2495 = CIRCLE('',#2496,16.22);
#2496 = AXIS2_PLACEMENT_3D('',#2497,#2498,#2499);
#2497 = CARTESIAN_POINT('',(0.,0.,4.));
#2498 = DIRECTION('',(0.,0.,1.));
#2499 = DIRECTION('',(-1.,1.224646799147E-16,0.));
#2500 = PCURVE('',#792,#2501);
#2501 = DEFINITIONAL_REPRESENTATION('',(#2502),#2506);
#2502 = LINE('',#2503,#2504);
#2503 = CARTESIAN_POINT('',(6.28318530718,4.45));
#2504 = VECTOR('',#2505,1.);
#2505 = DIRECTION('',(1.,0.));
#2506 = ( GEOMETRIC_REPRESENTATION_CONTEXT(2) 
PARAMETRIC_REPRESENTATION_CONTEXT() REPRESENTATION_CONTEXT('2D SPACE',''
  ) );
#2507 = PCURVE('',#1653,#2508);
#2508 = DEFINITIONAL_REPRESENTATION('',(#2509),#2513);
#2509 = CIRCLE('',#2510,16.22);
#2510 = AXIS2_PLACEMENT_2D('',#2511,#2512);
#2511 = CARTESIAN_POINT('',(9.063219542908,-5.553948078979));
#2512 = DIRECTION('',(1.,0.));
#2513 = ( GEOMETRIC_REPRESENTATION_CONTEXT(2) 
PARAMETRIC_REPRESENTATION_CONTEXT() REPRESENTATION_CONTEXT('2D SPACE',''
  ) );
#2514 = ORIENTED_EDGE('',*,*,#2515,.T.);
#2515 = EDGE_CURVE('',#2490,#2516,#2518,.T.);
#2516 = VERTEX_POINT('',#2517);
#2517 = CARTESIAN_POINT('',(13.618634202748,-8.8102895782,6.5));
#2518 = SURFACE_CURVE('',#2519,(#2523,#2529),.PCURVE_S1.);
#2519 = LINE('',#2520,#2521);
#2520 = CARTESIAN_POINT('',(13.618634202748,-8.8102895782,-0.45));
#2521 = VECTOR('',#2522,1.);
#2522 = DIRECTION('',(0.,0.,1.));
#2523 = PCURVE('',#792,#2524);
#2524 = DEFINITIONAL_REPRESENTATION('',(#2525),#2528);
#2525 = B_SPLINE_CURVE_WITH_KNOTS('',1,(#2526,#2527),.UNSPECIFIED.,.F.,
  .F.,(2,2),(4.2,7.2),.PIECEWISE_BEZIER_KNOTS.);
#2526 = CARTESIAN_POINT('',(8.850564636863,4.2));
#2527 = CARTESIAN_POINT('',(8.850564636863,7.2));
#2528 = ( GEOMETRIC_REPRESENTATION_CONTEXT(2) 
PARAMETRIC_REPRESENTATION_CONTEXT() REPRESENTATION_CONTEXT('2D SPACE',''
  ) );
#2529 = PCURVE('',#1680,#2530);
#2530 = DEFINITIONAL_REPRESENTATION('',(#2531),#2534);
#2531 = B_SPLINE_CURVE_WITH_KNOTS('',1,(#2532,#2533),.UNSPECIFIED.,.F.,
  .F.,(2,2),(4.2,7.2),.PIECEWISE_BEZIER_KNOTS.);
#2532 = CARTESIAN_POINT('',(16.22,0.25));
#2533 = CARTESIAN_POINT('',(16.22,-2.75));
#2534 = ( GEOMETRIC_REPRESENTATION_CONTEXT(2) 
PARAMETRIC_REPRESENTATION_CONTEXT() REPRESENTATION_CONTEXT('2D SPACE',''
  ) );
#2535 = ORIENTED_EDGE('',*,*,#2536,.T.);
#2536 = EDGE_CURVE('',#2516,#2537,#2539,.T.);
#2537 = VERTEX_POINT('',#2538);
#2538 = CARTESIAN_POINT('',(14.032756041641,-8.134504156726,6.5));
#2539 = SURFACE_CURVE('',#2540,(#2545,#2552),.PCURVE_S1.);
#2540 = CIRCLE('',#2541,16.22);
#2541 = AXIS2_PLACEMENT_3D('',#2542,#2543,#2544);
#2542 = CARTESIAN_POINT('',(0.,0.,6.5));
#2543 = DIRECTION('',(0.,0.,1.));
#2544 = DIRECTION('',(-1.,1.224646799147E-16,0.));
#2545 = PCURVE('',#792,#2546);
#2546 = DEFINITIONAL_REPRESENTATION('',(#2547),#2551);
#2547 = LINE('',#2548,#2549);
#2548 = CARTESIAN_POINT('',(6.28318530718,6.95));
#2549 = VECTOR('',#2550,1.);
#2550 = DIRECTION('',(1.,0.));
#2551 = ( GEOMETRIC_REPRESENTATION_CONTEXT(2) 
PARAMETRIC_REPRESENTATION_CONTEXT() REPRESENTATION_CONTEXT('2D SPACE',''
  ) );
#2552 = PCURVE('',#1708,#2553);
#2553 = DEFINITIONAL_REPRESENTATION('',(#2554),#2558);
#2554 = CIRCLE('',#2555,16.22);
#2555 = AXIS2_PLACEMENT_2D('',#2556,#2557);
#2556 = CARTESIAN_POINT('',(9.063219542908,-5.553948078979));
#2557 = DIRECTION('',(1.,0.));
#2558 = ( GEOMETRIC_REPRESENTATION_CONTEXT(2) 
PARAMETRIC_REPRESENTATION_CONTEXT() REPRESENTATION_CONTEXT('2D SPACE',''
  ) );
#2559 = ORIENTED_EDGE('',*,*,#2560,.F.);
#2560 = EDGE_CURVE('',#2492,#2537,#2561,.T.);
#2561 = SURFACE_CURVE('',#2562,(#2566,#2572),.PCURVE_S1.);
#2562 = LINE('',#2563,#2564);
#2563 = CARTESIAN_POINT('',(14.032756041641,-8.134504156726,-0.45));
#2564 = VECTOR('',#2565,1.);
#2565 = DIRECTION('',(0.,0.,1.));
#2566 = PCURVE('',#792,#2567);
#2567 = DEFINITIONAL_REPRESENTATION('',(#2568),#2571);
#2568 = B_SPLINE_CURVE_WITH_KNOTS('',1,(#2569,#2570),.UNSPECIFIED.,.F.,
  .F.,(2,2),(4.2,7.2),.PIECEWISE_BEZIER_KNOTS.);
#2569 = CARTESIAN_POINT('',(8.899433855919,4.2));
#2570 = CARTESIAN_POINT('',(8.899433855919,7.2));
#2571 = ( GEOMETRIC_REPRESENTATION_CONTEXT(2) 
PARAMETRIC_REPRESENTATION_CONTEXT() REPRESENTATION_CONTEXT('2D SPACE',''
  ) );
#2572 = PCURVE('',#1733,#2573);
#2573 = DEFINITIONAL_REPRESENTATION('',(#2574),#2577);
#2574 = B_SPLINE_CURVE_WITH_KNOTS('',1,(#2575,#2576),.UNSPECIFIED.,.F.,
  .F.,(2,2),(4.2,7.2),.PIECEWISE_BEZIER_KNOTS.);
#2575 = CARTESIAN_POINT('',(4.55,0.25));
#2576 = CARTESIAN_POINT('',(4.55,-2.75));
#2577 = ( GEOMETRIC_REPRESENTATION_CONTEXT(2) 
PARAMETRIC_REPRESENTATION_CONTEXT() REPRESENTATION_CONTEXT('2D SPACE',''
  ) );
#2578 = ADVANCED_FACE('',(#2579),#765,.F.);
#2579 = FACE_BOUND('',#2580,.F.);
#2580 = EDGE_LOOP('',(#2581,#2582,#2583,#2606,#2639,#2666,#2688,#2689));
#2581 = ORIENTED_EDGE('',*,*,#1748,.F.);
#2582 = ORIENTED_EDGE('',*,*,#1444,.T.);
#2583 = ORIENTED_EDGE('',*,*,#2584,.T.);
#2584 = EDGE_CURVE('',#1445,#2585,#2587,.T.);
#2585 = VERTEX_POINT('',#2586);
#2586 = CARTESIAN_POINT('',(14.771540204054,6.7,7.85));
#2587 = SURFACE_CURVE('',#2588,(#2592,#2599),.PCURVE_S1.);
#2588 = LINE('',#2589,#2590);
#2589 = CARTESIAN_POINT('',(30.,6.7,7.85));
#2590 = VECTOR('',#2591,1.);
#2591 = DIRECTION('',(-1.,1.224646799147E-16,0.));
#2592 = PCURVE('',#765,#2593);
#2593 = DEFINITIONAL_REPRESENTATION('',(#2594),#2598);
#2594 = LINE('',#2595,#2596);
#2595 = CARTESIAN_POINT('',(0.,0.));
#2596 = VECTOR('',#2597,1.);
#2597 = DIRECTION('',(1.,0.));
#2598 = ( GEOMETRIC_REPRESENTATION_CONTEXT(2) 
PARAMETRIC_REPRESENTATION_CONTEXT() REPRESENTATION_CONTEXT('2D SPACE',''
  ) );
#2599 = PCURVE('',#1482,#2600);
#2600 = DEFINITIONAL_REPRESENTATION('',(#2601),#2605);
#2601 = LINE('',#2602,#2603);
#2602 = CARTESIAN_POINT('',(9.3,0.));
#2603 = VECTOR('',#2604,1.);
#2604 = DIRECTION('',(0.,1.));
#2605 = ( GEOMETRIC_REPRESENTATION_CONTEXT(2) 
PARAMETRIC_REPRESENTATION_CONTEXT() REPRESENTATION_CONTEXT('2D SPACE',''
  ) );
#2606 = ORIENTED_EDGE('',*,*,#2607,.F.);
#2607 = EDGE_CURVE('',#2608,#2585,#2610,.T.);
#2608 = VERTEX_POINT('',#2609);
#2609 = CARTESIAN_POINT('',(-2.483718013854E-15,16.22,7.85));
#2610 = SURFACE_CURVE('',#2611,(#2616,#2627),.PCURVE_S1.);
#2611 = CIRCLE('',#2612,16.22);
#2612 = AXIS2_PLACEMENT_3D('',#2613,#2614,#2615);
#2613 = CARTESIAN_POINT('',(0.,0.,7.85));
#2614 = DIRECTION('',(0.,-0.,-1.));
#2615 = DIRECTION('',(0.910699149448,-0.413070283601,0.));
#2616 = PCURVE('',#765,#2617);
#2617 = DEFINITIONAL_REPRESENTATION('',(#2618),#2626);
#2618 = ( BOUNDED_CURVE() B_SPLINE_CURVE(2,(#2619,#2620,#2621,#2622,
#2623,#2624,#2625),.UNSPECIFIED.,.T.,.F.) B_SPLINE_CURVE_WITH_KNOTS((1,2
    ,2,2,2,1),(-2.094395102393,0.,2.094395102393,4.188790204786,
6.28318530718,8.377580409573),.UNSPECIFIED.) CURVE() 
GEOMETRIC_REPRESENTATION_ITEM() RATIONAL_B_SPLINE_CURVE((1.,0.5,1.,0.5,
1.,0.5,1.)) REPRESENTATION_ITEM('') );
#2619 = CARTESIAN_POINT('',(15.228459795946,13.4));
#2620 = CARTESIAN_POINT('',(26.833200206658,38.985058139469));
#2621 = CARTESIAN_POINT('',(43.188140307383,16.142529069734));
#2622 = CARTESIAN_POINT('',(59.543080408109,-6.700000000001));
#2623 = CARTESIAN_POINT('',(31.583399896671,-9.442529069734));
#2624 = CARTESIAN_POINT('',(3.623719385233,-12.18505813946));
#2625 = CARTESIAN_POINT('',(15.228459795946,13.4));
#2626 = ( GEOMETRIC_REPRESENTATION_CONTEXT(2) 
PARAMETRIC_REPRESENTATION_CONTEXT() REPRESENTATION_CONTEXT('2D SPACE',''
  ) );
#2627 = PCURVE('',#2628,#2633);
#2628 = CYLINDRICAL_SURFACE('',#2629,16.22);
#2629 = AXIS2_PLACEMENT_3D('',#2630,#2631,#2632);
#2630 = CARTESIAN_POINT('',(0.,0.,-0.45));
#2631 = DIRECTION('',(0.,0.,1.));
#2632 = DIRECTION('',(-1.,1.224646799147E-16,0.));
#2633 = DEFINITIONAL_REPRESENTATION('',(#2634),#2638);
#2634 = LINE('',#2635,#2636);
#2635 = CARTESIAN_POINT('',(8.998955118118,8.3));
#2636 = VECTOR('',#2637,1.);
#2637 = DIRECTION('',(-1.,-0.));
#2638 = ( GEOMETRIC_REPRESENTATION_CONTEXT(2) 
PARAMETRIC_REPRESENTATION_CONTEXT() REPRESENTATION_CONTEXT('2D SPACE',''
  ) );
#2639 = ORIENTED_EDGE('',*,*,#2640,.T.);
#2640 = EDGE_CURVE('',#2608,#2641,#2643,.T.);
#2641 = VERTEX_POINT('',#2642);
#2642 = CARTESIAN_POINT('',(4.760814431685E-15,15.55,7.85));
#2643 = SURFACE_CURVE('',#2644,(#2648,#2654),.PCURVE_S1.);
#2644 = LINE('',#2645,#2646);
#2645 = CARTESIAN_POINT('',(2.859550276009E-15,23.35,7.85));
#2646 = VECTOR('',#2647,1.);
#2647 = DIRECTION('',(-1.224646799147E-16,-1.,0.));
#2648 = PCURVE('',#765,#2649);
#2649 = DEFINITIONAL_REPRESENTATION('',(#2650),#2653);
#2650 = B_SPLINE_CURVE_WITH_KNOTS('',1,(#2651,#2652),.UNSPECIFIED.,.F.,
  .F.,(2,2),(7.13,39.57),.PIECEWISE_BEZIER_KNOTS.);
#2651 = CARTESIAN_POINT('',(30.,-9.52));
#2652 = CARTESIAN_POINT('',(30.,22.92));
#2653 = ( GEOMETRIC_REPRESENTATION_CONTEXT(2) 
PARAMETRIC_REPRESENTATION_CONTEXT() REPRESENTATION_CONTEXT('2D SPACE',''
  ) );
#2654 = PCURVE('',#2655,#2660);
#2655 = PLANE('',#2656);
#2656 = AXIS2_PLACEMENT_3D('',#2657,#2658,#2659);
#2657 = CARTESIAN_POINT('',(0.,40.,-5.));
#2658 = DIRECTION('',(-1.,1.224646799147E-16,0.));
#2659 = DIRECTION('',(0.,0.,1.));
#2660 = DEFINITIONAL_REPRESENTATION('',(#2661),#2665);
#2661 = LINE('',#2662,#2663);
#2662 = CARTESIAN_POINT('',(12.85,-16.65));
#2663 = VECTOR('',#2664,1.);
#2664 = DIRECTION('',(0.,-1.));
#2665 = ( GEOMETRIC_REPRESENTATION_CONTEXT(2) 
PARAMETRIC_REPRESENTATION_CONTEXT() REPRESENTATION_CONTEXT('2D SPACE',''
  ) );
#2666 = ORIENTED_EDGE('',*,*,#2667,.F.);
#2667 = EDGE_CURVE('',#723,#2641,#2668,.T.);
#2668 = SURFACE_CURVE('',#2669,(#2674,#2681),.PCURVE_S1.);
#2669 = CIRCLE('',#2670,15.55);
#2670 = AXIS2_PLACEMENT_3D('',#2671,#2672,#2673);
#2671 = CARTESIAN_POINT('',(0.,0.,7.85));
#2672 = DIRECTION('',(0.,0.,1.));
#2673 = DIRECTION('',(-1.,1.224646799147E-16,0.));
#2674 = PCURVE('',#765,#2675);
#2675 = DEFINITIONAL_REPRESENTATION('',(#2676),#2680);
#2676 = CIRCLE('',#2677,15.55);
#2677 = AXIS2_PLACEMENT_2D('',#2678,#2679);
#2678 = CARTESIAN_POINT('',(30.,6.7));
#2679 = DIRECTION('',(1.,0.));
#2680 = ( GEOMETRIC_REPRESENTATION_CONTEXT(2) 
PARAMETRIC_REPRESENTATION_CONTEXT() REPRESENTATION_CONTEXT('2D SPACE',''
  ) );
#2681 = PCURVE('',#738,#2682);
#2682 = DEFINITIONAL_REPRESENTATION('',(#2683),#2687);
#2683 = LINE('',#2684,#2685);
#2684 = CARTESIAN_POINT('',(0.,0.));
#2685 = VECTOR('',#2686,1.);
#2686 = DIRECTION('',(1.,0.));
#2687 = ( GEOMETRIC_REPRESENTATION_CONTEXT(2) 
PARAMETRIC_REPRESENTATION_CONTEXT() REPRESENTATION_CONTEXT('2D SPACE',''
  ) );
#2688 = ORIENTED_EDGE('',*,*,#749,.T.);
#2689 = ORIENTED_EDGE('',*,*,#1847,.F.);
#2690 = ADVANCED_FACE('',(#2691),#738,.F.);
#2691 = FACE_BOUND('',#2692,.F.);
#2692 = EDGE_LOOP('',(#2693,#2717,#2718,#2719));
#2693 = ORIENTED_EDGE('',*,*,#2694,.F.);
#2694 = EDGE_CURVE('',#696,#2695,#2697,.T.);
#2695 = VERTEX_POINT('',#2696);
#2696 = CARTESIAN_POINT('',(4.760814431685E-15,15.55,9.05));
#2697 = SURFACE_CURVE('',#2698,(#2703,#2710),.PCURVE_S1.);
#2698 = CIRCLE('',#2699,15.55);
#2699 = AXIS2_PLACEMENT_3D('',#2700,#2701,#2702);
#2700 = CARTESIAN_POINT('',(0.,0.,9.05));
#2701 = DIRECTION('',(0.,0.,1.));
#2702 = DIRECTION('',(-1.,1.224646799147E-16,0.));
#2703 = PCURVE('',#738,#2704);
#2704 = DEFINITIONAL_REPRESENTATION('',(#2705),#2709);
#2705 = LINE('',#2706,#2707);
#2706 = CARTESIAN_POINT('',(0.,1.2));
#2707 = VECTOR('',#2708,1.);
#2708 = DIRECTION('',(1.,0.));
#2709 = ( GEOMETRIC_REPRESENTATION_CONTEXT(2) 
PARAMETRIC_REPRESENTATION_CONTEXT() REPRESENTATION_CONTEXT('2D SPACE',''
  ) );
#2710 = PCURVE('',#711,#2711);
#2711 = DEFINITIONAL_REPRESENTATION('',(#2712),#2716);
#2712 = CIRCLE('',#2713,15.55);
#2713 = AXIS2_PLACEMENT_2D('',#2714,#2715);
#2714 = CARTESIAN_POINT('',(0.,0.));
#2715 = DIRECTION('',(1.,0.));
#2716 = ( GEOMETRIC_REPRESENTATION_CONTEXT(2) 
PARAMETRIC_REPRESENTATION_CONTEXT() REPRESENTATION_CONTEXT('2D SPACE',''
  ) );
#2717 = ORIENTED_EDGE('',*,*,#722,.F.);
#2718 = ORIENTED_EDGE('',*,*,#2667,.T.);
#2719 = ORIENTED_EDGE('',*,*,#2720,.T.);
#2720 = EDGE_CURVE('',#2641,#2695,#2721,.T.);
#2721 = SURFACE_CURVE('',#2722,(#2726,#2732),.PCURVE_S1.);
#2722 = LINE('',#2723,#2724);
#2723 = CARTESIAN_POINT('',(1.904325772674E-15,15.55,7.85));
#2724 = VECTOR('',#2725,1.);
#2725 = DIRECTION('',(0.,0.,1.));
#2726 = PCURVE('',#738,#2727);
#2727 = DEFINITIONAL_REPRESENTATION('',(#2728),#2731);
#2728 = B_SPLINE_CURVE_WITH_KNOTS('',1,(#2729,#2730),.UNSPECIFIED.,.F.,
  .F.,(2,2),(-5.999999999062E-07,1.2000006),.PIECEWISE_BEZIER_KNOTS.);
#2729 = CARTESIAN_POINT('',(4.712388980385,-5.999999999062E-07));
#2730 = CARTESIAN_POINT('',(4.712388980385,1.2000006));
#2731 = ( GEOMETRIC_REPRESENTATION_CONTEXT(2) 
PARAMETRIC_REPRESENTATION_CONTEXT() REPRESENTATION_CONTEXT('2D SPACE',''
  ) );
#2732 = PCURVE('',#2655,#2733);
#2733 = DEFINITIONAL_REPRESENTATION('',(#2734),#2738);
#2734 = LINE('',#2735,#2736);
#2735 = CARTESIAN_POINT('',(12.85,-24.45));
#2736 = VECTOR('',#2737,1.);
#2737 = DIRECTION('',(1.,0.));
#2738 = ( GEOMETRIC_REPRESENTATION_CONTEXT(2) 
PARAMETRIC_REPRESENTATION_CONTEXT() REPRESENTATION_CONTEXT('2D SPACE',''
  ) );
#2739 = ADVANCED_FACE('',(#2740),#711,.T.);
#2740 = FACE_BOUND('',#2741,.T.);
#2741 = EDGE_LOOP('',(#2742,#2743,#2744,#2772));
#2742 = ORIENTED_EDGE('',*,*,#2694,.F.);
#2743 = ORIENTED_EDGE('',*,*,#695,.T.);
#2744 = ORIENTED_EDGE('',*,*,#2745,.F.);
#2745 = EDGE_CURVE('',#2746,#669,#2748,.T.);
#2746 = VERTEX_POINT('',#2747);
#2747 = CARTESIAN_POINT('',(9.919639073094E-16,16.2,9.05));
#2748 = SURFACE_CURVE('',#2749,(#2754,#2765),.PCURVE_S1.);
#2749 = CIRCLE('',#2750,16.2);
#2750 = AXIS2_PLACEMENT_3D('',#2751,#2752,#2753);
#2751 = CARTESIAN_POINT('',(0.,0.,9.05));
#2752 = DIRECTION('',(0.,0.,-1.));
#2753 = DIRECTION('',(6.123233995737E-17,1.,0.));
#2754 = PCURVE('',#711,#2755);
#2755 = DEFINITIONAL_REPRESENTATION('',(#2756),#2764);
#2756 = ( BOUNDED_CURVE() B_SPLINE_CURVE(2,(#2757,#2758,#2759,#2760,
#2761,#2762,#2763),.UNSPECIFIED.,.T.,.F.) B_SPLINE_CURVE_WITH_KNOTS((1,2
    ,2,2,2,1),(-2.094395102393,0.,2.094395102393,4.188790204786,
6.28318530718,8.377580409573),.UNSPECIFIED.) CURVE() 
GEOMETRIC_REPRESENTATION_ITEM() RATIONAL_B_SPLINE_CURVE((1.,0.5,1.,0.5,
1.,0.5,1.)) REPRESENTATION_ITEM('') );
#2757 = CARTESIAN_POINT('',(9.919639073094E-16,-16.2));
#2758 = CARTESIAN_POINT('',(-28.05922308261,-16.2));
#2759 = CARTESIAN_POINT('',(-14.0296115413,8.1));
#2760 = CARTESIAN_POINT('',(-5.951783443856E-15,32.4));
#2761 = CARTESIAN_POINT('',(14.029611541308,8.1));
#2762 = CARTESIAN_POINT('',(28.059223082616,-16.2));
#2763 = CARTESIAN_POINT('',(9.919639073094E-16,-16.2));
#2764 = ( GEOMETRIC_REPRESENTATION_CONTEXT(2) 
PARAMETRIC_REPRESENTATION_CONTEXT() REPRESENTATION_CONTEXT('2D SPACE',''
  ) );
#2765 = PCURVE('',#684,#2766);
#2766 = DEFINITIONAL_REPRESENTATION('',(#2767),#2771);
#2767 = LINE('',#2768,#2769);
#2768 = CARTESIAN_POINT('',(7.853981633974,0.));
#2769 = VECTOR('',#2770,1.);
#2770 = DIRECTION('',(-1.,-0.));
#2771 = ( GEOMETRIC_REPRESENTATION_CONTEXT(2) 
PARAMETRIC_REPRESENTATION_CONTEXT() REPRESENTATION_CONTEXT('2D SPACE',''
  ) );
#2772 = ORIENTED_EDGE('',*,*,#2773,.T.);
#2773 = EDGE_CURVE('',#2746,#2695,#2774,.T.);
#2774 = SURFACE_CURVE('',#2775,(#2779,#2785),.PCURVE_S1.);
#2775 = LINE('',#2776,#2777);
#2776 = CARTESIAN_POINT('',(2.449293598295E-15,20.,9.05));
#2777 = VECTOR('',#2778,1.);
#2778 = DIRECTION('',(-1.224646799147E-16,-1.,0.));
#2779 = PCURVE('',#711,#2780);
#2780 = DEFINITIONAL_REPRESENTATION('',(#2781),#2784);
#2781 = B_SPLINE_CURVE_WITH_KNOTS('',1,(#2782,#2783),.UNSPECIFIED.,.F.,
  .F.,(2,2),(-0.2,40.2),.PIECEWISE_BEZIER_KNOTS.);
#2782 = CARTESIAN_POINT('',(0.,-20.2));
#2783 = CARTESIAN_POINT('',(0.,20.2));
#2784 = ( GEOMETRIC_REPRESENTATION_CONTEXT(2) 
PARAMETRIC_REPRESENTATION_CONTEXT() REPRESENTATION_CONTEXT('2D SPACE',''
  ) );
#2785 = PCURVE('',#2655,#2786);
#2786 = DEFINITIONAL_REPRESENTATION('',(#2787),#2791);
#2787 = LINE('',#2788,#2789);
#2788 = CARTESIAN_POINT('',(14.05,-20.));
#2789 = VECTOR('',#2790,1.);
#2790 = DIRECTION('',(0.,-1.));
#2791 = ( GEOMETRIC_REPRESENTATION_CONTEXT(2) 
PARAMETRIC_REPRESENTATION_CONTEXT() REPRESENTATION_CONTEXT('2D SPACE',''
  ) );
#2792 = ADVANCED_FACE('',(#2793),#603,.T.);
#2793 = FACE_BOUND('',#2794,.T.);
#2794 = EDGE_LOOP('',(#2795,#2817,#2818,#2819));
#2795 = ORIENTED_EDGE('',*,*,#2796,.F.);
#2796 = EDGE_CURVE('',#588,#1196,#2797,.T.);
#2797 = SURFACE_CURVE('',#2798,(#2803,#2810),.PCURVE_S1.);
#2798 = CIRCLE('',#2799,17.8);
#2799 = AXIS2_PLACEMENT_3D('',#2800,#2801,#2802);
#2800 = CARTESIAN_POINT('',(0.,0.,9.05));
#2801 = DIRECTION('',(0.,-0.,1.));
#2802 = DIRECTION('',(0.390731128489,0.920504853452,0.));
#2803 = PCURVE('',#603,#2804);
#2804 = DEFINITIONAL_REPRESENTATION('',(#2805),#2809);
#2805 = CIRCLE('',#2806,17.8);
#2806 = AXIS2_PLACEMENT_2D('',#2807,#2808);
#2807 = CARTESIAN_POINT('',(0.,0.));
#2808 = DIRECTION('',(-0.390731128489,-0.920504853452));
#2809 = ( GEOMETRIC_REPRESENTATION_CONTEXT(2) 
PARAMETRIC_REPRESENTATION_CONTEXT() REPRESENTATION_CONTEXT('2D SPACE',''
  ) );
#2810 = PCURVE('',#630,#2811);
#2811 = DEFINITIONAL_REPRESENTATION('',(#2812),#2816);
#2812 = LINE('',#2813,#2814);
#2813 = CARTESIAN_POINT('',(1.169370598836,0.));
#2814 = VECTOR('',#2815,1.);
#2815 = DIRECTION('',(1.,0.));
#2816 = ( GEOMETRIC_REPRESENTATION_CONTEXT(2) 
PARAMETRIC_REPRESENTATION_CONTEXT() REPRESENTATION_CONTEXT('2D SPACE',''
  ) );
#2817 = ORIENTED_EDGE('',*,*,#587,.T.);
#2818 = ORIENTED_EDGE('',*,*,#1168,.F.);
#2819 = ORIENTED_EDGE('',*,*,#1244,.F.);
#2820 = ADVANCED_FACE('',(#2821),#532,.T.);
#2821 = FACE_BOUND('',#2822,.T.);
#2822 = EDGE_LOOP('',(#2823,#2824,#2825,#2826,#2827,#2828,#2829,#2830));
#2823 = ORIENTED_EDGE('',*,*,#1119,.F.);
#2824 = ORIENTED_EDGE('',*,*,#516,.T.);
#2825 = ORIENTED_EDGE('',*,*,#828,.T.);
#2826 = ORIENTED_EDGE('',*,*,#900,.T.);
#2827 = ORIENTED_EDGE('',*,*,#948,.F.);
#2828 = ORIENTED_EDGE('',*,*,#973,.T.);
#2829 = ORIENTED_EDGE('',*,*,#1043,.F.);
#2830 = ORIENTED_EDGE('',*,*,#1090,.T.);
#2831 = ADVANCED_FACE('',(#2832),#1211,.F.);
#2832 = FACE_BOUND('',#2833,.F.);
#2833 = EDGE_LOOP('',(#2834,#2835,#2859,#2885));
#2834 = ORIENTED_EDGE('',*,*,#1193,.T.);
#2835 = ORIENTED_EDGE('',*,*,#2836,.T.);
#2836 = EDGE_CURVE('',#1196,#2837,#2839,.T.);
#2837 = VERTEX_POINT('',#2838);
#2838 = CARTESIAN_POINT('',(6.955014087109,-16.38498639145,9.05));
#2839 = SURFACE_CURVE('',#2840,(#2845,#2852),.PCURVE_S1.);
#2840 = CIRCLE('',#2841,17.8);
#2841 = AXIS2_PLACEMENT_3D('',#2842,#2843,#2844);
#2842 = CARTESIAN_POINT('',(0.,0.,9.05));
#2843 = DIRECTION('',(0.,-0.,1.));
#2844 = DIRECTION('',(0.390731128489,0.920504853452,0.));
#2845 = PCURVE('',#1211,#2846);
#2846 = DEFINITIONAL_REPRESENTATION('',(#2847),#2851);
#2847 = CIRCLE('',#2848,17.8);
#2848 = AXIS2_PLACEMENT_2D('',#2849,#2850);
#2849 = CARTESIAN_POINT('',(0.,0.));
#2850 = DIRECTION('',(0.390731128489,0.920504853452));
#2851 = ( GEOMETRIC_REPRESENTATION_CONTEXT(2) 
PARAMETRIC_REPRESENTATION_CONTEXT() REPRESENTATION_CONTEXT('2D SPACE',''
  ) );
#2852 = PCURVE('',#630,#2853);
#2853 = DEFINITIONAL_REPRESENTATION('',(#2854),#2858);
#2854 = LINE('',#2855,#2856);
#2855 = CARTESIAN_POINT('',(1.169370598836,0.));
#2856 = VECTOR('',#2857,1.);
#2857 = DIRECTION('',(1.,0.));
#2858 = ( GEOMETRIC_REPRESENTATION_CONTEXT(2) 
PARAMETRIC_REPRESENTATION_CONTEXT() REPRESENTATION_CONTEXT('2D SPACE',''
  ) );
#2859 = ORIENTED_EDGE('',*,*,#2860,.F.);
#2860 = EDGE_CURVE('',#1363,#2837,#2861,.T.);
#2861 = SURFACE_CURVE('',#2862,(#2866,#2873),.PCURVE_S1.);
#2862 = LINE('',#2863,#2864);
#2863 = CARTESIAN_POINT('',(0.,0.,9.05));
#2864 = VECTOR('',#2865,1.);
#2865 = DIRECTION('',(0.390731128489,-0.920504853452,0.));
#2866 = PCURVE('',#1211,#2867);
#2867 = DEFINITIONAL_REPRESENTATION('',(#2868),#2872);
#2868 = LINE('',#2869,#2870);
#2869 = CARTESIAN_POINT('',(0.,0.));
#2870 = VECTOR('',#2871,1.);
#2871 = DIRECTION('',(0.390731128489,-0.920504853452));
#2872 = ( GEOMETRIC_REPRESENTATION_CONTEXT(2) 
PARAMETRIC_REPRESENTATION_CONTEXT() REPRESENTATION_CONTEXT('2D SPACE',''
  ) );
#2873 = PCURVE('',#2874,#2879);
#2874 = PLANE('',#2875);
#2875 = AXIS2_PLACEMENT_3D('',#2876,#2877,#2878);
#2876 = CARTESIAN_POINT('',(0.,0.,9.05));
#2877 = DIRECTION('',(0.920504853452,0.390731128489,-0.));
#2878 = DIRECTION('',(0.390731128489,-0.920504853452,0.));
#2879 = DEFINITIONAL_REPRESENTATION('',(#2880),#2884);
#2880 = LINE('',#2881,#2882);
#2881 = CARTESIAN_POINT('',(0.,0.));
#2882 = VECTOR('',#2883,1.);
#2883 = DIRECTION('',(1.,0.));
#2884 = ( GEOMETRIC_REPRESENTATION_CONTEXT(2) 
PARAMETRIC_REPRESENTATION_CONTEXT() REPRESENTATION_CONTEXT('2D SPACE',''
  ) );
#2885 = ORIENTED_EDGE('',*,*,#1395,.T.);
#2886 = ADVANCED_FACE('',(#2887),#1285,.F.);
#2887 = FACE_BOUND('',#2888,.F.);
#2888 = EDGE_LOOP('',(#2889,#2912,#2940,#2961));
#2889 = ORIENTED_EDGE('',*,*,#2890,.F.);
#2890 = EDGE_CURVE('',#2891,#1271,#2893,.T.);
#2891 = VERTEX_POINT('',#2892);
#2892 = CARTESIAN_POINT('',(4.,20.2,9.05));
#2893 = SURFACE_CURVE('',#2894,(#2898,#2905),.PCURVE_S1.);
#2894 = LINE('',#2895,#2896);
#2895 = CARTESIAN_POINT('',(4.,20.2,9.05));
#2896 = VECTOR('',#2897,1.);
#2897 = DIRECTION('',(-1.224646799147E-16,-1.,0.));
#2898 = PCURVE('',#1285,#2899);
#2899 = DEFINITIONAL_REPRESENTATION('',(#2900),#2904);
#2900 = LINE('',#2901,#2902);
#2901 = CARTESIAN_POINT('',(9.5,0.));
#2902 = VECTOR('',#2903,1.);
#2903 = DIRECTION('',(0.,-1.));
#2904 = ( GEOMETRIC_REPRESENTATION_CONTEXT(2) 
PARAMETRIC_REPRESENTATION_CONTEXT() REPRESENTATION_CONTEXT('2D SPACE',''
  ) );
#2905 = PCURVE('',#1313,#2906);
#2906 = DEFINITIONAL_REPRESENTATION('',(#2907),#2911);
#2907 = LINE('',#2908,#2909);
#2908 = CARTESIAN_POINT('',(-4.,-20.2));
#2909 = VECTOR('',#2910,1.);
#2910 = DIRECTION('',(0.,1.));
#2911 = ( GEOMETRIC_REPRESENTATION_CONTEXT(2) 
PARAMETRIC_REPRESENTATION_CONTEXT() REPRESENTATION_CONTEXT('2D SPACE',''
  ) );
#2912 = ORIENTED_EDGE('',*,*,#2913,.F.);
#2913 = EDGE_CURVE('',#2914,#2891,#2916,.T.);
#2914 = VERTEX_POINT('',#2915);
#2915 = CARTESIAN_POINT('',(4.,20.2,-0.45));
#2916 = SURFACE_CURVE('',#2917,(#2921,#2928),.PCURVE_S1.);
#2917 = LINE('',#2918,#2919);
#2918 = CARTESIAN_POINT('',(4.,20.2,-0.45));
#2919 = VECTOR('',#2920,1.);
#2920 = DIRECTION('',(0.,0.,1.));
#2921 = PCURVE('',#1285,#2922);
#2922 = DEFINITIONAL_REPRESENTATION('',(#2923),#2927);
#2923 = LINE('',#2924,#2925);
#2924 = CARTESIAN_POINT('',(0.,0.));
#2925 = VECTOR('',#2926,1.);
#2926 = DIRECTION('',(1.,0.));
#2927 = ( GEOMETRIC_REPRESENTATION_CONTEXT(2) 
PARAMETRIC_REPRESENTATION_CONTEXT() REPRESENTATION_CONTEXT('2D SPACE',''
  ) );
#2928 = PCURVE('',#2929,#2934);
#2929 = PLANE('',#2930);
#2930 = AXIS2_PLACEMENT_3D('',#2931,#2932,#2933);
#2931 = CARTESIAN_POINT('',(4.,20.2,-0.45));
#2932 = DIRECTION('',(-1.224646799147E-16,-1.,0.));
#2933 = DIRECTION('',(0.,0.,1.));
#2934 = DEFINITIONAL_REPRESENTATION('',(#2935),#2939);
#2935 = LINE('',#2936,#2937);
#2936 = CARTESIAN_POINT('',(0.,0.));
#2937 = VECTOR('',#2938,1.);
#2938 = DIRECTION('',(1.,0.));
#2939 = ( GEOMETRIC_REPRESENTATION_CONTEXT(2) 
PARAMETRIC_REPRESENTATION_CONTEXT() REPRESENTATION_CONTEXT('2D SPACE',''
  ) );
#2940 = ORIENTED_EDGE('',*,*,#2941,.T.);
#2941 = EDGE_CURVE('',#2914,#1269,#2942,.T.);
#2942 = SURFACE_CURVE('',#2943,(#2947,#2954),.PCURVE_S1.);
#2943 = LINE('',#2944,#2945);
#2944 = CARTESIAN_POINT('',(4.,20.2,-0.45));
#2945 = VECTOR('',#2946,1.);
#2946 = DIRECTION('',(-1.224646799147E-16,-1.,0.));
#2947 = PCURVE('',#1285,#2948);
#2948 = DEFINITIONAL_REPRESENTATION('',(#2949),#2953);
#2949 = LINE('',#2950,#2951);
#2950 = CARTESIAN_POINT('',(0.,0.));
#2951 = VECTOR('',#2952,1.);
#2952 = DIRECTION('',(0.,-1.));
#2953 = ( GEOMETRIC_REPRESENTATION_CONTEXT(2) 
PARAMETRIC_REPRESENTATION_CONTEXT() REPRESENTATION_CONTEXT('2D SPACE',''
  ) );
#2954 = PCURVE('',#1508,#2955);
#2955 = DEFINITIONAL_REPRESENTATION('',(#2956),#2960);
#2956 = LINE('',#2957,#2958);
#2957 = CARTESIAN_POINT('',(-4.,-20.2));
#2958 = VECTOR('',#2959,1.);
#2959 = DIRECTION('',(0.,1.));
#2960 = ( GEOMETRIC_REPRESENTATION_CONTEXT(2) 
PARAMETRIC_REPRESENTATION_CONTEXT() REPRESENTATION_CONTEXT('2D SPACE',''
  ) );
#2961 = ORIENTED_EDGE('',*,*,#1268,.T.);
#2962 = ADVANCED_FACE('',(#2963),#1508,.F.);
#2963 = FACE_BOUND('',#2964,.F.);
#2964 = EDGE_LOOP('',(#2965,#2996,#3016,#3017,#3018,#3041,#3063,#3089,
    #3118,#3144,#3173,#3199,#3225,#3251));
#2965 = ORIENTED_EDGE('',*,*,#2966,.F.);
#2966 = EDGE_CURVE('',#2967,#2969,#2971,.T.);
#2967 = VERTEX_POINT('',#2968);
#2968 = CARTESIAN_POINT('',(14.110081502245,6.7,-0.45));
#2969 = VERTEX_POINT('',#2970);
#2970 = CARTESIAN_POINT('',(2.203628028123E-15,15.62,-0.45));
#2971 = SURFACE_CURVE('',#2972,(#2977,#2984),.PCURVE_S1.);
#2972 = CIRCLE('',#2973,15.62);
#2973 = AXIS2_PLACEMENT_3D('',#2974,#2975,#2976);
#2974 = CARTESIAN_POINT('',(0.,0.,-0.45));
#2975 = DIRECTION('',(0.,-0.,1.));
#2976 = DIRECTION('',(0.903334283114,0.428937259923,0.));
#2977 = PCURVE('',#1508,#2978);
#2978 = DEFINITIONAL_REPRESENTATION('',(#2979),#2983);
#2979 = CIRCLE('',#2980,15.62);
#2980 = AXIS2_PLACEMENT_2D('',#2981,#2982);
#2981 = CARTESIAN_POINT('',(0.,0.));
#2982 = DIRECTION('',(-0.903334283114,-0.428937259923));
#2983 = ( GEOMETRIC_REPRESENTATION_CONTEXT(2) 
PARAMETRIC_REPRESENTATION_CONTEXT() REPRESENTATION_CONTEXT('2D SPACE',''
  ) );
#2984 = PCURVE('',#2985,#2990);
#2985 = CYLINDRICAL_SURFACE('',#2986,15.62);
#2986 = AXIS2_PLACEMENT_3D('',#2987,#2988,#2989);
#2987 = CARTESIAN_POINT('',(0.,0.,-0.45));
#2988 = DIRECTION('',(0.,0.,1.));
#2989 = DIRECTION('',(-1.,1.224646799147E-16,0.));
#2990 = DEFINITIONAL_REPRESENTATION('',(#2991),#2995);
#2991 = LINE('',#2992,#2993);
#2992 = CARTESIAN_POINT('',(3.584908637674,0.));
#2993 = VECTOR('',#2994,1.);
#2994 = DIRECTION('',(1.,0.));
#2995 = ( GEOMETRIC_REPRESENTATION_CONTEXT(2) 
PARAMETRIC_REPRESENTATION_CONTEXT() REPRESENTATION_CONTEXT('2D SPACE',''
  ) );
#2996 = ORIENTED_EDGE('',*,*,#2997,.T.);
#2997 = EDGE_CURVE('',#2967,#1468,#2998,.T.);
#2998 = SURFACE_CURVE('',#2999,(#3003,#3010),.PCURVE_S1.);
#2999 = LINE('',#3000,#3001);
#3000 = CARTESIAN_POINT('',(15.,6.7,-0.45));
#3001 = VECTOR('',#3002,1.);
#3002 = DIRECTION('',(1.,-1.224646799147E-16,0.));
#3003 = PCURVE('',#1508,#3004);
#3004 = DEFINITIONAL_REPRESENTATION('',(#3005),#3009);
#3005 = LINE('',#3006,#3007);
#3006 = CARTESIAN_POINT('',(-15.,-6.7));
#3007 = VECTOR('',#3008,1.);
#3008 = DIRECTION('',(-1.,0.));
#3009 = ( GEOMETRIC_REPRESENTATION_CONTEXT(2) 
PARAMETRIC_REPRESENTATION_CONTEXT() REPRESENTATION_CONTEXT('2D SPACE',''
  ) );
#3010 = PCURVE('',#1482,#3011);
#3011 = DEFINITIONAL_REPRESENTATION('',(#3012),#3015);
#3012 = B_SPLINE_CURVE_WITH_KNOTS('',1,(#3013,#3014),.UNSPECIFIED.,.F.,
  .F.,(2,2),(-5.,2.77),.PIECEWISE_BEZIER_KNOTS.);
#3013 = CARTESIAN_POINT('',(1.,20.));
#3014 = CARTESIAN_POINT('',(1.,12.23));
#3015 = ( GEOMETRIC_REPRESENTATION_CONTEXT(2) 
PARAMETRIC_REPRESENTATION_CONTEXT() REPRESENTATION_CONTEXT('2D SPACE',''
  ) );
#3016 = ORIENTED_EDGE('',*,*,#1493,.T.);
#3017 = ORIENTED_EDGE('',*,*,#2941,.F.);
#3018 = ORIENTED_EDGE('',*,*,#3019,.T.);
#3019 = EDGE_CURVE('',#2914,#3020,#3022,.T.);
#3020 = VERTEX_POINT('',#3021);
#3021 = CARTESIAN_POINT('',(2.473786534278E-15,20.2,-0.45));
#3022 = SURFACE_CURVE('',#3023,(#3027,#3034),.PCURVE_S1.);
#3023 = LINE('',#3024,#3025);
#3024 = CARTESIAN_POINT('',(4.,20.2,-0.45));
#3025 = VECTOR('',#3026,1.);
#3026 = DIRECTION('',(-1.,1.224646799147E-16,0.));
#3027 = PCURVE('',#1508,#3028);
#3028 = DEFINITIONAL_REPRESENTATION('',(#3029),#3033);
#3029 = LINE('',#3030,#3031);
#3030 = CARTESIAN_POINT('',(-4.,-20.2));
#3031 = VECTOR('',#3032,1.);
#3032 = DIRECTION('',(1.,0.));
#3033 = ( GEOMETRIC_REPRESENTATION_CONTEXT(2) 
PARAMETRIC_REPRESENTATION_CONTEXT() REPRESENTATION_CONTEXT('2D SPACE',''
  ) );
#3034 = PCURVE('',#2929,#3035);
#3035 = DEFINITIONAL_REPRESENTATION('',(#3036),#3040);
#3036 = LINE('',#3037,#3038);
#3037 = CARTESIAN_POINT('',(0.,0.));
#3038 = VECTOR('',#3039,1.);
#3039 = DIRECTION('',(0.,1.));
#3040 = ( GEOMETRIC_REPRESENTATION_CONTEXT(2) 
PARAMETRIC_REPRESENTATION_CONTEXT() REPRESENTATION_CONTEXT('2D SPACE',''
  ) );
#3041 = ORIENTED_EDGE('',*,*,#3042,.T.);
#3042 = EDGE_CURVE('',#3020,#3043,#3045,.T.);
#3043 = VERTEX_POINT('',#3044);
#3044 = CARTESIAN_POINT('',(2.345198620367E-15,19.15,-0.45));
#3045 = SURFACE_CURVE('',#3046,(#3050,#3056),.PCURVE_S1.);
#3046 = LINE('',#3047,#3048);
#3047 = CARTESIAN_POINT('',(2.449293598295E-15,20.,-0.45));
#3048 = VECTOR('',#3049,1.);
#3049 = DIRECTION('',(-1.224646799147E-16,-1.,0.));
#3050 = PCURVE('',#1508,#3051);
#3051 = DEFINITIONAL_REPRESENTATION('',(#3052),#3055);
#3052 = B_SPLINE_CURVE_WITH_KNOTS('',1,(#3053,#3054),.UNSPECIFIED.,.F.,
  .F.,(2,2),(-0.2,40.2),.PIECEWISE_BEZIER_KNOTS.);
#3053 = CARTESIAN_POINT('',(0.,-20.2));
#3054 = CARTESIAN_POINT('',(0.,20.2));
#3055 = ( GEOMETRIC_REPRESENTATION_CONTEXT(2) 
PARAMETRIC_REPRESENTATION_CONTEXT() REPRESENTATION_CONTEXT('2D SPACE',''
  ) );
#3056 = PCURVE('',#2655,#3057);
#3057 = DEFINITIONAL_REPRESENTATION('',(#3058),#3062);
#3058 = LINE('',#3059,#3060);
#3059 = CARTESIAN_POINT('',(4.55,-20.));
#3060 = VECTOR('',#3061,1.);
#3061 = DIRECTION('',(0.,-1.));
#3062 = ( GEOMETRIC_REPRESENTATION_CONTEXT(2) 
PARAMETRIC_REPRESENTATION_CONTEXT() REPRESENTATION_CONTEXT('2D SPACE',''
  ) );
#3063 = ORIENTED_EDGE('',*,*,#3064,.T.);
#3064 = EDGE_CURVE('',#3043,#3065,#3067,.T.);
#3065 = VERTEX_POINT('',#3066);
#3066 = CARTESIAN_POINT('',(1.9,19.15,-0.45));
#3067 = SURFACE_CURVE('',#3068,(#3072,#3078),.PCURVE_S1.);
#3068 = LINE('',#3069,#3070);
#3069 = CARTESIAN_POINT('',(1.9,19.15,-0.45));
#3070 = VECTOR('',#3071,1.);
#3071 = DIRECTION('',(1.,-1.224646799147E-16,0.));
#3072 = PCURVE('',#1508,#3073);
#3073 = DEFINITIONAL_REPRESENTATION('',(#3074),#3077);
#3074 = B_SPLINE_CURVE_WITH_KNOTS('',1,(#3075,#3076),.UNSPECIFIED.,.F.,
  .F.,(2,2),(-1.9,1.9),.PIECEWISE_BEZIER_KNOTS.);
#3075 = CARTESIAN_POINT('',(0.,-19.15));
#3076 = CARTESIAN_POINT('',(-3.8,-19.15));
#3077 = ( GEOMETRIC_REPRESENTATION_CONTEXT(2) 
PARAMETRIC_REPRESENTATION_CONTEXT() REPRESENTATION_CONTEXT('2D SPACE',''
  ) );
#3078 = PCURVE('',#3079,#3084);
#3079 = PLANE('',#3080);
#3080 = AXIS2_PLACEMENT_3D('',#3081,#3082,#3083);
#3081 = CARTESIAN_POINT('',(3.8,19.15,-1.45));
#3082 = DIRECTION('',(-1.224646799147E-16,-1.,0.));
#3083 = DIRECTION('',(0.,0.,1.));
#3084 = DEFINITIONAL_REPRESENTATION('',(#3085),#3088);
#3085 = B_SPLINE_CURVE_WITH_KNOTS('',1,(#3086,#3087),.UNSPECIFIED.,.F.,
  .F.,(2,2),(-1.9,1.9),.PIECEWISE_BEZIER_KNOTS.);
#3086 = CARTESIAN_POINT('',(1.,3.8));
#3087 = CARTESIAN_POINT('',(1.,0.));
#3088 = ( GEOMETRIC_REPRESENTATION_CONTEXT(2) 
PARAMETRIC_REPRESENTATION_CONTEXT() REPRESENTATION_CONTEXT('2D SPACE',''
  ) );
#3089 = ORIENTED_EDGE('',*,*,#3090,.F.);
#3090 = EDGE_CURVE('',#3091,#3065,#3093,.T.);
#3091 = VERTEX_POINT('',#3092);
#3092 = CARTESIAN_POINT('',(1.980384757729,19.45,-0.45));
#3093 = SURFACE_CURVE('',#3094,(#3099,#3106),.PCURVE_S1.);
#3094 = CIRCLE('',#3095,0.6);
#3095 = AXIS2_PLACEMENT_3D('',#3096,#3097,#3098);
#3096 = CARTESIAN_POINT('',(2.5,19.15,-0.45));
#3097 = DIRECTION('',(0.,0.,1.));
#3098 = DIRECTION('',(-1.,1.224646799147E-16,0.));
#3099 = PCURVE('',#1508,#3100);
#3100 = DEFINITIONAL_REPRESENTATION('',(#3101),#3105);
#3101 = CIRCLE('',#3102,0.6);
#3102 = AXIS2_PLACEMENT_2D('',#3103,#3104);
#3103 = CARTESIAN_POINT('',(-2.5,-19.15));
#3104 = DIRECTION('',(1.,0.));
#3105 = ( GEOMETRIC_REPRESENTATION_CONTEXT(2) 
PARAMETRIC_REPRESENTATION_CONTEXT() REPRESENTATION_CONTEXT('2D SPACE',''
  ) );
#3106 = PCURVE('',#3107,#3112);
#3107 = CYLINDRICAL_SURFACE('',#3108,0.6);
#3108 = AXIS2_PLACEMENT_3D('',#3109,#3110,#3111);
#3109 = CARTESIAN_POINT('',(2.5,19.15,-1.45));
#3110 = DIRECTION('',(0.,0.,1.));
#3111 = DIRECTION('',(-1.,1.224646799147E-16,0.));
#3112 = DEFINITIONAL_REPRESENTATION('',(#3113),#3117);
#3113 = LINE('',#3114,#3115);
#3114 = CARTESIAN_POINT('',(0.,1.));
#3115 = VECTOR('',#3116,1.);
#3116 = DIRECTION('',(1.,0.));
#3117 = ( GEOMETRIC_REPRESENTATION_CONTEXT(2) 
PARAMETRIC_REPRESENTATION_CONTEXT() REPRESENTATION_CONTEXT('2D SPACE',''
  ) );
#3118 = ORIENTED_EDGE('',*,*,#3119,.T.);
#3119 = EDGE_CURVE('',#3091,#3120,#3122,.T.);
#3120 = VERTEX_POINT('',#3121);
#3121 = CARTESIAN_POINT('',(3.019615242271,19.45,-0.45));
#3122 = SURFACE_CURVE('',#3123,(#3127,#3133),.PCURVE_S1.);
#3123 = LINE('',#3124,#3125);
#3124 = CARTESIAN_POINT('',(1.75,19.45,-0.45));
#3125 = VECTOR('',#3126,1.);
#3126 = DIRECTION('',(1.,-1.224646799147E-16,0.));
#3127 = PCURVE('',#1508,#3128);
#3128 = DEFINITIONAL_REPRESENTATION('',(#3129),#3132);
#3129 = B_SPLINE_CURVE_WITH_KNOTS('',1,(#3130,#3131),.UNSPECIFIED.,.F.,
  .F.,(2,2),(0.230384757729,1.269615242271),.PIECEWISE_BEZIER_KNOTS.);
#3130 = CARTESIAN_POINT('',(-1.980384757729,-19.45));
#3131 = CARTESIAN_POINT('',(-3.019615242271,-19.45));
#3132 = ( GEOMETRIC_REPRESENTATION_CONTEXT(2) 
PARAMETRIC_REPRESENTATION_CONTEXT() REPRESENTATION_CONTEXT('2D SPACE',''
  ) );
#3133 = PCURVE('',#3134,#3139);
#3134 = PLANE('',#3135);
#3135 = AXIS2_PLACEMENT_3D('',#3136,#3137,#3138);
#3136 = CARTESIAN_POINT('',(3.5,19.45,-1.45));
#3137 = DIRECTION('',(-1.224646799147E-16,-1.,0.));
#3138 = DIRECTION('',(0.,0.,1.));
#3139 = DEFINITIONAL_REPRESENTATION('',(#3140),#3143);
#3140 = B_SPLINE_CURVE_WITH_KNOTS('',1,(#3141,#3142),.UNSPECIFIED.,.F.,
  .F.,(2,2),(0.230384757729,1.269615242271),.PIECEWISE_BEZIER_KNOTS.);
#3141 = CARTESIAN_POINT('',(1.,1.519615242271));
#3142 = CARTESIAN_POINT('',(1.,0.480384757729));
#3143 = ( GEOMETRIC_REPRESENTATION_CONTEXT(2) 
PARAMETRIC_REPRESENTATION_CONTEXT() REPRESENTATION_CONTEXT('2D SPACE',''
  ) );
#3144 = ORIENTED_EDGE('',*,*,#3145,.F.);
#3145 = EDGE_CURVE('',#3146,#3120,#3148,.T.);
#3146 = VERTEX_POINT('',#3147);
#3147 = CARTESIAN_POINT('',(3.1,19.15,-0.45));
#3148 = SURFACE_CURVE('',#3149,(#3154,#3161),.PCURVE_S1.);
#3149 = CIRCLE('',#3150,0.6);
#3150 = AXIS2_PLACEMENT_3D('',#3151,#3152,#3153);
#3151 = CARTESIAN_POINT('',(2.5,19.15,-0.45));
#3152 = DIRECTION('',(0.,0.,1.));
#3153 = DIRECTION('',(-1.,1.224646799147E-16,0.));
#3154 = PCURVE('',#1508,#3155);
#3155 = DEFINITIONAL_REPRESENTATION('',(#3156),#3160);
#3156 = CIRCLE('',#3157,0.6);
#3157 = AXIS2_PLACEMENT_2D('',#3158,#3159);
#3158 = CARTESIAN_POINT('',(-2.5,-19.15));
#3159 = DIRECTION('',(1.,0.));
#3160 = ( GEOMETRIC_REPRESENTATION_CONTEXT(2) 
PARAMETRIC_REPRESENTATION_CONTEXT() REPRESENTATION_CONTEXT('2D SPACE',''
  ) );
#3161 = PCURVE('',#3162,#3167);
#3162 = CYLINDRICAL_SURFACE('',#3163,0.6);
#3163 = AXIS2_PLACEMENT_3D('',#3164,#3165,#3166);
#3164 = CARTESIAN_POINT('',(2.5,19.15,-1.45));
#3165 = DIRECTION('',(0.,0.,1.));
#3166 = DIRECTION('',(-1.,1.224646799147E-16,0.));
#3167 = DEFINITIONAL_REPRESENTATION('',(#3168),#3172);
#3168 = LINE('',#3169,#3170);
#3169 = CARTESIAN_POINT('',(0.,1.));
#3170 = VECTOR('',#3171,1.);
#3171 = DIRECTION('',(1.,0.));
#3172 = ( GEOMETRIC_REPRESENTATION_CONTEXT(2) 
PARAMETRIC_REPRESENTATION_CONTEXT() REPRESENTATION_CONTEXT('2D SPACE',''
  ) );
#3173 = ORIENTED_EDGE('',*,*,#3174,.T.);
#3174 = EDGE_CURVE('',#3146,#3175,#3177,.T.);
#3175 = VERTEX_POINT('',#3176);
#3176 = CARTESIAN_POINT('',(3.8,19.15,-0.45));
#3177 = SURFACE_CURVE('',#3178,(#3182,#3188),.PCURVE_S1.);
#3178 = LINE('',#3179,#3180);
#3179 = CARTESIAN_POINT('',(1.9,19.15,-0.45));
#3180 = VECTOR('',#3181,1.);
#3181 = DIRECTION('',(1.,-1.224646799147E-16,0.));
#3182 = PCURVE('',#1508,#3183);
#3183 = DEFINITIONAL_REPRESENTATION('',(#3184),#3187);
#3184 = B_SPLINE_CURVE_WITH_KNOTS('',1,(#3185,#3186),.UNSPECIFIED.,.F.,
  .F.,(2,2),(-1.9,1.9),.PIECEWISE_BEZIER_KNOTS.);
#3185 = CARTESIAN_POINT('',(0.,-19.15));
#3186 = CARTESIAN_POINT('',(-3.8,-19.15));
#3187 = ( GEOMETRIC_REPRESENTATION_CONTEXT(2) 
PARAMETRIC_REPRESENTATION_CONTEXT() REPRESENTATION_CONTEXT('2D SPACE',''
  ) );
#3188 = PCURVE('',#3189,#3194);
#3189 = PLANE('',#3190);
#3190 = AXIS2_PLACEMENT_3D('',#3191,#3192,#3193);
#3191 = CARTESIAN_POINT('',(3.8,19.15,-1.45));
#3192 = DIRECTION('',(-1.224646799147E-16,-1.,0.));
#3193 = DIRECTION('',(0.,0.,1.));
#3194 = DEFINITIONAL_REPRESENTATION('',(#3195),#3198);
#3195 = B_SPLINE_CURVE_WITH_KNOTS('',1,(#3196,#3197),.UNSPECIFIED.,.F.,
  .F.,(2,2),(-1.9,1.9),.PIECEWISE_BEZIER_KNOTS.);
#3196 = CARTESIAN_POINT('',(1.,3.8));
#3197 = CARTESIAN_POINT('',(1.,0.));
#3198 = ( GEOMETRIC_REPRESENTATION_CONTEXT(2) 
PARAMETRIC_REPRESENTATION_CONTEXT() REPRESENTATION_CONTEXT('2D SPACE',''
  ) );
#3199 = ORIENTED_EDGE('',*,*,#3200,.T.);
#3200 = EDGE_CURVE('',#3175,#3201,#3203,.T.);
#3201 = VERTEX_POINT('',#3202);
#3202 = CARTESIAN_POINT('',(3.8,17.05,-0.45));
#3203 = SURFACE_CURVE('',#3204,(#3208,#3214),.PCURVE_S1.);
#3204 = LINE('',#3205,#3206);
#3205 = CARTESIAN_POINT('',(3.8,9.575,-0.45));
#3206 = VECTOR('',#3207,1.);
#3207 = DIRECTION('',(-1.224646799147E-16,-1.,0.));
#3208 = PCURVE('',#1508,#3209);
#3209 = DEFINITIONAL_REPRESENTATION('',(#3210),#3213);
#3210 = B_SPLINE_CURVE_WITH_KNOTS('',1,(#3211,#3212),.UNSPECIFIED.,.F.,
  .F.,(2,2),(-9.575,-7.475),.PIECEWISE_BEZIER_KNOTS.);
#3211 = CARTESIAN_POINT('',(-3.8,-19.15));
#3212 = CARTESIAN_POINT('',(-3.8,-17.05));
#3213 = ( GEOMETRIC_REPRESENTATION_CONTEXT(2) 
PARAMETRIC_REPRESENTATION_CONTEXT() REPRESENTATION_CONTEXT('2D SPACE',''
  ) );
#3214 = PCURVE('',#3215,#3220);
#3215 = PLANE('',#3216);
#3216 = AXIS2_PLACEMENT_3D('',#3217,#3218,#3219);
#3217 = CARTESIAN_POINT('',(3.8,19.15,-1.45));
#3218 = DIRECTION('',(-1.,1.224646799147E-16,0.));
#3219 = DIRECTION('',(0.,0.,1.));
#3220 = DEFINITIONAL_REPRESENTATION('',(#3221),#3224);
#3221 = B_SPLINE_CURVE_WITH_KNOTS('',1,(#3222,#3223),.UNSPECIFIED.,.F.,
  .F.,(2,2),(-9.575,-7.475),.PIECEWISE_BEZIER_KNOTS.);
#3222 = CARTESIAN_POINT('',(1.,0.));
#3223 = CARTESIAN_POINT('',(1.,-2.1));
#3224 = ( GEOMETRIC_REPRESENTATION_CONTEXT(2) 
PARAMETRIC_REPRESENTATION_CONTEXT() REPRESENTATION_CONTEXT('2D SPACE',''
  ) );
#3225 = ORIENTED_EDGE('',*,*,#3226,.F.);
#3226 = EDGE_CURVE('',#3227,#3201,#3229,.T.);
#3227 = VERTEX_POINT('',#3228);
#3228 = CARTESIAN_POINT('',(2.088022792546E-15,17.05,-0.45));
#3229 = SURFACE_CURVE('',#3230,(#3234,#3240),.PCURVE_S1.);
#3230 = LINE('',#3231,#3232);
#3231 = CARTESIAN_POINT('',(1.9,17.05,-0.45));
#3232 = VECTOR('',#3233,1.);
#3233 = DIRECTION('',(1.,-1.224646799147E-16,0.));
#3234 = PCURVE('',#1508,#3235);
#3235 = DEFINITIONAL_REPRESENTATION('',(#3236),#3239);
#3236 = B_SPLINE_CURVE_WITH_KNOTS('',1,(#3237,#3238),.UNSPECIFIED.,.F.,
  .F.,(2,2),(-1.9,1.9),.PIECEWISE_BEZIER_KNOTS.);
#3237 = CARTESIAN_POINT('',(0.,-17.05));
#3238 = CARTESIAN_POINT('',(-3.8,-17.05));
#3239 = ( GEOMETRIC_REPRESENTATION_CONTEXT(2) 
PARAMETRIC_REPRESENTATION_CONTEXT() REPRESENTATION_CONTEXT('2D SPACE',''
  ) );
#3240 = PCURVE('',#3241,#3246);
#3241 = PLANE('',#3242);
#3242 = AXIS2_PLACEMENT_3D('',#3243,#3244,#3245);
#3243 = CARTESIAN_POINT('',(3.8,17.05,-1.45));
#3244 = DIRECTION('',(-1.224646799147E-16,-1.,0.));
#3245 = DIRECTION('',(0.,0.,1.));
#3246 = DEFINITIONAL_REPRESENTATION('',(#3247),#3250);
#3247 = B_SPLINE_CURVE_WITH_KNOTS('',1,(#3248,#3249),.UNSPECIFIED.,.F.,
  .F.,(2,2),(-1.9,1.9),.PIECEWISE_BEZIER_KNOTS.);
#3248 = CARTESIAN_POINT('',(1.,3.8));
#3249 = CARTESIAN_POINT('',(1.,0.));
#3250 = ( GEOMETRIC_REPRESENTATION_CONTEXT(2) 
PARAMETRIC_REPRESENTATION_CONTEXT() REPRESENTATION_CONTEXT('2D SPACE',''
  ) );
#3251 = ORIENTED_EDGE('',*,*,#3252,.T.);
#3252 = EDGE_CURVE('',#3227,#2969,#3253,.T.);
#3253 = SURFACE_CURVE('',#3254,(#3258,#3264),.PCURVE_S1.);
#3254 = LINE('',#3255,#3256);
#3255 = CARTESIAN_POINT('',(2.449293598295E-15,20.,-0.45));
#3256 = VECTOR('',#3257,1.);
#3257 = DIRECTION('',(-1.224646799147E-16,-1.,0.));
#3258 = PCURVE('',#1508,#3259);
#3259 = DEFINITIONAL_REPRESENTATION('',(#3260),#3263);
#3260 = B_SPLINE_CURVE_WITH_KNOTS('',1,(#3261,#3262),.UNSPECIFIED.,.F.,
  .F.,(2,2),(-0.2,40.2),.PIECEWISE_BEZIER_KNOTS.);
#3261 = CARTESIAN_POINT('',(0.,-20.2));
#3262 = CARTESIAN_POINT('',(0.,20.2));
#3263 = ( GEOMETRIC_REPRESENTATION_CONTEXT(2) 
PARAMETRIC_REPRESENTATION_CONTEXT() REPRESENTATION_CONTEXT('2D SPACE',''
  ) );
#3264 = PCURVE('',#2655,#3265);
#3265 = DEFINITIONAL_REPRESENTATION('',(#3266),#3270);
#3266 = LINE('',#3267,#3268);
#3267 = CARTESIAN_POINT('',(4.55,-20.));
#3268 = VECTOR('',#3269,1.);
#3269 = DIRECTION('',(0.,-1.));
#3270 = ( GEOMETRIC_REPRESENTATION_CONTEXT(2) 
PARAMETRIC_REPRESENTATION_CONTEXT() REPRESENTATION_CONTEXT('2D SPACE',''
  ) );
#3271 = ADVANCED_FACE('',(#3272),#1313,.T.);
#3272 = FACE_BOUND('',#3273,.T.);
#3273 = EDGE_LOOP('',(#3274,#3298,#3331,#3357,#3358,#3359));
#3274 = ORIENTED_EDGE('',*,*,#3275,.T.);
#3275 = EDGE_CURVE('',#3276,#3278,#3280,.T.);
#3276 = VERTEX_POINT('',#3277);
#3277 = CARTESIAN_POINT('',(2.473786534278E-15,20.2,9.05));
#3278 = VERTEX_POINT('',#3279);
#3279 = CARTESIAN_POINT('',(1.615769648343E-15,16.85,9.05));
#3280 = SURFACE_CURVE('',#3281,(#3285,#3291),.PCURVE_S1.);
#3281 = LINE('',#3282,#3283);
#3282 = CARTESIAN_POINT('',(2.449293598295E-15,20.,9.05));
#3283 = VECTOR('',#3284,1.);
#3284 = DIRECTION('',(-1.224646799147E-16,-1.,0.));
#3285 = PCURVE('',#1313,#3286);
#3286 = DEFINITIONAL_REPRESENTATION('',(#3287),#3290);
#3287 = B_SPLINE_CURVE_WITH_KNOTS('',1,(#3288,#3289),.UNSPECIFIED.,.F.,
  .F.,(2,2),(-0.2,40.2),.PIECEWISE_BEZIER_KNOTS.);
#3288 = CARTESIAN_POINT('',(0.,-20.2));
#3289 = CARTESIAN_POINT('',(0.,20.2));
#3290 = ( GEOMETRIC_REPRESENTATION_CONTEXT(2) 
PARAMETRIC_REPRESENTATION_CONTEXT() REPRESENTATION_CONTEXT('2D SPACE',''
  ) );
#3291 = PCURVE('',#2655,#3292);
#3292 = DEFINITIONAL_REPRESENTATION('',(#3293),#3297);
#3293 = LINE('',#3294,#3295);
#3294 = CARTESIAN_POINT('',(14.05,-20.));
#3295 = VECTOR('',#3296,1.);
#3296 = DIRECTION('',(0.,-1.));
#3297 = ( GEOMETRIC_REPRESENTATION_CONTEXT(2) 
PARAMETRIC_REPRESENTATION_CONTEXT() REPRESENTATION_CONTEXT('2D SPACE',''
  ) );
#3298 = ORIENTED_EDGE('',*,*,#3299,.T.);
#3299 = EDGE_CURVE('',#3278,#3300,#3302,.T.);
#3300 = VERTEX_POINT('',#3301);
#3301 = CARTESIAN_POINT('',(10.140583140112,13.457008344297,9.05));
#3302 = SURFACE_CURVE('',#3303,(#3308,#3319),.PCURVE_S1.);
#3303 = CIRCLE('',#3304,16.85);
#3304 = AXIS2_PLACEMENT_3D('',#3305,#3306,#3307);
#3305 = CARTESIAN_POINT('',(0.,0.,9.05));
#3306 = DIRECTION('',(0.,0.,-1.));
#3307 = DIRECTION('',(-0.374606593416,0.927183854567,0.));
#3308 = PCURVE('',#1313,#3309);
#3309 = DEFINITIONAL_REPRESENTATION('',(#3310),#3318);
#3310 = ( BOUNDED_CURVE() B_SPLINE_CURVE(2,(#3311,#3312,#3313,#3314,
#3315,#3316,#3317),.UNSPECIFIED.,.T.,.F.) B_SPLINE_CURVE_WITH_KNOTS((1,2
    ,2,2,2,1),(-2.094395102393,0.,2.094395102393,4.188790204786,
6.28318530718,8.377580409573),.UNSPECIFIED.) CURVE() 
GEOMETRIC_REPRESENTATION_ITEM() RATIONAL_B_SPLINE_CURVE((1.,0.5,1.,0.5,
1.,0.5,1.)) REPRESENTATION_ITEM('') );
#3311 = CARTESIAN_POINT('',(6.312121099058,-15.62304794945));
#3312 = CARTESIAN_POINT('',(-20.74779171847,-26.55596239654));
#3313 = CARTESIAN_POINT('',(-16.68601695829,2.345066751178));
#3314 = CARTESIAN_POINT('',(-12.62424219811,31.246095898901));
#3315 = CARTESIAN_POINT('',(10.373895859238,13.277981198273));
#3316 = CARTESIAN_POINT('',(33.372033916591,-4.690133502355));
#3317 = CARTESIAN_POINT('',(6.312121099058,-15.62304794945));
#3318 = ( GEOMETRIC_REPRESENTATION_CONTEXT(2) 
PARAMETRIC_REPRESENTATION_CONTEXT() REPRESENTATION_CONTEXT('2D SPACE',''
  ) );
#3319 = PCURVE('',#3320,#3325);
#3320 = CYLINDRICAL_SURFACE('',#3321,16.85);
#3321 = AXIS2_PLACEMENT_3D('',#3322,#3323,#3324);
#3322 = CARTESIAN_POINT('',(0.,0.,9.05));
#3323 = DIRECTION('',(0.,0.,1.));
#3324 = DIRECTION('',(1.,0.,-0.));
#3325 = DEFINITIONAL_REPRESENTATION('',(#3326),#3330);
#3326 = LINE('',#3327,#3328);
#3327 = CARTESIAN_POINT('',(1.954768762234,0.));
#3328 = VECTOR('',#3329,1.);
#3329 = DIRECTION('',(-1.,-0.));
#3330 = ( GEOMETRIC_REPRESENTATION_CONTEXT(2) 
PARAMETRIC_REPRESENTATION_CONTEXT() REPRESENTATION_CONTEXT('2D SPACE',''
  ) );
#3331 = ORIENTED_EDGE('',*,*,#3332,.T.);
#3332 = EDGE_CURVE('',#3300,#1297,#3333,.T.);
#3333 = SURFACE_CURVE('',#3334,(#3338,#3345),.PCURVE_S1.);
#3334 = LINE('',#3335,#3336);
#3335 = CARTESIAN_POINT('',(0.,0.,9.05));
#3336 = VECTOR('',#3337,1.);
#3337 = DIRECTION('',(0.601815023152,0.798635510047,0.));
#3338 = PCURVE('',#1313,#3339);
#3339 = DEFINITIONAL_REPRESENTATION('',(#3340),#3344);
#3340 = LINE('',#3341,#3342);
#3341 = CARTESIAN_POINT('',(0.,0.));
#3342 = VECTOR('',#3343,1.);
#3343 = DIRECTION('',(-0.601815023152,-0.798635510047));
#3344 = ( GEOMETRIC_REPRESENTATION_CONTEXT(2) 
PARAMETRIC_REPRESENTATION_CONTEXT() REPRESENTATION_CONTEXT('2D SPACE',''
  ) );
#3345 = PCURVE('',#3346,#3351);
#3346 = PLANE('',#3347);
#3347 = AXIS2_PLACEMENT_3D('',#3348,#3349,#3350);
#3348 = CARTESIAN_POINT('',(0.,0.,9.05));
#3349 = DIRECTION('',(-0.798635510047,0.601815023152,0.));
#3350 = DIRECTION('',(0.601815023152,0.798635510047,0.));
#3351 = DEFINITIONAL_REPRESENTATION('',(#3352),#3356);
#3352 = LINE('',#3353,#3354);
#3353 = CARTESIAN_POINT('',(0.,0.));
#3354 = VECTOR('',#3355,1.);
#3355 = DIRECTION('',(1.,0.));
#3356 = ( GEOMETRIC_REPRESENTATION_CONTEXT(2) 
PARAMETRIC_REPRESENTATION_CONTEXT() REPRESENTATION_CONTEXT('2D SPACE',''
  ) );
#3357 = ORIENTED_EDGE('',*,*,#1296,.F.);
#3358 = ORIENTED_EDGE('',*,*,#2890,.F.);
#3359 = ORIENTED_EDGE('',*,*,#3360,.T.);
#3360 = EDGE_CURVE('',#2891,#3276,#3361,.T.);
#3361 = SURFACE_CURVE('',#3362,(#3366,#3373),.PCURVE_S1.);
#3362 = LINE('',#3363,#3364);
#3363 = CARTESIAN_POINT('',(4.,20.2,9.05));
#3364 = VECTOR('',#3365,1.);
#3365 = DIRECTION('',(-1.,1.224646799147E-16,0.));
#3366 = PCURVE('',#1313,#3367);
#3367 = DEFINITIONAL_REPRESENTATION('',(#3368),#3372);
#3368 = LINE('',#3369,#3370);
#3369 = CARTESIAN_POINT('',(-4.,-20.2));
#3370 = VECTOR('',#3371,1.);
#3371 = DIRECTION('',(1.,0.));
#3372 = ( GEOMETRIC_REPRESENTATION_CONTEXT(2) 
PARAMETRIC_REPRESENTATION_CONTEXT() REPRESENTATION_CONTEXT('2D SPACE',''
  ) );
#3373 = PCURVE('',#2929,#3374);
#3374 = DEFINITIONAL_REPRESENTATION('',(#3375),#3379);
#3375 = LINE('',#3376,#3377);
#3376 = CARTESIAN_POINT('',(9.5,0.));
#3377 = VECTOR('',#3378,1.);
#3378 = DIRECTION('',(0.,1.));
#3379 = ( GEOMETRIC_REPRESENTATION_CONTEXT(2) 
PARAMETRIC_REPRESENTATION_CONTEXT() REPRESENTATION_CONTEXT('2D SPACE',''
  ) );
#3380 = ADVANCED_FACE('',(#3381),#1346,.F.);
#3381 = FACE_BOUND('',#3382,.F.);
#3382 = EDGE_LOOP('',(#3383,#3406,#3407,#3435));
#3383 = ORIENTED_EDGE('',*,*,#3384,.F.);
#3384 = EDGE_CURVE('',#1297,#3385,#3387,.T.);
#3385 = VERTEX_POINT('',#3386);
#3386 = CARTESIAN_POINT('',(10.712307412107,14.215712078842,9.05));
#3387 = SURFACE_CURVE('',#3388,(#3392,#3399),.PCURVE_S1.);
#3388 = LINE('',#3389,#3390);
#3389 = CARTESIAN_POINT('',(0.,0.,9.05));
#3390 = VECTOR('',#3391,1.);
#3391 = DIRECTION('',(0.601815023152,0.798635510047,0.));
#3392 = PCURVE('',#1346,#3393);
#3393 = DEFINITIONAL_REPRESENTATION('',(#3394),#3398);
#3394 = LINE('',#3395,#3396);
#3395 = CARTESIAN_POINT('',(0.,0.));
#3396 = VECTOR('',#3397,1.);
#3397 = DIRECTION('',(0.601815023152,0.798635510047));
#3398 = ( GEOMETRIC_REPRESENTATION_CONTEXT(2) 
PARAMETRIC_REPRESENTATION_CONTEXT() REPRESENTATION_CONTEXT('2D SPACE',''
  ) );
#3399 = PCURVE('',#3346,#3400);
#3400 = DEFINITIONAL_REPRESENTATION('',(#3401),#3405);
#3401 = LINE('',#3402,#3403);
#3402 = CARTESIAN_POINT('',(0.,0.));
#3403 = VECTOR('',#3404,1.);
#3404 = DIRECTION('',(1.,0.));
#3405 = ( GEOMETRIC_REPRESENTATION_CONTEXT(2) 
PARAMETRIC_REPRESENTATION_CONTEXT() REPRESENTATION_CONTEXT('2D SPACE',''
  ) );
#3406 = ORIENTED_EDGE('',*,*,#1329,.T.);
#3407 = ORIENTED_EDGE('',*,*,#3408,.F.);
#3408 = EDGE_CURVE('',#3409,#1330,#3411,.T.);
#3409 = VERTEX_POINT('',#3410);
#3410 = CARTESIAN_POINT('',(17.6267716236,-2.477281197089,9.05));
#3411 = SURFACE_CURVE('',#3412,(#3416,#3423),.PCURVE_S1.);
#3412 = LINE('',#3413,#3414);
#3413 = CARTESIAN_POINT('',(20.597575829825,-2.894800499969,9.05));
#3414 = VECTOR('',#3415,1.);
#3415 = DIRECTION('',(-0.990268068742,0.13917310096,0.));
#3416 = PCURVE('',#1346,#3417);
#3417 = DEFINITIONAL_REPRESENTATION('',(#3418),#3422);
#3418 = LINE('',#3419,#3420);
#3419 = CARTESIAN_POINT('',(20.597575829825,-2.894800499969));
#3420 = VECTOR('',#3421,1.);
#3421 = DIRECTION('',(-0.990268068742,0.13917310096));
#3422 = ( GEOMETRIC_REPRESENTATION_CONTEXT(2) 
PARAMETRIC_REPRESENTATION_CONTEXT() REPRESENTATION_CONTEXT('2D SPACE',''
  ) );
#3423 = PCURVE('',#3424,#3429);
#3424 = PLANE('',#3425);
#3425 = AXIS2_PLACEMENT_3D('',#3426,#3427,#3428);
#3426 = CARTESIAN_POINT('',(20.597575829825,-2.894800499969,9.05));
#3427 = DIRECTION('',(-0.13917310096,-0.990268068742,0.));
#3428 = DIRECTION('',(-0.990268068742,0.13917310096,0.));
#3429 = DEFINITIONAL_REPRESENTATION('',(#3430),#3434);
#3430 = LINE('',#3431,#3432);
#3431 = CARTESIAN_POINT('',(0.,0.));
#3432 = VECTOR('',#3433,1.);
#3433 = DIRECTION('',(1.,0.));
#3434 = ( GEOMETRIC_REPRESENTATION_CONTEXT(2) 
PARAMETRIC_REPRESENTATION_CONTEXT() REPRESENTATION_CONTEXT('2D SPACE',''
  ) );
#3435 = ORIENTED_EDGE('',*,*,#3436,.T.);
#3436 = EDGE_CURVE('',#3409,#3385,#3437,.T.);
#3437 = SURFACE_CURVE('',#3438,(#3443,#3450),.PCURVE_S1.);
#3438 = CIRCLE('',#3439,17.8);
#3439 = AXIS2_PLACEMENT_3D('',#3440,#3441,#3442);
#3440 = CARTESIAN_POINT('',(0.,0.,9.05));
#3441 = DIRECTION('',(0.,-0.,1.));
#3442 = DIRECTION('',(0.390731128489,0.920504853452,0.));
#3443 = PCURVE('',#1346,#3444);
#3444 = DEFINITIONAL_REPRESENTATION('',(#3445),#3449);
#3445 = CIRCLE('',#3446,17.8);
#3446 = AXIS2_PLACEMENT_2D('',#3447,#3448);
#3447 = CARTESIAN_POINT('',(0.,0.));
#3448 = DIRECTION('',(0.390731128489,0.920504853452));
#3449 = ( GEOMETRIC_REPRESENTATION_CONTEXT(2) 
PARAMETRIC_REPRESENTATION_CONTEXT() REPRESENTATION_CONTEXT('2D SPACE',''
  ) );
#3450 = PCURVE('',#3451,#3456);
#3451 = CYLINDRICAL_SURFACE('',#3452,17.8);
#3452 = AXIS2_PLACEMENT_3D('',#3453,#3454,#3455);
#3453 = CARTESIAN_POINT('',(0.,0.,9.05));
#3454 = DIRECTION('',(0.,0.,1.));
#3455 = DIRECTION('',(1.,0.,-0.));
#3456 = DEFINITIONAL_REPRESENTATION('',(#3457),#3461);
#3457 = LINE('',#3458,#3459);
#3458 = CARTESIAN_POINT('',(1.169370598836,0.));
#3459 = VECTOR('',#3460,1.);
#3460 = DIRECTION('',(1.,0.));
#3461 = ( GEOMETRIC_REPRESENTATION_CONTEXT(2) 
PARAMETRIC_REPRESENTATION_CONTEXT() REPRESENTATION_CONTEXT('2D SPACE',''
  ) );
#3462 = ADVANCED_FACE('',(#3463),#1379,.T.);
#3463 = FACE_BOUND('',#3464,.T.);
#3464 = EDGE_LOOP('',(#3465,#3488,#3489,#3512,#3545,#3573,#3602,#3630));
#3465 = ORIENTED_EDGE('',*,*,#3466,.T.);
#3466 = EDGE_CURVE('',#3467,#1363,#3469,.T.);
#3467 = VERTEX_POINT('',#3468);
#3468 = CARTESIAN_POINT('',(6.583819515044,-15.51050678067,9.05));
#3469 = SURFACE_CURVE('',#3470,(#3474,#3481),.PCURVE_S1.);
#3470 = LINE('',#3471,#3472);
#3471 = CARTESIAN_POINT('',(0.,0.,9.05));
#3472 = VECTOR('',#3473,1.);
#3473 = DIRECTION('',(0.390731128489,-0.920504853452,0.));
#3474 = PCURVE('',#1379,#3475);
#3475 = DEFINITIONAL_REPRESENTATION('',(#3476),#3480);
#3476 = LINE('',#3477,#3478);
#3477 = CARTESIAN_POINT('',(0.,0.));
#3478 = VECTOR('',#3479,1.);
#3479 = DIRECTION('',(-0.390731128489,0.920504853452));
#3480 = ( GEOMETRIC_REPRESENTATION_CONTEXT(2) 
PARAMETRIC_REPRESENTATION_CONTEXT() REPRESENTATION_CONTEXT('2D SPACE',''
  ) );
#3481 = PCURVE('',#2874,#3482);
#3482 = DEFINITIONAL_REPRESENTATION('',(#3483),#3487);
#3483 = LINE('',#3484,#3485);
#3484 = CARTESIAN_POINT('',(0.,0.));
#3485 = VECTOR('',#3486,1.);
#3486 = DIRECTION('',(1.,0.));
#3487 = ( GEOMETRIC_REPRESENTATION_CONTEXT(2) 
PARAMETRIC_REPRESENTATION_CONTEXT() REPRESENTATION_CONTEXT('2D SPACE',''
  ) );
#3488 = ORIENTED_EDGE('',*,*,#1362,.F.);
#3489 = ORIENTED_EDGE('',*,*,#3490,.T.);
#3490 = EDGE_CURVE('',#1330,#3491,#3493,.T.);
#3491 = VERTEX_POINT('',#3492);
#3492 = CARTESIAN_POINT('',(16.686016958295,-2.345066751177,9.05));
#3493 = SURFACE_CURVE('',#3494,(#3498,#3505),.PCURVE_S1.);
#3494 = LINE('',#3495,#3496);
#3495 = CARTESIAN_POINT('',(20.597575829825,-2.894800499969,9.05));
#3496 = VECTOR('',#3497,1.);
#3497 = DIRECTION('',(-0.990268068742,0.13917310096,0.));
#3498 = PCURVE('',#1379,#3499);
#3499 = DEFINITIONAL_REPRESENTATION('',(#3500),#3504);
#3500 = LINE('',#3501,#3502);
#3501 = CARTESIAN_POINT('',(-20.59757582982,2.894800499969));
#3502 = VECTOR('',#3503,1.);
#3503 = DIRECTION('',(0.990268068742,-0.13917310096));
#3504 = ( GEOMETRIC_REPRESENTATION_CONTEXT(2) 
PARAMETRIC_REPRESENTATION_CONTEXT() REPRESENTATION_CONTEXT('2D SPACE',''
  ) );
#3505 = PCURVE('',#3424,#3506);
#3506 = DEFINITIONAL_REPRESENTATION('',(#3507),#3511);
#3507 = LINE('',#3508,#3509);
#3508 = CARTESIAN_POINT('',(0.,0.));
#3509 = VECTOR('',#3510,1.);
#3510 = DIRECTION('',(1.,0.));
#3511 = ( GEOMETRIC_REPRESENTATION_CONTEXT(2) 
PARAMETRIC_REPRESENTATION_CONTEXT() REPRESENTATION_CONTEXT('2D SPACE',''
  ) );
#3512 = ORIENTED_EDGE('',*,*,#3513,.T.);
#3513 = EDGE_CURVE('',#3491,#3514,#3516,.T.);
#3514 = VERTEX_POINT('',#3515);
#3515 = CARTESIAN_POINT('',(15.595357492696,-6.380229202389,9.05));
#3516 = SURFACE_CURVE('',#3517,(#3522,#3533),.PCURVE_S1.);
#3517 = CIRCLE('',#3518,16.85);
#3518 = AXIS2_PLACEMENT_3D('',#3519,#3520,#3521);
#3519 = CARTESIAN_POINT('',(0.,0.,9.05));
#3520 = DIRECTION('',(0.,0.,-1.));
#3521 = DIRECTION('',(0.990268068742,-0.13917310096,0.));
#3522 = PCURVE('',#1379,#3523);
#3523 = DEFINITIONAL_REPRESENTATION('',(#3524),#3532);
#3524 = ( BOUNDED_CURVE() B_SPLINE_CURVE(2,(#3525,#3526,#3527,#3528,
#3529,#3530,#3531),.UNSPECIFIED.,.T.,.F.) B_SPLINE_CURVE_WITH_KNOTS((1,2
    ,2,2,2,1),(-2.094395102393,0.,2.094395102393,4.188790204786,
6.28318530718,8.377580409573),.UNSPECIFIED.) CURVE() 
GEOMETRIC_REPRESENTATION_ITEM() RATIONAL_B_SPLINE_CURVE((1.,0.5,1.,0.5,
1.,0.5,1.)) REPRESENTATION_ITEM('') );
#3525 = CARTESIAN_POINT('',(-16.68601695829,2.345066751177));
#3526 = CARTESIAN_POINT('',(-12.62424219811,31.246095898901));
#3527 = CARTESIAN_POINT('',(10.373895859237,13.277981198273));
#3528 = CARTESIAN_POINT('',(33.372033916591,-4.690133502354));
#3529 = CARTESIAN_POINT('',(6.312121099058,-15.62304794945));
#3530 = CARTESIAN_POINT('',(-20.74779171847,-26.55596239654));
#3531 = CARTESIAN_POINT('',(-16.68601695829,2.345066751177));
#3532 = ( GEOMETRIC_REPRESENTATION_CONTEXT(2) 
PARAMETRIC_REPRESENTATION_CONTEXT() REPRESENTATION_CONTEXT('2D SPACE',''
  ) );
#3533 = PCURVE('',#3534,#3539);
#3534 = CYLINDRICAL_SURFACE('',#3535,16.85);
#3535 = AXIS2_PLACEMENT_3D('',#3536,#3537,#3538);
#3536 = CARTESIAN_POINT('',(0.,0.,9.05));
#3537 = DIRECTION('',(0.,0.,1.));
#3538 = DIRECTION('',(1.,0.,-0.));
#3539 = DEFINITIONAL_REPRESENTATION('',(#3540),#3544);
#3540 = LINE('',#3541,#3542);
#3541 = CARTESIAN_POINT('',(6.14355896702,0.));
#3542 = VECTOR('',#3543,1.);
#3543 = DIRECTION('',(-1.,-0.));
#3544 = ( GEOMETRIC_REPRESENTATION_CONTEXT(2) 
PARAMETRIC_REPRESENTATION_CONTEXT() REPRESENTATION_CONTEXT('2D SPACE',''
  ) );
#3545 = ORIENTED_EDGE('',*,*,#3546,.F.);
#3546 = EDGE_CURVE('',#3547,#3514,#3549,.T.);
#3547 = VERTEX_POINT('',#3548);
#3548 = CARTESIAN_POINT('',(15.7804655935,-6.455958925859,9.05));
#3549 = SURFACE_CURVE('',#3550,(#3554,#3561),.PCURVE_S1.);
#3550 = LINE('',#3551,#3552);
#3551 = CARTESIAN_POINT('',(17.631546601535,-7.213256160564,9.05));
#3552 = VECTOR('',#3553,1.);
#3553 = DIRECTION('',(-0.925540504018,0.378648617352,0.));
#3554 = PCURVE('',#1379,#3555);
#3555 = DEFINITIONAL_REPRESENTATION('',(#3556),#3560);
#3556 = LINE('',#3557,#3558);
#3557 = CARTESIAN_POINT('',(-17.63154660153,7.213256160564));
#3558 = VECTOR('',#3559,1.);
#3559 = DIRECTION('',(0.925540504018,-0.378648617352));
#3560 = ( GEOMETRIC_REPRESENTATION_CONTEXT(2) 
PARAMETRIC_REPRESENTATION_CONTEXT() REPRESENTATION_CONTEXT('2D SPACE',''
  ) );
#3561 = PCURVE('',#3562,#3567);
#3562 = PLANE('',#3563);
#3563 = AXIS2_PLACEMENT_3D('',#3564,#3565,#3566);
#3564 = CARTESIAN_POINT('',(17.631546601535,-7.213256160564,9.05));
#3565 = DIRECTION('',(-0.378648617352,-0.925540504018,0.));
#3566 = DIRECTION('',(-0.925540504018,0.378648617352,0.));
#3567 = DEFINITIONAL_REPRESENTATION('',(#3568),#3572);
#3568 = LINE('',#3569,#3570);
#3569 = CARTESIAN_POINT('',(0.,0.));
#3570 = VECTOR('',#3571,1.);
#3571 = DIRECTION('',(1.,0.));
#3572 = ( GEOMETRIC_REPRESENTATION_CONTEXT(2) 
PARAMETRIC_REPRESENTATION_CONTEXT() REPRESENTATION_CONTEXT('2D SPACE',''
  ) );
#3573 = ORIENTED_EDGE('',*,*,#3574,.F.);
#3574 = EDGE_CURVE('',#3575,#3547,#3577,.T.);
#3575 = VERTEX_POINT('',#3576);
#3576 = CARTESIAN_POINT('',(15.606060718987,-6.866831062092,9.05));
#3577 = SURFACE_CURVE('',#3578,(#3583,#3590),.PCURVE_S1.);
#3578 = CIRCLE('',#3579,17.05);
#3579 = AXIS2_PLACEMENT_3D('',#3580,#3581,#3582);
#3580 = CARTESIAN_POINT('',(0.,0.,9.05));
#3581 = DIRECTION('',(0.,0.,1.));
#3582 = DIRECTION('',(1.,0.,-0.));
#3583 = PCURVE('',#1379,#3584);
#3584 = DEFINITIONAL_REPRESENTATION('',(#3585),#3589);
#3585 = CIRCLE('',#3586,17.05);
#3586 = AXIS2_PLACEMENT_2D('',#3587,#3588);
#3587 = CARTESIAN_POINT('',(0.,0.));
#3588 = DIRECTION('',(-1.,-1.224646799147E-16));
#3589 = ( GEOMETRIC_REPRESENTATION_CONTEXT(2) 
PARAMETRIC_REPRESENTATION_CONTEXT() REPRESENTATION_CONTEXT('2D SPACE',''
  ) );
#3590 = PCURVE('',#3591,#3596);
#3591 = CYLINDRICAL_SURFACE('',#3592,17.05);
#3592 = AXIS2_PLACEMENT_3D('',#3593,#3594,#3595);
#3593 = CARTESIAN_POINT('',(0.,0.,9.05));
#3594 = DIRECTION('',(0.,0.,1.));
#3595 = DIRECTION('',(1.,0.,-0.));
#3596 = DEFINITIONAL_REPRESENTATION('',(#3597),#3601);
#3597 = LINE('',#3598,#3599);
#3598 = CARTESIAN_POINT('',(0.,0.));
#3599 = VECTOR('',#3600,1.);
#3600 = DIRECTION('',(1.,0.));
#3601 = ( GEOMETRIC_REPRESENTATION_CONTEXT(2) 
PARAMETRIC_REPRESENTATION_CONTEXT() REPRESENTATION_CONTEXT('2D SPACE',''
  ) );
#3602 = ORIENTED_EDGE('',*,*,#3603,.F.);
#3603 = EDGE_CURVE('',#3604,#3575,#3606,.T.);
#3604 = VERTEX_POINT('',#3605);
#3605 = CARTESIAN_POINT('',(15.422998423163,-6.78628172412,9.05));
#3606 = SURFACE_CURVE('',#3607,(#3611,#3618),.PCURVE_S1.);
#3607 = LINE('',#3608,#3609);
#3608 = CARTESIAN_POINT('',(0.,0.,9.05));
#3609 = VECTOR('',#3610,1.);
#3610 = DIRECTION('',(0.915311479119,-0.402746689859,0.));
#3611 = PCURVE('',#1379,#3612);
#3612 = DEFINITIONAL_REPRESENTATION('',(#3613),#3617);
#3613 = LINE('',#3614,#3615);
#3614 = CARTESIAN_POINT('',(0.,0.));
#3615 = VECTOR('',#3616,1.);
#3616 = DIRECTION('',(-0.915311479119,0.402746689859));
#3617 = ( GEOMETRIC_REPRESENTATION_CONTEXT(2) 
PARAMETRIC_REPRESENTATION_CONTEXT() REPRESENTATION_CONTEXT('2D SPACE',''
  ) );
#3618 = PCURVE('',#3619,#3624);
#3619 = PLANE('',#3620);
#3620 = AXIS2_PLACEMENT_3D('',#3621,#3622,#3623);
#3621 = CARTESIAN_POINT('',(0.,0.,9.05));
#3622 = DIRECTION('',(0.402746689859,0.915311479119,-0.));
#3623 = DIRECTION('',(0.915311479119,-0.402746689859,0.));
#3624 = DEFINITIONAL_REPRESENTATION('',(#3625),#3629);
#3625 = LINE('',#3626,#3627);
#3626 = CARTESIAN_POINT('',(0.,0.));
#3627 = VECTOR('',#3628,1.);
#3628 = DIRECTION('',(1.,0.));
#3629 = ( GEOMETRIC_REPRESENTATION_CONTEXT(2) 
PARAMETRIC_REPRESENTATION_CONTEXT() REPRESENTATION_CONTEXT('2D SPACE',''
  ) );
#3630 = ORIENTED_EDGE('',*,*,#3631,.T.);
#3631 = EDGE_CURVE('',#3604,#3467,#3632,.T.);
#3632 = SURFACE_CURVE('',#3633,(#3638,#3649),.PCURVE_S1.);
#3633 = CIRCLE('',#3634,16.85);
#3634 = AXIS2_PLACEMENT_3D('',#3635,#3636,#3637);
#3635 = CARTESIAN_POINT('',(0.,0.,9.05));
#3636 = DIRECTION('',(0.,0.,-1.));
#3637 = DIRECTION('',(0.990268068742,-0.13917310096,0.));
#3638 = PCURVE('',#1379,#3639);
#3639 = DEFINITIONAL_REPRESENTATION('',(#3640),#3648);
#3640 = ( BOUNDED_CURVE() B_SPLINE_CURVE(2,(#3641,#3642,#3643,#3644,
#3645,#3646,#3647),.UNSPECIFIED.,.T.,.F.) B_SPLINE_CURVE_WITH_KNOTS((1,2
    ,2,2,2,1),(-2.094395102393,0.,2.094395102393,4.188790204786,
6.28318530718,8.377580409573),.UNSPECIFIED.) CURVE() 
GEOMETRIC_REPRESENTATION_ITEM() RATIONAL_B_SPLINE_CURVE((1.,0.5,1.,0.5,
1.,0.5,1.)) REPRESENTATION_ITEM('') );
#3641 = CARTESIAN_POINT('',(-16.68601695829,2.345066751177));
#3642 = CARTESIAN_POINT('',(-12.62424219811,31.246095898901));
#3643 = CARTESIAN_POINT('',(10.373895859237,13.277981198273));
#3644 = CARTESIAN_POINT('',(33.372033916591,-4.690133502354));
#3645 = CARTESIAN_POINT('',(6.312121099058,-15.62304794945));
#3646 = CARTESIAN_POINT('',(-20.74779171847,-26.55596239654));
#3647 = CARTESIAN_POINT('',(-16.68601695829,2.345066751177));
#3648 = ( GEOMETRIC_REPRESENTATION_CONTEXT(2) 
PARAMETRIC_REPRESENTATION_CONTEXT() REPRESENTATION_CONTEXT('2D SPACE',''
  ) );
#3649 = PCURVE('',#3650,#3655);
#3650 = CYLINDRICAL_SURFACE('',#3651,16.85);
#3651 = AXIS2_PLACEMENT_3D('',#3652,#3653,#3654);
#3652 = CARTESIAN_POINT('',(0.,0.,9.05));
#3653 = DIRECTION('',(0.,0.,1.));
#3654 = DIRECTION('',(1.,0.,-0.));
#3655 = DEFINITIONAL_REPRESENTATION('',(#3656),#3660);
#3656 = LINE('',#3657,#3658);
#3657 = CARTESIAN_POINT('',(6.14355896702,0.));
#3658 = VECTOR('',#3659,1.);
#3659 = DIRECTION('',(-1.,-0.));
#3660 = ( GEOMETRIC_REPRESENTATION_CONTEXT(2) 
PARAMETRIC_REPRESENTATION_CONTEXT() REPRESENTATION_CONTEXT('2D SPACE',''
  ) );
#3661 = ADVANCED_FACE('',(#3662),#1482,.T.);
#3662 = FACE_BOUND('',#3663,.T.);
#3663 = EDGE_LOOP('',(#3664,#3665,#3666,#3687,#3713,#3732));
#3664 = ORIENTED_EDGE('',*,*,#1467,.T.);
#3665 = ORIENTED_EDGE('',*,*,#2584,.T.);
#3666 = ORIENTED_EDGE('',*,*,#3667,.F.);
#3667 = EDGE_CURVE('',#3668,#2585,#3670,.T.);
#3668 = VERTEX_POINT('',#3669);
#3669 = CARTESIAN_POINT('',(14.771540204055,6.7,-0.1));
#3670 = SURFACE_CURVE('',#3671,(#3675,#3681),.PCURVE_S1.);
#3671 = LINE('',#3672,#3673);
#3672 = CARTESIAN_POINT('',(14.771540204055,6.7,-0.45));
#3673 = VECTOR('',#3674,1.);
#3674 = DIRECTION('',(0.,0.,1.));
#3675 = PCURVE('',#1482,#3676);
#3676 = DEFINITIONAL_REPRESENTATION('',(#3677),#3680);
#3677 = B_SPLINE_CURVE_WITH_KNOTS('',1,(#3678,#3679),.UNSPECIFIED.,.F.,
  .F.,(2,2),(0.3499994,8.3000006),.PIECEWISE_BEZIER_KNOTS.);
#3678 = CARTESIAN_POINT('',(1.3499994,15.228459795945));
#3679 = CARTESIAN_POINT('',(9.3000006,15.228459795945));
#3680 = ( GEOMETRIC_REPRESENTATION_CONTEXT(2) 
PARAMETRIC_REPRESENTATION_CONTEXT() REPRESENTATION_CONTEXT('2D SPACE',''
  ) );
#3681 = PCURVE('',#2628,#3682);
#3682 = DEFINITIONAL_REPRESENTATION('',(#3683),#3686);
#3683 = B_SPLINE_CURVE_WITH_KNOTS('',1,(#3684,#3685),.UNSPECIFIED.,.F.,
  .F.,(2,2),(0.35,8.3),.PIECEWISE_BEZIER_KNOTS.);
#3684 = CARTESIAN_POINT('',(3.567415496241,0.35));
#3685 = CARTESIAN_POINT('',(3.567415496241,8.3));
#3686 = ( GEOMETRIC_REPRESENTATION_CONTEXT(2) 
PARAMETRIC_REPRESENTATION_CONTEXT() REPRESENTATION_CONTEXT('2D SPACE',''
  ) );
#3687 = ORIENTED_EDGE('',*,*,#3688,.F.);
#3688 = EDGE_CURVE('',#3689,#3668,#3691,.T.);
#3689 = VERTEX_POINT('',#3690);
#3690 = CARTESIAN_POINT('',(14.110081502245,6.7,-0.1));
#3691 = SURFACE_CURVE('',#3692,(#3696,#3702),.PCURVE_S1.);
#3692 = LINE('',#3693,#3694);
#3693 = CARTESIAN_POINT('',(15.,6.7,-0.1));
#3694 = VECTOR('',#3695,1.);
#3695 = DIRECTION('',(1.,-1.224646799147E-16,0.));
#3696 = PCURVE('',#1482,#3697);
#3697 = DEFINITIONAL_REPRESENTATION('',(#3698),#3701);
#3698 = B_SPLINE_CURVE_WITH_KNOTS('',1,(#3699,#3700),.UNSPECIFIED.,.F.,
  .F.,(2,2),(-5.,1.22),.PIECEWISE_BEZIER_KNOTS.);
#3699 = CARTESIAN_POINT('',(1.35,20.));
#3700 = CARTESIAN_POINT('',(1.35,13.78));
#3701 = ( GEOMETRIC_REPRESENTATION_CONTEXT(2) 
PARAMETRIC_REPRESENTATION_CONTEXT() REPRESENTATION_CONTEXT('2D SPACE',''
  ) );
#3702 = PCURVE('',#3703,#3708);
#3703 = PLANE('',#3704);
#3704 = AXIS2_PLACEMENT_3D('',#3705,#3706,#3707);
#3705 = CARTESIAN_POINT('',(0.,0.,-0.1));
#3706 = DIRECTION('',(0.,0.,1.));
#3707 = DIRECTION('',(-1.,1.224646799147E-16,0.));
#3708 = DEFINITIONAL_REPRESENTATION('',(#3709),#3712);
#3709 = B_SPLINE_CURVE_WITH_KNOTS('',1,(#3710,#3711),.UNSPECIFIED.,.F.,
  .F.,(2,2),(-5.,1.22),.PIECEWISE_BEZIER_KNOTS.);
#3710 = CARTESIAN_POINT('',(-10.,-6.7));
#3711 = CARTESIAN_POINT('',(-16.22,-6.7));
#3712 = ( GEOMETRIC_REPRESENTATION_CONTEXT(2) 
PARAMETRIC_REPRESENTATION_CONTEXT() REPRESENTATION_CONTEXT('2D SPACE',''
  ) );
#3713 = ORIENTED_EDGE('',*,*,#3714,.F.);
#3714 = EDGE_CURVE('',#2967,#3689,#3715,.T.);
#3715 = SURFACE_CURVE('',#3716,(#3720,#3726),.PCURVE_S1.);
#3716 = LINE('',#3717,#3718);
#3717 = CARTESIAN_POINT('',(14.110081502245,6.7,-0.45));
#3718 = VECTOR('',#3719,1.);
#3719 = DIRECTION('',(0.,0.,1.));
#3720 = PCURVE('',#1482,#3721);
#3721 = DEFINITIONAL_REPRESENTATION('',(#3722),#3725);
#3722 = B_SPLINE_CURVE_WITH_KNOTS('',1,(#3723,#3724),.UNSPECIFIED.,.F.,
  .F.,(2,2),(-6.000000000173E-07,0.3500006),.PIECEWISE_BEZIER_KNOTS.);
#3723 = CARTESIAN_POINT('',(0.9999994,15.889918497755));
#3724 = CARTESIAN_POINT('',(1.3500006,15.889918497755));
#3725 = ( GEOMETRIC_REPRESENTATION_CONTEXT(2) 
PARAMETRIC_REPRESENTATION_CONTEXT() REPRESENTATION_CONTEXT('2D SPACE',''
  ) );
#3726 = PCURVE('',#2985,#3727);
#3727 = DEFINITIONAL_REPRESENTATION('',(#3728),#3731);
#3728 = B_SPLINE_CURVE_WITH_KNOTS('',1,(#3729,#3730),.UNSPECIFIED.,.F.,
  .F.,(2,2),(0.,0.35),.PIECEWISE_BEZIER_KNOTS.);
#3729 = CARTESIAN_POINT('',(3.584908637674,0.));
#3730 = CARTESIAN_POINT('',(3.584908637674,0.35));
#3731 = ( GEOMETRIC_REPRESENTATION_CONTEXT(2) 
PARAMETRIC_REPRESENTATION_CONTEXT() REPRESENTATION_CONTEXT('2D SPACE',''
  ) );
#3732 = ORIENTED_EDGE('',*,*,#2997,.T.);
#3733 = ADVANCED_FACE('',(#3734),#1541,.T.);
#3734 = FACE_BOUND('',#3735,.T.);
#3735 = EDGE_LOOP('',(#3736,#3737,#3758,#3759));
#3736 = ORIENTED_EDGE('',*,*,#1875,.F.);
#3737 = ORIENTED_EDGE('',*,*,#3738,.T.);
#3738 = EDGE_CURVE('',#1876,#1523,#3739,.T.);
#3739 = SURFACE_CURVE('',#3740,(#3744,#3751),.PCURVE_S1.);
#3740 = LINE('',#3741,#3742);
#3741 = CARTESIAN_POINT('',(0.,0.,4.));
#3742 = VECTOR('',#3743,1.);
#3743 = DIRECTION('',(0.501510737159,-0.86515142057,0.));
#3744 = PCURVE('',#1541,#3745);
#3745 = DEFINITIONAL_REPRESENTATION('',(#3746),#3750);
#3746 = LINE('',#3747,#3748);
#3747 = CARTESIAN_POINT('',(5.553948078979,-9.063219542908));
#3748 = VECTOR('',#3749,1.);
#3749 = DIRECTION('',(-0.501510737159,0.86515142057));
#3750 = ( GEOMETRIC_REPRESENTATION_CONTEXT(2) 
PARAMETRIC_REPRESENTATION_CONTEXT() REPRESENTATION_CONTEXT('2D SPACE',''
  ) );
#3751 = PCURVE('',#1568,#3752);
#3752 = DEFINITIONAL_REPRESENTATION('',(#3753),#3757);
#3753 = LINE('',#3754,#3755);
#3754 = CARTESIAN_POINT('',(0.,0.));
#3755 = VECTOR('',#3756,1.);
#3756 = DIRECTION('',(1.,0.));
#3757 = ( GEOMETRIC_REPRESENTATION_CONTEXT(2) 
PARAMETRIC_REPRESENTATION_CONTEXT() REPRESENTATION_CONTEXT('2D SPACE',''
  ) );
#3758 = ORIENTED_EDGE('',*,*,#1522,.T.);
#3759 = ORIENTED_EDGE('',*,*,#3760,.T.);
#3760 = EDGE_CURVE('',#1525,#1878,#3761,.T.);
#3761 = SURFACE_CURVE('',#3762,(#3766,#3773),.PCURVE_S1.);
#3762 = LINE('',#3763,#3764);
#3763 = CARTESIAN_POINT('',(11.281733325475,-17.43890458638,4.));
#3764 = VECTOR('',#3765,1.);
#3765 = DIRECTION('',(-0.543174449951,0.839619864534,0.));
#3766 = PCURVE('',#1541,#3767);
#3767 = DEFINITIONAL_REPRESENTATION('',(#3768),#3772);
#3768 = LINE('',#3769,#3770);
#3769 = CARTESIAN_POINT('',(-5.727785246496,8.375685043472));
#3770 = VECTOR('',#3771,1.);
#3771 = DIRECTION('',(0.543174449951,-0.839619864534));
#3772 = ( GEOMETRIC_REPRESENTATION_CONTEXT(2) 
PARAMETRIC_REPRESENTATION_CONTEXT() REPRESENTATION_CONTEXT('2D SPACE',''
  ) );
#3773 = PCURVE('',#1621,#3774);
#3774 = DEFINITIONAL_REPRESENTATION('',(#3775),#3779);
#3775 = LINE('',#3776,#3777);
#3776 = CARTESIAN_POINT('',(0.,0.));
#3777 = VECTOR('',#3778,1.);
#3778 = DIRECTION('',(1.,0.));
#3779 = ( GEOMETRIC_REPRESENTATION_CONTEXT(2) 
PARAMETRIC_REPRESENTATION_CONTEXT() REPRESENTATION_CONTEXT('2D SPACE',''
  ) );
#3780 = ADVANCED_FACE('',(#3781),#1568,.T.);
#3781 = FACE_BOUND('',#3782,.T.);
#3782 = EDGE_LOOP('',(#3783,#3784,#3785,#3806));
#3783 = ORIENTED_EDGE('',*,*,#3738,.F.);
#3784 = ORIENTED_EDGE('',*,*,#1901,.T.);
#3785 = ORIENTED_EDGE('',*,*,#3786,.T.);
#3786 = EDGE_CURVE('',#1902,#1554,#3787,.T.);
#3787 = SURFACE_CURVE('',#3788,(#3792,#3799),.PCURVE_S1.);
#3788 = LINE('',#3789,#3790);
#3789 = CARTESIAN_POINT('',(0.,0.,6.5));
#3790 = VECTOR('',#3791,1.);
#3791 = DIRECTION('',(0.501510737159,-0.86515142057,0.));
#3792 = PCURVE('',#1568,#3793);
#3793 = DEFINITIONAL_REPRESENTATION('',(#3794),#3798);
#3794 = LINE('',#3795,#3796);
#3795 = CARTESIAN_POINT('',(0.,-2.5));
#3796 = VECTOR('',#3797,1.);
#3797 = DIRECTION('',(1.,0.));
#3798 = ( GEOMETRIC_REPRESENTATION_CONTEXT(2) 
PARAMETRIC_REPRESENTATION_CONTEXT() REPRESENTATION_CONTEXT('2D SPACE',''
  ) );
#3799 = PCURVE('',#1596,#3800);
#3800 = DEFINITIONAL_REPRESENTATION('',(#3801),#3805);
#3801 = LINE('',#3802,#3803);
#3802 = CARTESIAN_POINT('',(5.553948078979,-9.063219542908));
#3803 = VECTOR('',#3804,1.);
#3804 = DIRECTION('',(-0.501510737159,0.86515142057));
#3805 = ( GEOMETRIC_REPRESENTATION_CONTEXT(2) 
PARAMETRIC_REPRESENTATION_CONTEXT() REPRESENTATION_CONTEXT('2D SPACE',''
  ) );
#3806 = ORIENTED_EDGE('',*,*,#1553,.F.);
#3807 = ADVANCED_FACE('',(#3808),#1621,.T.);
#3808 = FACE_BOUND('',#3809,.T.);
#3809 = EDGE_LOOP('',(#3810,#3811,#3812,#3833));
#3810 = ORIENTED_EDGE('',*,*,#3760,.F.);
#3811 = ORIENTED_EDGE('',*,*,#1608,.T.);
#3812 = ORIENTED_EDGE('',*,*,#3813,.T.);
#3813 = EDGE_CURVE('',#1580,#1923,#3814,.T.);
#3814 = SURFACE_CURVE('',#3815,(#3819,#3826),.PCURVE_S1.);
#3815 = LINE('',#3816,#3817);
#3816 = CARTESIAN_POINT('',(11.281733325475,-17.43890458638,6.5));
#3817 = VECTOR('',#3818,1.);
#3818 = DIRECTION('',(-0.543174449951,0.839619864534,0.));
#3819 = PCURVE('',#1621,#3820);
#3820 = DEFINITIONAL_REPRESENTATION('',(#3821),#3825);
#3821 = LINE('',#3822,#3823);
#3822 = CARTESIAN_POINT('',(0.,-2.5));
#3823 = VECTOR('',#3824,1.);
#3824 = DIRECTION('',(1.,0.));
#3825 = ( GEOMETRIC_REPRESENTATION_CONTEXT(2) 
PARAMETRIC_REPRESENTATION_CONTEXT() REPRESENTATION_CONTEXT('2D SPACE',''
  ) );
#3826 = PCURVE('',#1596,#3827);
#3827 = DEFINITIONAL_REPRESENTATION('',(#3828),#3832);
#3828 = LINE('',#3829,#3830);
#3829 = CARTESIAN_POINT('',(-5.727785246496,8.375685043472));
#3830 = VECTOR('',#3831,1.);
#3831 = DIRECTION('',(0.543174449951,-0.839619864534));
#3832 = ( GEOMETRIC_REPRESENTATION_CONTEXT(2) 
PARAMETRIC_REPRESENTATION_CONTEXT() REPRESENTATION_CONTEXT('2D SPACE',''
  ) );
#3833 = ORIENTED_EDGE('',*,*,#1946,.F.);
#3834 = ADVANCED_FACE('',(#3835),#1596,.F.);
#3835 = FACE_BOUND('',#3836,.F.);
#3836 = EDGE_LOOP('',(#3837,#3838,#3839,#3840));
#3837 = ORIENTED_EDGE('',*,*,#1922,.F.);
#3838 = ORIENTED_EDGE('',*,*,#3786,.T.);
#3839 = ORIENTED_EDGE('',*,*,#1579,.T.);
#3840 = ORIENTED_EDGE('',*,*,#3813,.T.);
#3841 = ADVANCED_FACE('',(#3842),#1653,.T.);
#3842 = FACE_BOUND('',#3843,.T.);
#3843 = EDGE_LOOP('',(#3844,#3845,#3866,#3867));
#3844 = ORIENTED_EDGE('',*,*,#2489,.F.);
#3845 = ORIENTED_EDGE('',*,*,#3846,.T.);
#3846 = EDGE_CURVE('',#2490,#1635,#3847,.T.);
#3847 = SURFACE_CURVE('',#3848,(#3852,#3859),.PCURVE_S1.);
#3848 = LINE('',#3849,#3850);
#3849 = CARTESIAN_POINT('',(0.,0.,4.));
#3850 = VECTOR('',#3851,1.);
#3851 = DIRECTION('',(0.839619864534,-0.543174449951,0.));
#3852 = PCURVE('',#1653,#3853);
#3853 = DEFINITIONAL_REPRESENTATION('',(#3854),#3858);
#3854 = LINE('',#3855,#3856);
#3855 = CARTESIAN_POINT('',(9.063219542908,-5.553948078979));
#3856 = VECTOR('',#3857,1.);
#3857 = DIRECTION('',(-0.839619864534,0.543174449951));
#3858 = ( GEOMETRIC_REPRESENTATION_CONTEXT(2) 
PARAMETRIC_REPRESENTATION_CONTEXT() REPRESENTATION_CONTEXT('2D SPACE',''
  ) );
#3859 = PCURVE('',#1680,#3860);
#3860 = DEFINITIONAL_REPRESENTATION('',(#3861),#3865);
#3861 = LINE('',#3862,#3863);
#3862 = CARTESIAN_POINT('',(0.,0.));
#3863 = VECTOR('',#3864,1.);
#3864 = DIRECTION('',(1.,0.));
#3865 = ( GEOMETRIC_REPRESENTATION_CONTEXT(2) 
PARAMETRIC_REPRESENTATION_CONTEXT() REPRESENTATION_CONTEXT('2D SPACE',''
  ) );
#3866 = ORIENTED_EDGE('',*,*,#1634,.T.);
#3867 = ORIENTED_EDGE('',*,*,#3868,.T.);
#3868 = EDGE_CURVE('',#1637,#2492,#3869,.T.);
#3869 = SURFACE_CURVE('',#3870,(#3874,#3881),.PCURVE_S1.);
#3870 = LINE('',#3871,#3872);
#3871 = CARTESIAN_POINT('',(17.969195005233,-10.4163780108,4.));
#3872 = VECTOR('',#3873,1.);
#3873 = DIRECTION('',(-0.86515142057,0.501510737159,0.));
#3874 = PCURVE('',#1653,#3875);
#3875 = DEFINITIONAL_REPRESENTATION('',(#3876),#3880);
#3876 = LINE('',#3877,#3878);
#3877 = CARTESIAN_POINT('',(-8.905975462325,4.862429931823));
#3878 = VECTOR('',#3879,1.);
#3879 = DIRECTION('',(0.86515142057,-0.501510737159));
#3880 = ( GEOMETRIC_REPRESENTATION_CONTEXT(2) 
PARAMETRIC_REPRESENTATION_CONTEXT() REPRESENTATION_CONTEXT('2D SPACE',''
  ) );
#3881 = PCURVE('',#1733,#3882);
#3882 = DEFINITIONAL_REPRESENTATION('',(#3883),#3887);
#3883 = LINE('',#3884,#3885);
#3884 = CARTESIAN_POINT('',(0.,0.));
#3885 = VECTOR('',#3886,1.);
#3886 = DIRECTION('',(1.,0.));
#3887 = ( GEOMETRIC_REPRESENTATION_CONTEXT(2) 
PARAMETRIC_REPRESENTATION_CONTEXT() REPRESENTATION_CONTEXT('2D SPACE',''
  ) );
#3888 = ADVANCED_FACE('',(#3889),#1733,.T.);
#3889 = FACE_BOUND('',#3890,.T.);
#3890 = EDGE_LOOP('',(#3891,#3892,#3893,#3914));
#3891 = ORIENTED_EDGE('',*,*,#3868,.F.);
#3892 = ORIENTED_EDGE('',*,*,#1720,.T.);
#3893 = ORIENTED_EDGE('',*,*,#3894,.T.);
#3894 = EDGE_CURVE('',#1692,#2537,#3895,.T.);
#3895 = SURFACE_CURVE('',#3896,(#3900,#3907),.PCURVE_S1.);
#3896 = LINE('',#3897,#3898);
#3897 = CARTESIAN_POINT('',(17.969195005233,-10.4163780108,6.5));
#3898 = VECTOR('',#3899,1.);
#3899 = DIRECTION('',(-0.86515142057,0.501510737159,0.));
#3900 = PCURVE('',#1733,#3901);
#3901 = DEFINITIONAL_REPRESENTATION('',(#3902),#3906);
#3902 = LINE('',#3903,#3904);
#3903 = CARTESIAN_POINT('',(0.,-2.5));
#3904 = VECTOR('',#3905,1.);
#3905 = DIRECTION('',(1.,0.));
#3906 = ( GEOMETRIC_REPRESENTATION_CONTEXT(2) 
PARAMETRIC_REPRESENTATION_CONTEXT() REPRESENTATION_CONTEXT('2D SPACE',''
  ) );
#3907 = PCURVE('',#1708,#3908);
#3908 = DEFINITIONAL_REPRESENTATION('',(#3909),#3913);
#3909 = LINE('',#3910,#3911);
#3910 = CARTESIAN_POINT('',(-8.905975462325,4.862429931823));
#3911 = VECTOR('',#3912,1.);
#3912 = DIRECTION('',(0.86515142057,-0.501510737159));
#3913 = ( GEOMETRIC_REPRESENTATION_CONTEXT(2) 
PARAMETRIC_REPRESENTATION_CONTEXT() REPRESENTATION_CONTEXT('2D SPACE',''
  ) );
#3914 = ORIENTED_EDGE('',*,*,#2560,.F.);
#3915 = ADVANCED_FACE('',(#3916),#1708,.F.);
#3916 = FACE_BOUND('',#3917,.F.);
#3917 = EDGE_LOOP('',(#3918,#3919,#3940,#3941));
#3918 = ORIENTED_EDGE('',*,*,#2536,.F.);
#3919 = ORIENTED_EDGE('',*,*,#3920,.T.);
#3920 = EDGE_CURVE('',#2516,#1666,#3921,.T.);
#3921 = SURFACE_CURVE('',#3922,(#3926,#3933),.PCURVE_S1.);
#3922 = LINE('',#3923,#3924);
#3923 = CARTESIAN_POINT('',(0.,0.,6.5));
#3924 = VECTOR('',#3925,1.);
#3925 = DIRECTION('',(0.839619864534,-0.543174449951,0.));
#3926 = PCURVE('',#1708,#3927);
#3927 = DEFINITIONAL_REPRESENTATION('',(#3928),#3932);
#3928 = LINE('',#3929,#3930);
#3929 = CARTESIAN_POINT('',(9.063219542908,-5.553948078979));
#3930 = VECTOR('',#3931,1.);
#3931 = DIRECTION('',(-0.839619864534,0.543174449951));
#3932 = ( GEOMETRIC_REPRESENTATION_CONTEXT(2) 
PARAMETRIC_REPRESENTATION_CONTEXT() REPRESENTATION_CONTEXT('2D SPACE',''
  ) );
#3933 = PCURVE('',#1680,#3934);
#3934 = DEFINITIONAL_REPRESENTATION('',(#3935),#3939);
#3935 = LINE('',#3936,#3937);
#3936 = CARTESIAN_POINT('',(0.,-2.5));
#3937 = VECTOR('',#3938,1.);
#3938 = DIRECTION('',(1.,0.));
#3939 = ( GEOMETRIC_REPRESENTATION_CONTEXT(2) 
PARAMETRIC_REPRESENTATION_CONTEXT() REPRESENTATION_CONTEXT('2D SPACE',''
  ) );
#3940 = ORIENTED_EDGE('',*,*,#1691,.T.);
#3941 = ORIENTED_EDGE('',*,*,#3894,.T.);
#3942 = ADVANCED_FACE('',(#3943),#1680,.T.);
#3943 = FACE_BOUND('',#3944,.T.);
#3944 = EDGE_LOOP('',(#3945,#3946,#3947,#3948));
#3945 = ORIENTED_EDGE('',*,*,#3846,.F.);
#3946 = ORIENTED_EDGE('',*,*,#2515,.T.);
#3947 = ORIENTED_EDGE('',*,*,#3920,.T.);
#3948 = ORIENTED_EDGE('',*,*,#1665,.F.);
#3949 = ADVANCED_FACE('',(#3950),#2314,.T.);
#3950 = FACE_BOUND('',#3951,.T.);
#3951 = EDGE_LOOP('',(#3952));
#3952 = ORIENTED_EDGE('',*,*,#1967,.F.);
#3953 = ADVANCED_FACE('',(#3954),#2655,.T.);
#3954 = FACE_BOUND('',#3955,.T.);
#3955 = EDGE_LOOP('',(#3956,#3957,#3977,#3978,#4000,#4028,#4048,#4049,
    #4071,#4093,#4113,#4114,#4115,#4116,#4138,#4160,#4187,#4214));
#3956 = ORIENTED_EDGE('',*,*,#3275,.F.);
#3957 = ORIENTED_EDGE('',*,*,#3958,.T.);
#3958 = EDGE_CURVE('',#3276,#3020,#3959,.T.);
#3959 = SURFACE_CURVE('',#3960,(#3964,#3971),.PCURVE_S1.);
#3960 = LINE('',#3961,#3962);
#3961 = CARTESIAN_POINT('',(2.473786534278E-15,20.2,-2.725));
#3962 = VECTOR('',#3963,1.);
#3963 = DIRECTION('',(0.,0.,-1.));
#3964 = PCURVE('',#2655,#3965);
#3965 = DEFINITIONAL_REPRESENTATION('',(#3966),#3970);
#3966 = LINE('',#3967,#3968);
#3967 = CARTESIAN_POINT('',(2.275,-19.8));
#3968 = VECTOR('',#3969,1.);
#3969 = DIRECTION('',(-1.,0.));
#3970 = ( GEOMETRIC_REPRESENTATION_CONTEXT(2) 
PARAMETRIC_REPRESENTATION_CONTEXT() REPRESENTATION_CONTEXT('2D SPACE',''
  ) );
#3971 = PCURVE('',#2929,#3972);
#3972 = DEFINITIONAL_REPRESENTATION('',(#3973),#3976);
#3973 = B_SPLINE_CURVE_WITH_KNOTS('',1,(#3974,#3975),.UNSPECIFIED.,.F.,
  .F.,(2,2),(-11.775,-2.275),.PIECEWISE_BEZIER_KNOTS.);
#3974 = CARTESIAN_POINT('',(9.5,4.));
#3975 = CARTESIAN_POINT('',(0.,4.));
#3976 = ( GEOMETRIC_REPRESENTATION_CONTEXT(2) 
PARAMETRIC_REPRESENTATION_CONTEXT() REPRESENTATION_CONTEXT('2D SPACE',''
  ) );
#3977 = ORIENTED_EDGE('',*,*,#3042,.T.);
#3978 = ORIENTED_EDGE('',*,*,#3979,.T.);
#3979 = EDGE_CURVE('',#3043,#3980,#3982,.T.);
#3980 = VERTEX_POINT('',#3981);
#3981 = CARTESIAN_POINT('',(2.345198620367E-15,19.15,6.15));
#3982 = SURFACE_CURVE('',#3983,(#3987,#3994),.PCURVE_S1.);
#3983 = LINE('',#3984,#3985);
#3984 = CARTESIAN_POINT('',(2.345198620367E-15,19.15,-3.225));
#3985 = VECTOR('',#3986,1.);
#3986 = DIRECTION('',(0.,0.,1.));
#3987 = PCURVE('',#2655,#3988);
#3988 = DEFINITIONAL_REPRESENTATION('',(#3989),#3993);
#3989 = LINE('',#3990,#3991);
#3990 = CARTESIAN_POINT('',(1.775,-20.85));
#3991 = VECTOR('',#3992,1.);
#3992 = DIRECTION('',(1.,0.));
#3993 = ( GEOMETRIC_REPRESENTATION_CONTEXT(2) 
PARAMETRIC_REPRESENTATION_CONTEXT() REPRESENTATION_CONTEXT('2D SPACE',''
  ) );
#3994 = PCURVE('',#3079,#3995);
#3995 = DEFINITIONAL_REPRESENTATION('',(#3996),#3999);
#3996 = B_SPLINE_CURVE_WITH_KNOTS('',1,(#3997,#3998),.UNSPECIFIED.,.F.,
  .F.,(2,2),(2.775,9.375),.PIECEWISE_BEZIER_KNOTS.);
#3997 = CARTESIAN_POINT('',(1.,3.8));
#3998 = CARTESIAN_POINT('',(7.6,3.8));
#3999 = ( GEOMETRIC_REPRESENTATION_CONTEXT(2) 
PARAMETRIC_REPRESENTATION_CONTEXT() REPRESENTATION_CONTEXT('2D SPACE',''
  ) );
#4000 = ORIENTED_EDGE('',*,*,#4001,.F.);
#4001 = EDGE_CURVE('',#4002,#3980,#4004,.T.);
#4002 = VERTEX_POINT('',#4003);
#4003 = CARTESIAN_POINT('',(2.088022792546E-15,17.05,6.15));
#4004 = SURFACE_CURVE('',#4005,(#4009,#4016),.PCURVE_S1.);
#4005 = LINE('',#4006,#4007);
#4006 = CARTESIAN_POINT('',(3.621892908478E-15,29.575,6.15));
#4007 = VECTOR('',#4008,1.);
#4008 = DIRECTION('',(1.224646799147E-16,1.,0.));
#4009 = PCURVE('',#2655,#4010);
#4010 = DEFINITIONAL_REPRESENTATION('',(#4011),#4015);
#4011 = LINE('',#4012,#4013);
#4012 = CARTESIAN_POINT('',(11.15,-10.425));
#4013 = VECTOR('',#4014,1.);
#4014 = DIRECTION('',(0.,1.));
#4015 = ( GEOMETRIC_REPRESENTATION_CONTEXT(2) 
PARAMETRIC_REPRESENTATION_CONTEXT() REPRESENTATION_CONTEXT('2D SPACE',''
  ) );
#4016 = PCURVE('',#4017,#4022);
#4017 = PLANE('',#4018);
#4018 = AXIS2_PLACEMENT_3D('',#4019,#4020,#4021);
#4019 = CARTESIAN_POINT('',(3.8,19.15,6.15));
#4020 = DIRECTION('',(0.,0.,1.));
#4021 = DIRECTION('',(-1.,1.224646799147E-16,0.));
#4022 = DEFINITIONAL_REPRESENTATION('',(#4023),#4027);
#4023 = LINE('',#4024,#4025);
#4024 = CARTESIAN_POINT('',(3.8,-10.425));
#4025 = VECTOR('',#4026,1.);
#4026 = DIRECTION('',(0.,-1.));
#4027 = ( GEOMETRIC_REPRESENTATION_CONTEXT(2) 
PARAMETRIC_REPRESENTATION_CONTEXT() REPRESENTATION_CONTEXT('2D SPACE',''
  ) );
#4028 = ORIENTED_EDGE('',*,*,#4029,.F.);
#4029 = EDGE_CURVE('',#3227,#4002,#4030,.T.);
#4030 = SURFACE_CURVE('',#4031,(#4035,#4042),.PCURVE_S1.);
#4031 = LINE('',#4032,#4033);
#4032 = CARTESIAN_POINT('',(2.088022792546E-15,17.05,-3.225));
#4033 = VECTOR('',#4034,1.);
#4034 = DIRECTION('',(0.,0.,1.));
#4035 = PCURVE('',#2655,#4036);
#4036 = DEFINITIONAL_REPRESENTATION('',(#4037),#4041);
#4037 = LINE('',#4038,#4039);
#4038 = CARTESIAN_POINT('',(1.775,-22.95));
#4039 = VECTOR('',#4040,1.);
#4040 = DIRECTION('',(1.,0.));
#4041 = ( GEOMETRIC_REPRESENTATION_CONTEXT(2) 
PARAMETRIC_REPRESENTATION_CONTEXT() REPRESENTATION_CONTEXT('2D SPACE',''
  ) );
#4042 = PCURVE('',#3241,#4043);
#4043 = DEFINITIONAL_REPRESENTATION('',(#4044),#4047);
#4044 = B_SPLINE_CURVE_WITH_KNOTS('',1,(#4045,#4046),.UNSPECIFIED.,.F.,
  .F.,(2,2),(2.775,9.375),.PIECEWISE_BEZIER_KNOTS.);
#4045 = CARTESIAN_POINT('',(1.,3.8));
#4046 = CARTESIAN_POINT('',(7.6,3.8));
#4047 = ( GEOMETRIC_REPRESENTATION_CONTEXT(2) 
PARAMETRIC_REPRESENTATION_CONTEXT() REPRESENTATION_CONTEXT('2D SPACE',''
  ) );
#4048 = ORIENTED_EDGE('',*,*,#3252,.T.);
#4049 = ORIENTED_EDGE('',*,*,#4050,.T.);
#4050 = EDGE_CURVE('',#2969,#4051,#4053,.T.);
#4051 = VERTEX_POINT('',#4052);
#4052 = CARTESIAN_POINT('',(2.203628028123E-15,15.62,-0.1));
#4053 = SURFACE_CURVE('',#4054,(#4058,#4065),.PCURVE_S1.);
#4054 = LINE('',#4055,#4056);
#4055 = CARTESIAN_POINT('',(1.912898300268E-15,15.62,-0.45));
#4056 = VECTOR('',#4057,1.);
#4057 = DIRECTION('',(0.,0.,1.));
#4058 = PCURVE('',#2655,#4059);
#4059 = DEFINITIONAL_REPRESENTATION('',(#4060),#4064);
#4060 = LINE('',#4061,#4062);
#4061 = CARTESIAN_POINT('',(4.55,-24.38));
#4062 = VECTOR('',#4063,1.);
#4063 = DIRECTION('',(1.,0.));
#4064 = ( GEOMETRIC_REPRESENTATION_CONTEXT(2) 
PARAMETRIC_REPRESENTATION_CONTEXT() REPRESENTATION_CONTEXT('2D SPACE',''
  ) );
#4065 = PCURVE('',#2985,#4066);
#4066 = DEFINITIONAL_REPRESENTATION('',(#4067),#4070);
#4067 = B_SPLINE_CURVE_WITH_KNOTS('',1,(#4068,#4069),.UNSPECIFIED.,.F.,
  .F.,(2,2),(-6.000000000173E-07,0.3500006),.PIECEWISE_BEZIER_KNOTS.);
#4068 = CARTESIAN_POINT('',(4.712388980385,-6.000000000173E-07));
#4069 = CARTESIAN_POINT('',(4.712388980385,0.3500006));
#4070 = ( GEOMETRIC_REPRESENTATION_CONTEXT(2) 
PARAMETRIC_REPRESENTATION_CONTEXT() REPRESENTATION_CONTEXT('2D SPACE',''
  ) );
#4071 = ORIENTED_EDGE('',*,*,#4072,.F.);
#4072 = EDGE_CURVE('',#4073,#4051,#4075,.T.);
#4073 = VERTEX_POINT('',#4074);
#4074 = CARTESIAN_POINT('',(1.133142498226E-15,16.22,-0.1));
#4075 = SURFACE_CURVE('',#4076,(#4080,#4087),.PCURVE_S1.);
#4076 = LINE('',#4077,#4078);
#4077 = CARTESIAN_POINT('',(2.449293598295E-15,20.,-1.E-01));
#4078 = VECTOR('',#4079,1.);
#4079 = DIRECTION('',(-1.224646799147E-16,-1.,0.));
#4080 = PCURVE('',#2655,#4081);
#4081 = DEFINITIONAL_REPRESENTATION('',(#4082),#4086);
#4082 = LINE('',#4083,#4084);
#4083 = CARTESIAN_POINT('',(4.9,-20.));
#4084 = VECTOR('',#4085,1.);
#4085 = DIRECTION('',(0.,-1.));
#4086 = ( GEOMETRIC_REPRESENTATION_CONTEXT(2) 
PARAMETRIC_REPRESENTATION_CONTEXT() REPRESENTATION_CONTEXT('2D SPACE',''
  ) );
#4087 = PCURVE('',#3703,#4088);
#4088 = DEFINITIONAL_REPRESENTATION('',(#4089),#4092);
#4089 = B_SPLINE_CURVE_WITH_KNOTS('',1,(#4090,#4091),.UNSPECIFIED.,.F.,
  .F.,(2,2),(3.78,36.22),.PIECEWISE_BEZIER_KNOTS.);
#4090 = CARTESIAN_POINT('',(0.,-16.22));
#4091 = CARTESIAN_POINT('',(0.,16.22));
#4092 = ( GEOMETRIC_REPRESENTATION_CONTEXT(2) 
PARAMETRIC_REPRESENTATION_CONTEXT() REPRESENTATION_CONTEXT('2D SPACE',''
  ) );
#4093 = ORIENTED_EDGE('',*,*,#4094,.T.);
#4094 = EDGE_CURVE('',#4073,#2608,#4095,.T.);
#4095 = SURFACE_CURVE('',#4096,(#4100,#4107),.PCURVE_S1.);
#4096 = LINE('',#4097,#4098);
#4097 = CARTESIAN_POINT('',(1.986377108217E-15,16.22,-0.45));
#4098 = VECTOR('',#4099,1.);
#4099 = DIRECTION('',(0.,0.,1.));
#4100 = PCURVE('',#2655,#4101);
#4101 = DEFINITIONAL_REPRESENTATION('',(#4102),#4106);
#4102 = LINE('',#4103,#4104);
#4103 = CARTESIAN_POINT('',(4.55,-23.78));
#4104 = VECTOR('',#4105,1.);
#4105 = DIRECTION('',(1.,0.));
#4106 = ( GEOMETRIC_REPRESENTATION_CONTEXT(2) 
PARAMETRIC_REPRESENTATION_CONTEXT() REPRESENTATION_CONTEXT('2D SPACE',''
  ) );
#4107 = PCURVE('',#2628,#4108);
#4108 = DEFINITIONAL_REPRESENTATION('',(#4109),#4112);
#4109 = B_SPLINE_CURVE_WITH_KNOTS('',1,(#4110,#4111),.UNSPECIFIED.,.F.,
  .F.,(2,2),(0.3499994,8.3000006),.PIECEWISE_BEZIER_KNOTS.);
#4110 = CARTESIAN_POINT('',(4.712388980385,0.3499994));
#4111 = CARTESIAN_POINT('',(4.712388980385,8.3000006));
#4112 = ( GEOMETRIC_REPRESENTATION_CONTEXT(2) 
PARAMETRIC_REPRESENTATION_CONTEXT() REPRESENTATION_CONTEXT('2D SPACE',''
  ) );
#4113 = ORIENTED_EDGE('',*,*,#2640,.T.);
#4114 = ORIENTED_EDGE('',*,*,#2720,.T.);
#4115 = ORIENTED_EDGE('',*,*,#2773,.F.);
#4116 = ORIENTED_EDGE('',*,*,#4117,.T.);
#4117 = EDGE_CURVE('',#2746,#4118,#4120,.T.);
#4118 = VERTEX_POINT('',#4119);
#4119 = CARTESIAN_POINT('',(9.919639073094E-16,16.2,11.45));
#4120 = SURFACE_CURVE('',#4121,(#4125,#4132),.PCURVE_S1.);
#4121 = LINE('',#4122,#4123);
#4122 = CARTESIAN_POINT('',(0.,16.2,9.05));
#4123 = VECTOR('',#4124,1.);
#4124 = DIRECTION('',(0.,0.,1.));
#4125 = PCURVE('',#2655,#4126);
#4126 = DEFINITIONAL_REPRESENTATION('',(#4127),#4131);
#4127 = LINE('',#4128,#4129);
#4128 = CARTESIAN_POINT('',(14.05,-23.8));
#4129 = VECTOR('',#4130,1.);
#4130 = DIRECTION('',(1.,0.));
#4131 = ( GEOMETRIC_REPRESENTATION_CONTEXT(2) 
PARAMETRIC_REPRESENTATION_CONTEXT() REPRESENTATION_CONTEXT('2D SPACE',''
  ) );
#4132 = PCURVE('',#684,#4133);
#4133 = DEFINITIONAL_REPRESENTATION('',(#4134),#4137);
#4134 = B_SPLINE_CURVE_WITH_KNOTS('',1,(#4135,#4136),.UNSPECIFIED.,.F.,
  .F.,(2,2),(0.,2.4),.PIECEWISE_BEZIER_KNOTS.);
#4135 = CARTESIAN_POINT('',(7.853981633974,0.));
#4136 = CARTESIAN_POINT('',(7.853981633974,2.4));
#4137 = ( GEOMETRIC_REPRESENTATION_CONTEXT(2) 
PARAMETRIC_REPRESENTATION_CONTEXT() REPRESENTATION_CONTEXT('2D SPACE',''
  ) );
#4138 = ORIENTED_EDGE('',*,*,#4139,.T.);
#4139 = EDGE_CURVE('',#4118,#4140,#4142,.T.);
#4140 = VERTEX_POINT('',#4141);
#4141 = CARTESIAN_POINT('',(-1.718910065318E-14,17.8,11.45));
#4142 = SURFACE_CURVE('',#4143,(#4147,#4154),.PCURVE_S1.);
#4143 = LINE('',#4144,#4145);
#4144 = CARTESIAN_POINT('',(0.,-20.,11.45));
#4145 = VECTOR('',#4146,1.);
#4146 = DIRECTION('',(-0.,1.,0.));
#4147 = PCURVE('',#2655,#4148);
#4148 = DEFINITIONAL_REPRESENTATION('',(#4149),#4153);
#4149 = LINE('',#4150,#4151);
#4150 = CARTESIAN_POINT('',(16.45,-60.));
#4151 = VECTOR('',#4152,1.);
#4152 = DIRECTION('',(0.,1.));
#4153 = ( GEOMETRIC_REPRESENTATION_CONTEXT(2) 
PARAMETRIC_REPRESENTATION_CONTEXT() REPRESENTATION_CONTEXT('2D SPACE',''
  ) );
#4154 = PCURVE('',#657,#4155);
#4155 = DEFINITIONAL_REPRESENTATION('',(#4156),#4159);
#4156 = B_SPLINE_CURVE_WITH_KNOTS('',1,(#4157,#4158),.UNSPECIFIED.,.F.,
  .F.,(2,2),(2.2,37.8),.PIECEWISE_BEZIER_KNOTS.);
#4157 = CARTESIAN_POINT('',(0.,-17.8));
#4158 = CARTESIAN_POINT('',(0.,17.8));
#4159 = ( GEOMETRIC_REPRESENTATION_CONTEXT(2) 
PARAMETRIC_REPRESENTATION_CONTEXT() REPRESENTATION_CONTEXT('2D SPACE',''
  ) );
#4160 = ORIENTED_EDGE('',*,*,#4161,.F.);
#4161 = EDGE_CURVE('',#4162,#4140,#4164,.T.);
#4162 = VERTEX_POINT('',#4163);
#4163 = CARTESIAN_POINT('',(1.089935651241E-15,17.8,10.45));
#4164 = SURFACE_CURVE('',#4165,(#4169,#4176),.PCURVE_S1.);
#4165 = LINE('',#4166,#4167);
#4166 = CARTESIAN_POINT('',(0.,17.8,9.05));
#4167 = VECTOR('',#4168,1.);
#4168 = DIRECTION('',(0.,0.,1.));
#4169 = PCURVE('',#2655,#4170);
#4170 = DEFINITIONAL_REPRESENTATION('',(#4171),#4175);
#4171 = LINE('',#4172,#4173);
#4172 = CARTESIAN_POINT('',(14.05,-22.2));
#4173 = VECTOR('',#4174,1.);
#4174 = DIRECTION('',(1.,0.));
#4175 = ( GEOMETRIC_REPRESENTATION_CONTEXT(2) 
PARAMETRIC_REPRESENTATION_CONTEXT() REPRESENTATION_CONTEXT('2D SPACE',''
  ) );
#4176 = PCURVE('',#4177,#4182);
#4177 = CYLINDRICAL_SURFACE('',#4178,17.8);
#4178 = AXIS2_PLACEMENT_3D('',#4179,#4180,#4181);
#4179 = CARTESIAN_POINT('',(0.,0.,9.05));
#4180 = DIRECTION('',(0.,0.,1.));
#4181 = DIRECTION('',(1.,0.,-0.));
#4182 = DEFINITIONAL_REPRESENTATION('',(#4183),#4186);
#4183 = B_SPLINE_CURVE_WITH_KNOTS('',1,(#4184,#4185),.UNSPECIFIED.,.F.,
  .F.,(2,2),(-5.999999999062E-07,2.4000006),.PIECEWISE_BEZIER_KNOTS.);
#4184 = CARTESIAN_POINT('',(1.570796326795,-5.999999999062E-07));
#4185 = CARTESIAN_POINT('',(1.570796326795,2.4000006));
#4186 = ( GEOMETRIC_REPRESENTATION_CONTEXT(2) 
PARAMETRIC_REPRESENTATION_CONTEXT() REPRESENTATION_CONTEXT('2D SPACE',''
  ) );
#4187 = ORIENTED_EDGE('',*,*,#4188,.F.);
#4188 = EDGE_CURVE('',#4189,#4162,#4191,.T.);
#4189 = VERTEX_POINT('',#4190);
#4190 = CARTESIAN_POINT('',(1.031764928282E-15,16.85,10.45));
#4191 = SURFACE_CURVE('',#4192,(#4196,#4203),.PCURVE_S1.);
#4192 = LINE('',#4193,#4194);
#4193 = CARTESIAN_POINT('',(0.,-13.68867730481,10.45));
#4194 = VECTOR('',#4195,1.);
#4195 = DIRECTION('',(-0.,1.,0.));
#4196 = PCURVE('',#2655,#4197);
#4197 = DEFINITIONAL_REPRESENTATION('',(#4198),#4202);
#4198 = LINE('',#4199,#4200);
#4199 = CARTESIAN_POINT('',(15.45,-53.68867730481));
#4200 = VECTOR('',#4201,1.);
#4201 = DIRECTION('',(0.,1.));
#4202 = ( GEOMETRIC_REPRESENTATION_CONTEXT(2) 
PARAMETRIC_REPRESENTATION_CONTEXT() REPRESENTATION_CONTEXT('2D SPACE',''
  ) );
#4203 = PCURVE('',#4204,#4209);
#4204 = PLANE('',#4205);
#4205 = AXIS2_PLACEMENT_3D('',#4206,#4207,#4208);
#4206 = CARTESIAN_POINT('',(1.661802791801,12.622645390364,10.45));
#4207 = DIRECTION('',(0.,0.,1.));
#4208 = DIRECTION('',(1.,0.,-0.));
#4209 = DEFINITIONAL_REPRESENTATION('',(#4210),#4213);
#4210 = B_SPLINE_CURVE_WITH_KNOTS('',1,(#4211,#4212),.UNSPECIFIED.,.F.,
  .F.,(2,2),(29.199184085492,31.488677304818),.PIECEWISE_BEZIER_KNOTS.);
#4211 = CARTESIAN_POINT('',(-1.661802791801,2.88786139031));
#4212 = CARTESIAN_POINT('',(-1.661802791801,5.177354609636));
#4213 = ( GEOMETRIC_REPRESENTATION_CONTEXT(2) 
PARAMETRIC_REPRESENTATION_CONTEXT() REPRESENTATION_CONTEXT('2D SPACE',''
  ) );
#4214 = ORIENTED_EDGE('',*,*,#4215,.F.);
#4215 = EDGE_CURVE('',#3278,#4189,#4216,.T.);
#4216 = SURFACE_CURVE('',#4217,(#4221,#4228),.PCURVE_S1.);
#4217 = LINE('',#4218,#4219);
#4218 = CARTESIAN_POINT('',(0.,16.85,9.05));
#4219 = VECTOR('',#4220,1.);
#4220 = DIRECTION('',(0.,0.,1.));
#4221 = PCURVE('',#2655,#4222);
#4222 = DEFINITIONAL_REPRESENTATION('',(#4223),#4227);
#4223 = LINE('',#4224,#4225);
#4224 = CARTESIAN_POINT('',(14.05,-23.15));
#4225 = VECTOR('',#4226,1.);
#4226 = DIRECTION('',(1.,0.));
#4227 = ( GEOMETRIC_REPRESENTATION_CONTEXT(2) 
PARAMETRIC_REPRESENTATION_CONTEXT() REPRESENTATION_CONTEXT('2D SPACE',''
  ) );
#4228 = PCURVE('',#3320,#4229);
#4229 = DEFINITIONAL_REPRESENTATION('',(#4230),#4233);
#4230 = B_SPLINE_CURVE_WITH_KNOTS('',1,(#4231,#4232),.UNSPECIFIED.,.F.,
  .F.,(2,2),(-5.999999999062E-07,2.4000006),.PIECEWISE_BEZIER_KNOTS.);
#4231 = CARTESIAN_POINT('',(1.570796326795,-5.999999999062E-07));
#4232 = CARTESIAN_POINT('',(1.570796326795,2.4000006));
#4233 = ( GEOMETRIC_REPRESENTATION_CONTEXT(2) 
PARAMETRIC_REPRESENTATION_CONTEXT() REPRESENTATION_CONTEXT('2D SPACE',''
  ) );
#4234 = ADVANCED_FACE('',(#4235),#2628,.F.);
#4235 = FACE_BOUND('',#4236,.F.);
#4236 = EDGE_LOOP('',(#4237,#4238,#4260,#4261));
#4237 = ORIENTED_EDGE('',*,*,#3667,.F.);
#4238 = ORIENTED_EDGE('',*,*,#4239,.T.);
#4239 = EDGE_CURVE('',#3668,#4073,#4240,.T.);
#4240 = SURFACE_CURVE('',#4241,(#4246,#4253),.PCURVE_S1.);
#4241 = CIRCLE('',#4242,16.22);
#4242 = AXIS2_PLACEMENT_3D('',#4243,#4244,#4245);
#4243 = CARTESIAN_POINT('',(0.,0.,-0.1));
#4244 = DIRECTION('',(0.,-0.,1.));
#4245 = DIRECTION('',(0.910699149448,0.4130702836,0.));
#4246 = PCURVE('',#2628,#4247);
#4247 = DEFINITIONAL_REPRESENTATION('',(#4248),#4252);
#4248 = LINE('',#4249,#4250);
#4249 = CARTESIAN_POINT('',(3.567415496241,0.35));
#4250 = VECTOR('',#4251,1.);
#4251 = DIRECTION('',(1.,0.));
#4252 = ( GEOMETRIC_REPRESENTATION_CONTEXT(2) 
PARAMETRIC_REPRESENTATION_CONTEXT() REPRESENTATION_CONTEXT('2D SPACE',''
  ) );
#4253 = PCURVE('',#3703,#4254);
#4254 = DEFINITIONAL_REPRESENTATION('',(#4255),#4259);
#4255 = CIRCLE('',#4256,16.22);
#4256 = AXIS2_PLACEMENT_2D('',#4257,#4258);
#4257 = CARTESIAN_POINT('',(0.,0.));
#4258 = DIRECTION('',(-0.910699149448,-0.4130702836));
#4259 = ( GEOMETRIC_REPRESENTATION_CONTEXT(2) 
PARAMETRIC_REPRESENTATION_CONTEXT() REPRESENTATION_CONTEXT('2D SPACE',''
  ) );
#4260 = ORIENTED_EDGE('',*,*,#4094,.T.);
#4261 = ORIENTED_EDGE('',*,*,#2607,.T.);
#4262 = ADVANCED_FACE('',(#4263),#684,.F.);
#4263 = FACE_BOUND('',#4264,.F.);
#4264 = EDGE_LOOP('',(#4265,#4266,#4267,#4293));
#4265 = ORIENTED_EDGE('',*,*,#2745,.F.);
#4266 = ORIENTED_EDGE('',*,*,#4117,.T.);
#4267 = ORIENTED_EDGE('',*,*,#4268,.T.);
#4268 = EDGE_CURVE('',#4118,#642,#4269,.T.);
#4269 = SURFACE_CURVE('',#4270,(#4275,#4282),.PCURVE_S1.);
#4270 = CIRCLE('',#4271,16.2);
#4271 = AXIS2_PLACEMENT_3D('',#4272,#4273,#4274);
#4272 = CARTESIAN_POINT('',(0.,0.,11.45));
#4273 = DIRECTION('',(0.,0.,-1.));
#4274 = DIRECTION('',(6.123233995737E-17,1.,0.));
#4275 = PCURVE('',#684,#4276);
#4276 = DEFINITIONAL_REPRESENTATION('',(#4277),#4281);
#4277 = LINE('',#4278,#4279);
#4278 = CARTESIAN_POINT('',(7.853981633974,2.4));
#4279 = VECTOR('',#4280,1.);
#4280 = DIRECTION('',(-1.,-0.));
#4281 = ( GEOMETRIC_REPRESENTATION_CONTEXT(2) 
PARAMETRIC_REPRESENTATION_CONTEXT() REPRESENTATION_CONTEXT('2D SPACE',''
  ) );
#4282 = PCURVE('',#657,#4283);
#4283 = DEFINITIONAL_REPRESENTATION('',(#4284),#4292);
#4284 = ( BOUNDED_CURVE() B_SPLINE_CURVE(2,(#4285,#4286,#4287,#4288,
#4289,#4290,#4291),.UNSPECIFIED.,.T.,.F.) B_SPLINE_CURVE_WITH_KNOTS((1,2
    ,2,2,2,1),(-2.094395102393,0.,2.094395102393,4.188790204786,
6.28318530718,8.377580409573),.UNSPECIFIED.) CURVE() 
GEOMETRIC_REPRESENTATION_ITEM() RATIONAL_B_SPLINE_CURVE((1.,0.5,1.,0.5,
1.,0.5,1.)) REPRESENTATION_ITEM('') );
#4285 = CARTESIAN_POINT('',(9.919639073094E-16,16.2));
#4286 = CARTESIAN_POINT('',(28.059223082616,16.2));
#4287 = CARTESIAN_POINT('',(14.029611541308,-8.1));
#4288 = CARTESIAN_POINT('',(1.983927814619E-15,-32.4));
#4289 = CARTESIAN_POINT('',(-14.0296115413,-8.1));
#4290 = CARTESIAN_POINT('',(-28.05922308261,16.2));
#4291 = CARTESIAN_POINT('',(9.919639073094E-16,16.2));
#4292 = ( GEOMETRIC_REPRESENTATION_CONTEXT(2) 
PARAMETRIC_REPRESENTATION_CONTEXT() REPRESENTATION_CONTEXT('2D SPACE',''
  ) );
#4293 = ORIENTED_EDGE('',*,*,#668,.F.);
#4294 = ADVANCED_FACE('',(#4295),#630,.T.);
#4295 = FACE_BOUND('',#4296,.T.);
#4296 = EDGE_LOOP('',(#4297,#4325,#4326,#4327,#4328));
#4297 = ORIENTED_EDGE('',*,*,#4298,.T.);
#4298 = EDGE_CURVE('',#4299,#615,#4301,.T.);
#4299 = VERTEX_POINT('',#4300);
#4300 = CARTESIAN_POINT('',(6.955014087109,-16.38498639145,11.45));
#4301 = SURFACE_CURVE('',#4302,(#4307,#4314),.PCURVE_S1.);
#4302 = CIRCLE('',#4303,17.8);
#4303 = AXIS2_PLACEMENT_3D('',#4304,#4305,#4306);
#4304 = CARTESIAN_POINT('',(0.,0.,11.45));
#4305 = DIRECTION('',(0.,0.,-1.));
#4306 = DIRECTION('',(0.601815023152,0.798635510047,0.));
#4307 = PCURVE('',#630,#4308);
#4308 = DEFINITIONAL_REPRESENTATION('',(#4309),#4313);
#4309 = LINE('',#4310,#4311);
#4310 = CARTESIAN_POINT('',(7.208209810737,2.4));
#4311 = VECTOR('',#4312,1.);
#4312 = DIRECTION('',(-1.,-0.));
#4313 = ( GEOMETRIC_REPRESENTATION_CONTEXT(2) 
PARAMETRIC_REPRESENTATION_CONTEXT() REPRESENTATION_CONTEXT('2D SPACE',''
  ) );
#4314 = PCURVE('',#657,#4315);
#4315 = DEFINITIONAL_REPRESENTATION('',(#4316),#4324);
#4316 = ( BOUNDED_CURVE() B_SPLINE_CURVE(2,(#4317,#4318,#4319,#4320,
#4321,#4322,#4323),.UNSPECIFIED.,.T.,.F.) B_SPLINE_CURVE_WITH_KNOTS((1,2
    ,2,2,2,1),(-2.094395102393,0.,2.094395102393,4.188790204786,
6.28318530718,8.377580409573),.UNSPECIFIED.) CURVE() 
GEOMETRIC_REPRESENTATION_ITEM() RATIONAL_B_SPLINE_CURVE((1.,0.5,1.,0.5,
1.,0.5,1.)) REPRESENTATION_ITEM('') );
#4317 = CARTESIAN_POINT('',(10.712307412106,14.215712078842));
#4318 = CARTESIAN_POINT('',(35.334642998431,-4.338548625223));
#4319 = CARTESIAN_POINT('',(6.955014087109,-16.38498639145));
#4320 = CARTESIAN_POINT('',(-21.42461482421,-28.43142415768));
#4321 = CARTESIAN_POINT('',(-17.66732149921,2.169274312612));
#4322 = CARTESIAN_POINT('',(-13.91002817421,32.769972782907));
#4323 = CARTESIAN_POINT('',(10.712307412106,14.215712078842));
#4324 = ( GEOMETRIC_REPRESENTATION_CONTEXT(2) 
PARAMETRIC_REPRESENTATION_CONTEXT() REPRESENTATION_CONTEXT('2D SPACE',''
  ) );
#4325 = ORIENTED_EDGE('',*,*,#614,.F.);
#4326 = ORIENTED_EDGE('',*,*,#2796,.T.);
#4327 = ORIENTED_EDGE('',*,*,#2836,.T.);
#4328 = ORIENTED_EDGE('',*,*,#4329,.F.);
#4329 = EDGE_CURVE('',#4299,#2837,#4330,.T.);
#4330 = SURFACE_CURVE('',#4331,(#4335,#4342),.PCURVE_S1.);
#4331 = LINE('',#4332,#4333);
#4332 = CARTESIAN_POINT('',(6.955014087109,-16.38498639145,11.45));
#4333 = VECTOR('',#4334,1.);
#4334 = DIRECTION('',(-1.395180267612E-13,-5.773159728051E-14,-1.));
#4335 = PCURVE('',#630,#4336);
#4336 = DEFINITIONAL_REPRESENTATION('',(#4337),#4341);
#4337 = LINE('',#4338,#4339);
#4338 = CARTESIAN_POINT('',(5.113814708343,2.4));
#4339 = VECTOR('',#4340,1.);
#4340 = DIRECTION('',(-0.,-1.));
#4341 = ( GEOMETRIC_REPRESENTATION_CONTEXT(2) 
PARAMETRIC_REPRESENTATION_CONTEXT() REPRESENTATION_CONTEXT('2D SPACE',''
  ) );
#4342 = PCURVE('',#2874,#4343);
#4343 = DEFINITIONAL_REPRESENTATION('',(#4344),#4348);
#4344 = LINE('',#4345,#4346);
#4345 = CARTESIAN_POINT('',(17.8,-2.4));
#4346 = VECTOR('',#4347,1.);
#4347 = DIRECTION('',(-1.371820546742E-15,1.));
#4348 = ( GEOMETRIC_REPRESENTATION_CONTEXT(2) 
PARAMETRIC_REPRESENTATION_CONTEXT() REPRESENTATION_CONTEXT('2D SPACE',''
  ) );
#4349 = ADVANCED_FACE('',(#4350),#657,.T.);
#4350 = FACE_BOUND('',#4351,.T.);
#4351 = EDGE_LOOP('',(#4352,#4382,#4404,#4428,#4454,#4480,#4481,#4482,
    #4483,#4484,#4506,#4530));
#4352 = ORIENTED_EDGE('',*,*,#4353,.F.);
#4353 = EDGE_CURVE('',#4354,#4356,#4358,.T.);
#4354 = VERTEX_POINT('',#4355);
#4355 = CARTESIAN_POINT('',(10.712307412106,14.215712078842,11.45));
#4356 = VERTEX_POINT('',#4357);
#4357 = CARTESIAN_POINT('',(10.712307412106,-14.21571207884,11.45));
#4358 = SURFACE_CURVE('',#4359,(#4364,#4375),.PCURVE_S1.);
#4359 = CIRCLE('',#4360,17.8);
#4360 = AXIS2_PLACEMENT_3D('',#4361,#4362,#4363);
#4361 = CARTESIAN_POINT('',(0.,0.,11.45));
#4362 = DIRECTION('',(0.,0.,-1.));
#4363 = DIRECTION('',(0.601815023152,0.798635510047,0.));
#4364 = PCURVE('',#657,#4365);
#4365 = DEFINITIONAL_REPRESENTATION('',(#4366),#4374);
#4366 = ( BOUNDED_CURVE() B_SPLINE_CURVE(2,(#4367,#4368,#4369,#4370,
#4371,#4372,#4373),.UNSPECIFIED.,.T.,.F.) B_SPLINE_CURVE_WITH_KNOTS((1,2
    ,2,2,2,1),(-2.094395102393,0.,2.094395102393,4.188790204786,
6.28318530718,8.377580409573),.UNSPECIFIED.) CURVE() 
GEOMETRIC_REPRESENTATION_ITEM() RATIONAL_B_SPLINE_CURVE((1.,0.5,1.,0.5,
1.,0.5,1.)) REPRESENTATION_ITEM('') );
#4367 = CARTESIAN_POINT('',(10.712307412106,14.215712078842));
#4368 = CARTESIAN_POINT('',(35.334642998431,-4.338548625223));
#4369 = CARTESIAN_POINT('',(6.955014087109,-16.38498639145));
#4370 = CARTESIAN_POINT('',(-21.42461482421,-28.43142415768));
#4371 = CARTESIAN_POINT('',(-17.66732149921,2.169274312612));
#4372 = CARTESIAN_POINT('',(-13.91002817421,32.769972782907));
#4373 = CARTESIAN_POINT('',(10.712307412106,14.215712078842));
#4374 = ( GEOMETRIC_REPRESENTATION_CONTEXT(2) 
PARAMETRIC_REPRESENTATION_CONTEXT() REPRESENTATION_CONTEXT('2D SPACE',''
  ) );
#4375 = PCURVE('',#3451,#4376);
#4376 = DEFINITIONAL_REPRESENTATION('',(#4377),#4381);
#4377 = LINE('',#4378,#4379);
#4378 = CARTESIAN_POINT('',(7.208209810737,2.4));
#4379 = VECTOR('',#4380,1.);
#4380 = DIRECTION('',(-1.,-0.));
#4381 = ( GEOMETRIC_REPRESENTATION_CONTEXT(2) 
PARAMETRIC_REPRESENTATION_CONTEXT() REPRESENTATION_CONTEXT('2D SPACE',''
  ) );
#4382 = ORIENTED_EDGE('',*,*,#4383,.T.);
#4383 = EDGE_CURVE('',#4354,#4384,#4386,.T.);
#4384 = VERTEX_POINT('',#4385);
#4385 = CARTESIAN_POINT('',(10.140583140112,13.457008344297,11.45));
#4386 = SURFACE_CURVE('',#4387,(#4391,#4397),.PCURVE_S1.);
#4387 = LINE('',#4388,#4389);
#4388 = CARTESIAN_POINT('',(0.,0.,11.45));
#4389 = VECTOR('',#4390,1.);
#4390 = DIRECTION('',(-0.601815023152,-0.798635510047,0.));
#4391 = PCURVE('',#657,#4392);
#4392 = DEFINITIONAL_REPRESENTATION('',(#4393),#4396);
#4393 = B_SPLINE_CURVE_WITH_KNOTS('',1,(#4394,#4395),.UNSPECIFIED.,.F.,
  .F.,(2,2),(-18.8,-16.85),.PIECEWISE_BEZIER_KNOTS.);
#4394 = CARTESIAN_POINT('',(11.314122435259,15.014347588889));
#4395 = CARTESIAN_POINT('',(10.140583140112,13.457008344297));
#4396 = ( GEOMETRIC_REPRESENTATION_CONTEXT(2) 
PARAMETRIC_REPRESENTATION_CONTEXT() REPRESENTATION_CONTEXT('2D SPACE',''
  ) );
#4397 = PCURVE('',#3346,#4398);
#4398 = DEFINITIONAL_REPRESENTATION('',(#4399),#4403);
#4399 = LINE('',#4400,#4401);
#4400 = CARTESIAN_POINT('',(0.,-2.4));
#4401 = VECTOR('',#4402,1.);
#4402 = DIRECTION('',(-1.,-0.));
#4403 = ( GEOMETRIC_REPRESENTATION_CONTEXT(2) 
PARAMETRIC_REPRESENTATION_CONTEXT() REPRESENTATION_CONTEXT('2D SPACE',''
  ) );
#4404 = ORIENTED_EDGE('',*,*,#4405,.T.);
#4405 = EDGE_CURVE('',#4384,#4406,#4408,.T.);
#4406 = VERTEX_POINT('',#4407);
#4407 = CARTESIAN_POINT('',(6.583819515044,15.510506780674,11.45));
#4408 = SURFACE_CURVE('',#4409,(#4414,#4421),.PCURVE_S1.);
#4409 = CIRCLE('',#4410,16.85);
#4410 = AXIS2_PLACEMENT_3D('',#4411,#4412,#4413);
#4411 = CARTESIAN_POINT('',(0.,0.,11.45));
#4412 = DIRECTION('',(0.,0.,1.));
#4413 = DIRECTION('',(1.,0.,-0.));
#4414 = PCURVE('',#657,#4415);
#4415 = DEFINITIONAL_REPRESENTATION('',(#4416),#4420);
#4416 = CIRCLE('',#4417,16.85);
#4417 = AXIS2_PLACEMENT_2D('',#4418,#4419);
#4418 = CARTESIAN_POINT('',(0.,0.));
#4419 = DIRECTION('',(1.,0.));
#4420 = ( GEOMETRIC_REPRESENTATION_CONTEXT(2) 
PARAMETRIC_REPRESENTATION_CONTEXT() REPRESENTATION_CONTEXT('2D SPACE',''
  ) );
#4421 = PCURVE('',#3320,#4422);
#4422 = DEFINITIONAL_REPRESENTATION('',(#4423),#4427);
#4423 = LINE('',#4424,#4425);
#4424 = CARTESIAN_POINT('',(0.,2.4));
#4425 = VECTOR('',#4426,1.);
#4426 = DIRECTION('',(1.,0.));
#4427 = ( GEOMETRIC_REPRESENTATION_CONTEXT(2) 
PARAMETRIC_REPRESENTATION_CONTEXT() REPRESENTATION_CONTEXT('2D SPACE',''
  ) );
#4428 = ORIENTED_EDGE('',*,*,#4429,.T.);
#4429 = EDGE_CURVE('',#4406,#4430,#4432,.T.);
#4430 = VERTEX_POINT('',#4431);
#4431 = CARTESIAN_POINT('',(6.955014087109,16.384986391453,11.45));
#4432 = SURFACE_CURVE('',#4433,(#4437,#4443),.PCURVE_S1.);
#4433 = LINE('',#4434,#4435);
#4434 = CARTESIAN_POINT('',(4.063603736288,9.573250475905,11.45));
#4435 = VECTOR('',#4436,1.);
#4436 = DIRECTION('',(0.390731128489,0.920504853452,-0.));
#4437 = PCURVE('',#657,#4438);
#4438 = DEFINITIONAL_REPRESENTATION('',(#4439),#4442);
#4439 = B_SPLINE_CURVE_WITH_KNOTS('',1,(#4440,#4441),.UNSPECIFIED.,.F.,
  .F.,(2,2),(6.45,8.4),.PIECEWISE_BEZIER_KNOTS.);
#4440 = CARTESIAN_POINT('',(6.583819515044,15.510506780674));
#4441 = CARTESIAN_POINT('',(7.345745215598,17.305491244906));
#4442 = ( GEOMETRIC_REPRESENTATION_CONTEXT(2) 
PARAMETRIC_REPRESENTATION_CONTEXT() REPRESENTATION_CONTEXT('2D SPACE',''
  ) );
#4443 = PCURVE('',#4444,#4449);
#4444 = PLANE('',#4445);
#4445 = AXIS2_PLACEMENT_3D('',#4446,#4447,#4448);
#4446 = CARTESIAN_POINT('',(8.127207472577,19.146500951811,9.05));
#4447 = DIRECTION('',(0.920504853452,-0.390731128489,0.));
#4448 = DIRECTION('',(-0.390731128489,-0.920504853452,0.));
#4449 = DEFINITIONAL_REPRESENTATION('',(#4450),#4453);
#4450 = B_SPLINE_CURVE_WITH_KNOTS('',1,(#4451,#4452),.UNSPECIFIED.,.F.,
  .F.,(2,2),(6.45,8.4),.PIECEWISE_BEZIER_KNOTS.);
#4451 = CARTESIAN_POINT('',(3.95,-2.4));
#4452 = CARTESIAN_POINT('',(2.,-2.4));
#4453 = ( GEOMETRIC_REPRESENTATION_CONTEXT(2) 
PARAMETRIC_REPRESENTATION_CONTEXT() REPRESENTATION_CONTEXT('2D SPACE',''
  ) );
#4454 = ORIENTED_EDGE('',*,*,#4455,.F.);
#4455 = EDGE_CURVE('',#4140,#4430,#4456,.T.);
#4456 = SURFACE_CURVE('',#4457,(#4462,#4473),.PCURVE_S1.);
#4457 = CIRCLE('',#4458,17.8);
#4458 = AXIS2_PLACEMENT_3D('',#4459,#4460,#4461);
#4459 = CARTESIAN_POINT('',(0.,0.,11.45));
#4460 = DIRECTION('',(0.,0.,-1.));
#4461 = DIRECTION('',(0.601815023152,0.798635510047,0.));
#4462 = PCURVE('',#657,#4463);
#4463 = DEFINITIONAL_REPRESENTATION('',(#4464),#4472);
#4464 = ( BOUNDED_CURVE() B_SPLINE_CURVE(2,(#4465,#4466,#4467,#4468,
#4469,#4470,#4471),.UNSPECIFIED.,.T.,.F.) B_SPLINE_CURVE_WITH_KNOTS((1,2
    ,2,2,2,1),(-2.094395102393,0.,2.094395102393,4.188790204786,
6.28318530718,8.377580409573),.UNSPECIFIED.) CURVE() 
GEOMETRIC_REPRESENTATION_ITEM() RATIONAL_B_SPLINE_CURVE((1.,0.5,1.,0.5,
1.,0.5,1.)) REPRESENTATION_ITEM('') );
#4465 = CARTESIAN_POINT('',(10.712307412106,14.215712078842));
#4466 = CARTESIAN_POINT('',(35.334642998431,-4.338548625223));
#4467 = CARTESIAN_POINT('',(6.955014087109,-16.38498639145));
#4468 = CARTESIAN_POINT('',(-21.42461482421,-28.43142415768));
#4469 = CARTESIAN_POINT('',(-17.66732149921,2.169274312612));
#4470 = CARTESIAN_POINT('',(-13.91002817421,32.769972782907));
#4471 = CARTESIAN_POINT('',(10.712307412106,14.215712078842));
#4472 = ( GEOMETRIC_REPRESENTATION_CONTEXT(2) 
PARAMETRIC_REPRESENTATION_CONTEXT() REPRESENTATION_CONTEXT('2D SPACE',''
  ) );
#4473 = PCURVE('',#4177,#4474);
#4474 = DEFINITIONAL_REPRESENTATION('',(#4475),#4479);
#4475 = LINE('',#4476,#4477);
#4476 = CARTESIAN_POINT('',(7.208209810737,2.4));
#4477 = VECTOR('',#4478,1.);
#4478 = DIRECTION('',(-1.,-0.));
#4479 = ( GEOMETRIC_REPRESENTATION_CONTEXT(2) 
PARAMETRIC_REPRESENTATION_CONTEXT() REPRESENTATION_CONTEXT('2D SPACE',''
  ) );
#4480 = ORIENTED_EDGE('',*,*,#4139,.F.);
#4481 = ORIENTED_EDGE('',*,*,#4268,.T.);
#4482 = ORIENTED_EDGE('',*,*,#641,.F.);
#4483 = ORIENTED_EDGE('',*,*,#4298,.F.);
#4484 = ORIENTED_EDGE('',*,*,#4485,.T.);
#4485 = EDGE_CURVE('',#4299,#4486,#4488,.T.);
#4486 = VERTEX_POINT('',#4487);
#4487 = CARTESIAN_POINT('',(6.583819515044,-15.51050678067,11.45));
#4488 = SURFACE_CURVE('',#4489,(#4493,#4499),.PCURVE_S1.);
#4489 = LINE('',#4490,#4491);
#4490 = CARTESIAN_POINT('',(0.,0.,11.45));
#4491 = VECTOR('',#4492,1.);
#4492 = DIRECTION('',(-0.390731128489,0.920504853452,0.));
#4493 = PCURVE('',#657,#4494);
#4494 = DEFINITIONAL_REPRESENTATION('',(#4495),#4498);
#4495 = B_SPLINE_CURVE_WITH_KNOTS('',1,(#4496,#4497),.UNSPECIFIED.,.F.,
  .F.,(2,2),(-18.8,-16.85),.PIECEWISE_BEZIER_KNOTS.);
#4496 = CARTESIAN_POINT('',(7.345745215598,-17.3054912449));
#4497 = CARTESIAN_POINT('',(6.583819515044,-15.51050678067));
#4498 = ( GEOMETRIC_REPRESENTATION_CONTEXT(2) 
PARAMETRIC_REPRESENTATION_CONTEXT() REPRESENTATION_CONTEXT('2D SPACE',''
  ) );
#4499 = PCURVE('',#2874,#4500);
#4500 = DEFINITIONAL_REPRESENTATION('',(#4501),#4505);
#4501 = LINE('',#4502,#4503);
#4502 = CARTESIAN_POINT('',(0.,-2.4));
#4503 = VECTOR('',#4504,1.);
#4504 = DIRECTION('',(-1.,-0.));
#4505 = ( GEOMETRIC_REPRESENTATION_CONTEXT(2) 
PARAMETRIC_REPRESENTATION_CONTEXT() REPRESENTATION_CONTEXT('2D SPACE',''
  ) );
#4506 = ORIENTED_EDGE('',*,*,#4507,.T.);
#4507 = EDGE_CURVE('',#4486,#4508,#4510,.T.);
#4508 = VERTEX_POINT('',#4509);
#4509 = CARTESIAN_POINT('',(10.140583140112,-13.45700834429,11.45));
#4510 = SURFACE_CURVE('',#4511,(#4516,#4523),.PCURVE_S1.);
#4511 = CIRCLE('',#4512,16.85);
#4512 = AXIS2_PLACEMENT_3D('',#4513,#4514,#4515);
#4513 = CARTESIAN_POINT('',(0.,0.,11.45));
#4514 = DIRECTION('',(0.,0.,1.));
#4515 = DIRECTION('',(1.,0.,-0.));
#4516 = PCURVE('',#657,#4517);
#4517 = DEFINITIONAL_REPRESENTATION('',(#4518),#4522);
#4518 = CIRCLE('',#4519,16.85);
#4519 = AXIS2_PLACEMENT_2D('',#4520,#4521);
#4520 = CARTESIAN_POINT('',(0.,0.));
#4521 = DIRECTION('',(1.,0.));
#4522 = ( GEOMETRIC_REPRESENTATION_CONTEXT(2) 
PARAMETRIC_REPRESENTATION_CONTEXT() REPRESENTATION_CONTEXT('2D SPACE',''
  ) );
#4523 = PCURVE('',#3650,#4524);
#4524 = DEFINITIONAL_REPRESENTATION('',(#4525),#4529);
#4525 = LINE('',#4526,#4527);
#4526 = CARTESIAN_POINT('',(0.,2.4));
#4527 = VECTOR('',#4528,1.);
#4528 = DIRECTION('',(1.,0.));
#4529 = ( GEOMETRIC_REPRESENTATION_CONTEXT(2) 
PARAMETRIC_REPRESENTATION_CONTEXT() REPRESENTATION_CONTEXT('2D SPACE',''
  ) );
#4530 = ORIENTED_EDGE('',*,*,#4531,.T.);
#4531 = EDGE_CURVE('',#4508,#4356,#4532,.T.);
#4532 = SURFACE_CURVE('',#4533,(#4537,#4543),.PCURVE_S1.);
#4533 = LINE('',#4534,#4535);
#4534 = CARTESIAN_POINT('',(6.258876240781,-8.305809304492,11.45));
#4535 = VECTOR('',#4536,1.);
#4536 = DIRECTION('',(0.601815023152,-0.798635510047,0.));
#4537 = PCURVE('',#657,#4538);
#4538 = DEFINITIONAL_REPRESENTATION('',(#4539),#4542);
#4539 = B_SPLINE_CURVE_WITH_KNOTS('',1,(#4540,#4541),.UNSPECIFIED.,.F.,
  .F.,(2,2),(6.45,8.4),.PIECEWISE_BEZIER_KNOTS.);
#4540 = CARTESIAN_POINT('',(10.140583140112,-13.45700834429));
#4541 = CARTESIAN_POINT('',(11.314122435259,-15.01434758888));
#4542 = ( GEOMETRIC_REPRESENTATION_CONTEXT(2) 
PARAMETRIC_REPRESENTATION_CONTEXT() REPRESENTATION_CONTEXT('2D SPACE',''
  ) );
#4543 = PCURVE('',#4544,#4549);
#4544 = PLANE('',#4545);
#4545 = AXIS2_PLACEMENT_3D('',#4546,#4547,#4548);
#4546 = CARTESIAN_POINT('',(12.517752481563,-16.61161860898,9.05));
#4547 = DIRECTION('',(-0.798635510047,-0.601815023152,0.));
#4548 = DIRECTION('',(-0.601815023152,0.798635510047,0.));
#4549 = DEFINITIONAL_REPRESENTATION('',(#4550),#4553);
#4550 = B_SPLINE_CURVE_WITH_KNOTS('',1,(#4551,#4552),.UNSPECIFIED.,.F.,
  .F.,(2,2),(6.45,8.4),.PIECEWISE_BEZIER_KNOTS.);
#4551 = CARTESIAN_POINT('',(3.95,-2.4));
#4552 = CARTESIAN_POINT('',(2.,-2.4));
#4553 = ( GEOMETRIC_REPRESENTATION_CONTEXT(2) 
PARAMETRIC_REPRESENTATION_CONTEXT() REPRESENTATION_CONTEXT('2D SPACE',''
  ) );
#4554 = ADVANCED_FACE('',(#4555),#2874,.T.);
#4555 = FACE_BOUND('',#4556,.T.);
#4556 = EDGE_LOOP('',(#4557,#4558,#4579,#4580,#4581));
#4557 = ORIENTED_EDGE('',*,*,#3466,.F.);
#4558 = ORIENTED_EDGE('',*,*,#4559,.F.);
#4559 = EDGE_CURVE('',#4486,#3467,#4560,.T.);
#4560 = SURFACE_CURVE('',#4561,(#4565,#4572),.PCURVE_S1.);
#4561 = LINE('',#4562,#4563);
#4562 = CARTESIAN_POINT('',(6.583819515044,-15.51050678067,11.45));
#4563 = VECTOR('',#4564,1.);
#4564 = DIRECTION('',(7.660538869914E-14,3.404683942184E-14,-1.));
#4565 = PCURVE('',#2874,#4566);
#4566 = DEFINITIONAL_REPRESENTATION('',(#4567),#4571);
#4567 = LINE('',#4568,#4569);
#4568 = CARTESIAN_POINT('',(16.85,-2.4));
#4569 = VECTOR('',#4570,1.);
#4570 = DIRECTION('',(-1.408170957745E-15,1.));
#4571 = ( GEOMETRIC_REPRESENTATION_CONTEXT(2) 
PARAMETRIC_REPRESENTATION_CONTEXT() REPRESENTATION_CONTEXT('2D SPACE',''
  ) );
#4572 = PCURVE('',#3650,#4573);
#4573 = DEFINITIONAL_REPRESENTATION('',(#4574),#4578);
#4574 = LINE('',#4575,#4576);
#4575 = CARTESIAN_POINT('',(5.113814708343,2.4));
#4576 = VECTOR('',#4577,1.);
#4577 = DIRECTION('',(-0.,-1.));
#4578 = ( GEOMETRIC_REPRESENTATION_CONTEXT(2) 
PARAMETRIC_REPRESENTATION_CONTEXT() REPRESENTATION_CONTEXT('2D SPACE',''
  ) );
#4579 = ORIENTED_EDGE('',*,*,#4485,.F.);
#4580 = ORIENTED_EDGE('',*,*,#4329,.T.);
#4581 = ORIENTED_EDGE('',*,*,#2860,.F.);
#4582 = ADVANCED_FACE('',(#4583),#2929,.F.);
#4583 = FACE_BOUND('',#4584,.F.);
#4584 = EDGE_LOOP('',(#4585,#4586,#4587,#4588));
#4585 = ORIENTED_EDGE('',*,*,#3019,.F.);
#4586 = ORIENTED_EDGE('',*,*,#2913,.T.);
#4587 = ORIENTED_EDGE('',*,*,#3360,.T.);
#4588 = ORIENTED_EDGE('',*,*,#3958,.T.);
#4589 = ADVANCED_FACE('',(#4590),#2985,.F.);
#4590 = FACE_BOUND('',#4591,.F.);
#4591 = EDGE_LOOP('',(#4592,#4593,#4594,#4595));
#4592 = ORIENTED_EDGE('',*,*,#3714,.F.);
#4593 = ORIENTED_EDGE('',*,*,#2966,.T.);
#4594 = ORIENTED_EDGE('',*,*,#4050,.T.);
#4595 = ORIENTED_EDGE('',*,*,#4596,.F.);
#4596 = EDGE_CURVE('',#3689,#4051,#4597,.T.);
#4597 = SURFACE_CURVE('',#4598,(#4603,#4610),.PCURVE_S1.);
#4598 = CIRCLE('',#4599,15.62);
#4599 = AXIS2_PLACEMENT_3D('',#4600,#4601,#4602);
#4600 = CARTESIAN_POINT('',(0.,0.,-0.1));
#4601 = DIRECTION('',(0.,-0.,1.));
#4602 = DIRECTION('',(0.903334283114,0.428937259923,0.));
#4603 = PCURVE('',#2985,#4604);
#4604 = DEFINITIONAL_REPRESENTATION('',(#4605),#4609);
#4605 = LINE('',#4606,#4607);
#4606 = CARTESIAN_POINT('',(3.584908637674,0.35));
#4607 = VECTOR('',#4608,1.);
#4608 = DIRECTION('',(1.,0.));
#4609 = ( GEOMETRIC_REPRESENTATION_CONTEXT(2) 
PARAMETRIC_REPRESENTATION_CONTEXT() REPRESENTATION_CONTEXT('2D SPACE',''
  ) );
#4610 = PCURVE('',#3703,#4611);
#4611 = DEFINITIONAL_REPRESENTATION('',(#4612),#4616);
#4612 = CIRCLE('',#4613,15.62);
#4613 = AXIS2_PLACEMENT_2D('',#4614,#4615);
#4614 = CARTESIAN_POINT('',(0.,0.));
#4615 = DIRECTION('',(-0.903334283114,-0.428937259923));
#4616 = ( GEOMETRIC_REPRESENTATION_CONTEXT(2) 
PARAMETRIC_REPRESENTATION_CONTEXT() REPRESENTATION_CONTEXT('2D SPACE',''
  ) );
#4617 = ADVANCED_FACE('',(#4618),#3241,.F.);
#4618 = FACE_BOUND('',#4619,.F.);
#4619 = EDGE_LOOP('',(#4620,#4621,#4644,#4665));
#4620 = ORIENTED_EDGE('',*,*,#3226,.T.);
#4621 = ORIENTED_EDGE('',*,*,#4622,.T.);
#4622 = EDGE_CURVE('',#3201,#4623,#4625,.T.);
#4623 = VERTEX_POINT('',#4624);
#4624 = CARTESIAN_POINT('',(3.8,17.05,6.15));
#4625 = SURFACE_CURVE('',#4626,(#4630,#4637),.PCURVE_S1.);
#4626 = LINE('',#4627,#4628);
#4627 = CARTESIAN_POINT('',(3.8,17.05,-1.45));
#4628 = VECTOR('',#4629,1.);
#4629 = DIRECTION('',(0.,0.,1.));
#4630 = PCURVE('',#3241,#4631);
#4631 = DEFINITIONAL_REPRESENTATION('',(#4632),#4636);
#4632 = LINE('',#4633,#4634);
#4633 = CARTESIAN_POINT('',(0.,0.));
#4634 = VECTOR('',#4635,1.);
#4635 = DIRECTION('',(1.,0.));
#4636 = ( GEOMETRIC_REPRESENTATION_CONTEXT(2) 
PARAMETRIC_REPRESENTATION_CONTEXT() REPRESENTATION_CONTEXT('2D SPACE',''
  ) );
#4637 = PCURVE('',#3215,#4638);
#4638 = DEFINITIONAL_REPRESENTATION('',(#4639),#4643);
#4639 = LINE('',#4640,#4641);
#4640 = CARTESIAN_POINT('',(0.,-2.1));
#4641 = VECTOR('',#4642,1.);
#4642 = DIRECTION('',(1.,0.));
#4643 = ( GEOMETRIC_REPRESENTATION_CONTEXT(2) 
PARAMETRIC_REPRESENTATION_CONTEXT() REPRESENTATION_CONTEXT('2D SPACE',''
  ) );
#4644 = ORIENTED_EDGE('',*,*,#4645,.T.);
#4645 = EDGE_CURVE('',#4623,#4002,#4646,.T.);
#4646 = SURFACE_CURVE('',#4647,(#4651,#4658),.PCURVE_S1.);
#4647 = LINE('',#4648,#4649);
#4648 = CARTESIAN_POINT('',(3.8,17.05,6.15));
#4649 = VECTOR('',#4650,1.);
#4650 = DIRECTION('',(-1.,1.224646799147E-16,0.));
#4651 = PCURVE('',#3241,#4652);
#4652 = DEFINITIONAL_REPRESENTATION('',(#4653),#4657);
#4653 = LINE('',#4654,#4655);
#4654 = CARTESIAN_POINT('',(7.6,0.));
#4655 = VECTOR('',#4656,1.);
#4656 = DIRECTION('',(0.,1.));
#4657 = ( GEOMETRIC_REPRESENTATION_CONTEXT(2) 
PARAMETRIC_REPRESENTATION_CONTEXT() REPRESENTATION_CONTEXT('2D SPACE',''
  ) );
#4658 = PCURVE('',#4017,#4659);
#4659 = DEFINITIONAL_REPRESENTATION('',(#4660),#4664);
#4660 = LINE('',#4661,#4662);
#4661 = CARTESIAN_POINT('',(0.,2.1));
#4662 = VECTOR('',#4663,1.);
#4663 = DIRECTION('',(1.,0.));
#4664 = ( GEOMETRIC_REPRESENTATION_CONTEXT(2) 
PARAMETRIC_REPRESENTATION_CONTEXT() REPRESENTATION_CONTEXT('2D SPACE',''
  ) );
#4665 = ORIENTED_EDGE('',*,*,#4029,.F.);
#4666 = ADVANCED_FACE('',(#4667),#3215,.T.);
#4667 = FACE_BOUND('',#4668,.T.);
#4668 = EDGE_LOOP('',(#4669,#4692,#4693,#4694));
#4669 = ORIENTED_EDGE('',*,*,#4670,.F.);
#4670 = EDGE_CURVE('',#3175,#4671,#4673,.T.);
#4671 = VERTEX_POINT('',#4672);
#4672 = CARTESIAN_POINT('',(3.8,19.15,6.15));
#4673 = SURFACE_CURVE('',#4674,(#4678,#4685),.PCURVE_S1.);
#4674 = LINE('',#4675,#4676);
#4675 = CARTESIAN_POINT('',(3.8,19.15,-1.45));
#4676 = VECTOR('',#4677,1.);
#4677 = DIRECTION('',(0.,0.,1.));
#4678 = PCURVE('',#3215,#4679);
#4679 = DEFINITIONAL_REPRESENTATION('',(#4680),#4684);
#4680 = LINE('',#4681,#4682);
#4681 = CARTESIAN_POINT('',(0.,0.));
#4682 = VECTOR('',#4683,1.);
#4683 = DIRECTION('',(1.,0.));
#4684 = ( GEOMETRIC_REPRESENTATION_CONTEXT(2) 
PARAMETRIC_REPRESENTATION_CONTEXT() REPRESENTATION_CONTEXT('2D SPACE',''
  ) );
#4685 = PCURVE('',#3189,#4686);
#4686 = DEFINITIONAL_REPRESENTATION('',(#4687),#4691);
#4687 = LINE('',#4688,#4689);
#4688 = CARTESIAN_POINT('',(0.,0.));
#4689 = VECTOR('',#4690,1.);
#4690 = DIRECTION('',(1.,0.));
#4691 = ( GEOMETRIC_REPRESENTATION_CONTEXT(2) 
PARAMETRIC_REPRESENTATION_CONTEXT() REPRESENTATION_CONTEXT('2D SPACE',''
  ) );
#4692 = ORIENTED_EDGE('',*,*,#3200,.T.);
#4693 = ORIENTED_EDGE('',*,*,#4622,.T.);
#4694 = ORIENTED_EDGE('',*,*,#4695,.F.);
#4695 = EDGE_CURVE('',#4671,#4623,#4696,.T.);
#4696 = SURFACE_CURVE('',#4697,(#4701,#4708),.PCURVE_S1.);
#4697 = LINE('',#4698,#4699);
#4698 = CARTESIAN_POINT('',(3.8,19.15,6.15));
#4699 = VECTOR('',#4700,1.);
#4700 = DIRECTION('',(-1.224646799147E-16,-1.,0.));
#4701 = PCURVE('',#3215,#4702);
#4702 = DEFINITIONAL_REPRESENTATION('',(#4703),#4707);
#4703 = LINE('',#4704,#4705);
#4704 = CARTESIAN_POINT('',(7.6,0.));
#4705 = VECTOR('',#4706,1.);
#4706 = DIRECTION('',(0.,-1.));
#4707 = ( GEOMETRIC_REPRESENTATION_CONTEXT(2) 
PARAMETRIC_REPRESENTATION_CONTEXT() REPRESENTATION_CONTEXT('2D SPACE',''
  ) );
#4708 = PCURVE('',#4017,#4709);
#4709 = DEFINITIONAL_REPRESENTATION('',(#4710),#4714);
#4710 = LINE('',#4711,#4712);
#4711 = CARTESIAN_POINT('',(0.,0.));
#4712 = VECTOR('',#4713,1.);
#4713 = DIRECTION('',(0.,1.));
#4714 = ( GEOMETRIC_REPRESENTATION_CONTEXT(2) 
PARAMETRIC_REPRESENTATION_CONTEXT() REPRESENTATION_CONTEXT('2D SPACE',''
  ) );
#4715 = ADVANCED_FACE('',(#4716),#3189,.T.);
#4716 = FACE_BOUND('',#4717,.T.);
#4717 = EDGE_LOOP('',(#4718,#4740,#4741,#4742));
#4718 = ORIENTED_EDGE('',*,*,#4719,.F.);
#4719 = EDGE_CURVE('',#3146,#4720,#4722,.T.);
#4720 = VERTEX_POINT('',#4721);
#4721 = CARTESIAN_POINT('',(3.1,19.15,6.15));
#4722 = SURFACE_CURVE('',#4723,(#4727,#4734),.PCURVE_S1.);
#4723 = LINE('',#4724,#4725);
#4724 = CARTESIAN_POINT('',(3.1,19.15,-1.45));
#4725 = VECTOR('',#4726,1.);
#4726 = DIRECTION('',(0.,0.,1.));
#4727 = PCURVE('',#3189,#4728);
#4728 = DEFINITIONAL_REPRESENTATION('',(#4729),#4733);
#4729 = LINE('',#4730,#4731);
#4730 = CARTESIAN_POINT('',(0.,0.7));
#4731 = VECTOR('',#4732,1.);
#4732 = DIRECTION('',(1.,0.));
#4733 = ( GEOMETRIC_REPRESENTATION_CONTEXT(2) 
PARAMETRIC_REPRESENTATION_CONTEXT() REPRESENTATION_CONTEXT('2D SPACE',''
  ) );
#4734 = PCURVE('',#3162,#4735);
#4735 = DEFINITIONAL_REPRESENTATION('',(#4736),#4739);
#4736 = B_SPLINE_CURVE_WITH_KNOTS('',1,(#4737,#4738),.UNSPECIFIED.,.F.,
  .F.,(2,2),(-5.999999999062E-07,7.6000006),.PIECEWISE_BEZIER_KNOTS.);
#4737 = CARTESIAN_POINT('',(3.14159265359,-5.999999999062E-07));
#4738 = CARTESIAN_POINT('',(3.14159265359,7.6000006));
#4739 = ( GEOMETRIC_REPRESENTATION_CONTEXT(2) 
PARAMETRIC_REPRESENTATION_CONTEXT() REPRESENTATION_CONTEXT('2D SPACE',''
  ) );
#4740 = ORIENTED_EDGE('',*,*,#3174,.T.);
#4741 = ORIENTED_EDGE('',*,*,#4670,.T.);
#4742 = ORIENTED_EDGE('',*,*,#4743,.T.);
#4743 = EDGE_CURVE('',#4671,#4720,#4744,.T.);
#4744 = SURFACE_CURVE('',#4745,(#4749,#4756),.PCURVE_S1.);
#4745 = LINE('',#4746,#4747);
#4746 = CARTESIAN_POINT('',(3.8,19.15,6.15));
#4747 = VECTOR('',#4748,1.);
#4748 = DIRECTION('',(-1.,1.224646799147E-16,0.));
#4749 = PCURVE('',#3189,#4750);
#4750 = DEFINITIONAL_REPRESENTATION('',(#4751),#4755);
#4751 = LINE('',#4752,#4753);
#4752 = CARTESIAN_POINT('',(7.6,0.));
#4753 = VECTOR('',#4754,1.);
#4754 = DIRECTION('',(0.,1.));
#4755 = ( GEOMETRIC_REPRESENTATION_CONTEXT(2) 
PARAMETRIC_REPRESENTATION_CONTEXT() REPRESENTATION_CONTEXT('2D SPACE',''
  ) );
#4756 = PCURVE('',#4017,#4757);
#4757 = DEFINITIONAL_REPRESENTATION('',(#4758),#4762);
#4758 = LINE('',#4759,#4760);
#4759 = CARTESIAN_POINT('',(0.,0.));
#4760 = VECTOR('',#4761,1.);
#4761 = DIRECTION('',(1.,0.));
#4762 = ( GEOMETRIC_REPRESENTATION_CONTEXT(2) 
PARAMETRIC_REPRESENTATION_CONTEXT() REPRESENTATION_CONTEXT('2D SPACE',''
  ) );
#4763 = ADVANCED_FACE('',(#4764),#3162,.F.);
#4764 = FACE_BOUND('',#4765,.F.);
#4765 = EDGE_LOOP('',(#4766,#4790,#4791,#4792));
#4766 = ORIENTED_EDGE('',*,*,#4767,.F.);
#4767 = EDGE_CURVE('',#4720,#4768,#4770,.T.);
#4768 = VERTEX_POINT('',#4769);
#4769 = CARTESIAN_POINT('',(3.019615242271,19.45,6.15));
#4770 = SURFACE_CURVE('',#4771,(#4776,#4783),.PCURVE_S1.);
#4771 = CIRCLE('',#4772,0.6);
#4772 = AXIS2_PLACEMENT_3D('',#4773,#4774,#4775);
#4773 = CARTESIAN_POINT('',(2.5,19.15,6.15));
#4774 = DIRECTION('',(0.,0.,1.));
#4775 = DIRECTION('',(-1.,1.224646799147E-16,0.));
#4776 = PCURVE('',#3162,#4777);
#4777 = DEFINITIONAL_REPRESENTATION('',(#4778),#4782);
#4778 = LINE('',#4779,#4780);
#4779 = CARTESIAN_POINT('',(0.,7.6));
#4780 = VECTOR('',#4781,1.);
#4781 = DIRECTION('',(1.,0.));
#4782 = ( GEOMETRIC_REPRESENTATION_CONTEXT(2) 
PARAMETRIC_REPRESENTATION_CONTEXT() REPRESENTATION_CONTEXT('2D SPACE',''
  ) );
#4783 = PCURVE('',#4017,#4784);
#4784 = DEFINITIONAL_REPRESENTATION('',(#4785),#4789);
#4785 = CIRCLE('',#4786,0.6);
#4786 = AXIS2_PLACEMENT_2D('',#4787,#4788);
#4787 = CARTESIAN_POINT('',(1.3,0.));
#4788 = DIRECTION('',(1.,0.));
#4789 = ( GEOMETRIC_REPRESENTATION_CONTEXT(2) 
PARAMETRIC_REPRESENTATION_CONTEXT() REPRESENTATION_CONTEXT('2D SPACE',''
  ) );
#4790 = ORIENTED_EDGE('',*,*,#4719,.F.);
#4791 = ORIENTED_EDGE('',*,*,#3145,.T.);
#4792 = ORIENTED_EDGE('',*,*,#4793,.T.);
#4793 = EDGE_CURVE('',#3120,#4768,#4794,.T.);
#4794 = SURFACE_CURVE('',#4795,(#4799,#4805),.PCURVE_S1.);
#4795 = LINE('',#4796,#4797);
#4796 = CARTESIAN_POINT('',(3.019615242271,19.45,-1.45));
#4797 = VECTOR('',#4798,1.);
#4798 = DIRECTION('',(0.,0.,1.));
#4799 = PCURVE('',#3162,#4800);
#4800 = DEFINITIONAL_REPRESENTATION('',(#4801),#4804);
#4801 = B_SPLINE_CURVE_WITH_KNOTS('',1,(#4802,#4803),.UNSPECIFIED.,.F.,
  .F.,(2,2),(-5.999999999062E-07,7.6000006),.PIECEWISE_BEZIER_KNOTS.);
#4802 = CARTESIAN_POINT('',(3.665191429188,-5.999999999062E-07));
#4803 = CARTESIAN_POINT('',(3.665191429188,7.6000006));
#4804 = ( GEOMETRIC_REPRESENTATION_CONTEXT(2) 
PARAMETRIC_REPRESENTATION_CONTEXT() REPRESENTATION_CONTEXT('2D SPACE',''
  ) );
#4805 = PCURVE('',#3134,#4806);
#4806 = DEFINITIONAL_REPRESENTATION('',(#4807),#4810);
#4807 = B_SPLINE_CURVE_WITH_KNOTS('',1,(#4808,#4809),.UNSPECIFIED.,.F.,
  .F.,(2,2),(-5.999999999062E-07,7.6000006),.PIECEWISE_BEZIER_KNOTS.);
#4808 = CARTESIAN_POINT('',(-5.999999999062E-07,0.480384757729));
#4809 = CARTESIAN_POINT('',(7.6000006,0.480384757729));
#4810 = ( GEOMETRIC_REPRESENTATION_CONTEXT(2) 
PARAMETRIC_REPRESENTATION_CONTEXT() REPRESENTATION_CONTEXT('2D SPACE',''
  ) );
#4811 = ADVANCED_FACE('',(#4812),#3134,.T.);
#4812 = FACE_BOUND('',#4813,.T.);
#4813 = EDGE_LOOP('',(#4814,#4815,#4816,#4839));
#4814 = ORIENTED_EDGE('',*,*,#3119,.T.);
#4815 = ORIENTED_EDGE('',*,*,#4793,.T.);
#4816 = ORIENTED_EDGE('',*,*,#4817,.T.);
#4817 = EDGE_CURVE('',#4768,#4818,#4820,.T.);
#4818 = VERTEX_POINT('',#4819);
#4819 = CARTESIAN_POINT('',(1.980384757729,19.45,6.15));
#4820 = SURFACE_CURVE('',#4821,(#4825,#4832),.PCURVE_S1.);
#4821 = LINE('',#4822,#4823);
#4822 = CARTESIAN_POINT('',(3.5,19.45,6.15));
#4823 = VECTOR('',#4824,1.);
#4824 = DIRECTION('',(-1.,1.224646799147E-16,0.));
#4825 = PCURVE('',#3134,#4826);
#4826 = DEFINITIONAL_REPRESENTATION('',(#4827),#4831);
#4827 = LINE('',#4828,#4829);
#4828 = CARTESIAN_POINT('',(7.6,0.));
#4829 = VECTOR('',#4830,1.);
#4830 = DIRECTION('',(0.,1.));
#4831 = ( GEOMETRIC_REPRESENTATION_CONTEXT(2) 
PARAMETRIC_REPRESENTATION_CONTEXT() REPRESENTATION_CONTEXT('2D SPACE',''
  ) );
#4832 = PCURVE('',#4017,#4833);
#4833 = DEFINITIONAL_REPRESENTATION('',(#4834),#4838);
#4834 = LINE('',#4835,#4836);
#4835 = CARTESIAN_POINT('',(0.3,-0.3));
#4836 = VECTOR('',#4837,1.);
#4837 = DIRECTION('',(1.,0.));
#4838 = ( GEOMETRIC_REPRESENTATION_CONTEXT(2) 
PARAMETRIC_REPRESENTATION_CONTEXT() REPRESENTATION_CONTEXT('2D SPACE',''
  ) );
#4839 = ORIENTED_EDGE('',*,*,#4840,.F.);
#4840 = EDGE_CURVE('',#3091,#4818,#4841,.T.);
#4841 = SURFACE_CURVE('',#4842,(#4846,#4852),.PCURVE_S1.);
#4842 = LINE('',#4843,#4844);
#4843 = CARTESIAN_POINT('',(1.980384757729,19.45,-1.45));
#4844 = VECTOR('',#4845,1.);
#4845 = DIRECTION('',(0.,0.,1.));
#4846 = PCURVE('',#3134,#4847);
#4847 = DEFINITIONAL_REPRESENTATION('',(#4848),#4851);
#4848 = B_SPLINE_CURVE_WITH_KNOTS('',1,(#4849,#4850),.UNSPECIFIED.,.F.,
  .F.,(2,2),(-5.999999999062E-07,7.6000006),.PIECEWISE_BEZIER_KNOTS.);
#4849 = CARTESIAN_POINT('',(-5.999999999062E-07,1.519615242271));
#4850 = CARTESIAN_POINT('',(7.6000006,1.519615242271));
#4851 = ( GEOMETRIC_REPRESENTATION_CONTEXT(2) 
PARAMETRIC_REPRESENTATION_CONTEXT() REPRESENTATION_CONTEXT('2D SPACE',''
  ) );
#4852 = PCURVE('',#3107,#4853);
#4853 = DEFINITIONAL_REPRESENTATION('',(#4854),#4857);
#4854 = B_SPLINE_CURVE_WITH_KNOTS('',1,(#4855,#4856),.UNSPECIFIED.,.F.,
  .F.,(2,2),(-5.999999999062E-07,7.6000006),.PIECEWISE_BEZIER_KNOTS.);
#4855 = CARTESIAN_POINT('',(5.759586531581,-5.999999999062E-07));
#4856 = CARTESIAN_POINT('',(5.759586531581,7.6000006));
#4857 = ( GEOMETRIC_REPRESENTATION_CONTEXT(2) 
PARAMETRIC_REPRESENTATION_CONTEXT() REPRESENTATION_CONTEXT('2D SPACE',''
  ) );
#4858 = ADVANCED_FACE('',(#4859),#3107,.F.);
#4859 = FACE_BOUND('',#4860,.F.);
#4860 = EDGE_LOOP('',(#4861,#4862,#4885,#4907));
#4861 = ORIENTED_EDGE('',*,*,#3090,.T.);
#4862 = ORIENTED_EDGE('',*,*,#4863,.T.);
#4863 = EDGE_CURVE('',#3065,#4864,#4866,.T.);
#4864 = VERTEX_POINT('',#4865);
#4865 = CARTESIAN_POINT('',(1.9,19.15,6.15));
#4866 = SURFACE_CURVE('',#4867,(#4871,#4878),.PCURVE_S1.);
#4867 = LINE('',#4868,#4869);
#4868 = CARTESIAN_POINT('',(1.9,19.15,-1.45));
#4869 = VECTOR('',#4870,1.);
#4870 = DIRECTION('',(0.,0.,1.));
#4871 = PCURVE('',#3107,#4872);
#4872 = DEFINITIONAL_REPRESENTATION('',(#4873),#4877);
#4873 = LINE('',#4874,#4875);
#4874 = CARTESIAN_POINT('',(6.28318530718,-0.));
#4875 = VECTOR('',#4876,1.);
#4876 = DIRECTION('',(0.,1.));
#4877 = ( GEOMETRIC_REPRESENTATION_CONTEXT(2) 
PARAMETRIC_REPRESENTATION_CONTEXT() REPRESENTATION_CONTEXT('2D SPACE',''
  ) );
#4878 = PCURVE('',#3079,#4879);
#4879 = DEFINITIONAL_REPRESENTATION('',(#4880),#4884);
#4880 = LINE('',#4881,#4882);
#4881 = CARTESIAN_POINT('',(0.,1.9));
#4882 = VECTOR('',#4883,1.);
#4883 = DIRECTION('',(1.,0.));
#4884 = ( GEOMETRIC_REPRESENTATION_CONTEXT(2) 
PARAMETRIC_REPRESENTATION_CONTEXT() REPRESENTATION_CONTEXT('2D SPACE',''
  ) );
#4885 = ORIENTED_EDGE('',*,*,#4886,.F.);
#4886 = EDGE_CURVE('',#4818,#4864,#4887,.T.);
#4887 = SURFACE_CURVE('',#4888,(#4893,#4900),.PCURVE_S1.);
#4888 = CIRCLE('',#4889,0.6);
#4889 = AXIS2_PLACEMENT_3D('',#4890,#4891,#4892);
#4890 = CARTESIAN_POINT('',(2.5,19.15,6.15));
#4891 = DIRECTION('',(0.,0.,1.));
#4892 = DIRECTION('',(-1.,1.224646799147E-16,0.));
#4893 = PCURVE('',#3107,#4894);
#4894 = DEFINITIONAL_REPRESENTATION('',(#4895),#4899);
#4895 = LINE('',#4896,#4897);
#4896 = CARTESIAN_POINT('',(0.,7.6));
#4897 = VECTOR('',#4898,1.);
#4898 = DIRECTION('',(1.,0.));
#4899 = ( GEOMETRIC_REPRESENTATION_CONTEXT(2) 
PARAMETRIC_REPRESENTATION_CONTEXT() REPRESENTATION_CONTEXT('2D SPACE',''
  ) );
#4900 = PCURVE('',#4017,#4901);
#4901 = DEFINITIONAL_REPRESENTATION('',(#4902),#4906);
#4902 = CIRCLE('',#4903,0.6);
#4903 = AXIS2_PLACEMENT_2D('',#4904,#4905);
#4904 = CARTESIAN_POINT('',(1.3,0.));
#4905 = DIRECTION('',(1.,0.));
#4906 = ( GEOMETRIC_REPRESENTATION_CONTEXT(2) 
PARAMETRIC_REPRESENTATION_CONTEXT() REPRESENTATION_CONTEXT('2D SPACE',''
  ) );
#4907 = ORIENTED_EDGE('',*,*,#4840,.F.);
#4908 = ADVANCED_FACE('',(#4909),#3079,.T.);
#4909 = FACE_BOUND('',#4910,.T.);
#4910 = EDGE_LOOP('',(#4911,#4912,#4913,#4914));
#4911 = ORIENTED_EDGE('',*,*,#3979,.F.);
#4912 = ORIENTED_EDGE('',*,*,#3064,.T.);
#4913 = ORIENTED_EDGE('',*,*,#4863,.T.);
#4914 = ORIENTED_EDGE('',*,*,#4915,.T.);
#4915 = EDGE_CURVE('',#4864,#3980,#4916,.T.);
#4916 = SURFACE_CURVE('',#4917,(#4921,#4928),.PCURVE_S1.);
#4917 = LINE('',#4918,#4919);
#4918 = CARTESIAN_POINT('',(3.8,19.15,6.15));
#4919 = VECTOR('',#4920,1.);
#4920 = DIRECTION('',(-1.,1.224646799147E-16,0.));
#4921 = PCURVE('',#3079,#4922);
#4922 = DEFINITIONAL_REPRESENTATION('',(#4923),#4927);
#4923 = LINE('',#4924,#4925);
#4924 = CARTESIAN_POINT('',(7.6,0.));
#4925 = VECTOR('',#4926,1.);
#4926 = DIRECTION('',(0.,1.));
#4927 = ( GEOMETRIC_REPRESENTATION_CONTEXT(2) 
PARAMETRIC_REPRESENTATION_CONTEXT() REPRESENTATION_CONTEXT('2D SPACE',''
  ) );
#4928 = PCURVE('',#4017,#4929);
#4929 = DEFINITIONAL_REPRESENTATION('',(#4930),#4934);
#4930 = LINE('',#4931,#4932);
#4931 = CARTESIAN_POINT('',(0.,0.));
#4932 = VECTOR('',#4933,1.);
#4933 = DIRECTION('',(1.,0.));
#4934 = ( GEOMETRIC_REPRESENTATION_CONTEXT(2) 
PARAMETRIC_REPRESENTATION_CONTEXT() REPRESENTATION_CONTEXT('2D SPACE',''
  ) );
#4935 = ADVANCED_FACE('',(#4936),#3346,.T.);
#4936 = FACE_BOUND('',#4937,.T.);
#4937 = EDGE_LOOP('',(#4938,#4959,#4960,#4961,#4982));
#4938 = ORIENTED_EDGE('',*,*,#4939,.F.);
#4939 = EDGE_CURVE('',#3385,#4354,#4940,.T.);
#4940 = SURFACE_CURVE('',#4941,(#4945,#4952),.PCURVE_S1.);
#4941 = LINE('',#4942,#4943);
#4942 = CARTESIAN_POINT('',(10.712307412107,14.215712078842,9.05));
#4943 = VECTOR('',#4944,1.);
#4944 = DIRECTION('',(-1.058412616809E-13,8.141635513918E-14,1.));
#4945 = PCURVE('',#3346,#4946);
#4946 = DEFINITIONAL_REPRESENTATION('',(#4947),#4951);
#4947 = LINE('',#4948,#4949);
#4948 = CARTESIAN_POINT('',(17.8,0.));
#4949 = VECTOR('',#4950,1.);
#4950 = DIRECTION('',(1.325130963817E-15,-1.));
#4951 = ( GEOMETRIC_REPRESENTATION_CONTEXT(2) 
PARAMETRIC_REPRESENTATION_CONTEXT() REPRESENTATION_CONTEXT('2D SPACE',''
  ) );
#4952 = PCURVE('',#3451,#4953);
#4953 = DEFINITIONAL_REPRESENTATION('',(#4954),#4958);
#4954 = LINE('',#4955,#4956);
#4955 = CARTESIAN_POINT('',(7.208209810737,0.));
#4956 = VECTOR('',#4957,1.);
#4957 = DIRECTION('',(0.,1.));
#4958 = ( GEOMETRIC_REPRESENTATION_CONTEXT(2) 
PARAMETRIC_REPRESENTATION_CONTEXT() REPRESENTATION_CONTEXT('2D SPACE',''
  ) );
#4959 = ORIENTED_EDGE('',*,*,#3384,.F.);
#4960 = ORIENTED_EDGE('',*,*,#3332,.F.);
#4961 = ORIENTED_EDGE('',*,*,#4962,.T.);
#4962 = EDGE_CURVE('',#3300,#4384,#4963,.T.);
#4963 = SURFACE_CURVE('',#4964,(#4968,#4975),.PCURVE_S1.);
#4964 = LINE('',#4965,#4966);
#4965 = CARTESIAN_POINT('',(10.140583140112,13.457008344297,9.05));
#4966 = VECTOR('',#4967,1.);
#4967 = DIRECTION('',(1.295260195396E-13,-9.695947748393E-14,1.));
#4968 = PCURVE('',#3346,#4969);
#4969 = DEFINITIONAL_REPRESENTATION('',(#4970),#4974);
#4970 = LINE('',#4971,#4972);
#4971 = CARTESIAN_POINT('',(16.85,0.));
#4972 = VECTOR('',#4973,1.);
#4973 = DIRECTION('',(5.154226937203E-16,-1.));
#4974 = ( GEOMETRIC_REPRESENTATION_CONTEXT(2) 
PARAMETRIC_REPRESENTATION_CONTEXT() REPRESENTATION_CONTEXT('2D SPACE',''
  ) );
#4975 = PCURVE('',#3320,#4976);
#4976 = DEFINITIONAL_REPRESENTATION('',(#4977),#4981);
#4977 = LINE('',#4978,#4979);
#4978 = CARTESIAN_POINT('',(0.925024503557,0.));
#4979 = VECTOR('',#4980,1.);
#4980 = DIRECTION('',(0.,1.));
#4981 = ( GEOMETRIC_REPRESENTATION_CONTEXT(2) 
PARAMETRIC_REPRESENTATION_CONTEXT() REPRESENTATION_CONTEXT('2D SPACE',''
  ) );
#4982 = ORIENTED_EDGE('',*,*,#4383,.F.);
#4983 = ADVANCED_FACE('',(#4984),#3320,.T.);
#4984 = FACE_BOUND('',#4985,.T.);
#4985 = EDGE_LOOP('',(#4986,#5010,#5029,#5030,#5031,#5032));
#4986 = ORIENTED_EDGE('',*,*,#4987,.F.);
#4987 = EDGE_CURVE('',#4988,#4189,#4990,.T.);
#4988 = VERTEX_POINT('',#4989);
#4989 = CARTESIAN_POINT('',(6.583819515044,15.510506780674,10.45));
#4990 = SURFACE_CURVE('',#4991,(#4996,#5003),.PCURVE_S1.);
#4991 = CIRCLE('',#4992,16.85);
#4992 = AXIS2_PLACEMENT_3D('',#4993,#4994,#4995);
#4993 = CARTESIAN_POINT('',(0.,0.,10.45));
#4994 = DIRECTION('',(0.,0.,1.));
#4995 = DIRECTION('',(1.,0.,-0.));
#4996 = PCURVE('',#3320,#4997);
#4997 = DEFINITIONAL_REPRESENTATION('',(#4998),#5002);
#4998 = LINE('',#4999,#5000);
#4999 = CARTESIAN_POINT('',(0.,1.4));
#5000 = VECTOR('',#5001,1.);
#5001 = DIRECTION('',(1.,0.));
#5002 = ( GEOMETRIC_REPRESENTATION_CONTEXT(2) 
PARAMETRIC_REPRESENTATION_CONTEXT() REPRESENTATION_CONTEXT('2D SPACE',''
  ) );
#5003 = PCURVE('',#4204,#5004);
#5004 = DEFINITIONAL_REPRESENTATION('',(#5005),#5009);
#5005 = CIRCLE('',#5006,16.85);
#5006 = AXIS2_PLACEMENT_2D('',#5007,#5008);
#5007 = CARTESIAN_POINT('',(-1.661802791801,-12.62264539036));
#5008 = DIRECTION('',(1.,0.));
#5009 = ( GEOMETRIC_REPRESENTATION_CONTEXT(2) 
PARAMETRIC_REPRESENTATION_CONTEXT() REPRESENTATION_CONTEXT('2D SPACE',''
  ) );
#5010 = ORIENTED_EDGE('',*,*,#5011,.T.);
#5011 = EDGE_CURVE('',#4988,#4406,#5012,.T.);
#5012 = SURFACE_CURVE('',#5013,(#5017,#5023),.PCURVE_S1.);
#5013 = LINE('',#5014,#5015);
#5014 = CARTESIAN_POINT('',(6.583819515044,15.510506780674,9.05));
#5015 = VECTOR('',#5016,1.);
#5016 = DIRECTION('',(0.,0.,1.));
#5017 = PCURVE('',#3320,#5018);
#5018 = DEFINITIONAL_REPRESENTATION('',(#5019),#5022);
#5019 = B_SPLINE_CURVE_WITH_KNOTS('',1,(#5020,#5021),.UNSPECIFIED.,.F.,
  .F.,(2,2),(-5.999999999062E-07,3.4000006),.PIECEWISE_BEZIER_KNOTS.);
#5020 = CARTESIAN_POINT('',(1.169370598836,-5.999999999062E-07));
#5021 = CARTESIAN_POINT('',(1.169370598836,3.4000006));
#5022 = ( GEOMETRIC_REPRESENTATION_CONTEXT(2) 
PARAMETRIC_REPRESENTATION_CONTEXT() REPRESENTATION_CONTEXT('2D SPACE',''
  ) );
#5023 = PCURVE('',#4444,#5024);
#5024 = DEFINITIONAL_REPRESENTATION('',(#5025),#5028);
#5025 = B_SPLINE_CURVE_WITH_KNOTS('',1,(#5026,#5027),.UNSPECIFIED.,.F.,
  .F.,(2,2),(-5.999999999062E-07,3.4000006),.PIECEWISE_BEZIER_KNOTS.);
#5026 = CARTESIAN_POINT('',(3.95,5.999999999062E-07));
#5027 = CARTESIAN_POINT('',(3.95,-3.4000006));
#5028 = ( GEOMETRIC_REPRESENTATION_CONTEXT(2) 
PARAMETRIC_REPRESENTATION_CONTEXT() REPRESENTATION_CONTEXT('2D SPACE',''
  ) );
#5029 = ORIENTED_EDGE('',*,*,#4405,.F.);
#5030 = ORIENTED_EDGE('',*,*,#4962,.F.);
#5031 = ORIENTED_EDGE('',*,*,#3299,.F.);
#5032 = ORIENTED_EDGE('',*,*,#4215,.T.);
#5033 = ADVANCED_FACE('',(#5034),#3451,.T.);
#5034 = FACE_BOUND('',#5035,.T.);
#5035 = EDGE_LOOP('',(#5036,#5037,#5038,#5059,#5088,#5107));
#5036 = ORIENTED_EDGE('',*,*,#4939,.T.);
#5037 = ORIENTED_EDGE('',*,*,#4353,.T.);
#5038 = ORIENTED_EDGE('',*,*,#5039,.F.);
#5039 = EDGE_CURVE('',#5040,#4356,#5042,.T.);
#5040 = VERTEX_POINT('',#5041);
#5041 = CARTESIAN_POINT('',(10.712307412106,-14.21571207884,10.45));
#5042 = SURFACE_CURVE('',#5043,(#5047,#5053),.PCURVE_S1.);
#5043 = LINE('',#5044,#5045);
#5044 = CARTESIAN_POINT('',(10.712307412106,-14.21571207884,9.05));
#5045 = VECTOR('',#5046,1.);
#5046 = DIRECTION('',(0.,0.,1.));
#5047 = PCURVE('',#3451,#5048);
#5048 = DEFINITIONAL_REPRESENTATION('',(#5049),#5052);
#5049 = B_SPLINE_CURVE_WITH_KNOTS('',1,(#5050,#5051),.UNSPECIFIED.,.F.,
  .F.,(2,2),(-5.999999999062E-07,2.4000006),.PIECEWISE_BEZIER_KNOTS.);
#5050 = CARTESIAN_POINT('',(5.358160803623,-5.999999999062E-07));
#5051 = CARTESIAN_POINT('',(5.358160803623,2.4000006));
#5052 = ( GEOMETRIC_REPRESENTATION_CONTEXT(2) 
PARAMETRIC_REPRESENTATION_CONTEXT() REPRESENTATION_CONTEXT('2D SPACE',''
  ) );
#5053 = PCURVE('',#4544,#5054);
#5054 = DEFINITIONAL_REPRESENTATION('',(#5055),#5058);
#5055 = B_SPLINE_CURVE_WITH_KNOTS('',1,(#5056,#5057),.UNSPECIFIED.,.F.,
  .F.,(2,2),(-5.999999999062E-07,2.4000006),.PIECEWISE_BEZIER_KNOTS.);
#5056 = CARTESIAN_POINT('',(3.,5.999999999062E-07));
#5057 = CARTESIAN_POINT('',(3.,-2.4000006));
#5058 = ( GEOMETRIC_REPRESENTATION_CONTEXT(2) 
PARAMETRIC_REPRESENTATION_CONTEXT() REPRESENTATION_CONTEXT('2D SPACE',''
  ) );
#5059 = ORIENTED_EDGE('',*,*,#5060,.T.);
#5060 = EDGE_CURVE('',#5040,#5061,#5063,.T.);
#5061 = VERTEX_POINT('',#5062);
#5062 = CARTESIAN_POINT('',(17.6267716236,-2.477281197089,10.45));
#5063 = SURFACE_CURVE('',#5064,(#5069,#5076),.PCURVE_S1.);
#5064 = CIRCLE('',#5065,17.8);
#5065 = AXIS2_PLACEMENT_3D('',#5066,#5067,#5068);
#5066 = CARTESIAN_POINT('',(0.,0.,10.45));
#5067 = DIRECTION('',(0.,0.,1.));
#5068 = DIRECTION('',(1.,0.,-0.));
#5069 = PCURVE('',#3451,#5070);
#5070 = DEFINITIONAL_REPRESENTATION('',(#5071),#5075);
#5071 = LINE('',#5072,#5073);
#5072 = CARTESIAN_POINT('',(0.,1.4));
#5073 = VECTOR('',#5074,1.);
#5074 = DIRECTION('',(1.,0.));
#5075 = ( GEOMETRIC_REPRESENTATION_CONTEXT(2) 
PARAMETRIC_REPRESENTATION_CONTEXT() REPRESENTATION_CONTEXT('2D SPACE',''
  ) );
#5076 = PCURVE('',#5077,#5082);
#5077 = PLANE('',#5078);
#5078 = AXIS2_PLACEMENT_3D('',#5079,#5080,#5081);
#5079 = CARTESIAN_POINT('',(10.100630175117,-7.750486128962,10.45));
#5080 = DIRECTION('',(0.,0.,1.));
#5081 = DIRECTION('',(1.,0.,-0.));
#5082 = DEFINITIONAL_REPRESENTATION('',(#5083),#5087);
#5083 = CIRCLE('',#5084,17.8);
#5084 = AXIS2_PLACEMENT_2D('',#5085,#5086);
#5085 = CARTESIAN_POINT('',(-10.10063017511,7.750486128962));
#5086 = DIRECTION('',(1.,0.));
#5087 = ( GEOMETRIC_REPRESENTATION_CONTEXT(2) 
PARAMETRIC_REPRESENTATION_CONTEXT() REPRESENTATION_CONTEXT('2D SPACE',''
  ) );
#5088 = ORIENTED_EDGE('',*,*,#5089,.F.);
#5089 = EDGE_CURVE('',#3409,#5061,#5090,.T.);
#5090 = SURFACE_CURVE('',#5091,(#5095,#5101),.PCURVE_S1.);
#5091 = LINE('',#5092,#5093);
#5092 = CARTESIAN_POINT('',(17.6267716236,-2.477281197089,9.05));
#5093 = VECTOR('',#5094,1.);
#5094 = DIRECTION('',(0.,0.,1.));
#5095 = PCURVE('',#3451,#5096);
#5096 = DEFINITIONAL_REPRESENTATION('',(#5097),#5100);
#5097 = B_SPLINE_CURVE_WITH_KNOTS('',1,(#5098,#5099),.UNSPECIFIED.,.F.,
  .F.,(2,2),(-5.999999999062E-07,1.54),.PIECEWISE_BEZIER_KNOTS.);
#5098 = CARTESIAN_POINT('',(6.14355896702,-5.999999999062E-07));
#5099 = CARTESIAN_POINT('',(6.14355896702,1.54));
#5100 = ( GEOMETRIC_REPRESENTATION_CONTEXT(2) 
PARAMETRIC_REPRESENTATION_CONTEXT() REPRESENTATION_CONTEXT('2D SPACE',''
  ) );
#5101 = PCURVE('',#3424,#5102);
#5102 = DEFINITIONAL_REPRESENTATION('',(#5103),#5106);
#5103 = B_SPLINE_CURVE_WITH_KNOTS('',1,(#5104,#5105),.UNSPECIFIED.,.F.,
  .F.,(2,2),(-5.999999999062E-07,1.54),.PIECEWISE_BEZIER_KNOTS.);
#5104 = CARTESIAN_POINT('',(3.,5.999999999062E-07));
#5105 = CARTESIAN_POINT('',(3.,-1.54));
#5106 = ( GEOMETRIC_REPRESENTATION_CONTEXT(2) 
PARAMETRIC_REPRESENTATION_CONTEXT() REPRESENTATION_CONTEXT('2D SPACE',''
  ) );
#5107 = ORIENTED_EDGE('',*,*,#3436,.T.);
#5108 = ADVANCED_FACE('',(#5109),#3424,.T.);
#5109 = FACE_BOUND('',#5110,.T.);
#5110 = EDGE_LOOP('',(#5111,#5112,#5113,#5136,#5155));
#5111 = ORIENTED_EDGE('',*,*,#3408,.F.);
#5112 = ORIENTED_EDGE('',*,*,#5089,.T.);
#5113 = ORIENTED_EDGE('',*,*,#5114,.T.);
#5114 = EDGE_CURVE('',#5061,#5115,#5117,.T.);
#5115 = VERTEX_POINT('',#5116);
#5116 = CARTESIAN_POINT('',(16.686016958295,-2.345066751177,10.45));
#5117 = SURFACE_CURVE('',#5118,(#5122,#5129),.PCURVE_S1.);
#5118 = LINE('',#5119,#5120);
#5119 = CARTESIAN_POINT('',(20.597575829825,-2.894800499969,10.45));
#5120 = VECTOR('',#5121,1.);
#5121 = DIRECTION('',(-0.990268068742,0.13917310096,0.));
#5122 = PCURVE('',#3424,#5123);
#5123 = DEFINITIONAL_REPRESENTATION('',(#5124),#5128);
#5124 = LINE('',#5125,#5126);
#5125 = CARTESIAN_POINT('',(0.,-1.4));
#5126 = VECTOR('',#5127,1.);
#5127 = DIRECTION('',(1.,0.));
#5128 = ( GEOMETRIC_REPRESENTATION_CONTEXT(2) 
PARAMETRIC_REPRESENTATION_CONTEXT() REPRESENTATION_CONTEXT('2D SPACE',''
  ) );
#5129 = PCURVE('',#5077,#5130);
#5130 = DEFINITIONAL_REPRESENTATION('',(#5131),#5135);
#5131 = LINE('',#5132,#5133);
#5132 = CARTESIAN_POINT('',(10.496945654708,4.855685628992));
#5133 = VECTOR('',#5134,1.);
#5134 = DIRECTION('',(-0.990268068742,0.13917310096));
#5135 = ( GEOMETRIC_REPRESENTATION_CONTEXT(2) 
PARAMETRIC_REPRESENTATION_CONTEXT() REPRESENTATION_CONTEXT('2D SPACE',''
  ) );
#5136 = ORIENTED_EDGE('',*,*,#5137,.F.);
#5137 = EDGE_CURVE('',#3491,#5115,#5138,.T.);
#5138 = SURFACE_CURVE('',#5139,(#5143,#5149),.PCURVE_S1.);
#5139 = LINE('',#5140,#5141);
#5140 = CARTESIAN_POINT('',(16.686016958295,-2.345066751177,9.05));
#5141 = VECTOR('',#5142,1.);
#5142 = DIRECTION('',(0.,0.,1.));
#5143 = PCURVE('',#3424,#5144);
#5144 = DEFINITIONAL_REPRESENTATION('',(#5145),#5148);
#5145 = B_SPLINE_CURVE_WITH_KNOTS('',1,(#5146,#5147),.UNSPECIFIED.,.F.,
  .F.,(2,2),(-5.999999999062E-07,1.4000006),.PIECEWISE_BEZIER_KNOTS.);
#5146 = CARTESIAN_POINT('',(3.95,5.999999999062E-07));
#5147 = CARTESIAN_POINT('',(3.95,-1.4000006));
#5148 = ( GEOMETRIC_REPRESENTATION_CONTEXT(2) 
PARAMETRIC_REPRESENTATION_CONTEXT() REPRESENTATION_CONTEXT('2D SPACE',''
  ) );
#5149 = PCURVE('',#3534,#5150);
#5150 = DEFINITIONAL_REPRESENTATION('',(#5151),#5154);
#5151 = B_SPLINE_CURVE_WITH_KNOTS('',1,(#5152,#5153),.UNSPECIFIED.,.F.,
  .F.,(2,2),(-5.999999999062E-07,1.4000006),.PIECEWISE_BEZIER_KNOTS.);
#5152 = CARTESIAN_POINT('',(6.14355896702,-5.999999999062E-07));
#5153 = CARTESIAN_POINT('',(6.14355896702,1.4000006));
#5154 = ( GEOMETRIC_REPRESENTATION_CONTEXT(2) 
PARAMETRIC_REPRESENTATION_CONTEXT() REPRESENTATION_CONTEXT('2D SPACE',''
  ) );
#5155 = ORIENTED_EDGE('',*,*,#3490,.F.);
#5156 = ADVANCED_FACE('',(#5157),#3650,.T.);
#5157 = FACE_BOUND('',#5158,.T.);
#5158 = EDGE_LOOP('',(#5159,#5185,#5204,#5205,#5206,#5207));
#5159 = ORIENTED_EDGE('',*,*,#5160,.F.);
#5160 = EDGE_CURVE('',#5161,#5163,#5165,.T.);
#5161 = VERTEX_POINT('',#5162);
#5162 = CARTESIAN_POINT('',(10.140583140112,-13.45700834429,10.45));
#5163 = VERTEX_POINT('',#5164);
#5164 = CARTESIAN_POINT('',(15.422998423163,-6.78628172412,10.45));
#5165 = SURFACE_CURVE('',#5166,(#5171,#5178),.PCURVE_S1.);
#5166 = CIRCLE('',#5167,16.85);
#5167 = AXIS2_PLACEMENT_3D('',#5168,#5169,#5170);
#5168 = CARTESIAN_POINT('',(0.,0.,10.45));
#5169 = DIRECTION('',(0.,0.,1.));
#5170 = DIRECTION('',(1.,0.,-0.));
#5171 = PCURVE('',#3650,#5172);
#5172 = DEFINITIONAL_REPRESENTATION('',(#5173),#5177);
#5173 = LINE('',#5174,#5175);
#5174 = CARTESIAN_POINT('',(0.,1.4));
#5175 = VECTOR('',#5176,1.);
#5176 = DIRECTION('',(1.,0.));
#5177 = ( GEOMETRIC_REPRESENTATION_CONTEXT(2) 
PARAMETRIC_REPRESENTATION_CONTEXT() REPRESENTATION_CONTEXT('2D SPACE',''
  ) );
#5178 = PCURVE('',#5077,#5179);
#5179 = DEFINITIONAL_REPRESENTATION('',(#5180),#5184);
#5180 = CIRCLE('',#5181,16.85);
#5181 = AXIS2_PLACEMENT_2D('',#5182,#5183);
#5182 = CARTESIAN_POINT('',(-10.10063017511,7.750486128962));
#5183 = DIRECTION('',(1.,0.));
#5184 = ( GEOMETRIC_REPRESENTATION_CONTEXT(2) 
PARAMETRIC_REPRESENTATION_CONTEXT() REPRESENTATION_CONTEXT('2D SPACE',''
  ) );
#5185 = ORIENTED_EDGE('',*,*,#5186,.T.);
#5186 = EDGE_CURVE('',#5161,#4508,#5187,.T.);
#5187 = SURFACE_CURVE('',#5188,(#5192,#5198),.PCURVE_S1.);
#5188 = LINE('',#5189,#5190);
#5189 = CARTESIAN_POINT('',(10.140583140112,-13.45700834429,9.05));
#5190 = VECTOR('',#5191,1.);
#5191 = DIRECTION('',(0.,0.,1.));
#5192 = PCURVE('',#3650,#5193);
#5193 = DEFINITIONAL_REPRESENTATION('',(#5194),#5197);
#5194 = B_SPLINE_CURVE_WITH_KNOTS('',1,(#5195,#5196),.UNSPECIFIED.,.F.,
  .F.,(2,2),(-5.999999999062E-07,3.4000006),.PIECEWISE_BEZIER_KNOTS.);
#5195 = CARTESIAN_POINT('',(5.358160803623,-5.999999999062E-07));
#5196 = CARTESIAN_POINT('',(5.358160803623,3.4000006));
#5197 = ( GEOMETRIC_REPRESENTATION_CONTEXT(2) 
PARAMETRIC_REPRESENTATION_CONTEXT() REPRESENTATION_CONTEXT('2D SPACE',''
  ) );
#5198 = PCURVE('',#4544,#5199);
#5199 = DEFINITIONAL_REPRESENTATION('',(#5200),#5203);
#5200 = B_SPLINE_CURVE_WITH_KNOTS('',1,(#5201,#5202),.UNSPECIFIED.,.F.,
  .F.,(2,2),(-5.999999999062E-07,3.4000006),.PIECEWISE_BEZIER_KNOTS.);
#5201 = CARTESIAN_POINT('',(3.95,5.999999999062E-07));
#5202 = CARTESIAN_POINT('',(3.95,-3.4000006));
#5203 = ( GEOMETRIC_REPRESENTATION_CONTEXT(2) 
PARAMETRIC_REPRESENTATION_CONTEXT() REPRESENTATION_CONTEXT('2D SPACE',''
  ) );
#5204 = ORIENTED_EDGE('',*,*,#4507,.F.);
#5205 = ORIENTED_EDGE('',*,*,#4559,.T.);
#5206 = ORIENTED_EDGE('',*,*,#3631,.F.);
#5207 = ORIENTED_EDGE('',*,*,#5208,.T.);
#5208 = EDGE_CURVE('',#3604,#5163,#5209,.T.);
#5209 = SURFACE_CURVE('',#5210,(#5214,#5220),.PCURVE_S1.);
#5210 = LINE('',#5211,#5212);
#5211 = CARTESIAN_POINT('',(15.422998423163,-6.78628172412,9.05));
#5212 = VECTOR('',#5213,1.);
#5213 = DIRECTION('',(0.,0.,1.));
#5214 = PCURVE('',#3650,#5215);
#5215 = DEFINITIONAL_REPRESENTATION('',(#5216),#5219);
#5216 = B_SPLINE_CURVE_WITH_KNOTS('',1,(#5217,#5218),.UNSPECIFIED.,.F.,
  .F.,(2,2),(-2.399999999625E-06,1.54),.PIECEWISE_BEZIER_KNOTS.);
#5217 = CARTESIAN_POINT('',(5.868669609831,-2.399999999625E-06));
#5218 = CARTESIAN_POINT('',(5.868669609831,1.54));
#5219 = ( GEOMETRIC_REPRESENTATION_CONTEXT(2) 
PARAMETRIC_REPRESENTATION_CONTEXT() REPRESENTATION_CONTEXT('2D SPACE',''
  ) );
#5220 = PCURVE('',#3619,#5221);
#5221 = DEFINITIONAL_REPRESENTATION('',(#5222),#5225);
#5222 = B_SPLINE_CURVE_WITH_KNOTS('',1,(#5223,#5224),.UNSPECIFIED.,.F.,
  .F.,(2,2),(-2.399999999625E-06,1.54),.PIECEWISE_BEZIER_KNOTS.);
#5223 = CARTESIAN_POINT('',(16.85,2.399999999625E-06));
#5224 = CARTESIAN_POINT('',(16.85,-1.54));
#5225 = ( GEOMETRIC_REPRESENTATION_CONTEXT(2) 
PARAMETRIC_REPRESENTATION_CONTEXT() REPRESENTATION_CONTEXT('2D SPACE',''
  ) );
#5226 = ADVANCED_FACE('',(#5227),#3619,.F.);
#5227 = FACE_BOUND('',#5228,.F.);
#5228 = EDGE_LOOP('',(#5229,#5230,#5231,#5254));
#5229 = ORIENTED_EDGE('',*,*,#3603,.F.);
#5230 = ORIENTED_EDGE('',*,*,#5208,.T.);
#5231 = ORIENTED_EDGE('',*,*,#5232,.T.);
#5232 = EDGE_CURVE('',#5163,#5233,#5235,.T.);
#5233 = VERTEX_POINT('',#5234);
#5234 = CARTESIAN_POINT('',(15.606060718987,-6.866831062092,10.45));
#5235 = SURFACE_CURVE('',#5236,(#5240,#5247),.PCURVE_S1.);
#5236 = LINE('',#5237,#5238);
#5237 = CARTESIAN_POINT('',(0.,0.,10.45));
#5238 = VECTOR('',#5239,1.);
#5239 = DIRECTION('',(0.915311479119,-0.402746689859,0.));
#5240 = PCURVE('',#3619,#5241);
#5241 = DEFINITIONAL_REPRESENTATION('',(#5242),#5246);
#5242 = LINE('',#5243,#5244);
#5243 = CARTESIAN_POINT('',(0.,-1.4));
#5244 = VECTOR('',#5245,1.);
#5245 = DIRECTION('',(1.,0.));
#5246 = ( GEOMETRIC_REPRESENTATION_CONTEXT(2) 
PARAMETRIC_REPRESENTATION_CONTEXT() REPRESENTATION_CONTEXT('2D SPACE',''
  ) );
#5247 = PCURVE('',#5077,#5248);
#5248 = DEFINITIONAL_REPRESENTATION('',(#5249),#5253);
#5249 = LINE('',#5250,#5251);
#5250 = CARTESIAN_POINT('',(-10.10063017511,7.750486128962));
#5251 = VECTOR('',#5252,1.);
#5252 = DIRECTION('',(0.915311479119,-0.402746689859));
#5253 = ( GEOMETRIC_REPRESENTATION_CONTEXT(2) 
PARAMETRIC_REPRESENTATION_CONTEXT() REPRESENTATION_CONTEXT('2D SPACE',''
  ) );
#5254 = ORIENTED_EDGE('',*,*,#5255,.F.);
#5255 = EDGE_CURVE('',#3575,#5233,#5256,.T.);
#5256 = SURFACE_CURVE('',#5257,(#5261,#5267),.PCURVE_S1.);
#5257 = LINE('',#5258,#5259);
#5258 = CARTESIAN_POINT('',(15.606060718987,-6.866831062091,9.05));
#5259 = VECTOR('',#5260,1.);
#5260 = DIRECTION('',(0.,0.,1.));
#5261 = PCURVE('',#3619,#5262);
#5262 = DEFINITIONAL_REPRESENTATION('',(#5263),#5266);
#5263 = B_SPLINE_CURVE_WITH_KNOTS('',1,(#5264,#5265),.UNSPECIFIED.,.F.,
  .F.,(2,2),(-5.999999999062E-07,1.4000006),.PIECEWISE_BEZIER_KNOTS.);
#5264 = CARTESIAN_POINT('',(17.05,5.999999999062E-07));
#5265 = CARTESIAN_POINT('',(17.05,-1.4000006));
#5266 = ( GEOMETRIC_REPRESENTATION_CONTEXT(2) 
PARAMETRIC_REPRESENTATION_CONTEXT() REPRESENTATION_CONTEXT('2D SPACE',''
  ) );
#5267 = PCURVE('',#3591,#5268);
#5268 = DEFINITIONAL_REPRESENTATION('',(#5269),#5272);
#5269 = B_SPLINE_CURVE_WITH_KNOTS('',1,(#5270,#5271),.UNSPECIFIED.,.F.,
  .F.,(2,2),(-5.999999999062E-07,1.4000006),.PIECEWISE_BEZIER_KNOTS.);
#5270 = CARTESIAN_POINT('',(5.868669609831,-5.999999999062E-07));
#5271 = CARTESIAN_POINT('',(5.868669609831,1.4000006));
#5272 = ( GEOMETRIC_REPRESENTATION_CONTEXT(2) 
PARAMETRIC_REPRESENTATION_CONTEXT() REPRESENTATION_CONTEXT('2D SPACE',''
  ) );
#5273 = ADVANCED_FACE('',(#5274),#3591,.T.);
#5274 = FACE_BOUND('',#5275,.T.);
#5275 = EDGE_LOOP('',(#5276,#5300,#5301,#5302));
#5276 = ORIENTED_EDGE('',*,*,#5277,.F.);
#5277 = EDGE_CURVE('',#5233,#5278,#5280,.T.);
#5278 = VERTEX_POINT('',#5279);
#5279 = CARTESIAN_POINT('',(15.7804655935,-6.455958925859,10.45));
#5280 = SURFACE_CURVE('',#5281,(#5286,#5293),.PCURVE_S1.);
#5281 = CIRCLE('',#5282,17.05);
#5282 = AXIS2_PLACEMENT_3D('',#5283,#5284,#5285);
#5283 = CARTESIAN_POINT('',(0.,0.,10.45));
#5284 = DIRECTION('',(0.,0.,1.));
#5285 = DIRECTION('',(1.,0.,-0.));
#5286 = PCURVE('',#3591,#5287);
#5287 = DEFINITIONAL_REPRESENTATION('',(#5288),#5292);
#5288 = LINE('',#5289,#5290);
#5289 = CARTESIAN_POINT('',(0.,1.4));
#5290 = VECTOR('',#5291,1.);
#5291 = DIRECTION('',(1.,0.));
#5292 = ( GEOMETRIC_REPRESENTATION_CONTEXT(2) 
PARAMETRIC_REPRESENTATION_CONTEXT() REPRESENTATION_CONTEXT('2D SPACE',''
  ) );
#5293 = PCURVE('',#5077,#5294);
#5294 = DEFINITIONAL_REPRESENTATION('',(#5295),#5299);
#5295 = CIRCLE('',#5296,17.05);
#5296 = AXIS2_PLACEMENT_2D('',#5297,#5298);
#5297 = CARTESIAN_POINT('',(-10.10063017511,7.750486128962));
#5298 = DIRECTION('',(1.,0.));
#5299 = ( GEOMETRIC_REPRESENTATION_CONTEXT(2) 
PARAMETRIC_REPRESENTATION_CONTEXT() REPRESENTATION_CONTEXT('2D SPACE',''
  ) );
#5300 = ORIENTED_EDGE('',*,*,#5255,.F.);
#5301 = ORIENTED_EDGE('',*,*,#3574,.T.);
#5302 = ORIENTED_EDGE('',*,*,#5303,.T.);
#5303 = EDGE_CURVE('',#3547,#5278,#5304,.T.);
#5304 = SURFACE_CURVE('',#5305,(#5309,#5315),.PCURVE_S1.);
#5305 = LINE('',#5306,#5307);
#5306 = CARTESIAN_POINT('',(15.7804655935,-6.455958925859,9.05));
#5307 = VECTOR('',#5308,1.);
#5308 = DIRECTION('',(0.,0.,1.));
#5309 = PCURVE('',#3591,#5310);
#5310 = DEFINITIONAL_REPRESENTATION('',(#5311),#5314);
#5311 = B_SPLINE_CURVE_WITH_KNOTS('',1,(#5312,#5313),.UNSPECIFIED.,.F.,
  .F.,(2,2),(-5.999999999062E-07,1.4000006),.PIECEWISE_BEZIER_KNOTS.);
#5312 = CARTESIAN_POINT('',(5.894849548611,-5.999999999062E-07));
#5313 = CARTESIAN_POINT('',(5.894849548611,1.4000006));
#5314 = ( GEOMETRIC_REPRESENTATION_CONTEXT(2) 
PARAMETRIC_REPRESENTATION_CONTEXT() REPRESENTATION_CONTEXT('2D SPACE',''
  ) );
#5315 = PCURVE('',#3562,#5316);
#5316 = DEFINITIONAL_REPRESENTATION('',(#5317),#5320);
#5317 = B_SPLINE_CURVE_WITH_KNOTS('',1,(#5318,#5319),.UNSPECIFIED.,.F.,
  .F.,(2,2),(-5.999999999062E-07,1.4000006),.PIECEWISE_BEZIER_KNOTS.);
#5318 = CARTESIAN_POINT('',(2.,5.999999999062E-07));
#5319 = CARTESIAN_POINT('',(2.,-1.4000006));
#5320 = ( GEOMETRIC_REPRESENTATION_CONTEXT(2) 
PARAMETRIC_REPRESENTATION_CONTEXT() REPRESENTATION_CONTEXT('2D SPACE',''
  ) );
#5321 = ADVANCED_FACE('',(#5322),#3562,.F.);
#5322 = FACE_BOUND('',#5323,.F.);
#5323 = EDGE_LOOP('',(#5324,#5325,#5326,#5349));
#5324 = ORIENTED_EDGE('',*,*,#3546,.F.);
#5325 = ORIENTED_EDGE('',*,*,#5303,.T.);
#5326 = ORIENTED_EDGE('',*,*,#5327,.T.);
#5327 = EDGE_CURVE('',#5278,#5328,#5330,.T.);
#5328 = VERTEX_POINT('',#5329);
#5329 = CARTESIAN_POINT('',(15.595357492696,-6.380229202389,10.45));
#5330 = SURFACE_CURVE('',#5331,(#5335,#5342),.PCURVE_S1.);
#5331 = LINE('',#5332,#5333);
#5332 = CARTESIAN_POINT('',(17.631546601535,-7.213256160564,10.45));
#5333 = VECTOR('',#5334,1.);
#5334 = DIRECTION('',(-0.925540504018,0.378648617352,0.));
#5335 = PCURVE('',#3562,#5336);
#5336 = DEFINITIONAL_REPRESENTATION('',(#5337),#5341);
#5337 = LINE('',#5338,#5339);
#5338 = CARTESIAN_POINT('',(0.,-1.4));
#5339 = VECTOR('',#5340,1.);
#5340 = DIRECTION('',(1.,0.));
#5341 = ( GEOMETRIC_REPRESENTATION_CONTEXT(2) 
PARAMETRIC_REPRESENTATION_CONTEXT() REPRESENTATION_CONTEXT('2D SPACE',''
  ) );
#5342 = PCURVE('',#5077,#5343);
#5343 = DEFINITIONAL_REPRESENTATION('',(#5344),#5348);
#5344 = LINE('',#5345,#5346);
#5345 = CARTESIAN_POINT('',(7.530916426418,0.537229968398));
#5346 = VECTOR('',#5347,1.);
#5347 = DIRECTION('',(-0.925540504018,0.378648617352));
#5348 = ( GEOMETRIC_REPRESENTATION_CONTEXT(2) 
PARAMETRIC_REPRESENTATION_CONTEXT() REPRESENTATION_CONTEXT('2D SPACE',''
  ) );
#5349 = ORIENTED_EDGE('',*,*,#5350,.F.);
#5350 = EDGE_CURVE('',#3514,#5328,#5351,.T.);
#5351 = SURFACE_CURVE('',#5352,(#5356,#5362),.PCURVE_S1.);
#5352 = LINE('',#5353,#5354);
#5353 = CARTESIAN_POINT('',(15.595357492696,-6.380229202388,9.05));
#5354 = VECTOR('',#5355,1.);
#5355 = DIRECTION('',(0.,0.,1.));
#5356 = PCURVE('',#3562,#5357);
#5357 = DEFINITIONAL_REPRESENTATION('',(#5358),#5361);
#5358 = B_SPLINE_CURVE_WITH_KNOTS('',1,(#5359,#5360),.UNSPECIFIED.,.F.,
  .F.,(2,2),(-2.399999999625E-06,1.54),.PIECEWISE_BEZIER_KNOTS.);
#5359 = CARTESIAN_POINT('',(2.2,2.399999999625E-06));
#5360 = CARTESIAN_POINT('',(2.2,-1.54));
#5361 = ( GEOMETRIC_REPRESENTATION_CONTEXT(2) 
PARAMETRIC_REPRESENTATION_CONTEXT() REPRESENTATION_CONTEXT('2D SPACE',''
  ) );
#5362 = PCURVE('',#3534,#5363);
#5363 = DEFINITIONAL_REPRESENTATION('',(#5364),#5367);
#5364 = B_SPLINE_CURVE_WITH_KNOTS('',1,(#5365,#5366),.UNSPECIFIED.,.F.,
  .F.,(2,2),(-2.399999999625E-06,1.54),.PIECEWISE_BEZIER_KNOTS.);
#5365 = CARTESIAN_POINT('',(5.894849548611,-2.399999999625E-06));
#5366 = CARTESIAN_POINT('',(5.894849548611,1.54));
#5367 = ( GEOMETRIC_REPRESENTATION_CONTEXT(2) 
PARAMETRIC_REPRESENTATION_CONTEXT() REPRESENTATION_CONTEXT('2D SPACE',''
  ) );
#5368 = ADVANCED_FACE('',(#5369),#3534,.T.);
#5369 = FACE_BOUND('',#5370,.T.);
#5370 = EDGE_LOOP('',(#5371,#5393,#5394,#5395));
#5371 = ORIENTED_EDGE('',*,*,#5372,.F.);
#5372 = EDGE_CURVE('',#5328,#5115,#5373,.T.);
#5373 = SURFACE_CURVE('',#5374,(#5379,#5386),.PCURVE_S1.);
#5374 = CIRCLE('',#5375,16.85);
#5375 = AXIS2_PLACEMENT_3D('',#5376,#5377,#5378);
#5376 = CARTESIAN_POINT('',(0.,0.,10.45));
#5377 = DIRECTION('',(0.,0.,1.));
#5378 = DIRECTION('',(1.,0.,-0.));
#5379 = PCURVE('',#3534,#5380);
#5380 = DEFINITIONAL_REPRESENTATION('',(#5381),#5385);
#5381 = LINE('',#5382,#5383);
#5382 = CARTESIAN_POINT('',(0.,1.4));
#5383 = VECTOR('',#5384,1.);
#5384 = DIRECTION('',(1.,0.));
#5385 = ( GEOMETRIC_REPRESENTATION_CONTEXT(2) 
PARAMETRIC_REPRESENTATION_CONTEXT() REPRESENTATION_CONTEXT('2D SPACE',''
  ) );
#5386 = PCURVE('',#5077,#5387);
#5387 = DEFINITIONAL_REPRESENTATION('',(#5388),#5392);
#5388 = CIRCLE('',#5389,16.85);
#5389 = AXIS2_PLACEMENT_2D('',#5390,#5391);
#5390 = CARTESIAN_POINT('',(-10.10063017511,7.750486128962));
#5391 = DIRECTION('',(1.,0.));
#5392 = ( GEOMETRIC_REPRESENTATION_CONTEXT(2) 
PARAMETRIC_REPRESENTATION_CONTEXT() REPRESENTATION_CONTEXT('2D SPACE',''
  ) );
#5393 = ORIENTED_EDGE('',*,*,#5350,.F.);
#5394 = ORIENTED_EDGE('',*,*,#3513,.F.);
#5395 = ORIENTED_EDGE('',*,*,#5137,.T.);
#5396 = ADVANCED_FACE('',(#5397),#3703,.T.);
#5397 = FACE_BOUND('',#5398,.T.);
#5398 = EDGE_LOOP('',(#5399,#5400,#5401,#5402));
#5399 = ORIENTED_EDGE('',*,*,#3688,.T.);
#5400 = ORIENTED_EDGE('',*,*,#4239,.T.);
#5401 = ORIENTED_EDGE('',*,*,#4072,.T.);
#5402 = ORIENTED_EDGE('',*,*,#4596,.F.);
#5403 = ADVANCED_FACE('',(#5404),#4017,.F.);
#5404 = FACE_BOUND('',#5405,.F.);
#5405 = EDGE_LOOP('',(#5406,#5407,#5408,#5409,#5410,#5411,#5412,#5413));
#5406 = ORIENTED_EDGE('',*,*,#4645,.F.);
#5407 = ORIENTED_EDGE('',*,*,#4695,.F.);
#5408 = ORIENTED_EDGE('',*,*,#4743,.T.);
#5409 = ORIENTED_EDGE('',*,*,#4767,.T.);
#5410 = ORIENTED_EDGE('',*,*,#4817,.T.);
#5411 = ORIENTED_EDGE('',*,*,#4886,.T.);
#5412 = ORIENTED_EDGE('',*,*,#4915,.T.);
#5413 = ORIENTED_EDGE('',*,*,#4001,.F.);
#5414 = ADVANCED_FACE('',(#5415),#4444,.T.);
#5415 = FACE_BOUND('',#5416,.T.);
#5416 = EDGE_LOOP('',(#5417,#5438,#5457,#5458));
#5417 = ORIENTED_EDGE('',*,*,#5418,.F.);
#5418 = EDGE_CURVE('',#5419,#4988,#5421,.T.);
#5419 = VERTEX_POINT('',#5420);
#5420 = CARTESIAN_POINT('',(6.955014087109,16.384986391453,10.45));
#5421 = SURFACE_CURVE('',#5422,(#5426,#5432),.PCURVE_S1.);
#5422 = LINE('',#5423,#5424);
#5423 = CARTESIAN_POINT('',(6.460450933107,15.219868615048,10.45));
#5424 = VECTOR('',#5425,1.);
#5425 = DIRECTION('',(-0.390731128489,-0.920504853452,0.));
#5426 = PCURVE('',#4444,#5427);
#5427 = DEFINITIONAL_REPRESENTATION('',(#5428),#5431);
#5428 = B_SPLINE_CURVE_WITH_KNOTS('',1,(#5429,#5430),.UNSPECIFIED.,.F.,
  .F.,(2,2),(-1.265737787297,-0.315737787297),.PIECEWISE_BEZIER_KNOTS.);
#5429 = CARTESIAN_POINT('',(3.,-1.4));
#5430 = CARTESIAN_POINT('',(3.95,-1.4));
#5431 = ( GEOMETRIC_REPRESENTATION_CONTEXT(2) 
PARAMETRIC_REPRESENTATION_CONTEXT() REPRESENTATION_CONTEXT('2D SPACE',''
  ) );
#5432 = PCURVE('',#4204,#5433);
#5433 = DEFINITIONAL_REPRESENTATION('',(#5434),#5437);
#5434 = B_SPLINE_CURVE_WITH_KNOTS('',1,(#5435,#5436),.UNSPECIFIED.,.F.,
  .F.,(2,2),(-1.265737787297,-0.315737787297),.PIECEWISE_BEZIER_KNOTS.);
#5435 = CARTESIAN_POINT('',(5.293211295308,3.76234100109));
#5436 = CARTESIAN_POINT('',(4.922016723243,2.88786139031));
#5437 = ( GEOMETRIC_REPRESENTATION_CONTEXT(2) 
PARAMETRIC_REPRESENTATION_CONTEXT() REPRESENTATION_CONTEXT('2D SPACE',''
  ) );
#5438 = ORIENTED_EDGE('',*,*,#5439,.T.);
#5439 = EDGE_CURVE('',#5419,#4430,#5440,.T.);
#5440 = SURFACE_CURVE('',#5441,(#5445,#5451),.PCURVE_S1.);
#5441 = LINE('',#5442,#5443);
#5442 = CARTESIAN_POINT('',(6.955014087109,16.384986391453,9.05));
#5443 = VECTOR('',#5444,1.);
#5444 = DIRECTION('',(0.,0.,1.));
#5445 = PCURVE('',#4444,#5446);
#5446 = DEFINITIONAL_REPRESENTATION('',(#5447),#5450);
#5447 = B_SPLINE_CURVE_WITH_KNOTS('',1,(#5448,#5449),.UNSPECIFIED.,.F.,
  .F.,(2,2),(-5.999999999062E-07,2.4000006),.PIECEWISE_BEZIER_KNOTS.);
#5448 = CARTESIAN_POINT('',(3.,5.999999999062E-07));
#5449 = CARTESIAN_POINT('',(3.,-2.4000006));
#5450 = ( GEOMETRIC_REPRESENTATION_CONTEXT(2) 
PARAMETRIC_REPRESENTATION_CONTEXT() REPRESENTATION_CONTEXT('2D SPACE',''
  ) );
#5451 = PCURVE('',#4177,#5452);
#5452 = DEFINITIONAL_REPRESENTATION('',(#5453),#5456);
#5453 = B_SPLINE_CURVE_WITH_KNOTS('',1,(#5454,#5455),.UNSPECIFIED.,.F.,
  .F.,(2,2),(0.,2.4),.PIECEWISE_BEZIER_KNOTS.);
#5454 = CARTESIAN_POINT('',(1.169370598836,0.));
#5455 = CARTESIAN_POINT('',(1.169370598836,2.4));
#5456 = ( GEOMETRIC_REPRESENTATION_CONTEXT(2) 
PARAMETRIC_REPRESENTATION_CONTEXT() REPRESENTATION_CONTEXT('2D SPACE',''
  ) );
#5457 = ORIENTED_EDGE('',*,*,#4429,.F.);
#5458 = ORIENTED_EDGE('',*,*,#5011,.F.);
#5459 = ADVANCED_FACE('',(#5460),#4177,.T.);
#5460 = FACE_BOUND('',#5461,.T.);
#5461 = EDGE_LOOP('',(#5462,#5484,#5485,#5486));
#5462 = ORIENTED_EDGE('',*,*,#5463,.T.);
#5463 = EDGE_CURVE('',#5419,#4162,#5464,.T.);
#5464 = SURFACE_CURVE('',#5465,(#5470,#5477),.PCURVE_S1.);
#5465 = CIRCLE('',#5466,17.8);
#5466 = AXIS2_PLACEMENT_3D('',#5467,#5468,#5469);
#5467 = CARTESIAN_POINT('',(0.,0.,10.45));
#5468 = DIRECTION('',(0.,0.,1.));
#5469 = DIRECTION('',(1.,0.,-0.));
#5470 = PCURVE('',#4177,#5471);
#5471 = DEFINITIONAL_REPRESENTATION('',(#5472),#5476);
#5472 = LINE('',#5473,#5474);
#5473 = CARTESIAN_POINT('',(0.,1.4));
#5474 = VECTOR('',#5475,1.);
#5475 = DIRECTION('',(1.,0.));
#5476 = ( GEOMETRIC_REPRESENTATION_CONTEXT(2) 
PARAMETRIC_REPRESENTATION_CONTEXT() REPRESENTATION_CONTEXT('2D SPACE',''
  ) );
#5477 = PCURVE('',#4204,#5478);
#5478 = DEFINITIONAL_REPRESENTATION('',(#5479),#5483);
#5479 = CIRCLE('',#5480,17.8);
#5480 = AXIS2_PLACEMENT_2D('',#5481,#5482);
#5481 = CARTESIAN_POINT('',(-1.661802791801,-12.62264539036));
#5482 = DIRECTION('',(1.,0.));
#5483 = ( GEOMETRIC_REPRESENTATION_CONTEXT(2) 
PARAMETRIC_REPRESENTATION_CONTEXT() REPRESENTATION_CONTEXT('2D SPACE',''
  ) );
#5484 = ORIENTED_EDGE('',*,*,#4161,.T.);
#5485 = ORIENTED_EDGE('',*,*,#4455,.T.);
#5486 = ORIENTED_EDGE('',*,*,#5439,.F.);
#5487 = ADVANCED_FACE('',(#5488),#4544,.T.);
#5488 = FACE_BOUND('',#5489,.T.);
#5489 = EDGE_LOOP('',(#5490,#5509,#5510,#5511));
#5490 = ORIENTED_EDGE('',*,*,#5491,.F.);
#5491 = EDGE_CURVE('',#5040,#5161,#5492,.T.);
#5492 = SURFACE_CURVE('',#5493,(#5497,#5503),.PCURVE_S1.);
#5493 = LINE('',#5494,#5495);
#5494 = CARTESIAN_POINT('',(9.95056739634,-13.20484893549,10.45));
#5495 = VECTOR('',#5496,1.);
#5496 = DIRECTION('',(-0.601815023152,0.798635510047,0.));
#5497 = PCURVE('',#4544,#5498);
#5498 = DEFINITIONAL_REPRESENTATION('',(#5499),#5502);
#5499 = B_SPLINE_CURVE_WITH_KNOTS('',1,(#5500,#5501),.UNSPECIFIED.,.F.,
  .F.,(2,2),(-1.265737787297,-0.315737787297),.PIECEWISE_BEZIER_KNOTS.);
#5500 = CARTESIAN_POINT('',(3.,-1.4));
#5501 = CARTESIAN_POINT('',(3.95,-1.4));
#5502 = ( GEOMETRIC_REPRESENTATION_CONTEXT(2) 
PARAMETRIC_REPRESENTATION_CONTEXT() REPRESENTATION_CONTEXT('2D SPACE',''
  ) );
#5503 = PCURVE('',#5077,#5504);
#5504 = DEFINITIONAL_REPRESENTATION('',(#5505),#5508);
#5505 = B_SPLINE_CURVE_WITH_KNOTS('',1,(#5506,#5507),.UNSPECIFIED.,.F.,
  .F.,(2,2),(-1.265737787297,-0.315737787297),.PIECEWISE_BEZIER_KNOTS.);
#5506 = CARTESIAN_POINT('',(0.61167723699,-6.46522594988));
#5507 = CARTESIAN_POINT('',(3.995296499513E-02,-5.706522215335));
#5508 = ( GEOMETRIC_REPRESENTATION_CONTEXT(2) 
PARAMETRIC_REPRESENTATION_CONTEXT() REPRESENTATION_CONTEXT('2D SPACE',''
  ) );
#5509 = ORIENTED_EDGE('',*,*,#5039,.T.);
#5510 = ORIENTED_EDGE('',*,*,#4531,.F.);
#5511 = ORIENTED_EDGE('',*,*,#5186,.F.);
#5512 = ADVANCED_FACE('',(#5513),#4204,.F.);
#5513 = FACE_BOUND('',#5514,.F.);
#5514 = EDGE_LOOP('',(#5515,#5516,#5517,#5518));
#5515 = ORIENTED_EDGE('',*,*,#4987,.F.);
#5516 = ORIENTED_EDGE('',*,*,#5418,.F.);
#5517 = ORIENTED_EDGE('',*,*,#5463,.T.);
#5518 = ORIENTED_EDGE('',*,*,#4188,.F.);
#5519 = ADVANCED_FACE('',(#5520),#5077,.F.);
#5520 = FACE_BOUND('',#5521,.F.);
#5521 = EDGE_LOOP('',(#5522,#5523,#5524,#5525,#5526,#5527,#5528,#5529));
#5522 = ORIENTED_EDGE('',*,*,#5160,.F.);
#5523 = ORIENTED_EDGE('',*,*,#5491,.F.);
#5524 = ORIENTED_EDGE('',*,*,#5060,.T.);
#5525 = ORIENTED_EDGE('',*,*,#5114,.T.);
#5526 = ORIENTED_EDGE('',*,*,#5372,.F.);
#5527 = ORIENTED_EDGE('',*,*,#5327,.F.);
#5528 = ORIENTED_EDGE('',*,*,#5277,.F.);
#5529 = ORIENTED_EDGE('',*,*,#5232,.F.);
#5530 = ( GEOMETRIC_REPRESENTATION_CONTEXT(3) 
GLOBAL_UNCERTAINTY_ASSIGNED_CONTEXT((#5534)) 
GLOBAL_UNIT_ASSIGNED_CONTEXT((#5531,#5532,#5533)) REPRESENTATION_CONTEXT
('Context #1','3D Context with UNIT and UNCERTAINTY') );
#5531 = ( LENGTH_UNIT() NAMED_UNIT(*) SI_UNIT(.MILLI.,.METRE.) );
#5532 = ( NAMED_UNIT(*) PLANE_ANGLE_UNIT() SI_UNIT($,.RADIAN.) );
#5533 = ( NAMED_UNIT(*) SI_UNIT($,.STERADIAN.) SOLID_ANGLE_UNIT() );
#5534 = UNCERTAINTY_MEASURE_WITH_UNIT(LENGTH_MEASURE(1.E-07),#5531,
  'distance_accuracy_value','confusion accuracy');
#5535 = PRODUCT_RELATED_PRODUCT_CATEGORY('part',$,(#7));
ENDSEC;
END-ISO-10303-21;
