ISO-10303-21;
HEADER;
FILE_DESCRIPTION(('Open CASCADE Model'),'2;1');
FILE_NAME('Open CASCADE Shape Model','2026-09-25T09:19:42',('Author'),(
    'Open CASCADE'),'Open CASCADE STEP processor 8.0','build123d',
  'Unknown');
FILE_SCHEMA(('AUTOMOTIVE_DESIGN { 1 0 10303 214 1 1 1 1 }'));
ENDSEC;
DATA;
#1 = APPLICATION_PROTOCOL_DEFINITION('international standard',
  'automotive_design',2000,#2);
#2 = APPLICATION_CONTEXT(
  'core data for automotive mechanical design processes');
#3 = SHAPE_DEFINITION_REPRESENTATION(#4,#10);
#4 = PRODUCT_DEFINITION_SHAPE('','',#5);
#5 = PRODUCT_DEFINITION('design','',#6,#9);
#6 = PRODUCT_DEFINITION_FORMATION('','',#7);
#7 = PRODUCT('COMPOUND','COMPOUND','',(#8));
#8 = PRODUCT_CONTEXT('',#2,'mechanical');
#9 = PRODUCT_DEFINITION_CONTEXT('part definition',#2,'design');
#10 = ADVANCED_BREP_SHAPE_REPRESENTATION('',(#11,#15),#5677);
#11 = AXIS2_PLACEMENT_3D('',#12,#13,#14);
#12 = CARTESIAN_POINT('',(0.,0.,0.));
#13 = DIRECTION('',(0.,0.,1.));
#14 = DIRECTION('',(1.,0.,-0.));
#15 = MANIFOLD_SOLID_BREP('',#16);
#16 = CLOSED_SHELL('',(#17,#414,#488,#876,#925,#974,#1023,#1071,#1118,
    #1167,#1194,#1243,#1290,#1769,#1838,#1866,#2604,#2716,#2765,#2814,
    #2993,#3004,#3108,#3417,#3477,#3681,#3753,#3825,#3872,#3899,#3926,
    #3933,#3980,#4007,#4034,#4041,#4045,#4295,#4323,#4351,#4518,#4543,
    #4675,#4722,#4747,#4772,#4797,#4822,#4830,#4878,#4885,#4913,#4962,
    #5011,#5059,#5107,#5154,#5204,#5231,#5307,#5355,#5383,#5453,#5500,
    #5548,#5595,#5623,#5630,#5641,#5666));
#17 = ADVANCED_FACE('',(#18),#33,.F.);
#18 = FACE_BOUND('',#19,.F.);
#19 = EDGE_LOOP('',(#20,#56,#84,#112,#140,#168,#197,#225,#254,#282,#305,
    #333,#361,#389));
#20 = ORIENTED_EDGE('',*,*,#21,.F.);
#21 = EDGE_CURVE('',#22,#24,#26,.T.);
#22 = VERTEX_POINT('',#23);
#23 = CARTESIAN_POINT('',(6.078696647442E-15,15.62,-0.45));
#24 = VERTEX_POINT('',#25);
#25 = CARTESIAN_POINT('',(-14.11008150224,6.7,-0.45));
#26 = SURFACE_CURVE('',#27,(#32,#44),.PCURVE_S1.);
#27 = CIRCLE('',#28,15.62);
#28 = AXIS2_PLACEMENT_3D('',#29,#30,#31);
#29 = CARTESIAN_POINT('',(0.,0.,-0.45));
#30 = DIRECTION('',(0.,0.,1.));
#31 = DIRECTION('',(-0.903334283114,-0.428937259923,0.));
#32 = PCURVE('',#33,#38);
#33 = PLANE('',#34);
#34 = AXIS2_PLACEMENT_3D('',#35,#36,#37);
#35 = CARTESIAN_POINT('',(0.,0.,-0.45));
#36 = DIRECTION('',(0.,0.,1.));
#37 = DIRECTION('',(1.,0.,-0.));
#38 = DEFINITIONAL_REPRESENTATION('',(#39),#43);
#39 = CIRCLE('',#40,15.62);
#40 = AXIS2_PLACEMENT_2D('',#41,#42);
#41 = CARTESIAN_POINT('',(0.,0.));
#42 = DIRECTION('',(-0.903334283114,-0.428937259923));
#43 = ( GEOMETRIC_REPRESENTATION_CONTEXT(2) 
PARAMETRIC_REPRESENTATION_CONTEXT() REPRESENTATION_CONTEXT('2D SPACE',''
  ) );
#44 = PCURVE('',#45,#50);
#45 = CYLINDRICAL_SURFACE('',#46,15.62);
#46 = AXIS2_PLACEMENT_3D('',#47,#48,#49);
#47 = CARTESIAN_POINT('',(0.,0.,-0.45));
#48 = DIRECTION('',(0.,0.,1.));
#49 = DIRECTION('',(1.,0.,-0.));
#50 = DEFINITIONAL_REPRESENTATION('',(#51),#55);
#51 = LINE('',#52,#53);
#52 = CARTESIAN_POINT('',(3.584908637674,0.));
#53 = VECTOR('',#54,1.);
#54 = DIRECTION('',(1.,0.));
#55 = ( GEOMETRIC_REPRESENTATION_CONTEXT(2) 
PARAMETRIC_REPRESENTATION_CONTEXT() REPRESENTATION_CONTEXT('2D SPACE',''
  ) );
#56 = ORIENTED_EDGE('',*,*,#57,.T.);
#57 = EDGE_CURVE('',#22,#58,#60,.T.);
#58 = VERTEX_POINT('',#59);
#59 = CARTESIAN_POINT('',(0.,17.2,-0.45));
#60 = SURFACE_CURVE('',#61,(#65,#72),.PCURVE_S1.);
#61 = LINE('',#62,#63);
#62 = CARTESIAN_POINT('',(0.,-20.,-0.45));
#63 = VECTOR('',#64,1.);
#64 = DIRECTION('',(-0.,1.,0.));
#65 = PCURVE('',#33,#66);
#66 = DEFINITIONAL_REPRESENTATION('',(#67),#71);
#67 = LINE('',#68,#69);
#68 = CARTESIAN_POINT('',(0.,-20.));
#69 = VECTOR('',#70,1.);
#70 = DIRECTION('',(0.,1.));
#71 = ( GEOMETRIC_REPRESENTATION_CONTEXT(2) 
PARAMETRIC_REPRESENTATION_CONTEXT() REPRESENTATION_CONTEXT('2D SPACE',''
  ) );
#72 = PCURVE('',#73,#78);
#73 = PLANE('',#74);
#74 = AXIS2_PLACEMENT_3D('',#75,#76,#77);
#75 = CARTESIAN_POINT('',(0.,-40.,-5.));
#76 = DIRECTION('',(1.,0.,-0.));
#77 = DIRECTION('',(0.,0.,1.));
#78 = DEFINITIONAL_REPRESENTATION('',(#79),#83);
#79 = LINE('',#80,#81);
#80 = CARTESIAN_POINT('',(4.55,-20.));
#81 = VECTOR('',#82,1.);
#82 = DIRECTION('',(0.,-1.));
#83 = ( GEOMETRIC_REPRESENTATION_CONTEXT(2) 
PARAMETRIC_REPRESENTATION_CONTEXT() REPRESENTATION_CONTEXT('2D SPACE',''
  ) );
#84 = ORIENTED_EDGE('',*,*,#85,.T.);
#85 = EDGE_CURVE('',#58,#86,#88,.T.);
#86 = VERTEX_POINT('',#87);
#87 = CARTESIAN_POINT('',(3.5,17.2,-0.45));
#88 = SURFACE_CURVE('',#89,(#93,#100),.PCURVE_S1.);
#89 = LINE('',#90,#91);
#90 = CARTESIAN_POINT('',(-1.,17.2,-0.45));
#91 = VECTOR('',#92,1.);
#92 = DIRECTION('',(1.,0.,-0.));
#93 = PCURVE('',#33,#94);
#94 = DEFINITIONAL_REPRESENTATION('',(#95),#99);
#95 = LINE('',#96,#97);
#96 = CARTESIAN_POINT('',(-1.,17.2));
#97 = VECTOR('',#98,1.);
#98 = DIRECTION('',(1.,0.));
#99 = ( GEOMETRIC_REPRESENTATION_CONTEXT(2) 
PARAMETRIC_REPRESENTATION_CONTEXT() REPRESENTATION_CONTEXT('2D SPACE',''
  ) );
#100 = PCURVE('',#101,#106);
#101 = PLANE('',#102);
#102 = AXIS2_PLACEMENT_3D('',#103,#104,#105);
#103 = CARTESIAN_POINT('',(-1.,17.2,-0.45));
#104 = DIRECTION('',(-0.,1.,0.));
#105 = DIRECTION('',(0.,0.,1.));
#106 = DEFINITIONAL_REPRESENTATION('',(#107),#111);
#107 = LINE('',#108,#109);
#108 = CARTESIAN_POINT('',(0.,0.));
#109 = VECTOR('',#110,1.);
#110 = DIRECTION('',(0.,1.));
#111 = ( GEOMETRIC_REPRESENTATION_CONTEXT(2) 
PARAMETRIC_REPRESENTATION_CONTEXT() REPRESENTATION_CONTEXT('2D SPACE',''
  ) );
#112 = ORIENTED_EDGE('',*,*,#113,.T.);
#113 = EDGE_CURVE('',#86,#114,#116,.T.);
#114 = VERTEX_POINT('',#115);
#115 = CARTESIAN_POINT('',(3.5,19.,-0.45));
#116 = SURFACE_CURVE('',#117,(#121,#128),.PCURVE_S1.);
#117 = LINE('',#118,#119);
#118 = CARTESIAN_POINT('',(3.5,17.2,-0.45));
#119 = VECTOR('',#120,1.);
#120 = DIRECTION('',(-0.,1.,0.));
#121 = PCURVE('',#33,#122);
#122 = DEFINITIONAL_REPRESENTATION('',(#123),#127);
#123 = LINE('',#124,#125);
#124 = CARTESIAN_POINT('',(3.5,17.2));
#125 = VECTOR('',#126,1.);
#126 = DIRECTION('',(0.,1.));
#127 = ( GEOMETRIC_REPRESENTATION_CONTEXT(2) 
PARAMETRIC_REPRESENTATION_CONTEXT() REPRESENTATION_CONTEXT('2D SPACE',''
  ) );
#128 = PCURVE('',#129,#134);
#129 = PLANE('',#130);
#130 = AXIS2_PLACEMENT_3D('',#131,#132,#133);
#131 = CARTESIAN_POINT('',(3.5,17.2,-0.45));
#132 = DIRECTION('',(1.,0.,-0.));
#133 = DIRECTION('',(0.,0.,1.));
#134 = DEFINITIONAL_REPRESENTATION('',(#135),#139);
#135 = LINE('',#136,#137);
#136 = CARTESIAN_POINT('',(0.,0.));
#137 = VECTOR('',#138,1.);
#138 = DIRECTION('',(0.,-1.));
#139 = ( GEOMETRIC_REPRESENTATION_CONTEXT(2) 
PARAMETRIC_REPRESENTATION_CONTEXT() REPRESENTATION_CONTEXT('2D SPACE',''
  ) );
#140 = ORIENTED_EDGE('',*,*,#141,.F.);
#141 = EDGE_CURVE('',#142,#114,#144,.T.);
#142 = VERTEX_POINT('',#143);
#143 = CARTESIAN_POINT('',(3.,19.,-0.45));
#144 = SURFACE_CURVE('',#145,(#149,#156),.PCURVE_S1.);
#145 = LINE('',#146,#147);
#146 = CARTESIAN_POINT('',(-1.,19.,-0.45));
#147 = VECTOR('',#148,1.);
#148 = DIRECTION('',(1.,0.,-0.));
#149 = PCURVE('',#33,#150);
#150 = DEFINITIONAL_REPRESENTATION('',(#151),#155);
#151 = LINE('',#152,#153);
#152 = CARTESIAN_POINT('',(-1.,19.));
#153 = VECTOR('',#154,1.);
#154 = DIRECTION('',(1.,0.));
#155 = ( GEOMETRIC_REPRESENTATION_CONTEXT(2) 
PARAMETRIC_REPRESENTATION_CONTEXT() REPRESENTATION_CONTEXT('2D SPACE',''
  ) );
#156 = PCURVE('',#157,#162);
#157 = PLANE('',#158);
#158 = AXIS2_PLACEMENT_3D('',#159,#160,#161);
#159 = CARTESIAN_POINT('',(-1.,19.,-0.45));
#160 = DIRECTION('',(-0.,1.,0.));
#161 = DIRECTION('',(0.,0.,1.));
#162 = DEFINITIONAL_REPRESENTATION('',(#163),#167);
#163 = LINE('',#164,#165);
#164 = CARTESIAN_POINT('',(0.,0.));
#165 = VECTOR('',#166,1.);
#166 = DIRECTION('',(0.,1.));
#167 = ( GEOMETRIC_REPRESENTATION_CONTEXT(2) 
PARAMETRIC_REPRESENTATION_CONTEXT() REPRESENTATION_CONTEXT('2D SPACE',''
  ) );
#168 = ORIENTED_EDGE('',*,*,#169,.T.);
#169 = EDGE_CURVE('',#142,#170,#172,.T.);
#170 = VERTEX_POINT('',#171);
#171 = CARTESIAN_POINT('',(2.958257569496,19.2,-0.45));
#172 = SURFACE_CURVE('',#173,(#178,#185),.PCURVE_S1.);
#173 = CIRCLE('',#174,0.5);
#174 = AXIS2_PLACEMENT_3D('',#175,#176,#177);
#175 = CARTESIAN_POINT('',(2.5,19.,-0.45));
#176 = DIRECTION('',(0.,0.,1.));
#177 = DIRECTION('',(1.,0.,-0.));
#178 = PCURVE('',#33,#179);
#179 = DEFINITIONAL_REPRESENTATION('',(#180),#184);
#180 = CIRCLE('',#181,0.5);
#181 = AXIS2_PLACEMENT_2D('',#182,#183);
#182 = CARTESIAN_POINT('',(2.5,19.));
#183 = DIRECTION('',(1.,0.));
#184 = ( GEOMETRIC_REPRESENTATION_CONTEXT(2) 
PARAMETRIC_REPRESENTATION_CONTEXT() REPRESENTATION_CONTEXT('2D SPACE',''
  ) );
#185 = PCURVE('',#186,#191);
#186 = CYLINDRICAL_SURFACE('',#187,0.5);
#187 = AXIS2_PLACEMENT_3D('',#188,#189,#190);
#188 = CARTESIAN_POINT('',(2.5,19.,-0.45));
#189 = DIRECTION('',(0.,0.,1.));
#190 = DIRECTION('',(1.,0.,-0.));
#191 = DEFINITIONAL_REPRESENTATION('',(#192),#196);
#192 = LINE('',#193,#194);
#193 = CARTESIAN_POINT('',(0.,0.));
#194 = VECTOR('',#195,1.);
#195 = DIRECTION('',(1.,0.));
#196 = ( GEOMETRIC_REPRESENTATION_CONTEXT(2) 
PARAMETRIC_REPRESENTATION_CONTEXT() REPRESENTATION_CONTEXT('2D SPACE',''
  ) );
#197 = ORIENTED_EDGE('',*,*,#198,.F.);
#198 = EDGE_CURVE('',#199,#170,#201,.T.);
#199 = VERTEX_POINT('',#200);
#200 = CARTESIAN_POINT('',(2.041742430504,19.2,-0.45));
#201 = SURFACE_CURVE('',#202,(#206,#213),.PCURVE_S1.);
#202 = LINE('',#203,#204);
#203 = CARTESIAN_POINT('',(1.5,19.2,-0.45));
#204 = VECTOR('',#205,1.);
#205 = DIRECTION('',(1.,0.,-0.));
#206 = PCURVE('',#33,#207);
#207 = DEFINITIONAL_REPRESENTATION('',(#208),#212);
#208 = LINE('',#209,#210);
#209 = CARTESIAN_POINT('',(1.5,19.2));
#210 = VECTOR('',#211,1.);
#211 = DIRECTION('',(1.,0.));
#212 = ( GEOMETRIC_REPRESENTATION_CONTEXT(2) 
PARAMETRIC_REPRESENTATION_CONTEXT() REPRESENTATION_CONTEXT('2D SPACE',''
  ) );
#213 = PCURVE('',#214,#219);
#214 = PLANE('',#215);
#215 = AXIS2_PLACEMENT_3D('',#216,#217,#218);
#216 = CARTESIAN_POINT('',(1.5,19.2,-0.45));
#217 = DIRECTION('',(-0.,1.,0.));
#218 = DIRECTION('',(0.,0.,1.));
#219 = DEFINITIONAL_REPRESENTATION('',(#220),#224);
#220 = LINE('',#221,#222);
#221 = CARTESIAN_POINT('',(0.,0.));
#222 = VECTOR('',#223,1.);
#223 = DIRECTION('',(0.,1.));
#224 = ( GEOMETRIC_REPRESENTATION_CONTEXT(2) 
PARAMETRIC_REPRESENTATION_CONTEXT() REPRESENTATION_CONTEXT('2D SPACE',''
  ) );
#225 = ORIENTED_EDGE('',*,*,#226,.T.);
#226 = EDGE_CURVE('',#199,#227,#229,.T.);
#227 = VERTEX_POINT('',#228);
#228 = CARTESIAN_POINT('',(2.,19.,-0.45));
#229 = SURFACE_CURVE('',#230,(#235,#242),.PCURVE_S1.);
#230 = CIRCLE('',#231,0.5);
#231 = AXIS2_PLACEMENT_3D('',#232,#233,#234);
#232 = CARTESIAN_POINT('',(2.5,19.,-0.45));
#233 = DIRECTION('',(0.,0.,1.));
#234 = DIRECTION('',(1.,0.,-0.));
#235 = PCURVE('',#33,#236);
#236 = DEFINITIONAL_REPRESENTATION('',(#237),#241);
#237 = CIRCLE('',#238,0.5);
#238 = AXIS2_PLACEMENT_2D('',#239,#240);
#239 = CARTESIAN_POINT('',(2.5,19.));
#240 = DIRECTION('',(1.,0.));
#241 = ( GEOMETRIC_REPRESENTATION_CONTEXT(2) 
PARAMETRIC_REPRESENTATION_CONTEXT() REPRESENTATION_CONTEXT('2D SPACE',''
  ) );
#242 = PCURVE('',#243,#248);
#243 = CYLINDRICAL_SURFACE('',#244,0.5);
#244 = AXIS2_PLACEMENT_3D('',#245,#246,#247);
#245 = CARTESIAN_POINT('',(2.5,19.,-0.45));
#246 = DIRECTION('',(0.,0.,1.));
#247 = DIRECTION('',(1.,0.,-0.));
#248 = DEFINITIONAL_REPRESENTATION('',(#249),#253);
#249 = LINE('',#250,#251);
#250 = CARTESIAN_POINT('',(0.,0.));
#251 = VECTOR('',#252,1.);
#252 = DIRECTION('',(1.,0.));
#253 = ( GEOMETRIC_REPRESENTATION_CONTEXT(2) 
PARAMETRIC_REPRESENTATION_CONTEXT() REPRESENTATION_CONTEXT('2D SPACE',''
  ) );
#254 = ORIENTED_EDGE('',*,*,#255,.F.);
#255 = EDGE_CURVE('',#256,#227,#258,.T.);
#256 = VERTEX_POINT('',#257);
#257 = CARTESIAN_POINT('',(0.,19.,-0.45));
#258 = SURFACE_CURVE('',#259,(#263,#270),.PCURVE_S1.);
#259 = LINE('',#260,#261);
#260 = CARTESIAN_POINT('',(-1.,19.,-0.45));
#261 = VECTOR('',#262,1.);
#262 = DIRECTION('',(1.,0.,-0.));
#263 = PCURVE('',#33,#264);
#264 = DEFINITIONAL_REPRESENTATION('',(#265),#269);
#265 = LINE('',#266,#267);
#266 = CARTESIAN_POINT('',(-1.,19.));
#267 = VECTOR('',#268,1.);
#268 = DIRECTION('',(1.,0.));
#269 = ( GEOMETRIC_REPRESENTATION_CONTEXT(2) 
PARAMETRIC_REPRESENTATION_CONTEXT() REPRESENTATION_CONTEXT('2D SPACE',''
  ) );
#270 = PCURVE('',#271,#276);
#271 = PLANE('',#272);
#272 = AXIS2_PLACEMENT_3D('',#273,#274,#275);
#273 = CARTESIAN_POINT('',(-1.,19.,-0.45));
#274 = DIRECTION('',(-0.,1.,0.));
#275 = DIRECTION('',(0.,0.,1.));
#276 = DEFINITIONAL_REPRESENTATION('',(#277),#281);
#277 = LINE('',#278,#279);
#278 = CARTESIAN_POINT('',(0.,0.));
#279 = VECTOR('',#280,1.);
#280 = DIRECTION('',(0.,1.));
#281 = ( GEOMETRIC_REPRESENTATION_CONTEXT(2) 
PARAMETRIC_REPRESENTATION_CONTEXT() REPRESENTATION_CONTEXT('2D SPACE',''
  ) );
#282 = ORIENTED_EDGE('',*,*,#283,.T.);
#283 = EDGE_CURVE('',#256,#284,#286,.T.);
#284 = VERTEX_POINT('',#285);
#285 = CARTESIAN_POINT('',(0.,20.2,-0.45));
#286 = SURFACE_CURVE('',#287,(#291,#298),.PCURVE_S1.);
#287 = LINE('',#288,#289);
#288 = CARTESIAN_POINT('',(0.,-20.,-0.45));
#289 = VECTOR('',#290,1.);
#290 = DIRECTION('',(-0.,1.,0.));
#291 = PCURVE('',#33,#292);
#292 = DEFINITIONAL_REPRESENTATION('',(#293),#297);
#293 = LINE('',#294,#295);
#294 = CARTESIAN_POINT('',(0.,-20.));
#295 = VECTOR('',#296,1.);
#296 = DIRECTION('',(0.,1.));
#297 = ( GEOMETRIC_REPRESENTATION_CONTEXT(2) 
PARAMETRIC_REPRESENTATION_CONTEXT() REPRESENTATION_CONTEXT('2D SPACE',''
  ) );
#298 = PCURVE('',#73,#299);
#299 = DEFINITIONAL_REPRESENTATION('',(#300),#304);
#300 = LINE('',#301,#302);
#301 = CARTESIAN_POINT('',(4.55,-20.));
#302 = VECTOR('',#303,1.);
#303 = DIRECTION('',(0.,-1.));
#304 = ( GEOMETRIC_REPRESENTATION_CONTEXT(2) 
PARAMETRIC_REPRESENTATION_CONTEXT() REPRESENTATION_CONTEXT('2D SPACE',''
  ) );
#305 = ORIENTED_EDGE('',*,*,#306,.F.);
#306 = EDGE_CURVE('',#307,#284,#309,.T.);
#307 = VERTEX_POINT('',#308);
#308 = CARTESIAN_POINT('',(-4.,20.2,-0.45));
#309 = SURFACE_CURVE('',#310,(#314,#321),.PCURVE_S1.);
#310 = LINE('',#311,#312);
#311 = CARTESIAN_POINT('',(-4.,20.2,-0.45));
#312 = VECTOR('',#313,1.);
#313 = DIRECTION('',(1.,0.,-0.));
#314 = PCURVE('',#33,#315);
#315 = DEFINITIONAL_REPRESENTATION('',(#316),#320);
#316 = LINE('',#317,#318);
#317 = CARTESIAN_POINT('',(-4.,20.2));
#318 = VECTOR('',#319,1.);
#319 = DIRECTION('',(1.,0.));
#320 = ( GEOMETRIC_REPRESENTATION_CONTEXT(2) 
PARAMETRIC_REPRESENTATION_CONTEXT() REPRESENTATION_CONTEXT('2D SPACE',''
  ) );
#321 = PCURVE('',#322,#327);
#322 = PLANE('',#323);
#323 = AXIS2_PLACEMENT_3D('',#324,#325,#326);
#324 = CARTESIAN_POINT('',(-4.,20.2,-0.45));
#325 = DIRECTION('',(-0.,1.,0.));
#326 = DIRECTION('',(0.,0.,1.));
#327 = DEFINITIONAL_REPRESENTATION('',(#328),#332);
#328 = LINE('',#329,#330);
#329 = CARTESIAN_POINT('',(0.,0.));
#330 = VECTOR('',#331,1.);
#331 = DIRECTION('',(0.,1.));
#332 = ( GEOMETRIC_REPRESENTATION_CONTEXT(2) 
PARAMETRIC_REPRESENTATION_CONTEXT() REPRESENTATION_CONTEXT('2D SPACE',''
  ) );
#333 = ORIENTED_EDGE('',*,*,#334,.F.);
#334 = EDGE_CURVE('',#335,#307,#337,.T.);
#335 = VERTEX_POINT('',#336);
#336 = CARTESIAN_POINT('',(-4.,17.313951022225,-0.45));
#337 = SURFACE_CURVE('',#338,(#342,#349),.PCURVE_S1.);
#338 = LINE('',#339,#340);
#339 = CARTESIAN_POINT('',(-4.,16.72,-0.45));
#340 = VECTOR('',#341,1.);
#341 = DIRECTION('',(-0.,1.,0.));
#342 = PCURVE('',#33,#343);
#343 = DEFINITIONAL_REPRESENTATION('',(#344),#348);
#344 = LINE('',#345,#346);
#345 = CARTESIAN_POINT('',(-4.,16.72));
#346 = VECTOR('',#347,1.);
#347 = DIRECTION('',(0.,1.));
#348 = ( GEOMETRIC_REPRESENTATION_CONTEXT(2) 
PARAMETRIC_REPRESENTATION_CONTEXT() REPRESENTATION_CONTEXT('2D SPACE',''
  ) );
#349 = PCURVE('',#350,#355);
#350 = PLANE('',#351);
#351 = AXIS2_PLACEMENT_3D('',#352,#353,#354);
#352 = CARTESIAN_POINT('',(-4.,16.72,-0.45));
#353 = DIRECTION('',(1.,0.,-0.));
#354 = DIRECTION('',(0.,0.,1.));
#355 = DEFINITIONAL_REPRESENTATION('',(#356),#360);
#356 = LINE('',#357,#358);
#357 = CARTESIAN_POINT('',(0.,0.));
#358 = VECTOR('',#359,1.);
#359 = DIRECTION('',(0.,-1.));
#360 = ( GEOMETRIC_REPRESENTATION_CONTEXT(2) 
PARAMETRIC_REPRESENTATION_CONTEXT() REPRESENTATION_CONTEXT('2D SPACE',''
  ) );
#361 = ORIENTED_EDGE('',*,*,#362,.T.);
#362 = EDGE_CURVE('',#335,#363,#365,.T.);
#363 = VERTEX_POINT('',#364);
#364 = CARTESIAN_POINT('',(-16.45852058965,6.7,-0.45));
#365 = SURFACE_CURVE('',#366,(#371,#378),.PCURVE_S1.);
#366 = CIRCLE('',#367,17.77);
#367 = AXIS2_PLACEMENT_3D('',#368,#369,#370);
#368 = CARTESIAN_POINT('',(0.,0.,-0.45));
#369 = DIRECTION('',(0.,0.,1.));
#370 = DIRECTION('',(1.,0.,-0.));
#371 = PCURVE('',#33,#372);
#372 = DEFINITIONAL_REPRESENTATION('',(#373),#377);
#373 = CIRCLE('',#374,17.77);
#374 = AXIS2_PLACEMENT_2D('',#375,#376);
#375 = CARTESIAN_POINT('',(0.,0.));
#376 = DIRECTION('',(1.,0.));
#377 = ( GEOMETRIC_REPRESENTATION_CONTEXT(2) 
PARAMETRIC_REPRESENTATION_CONTEXT() REPRESENTATION_CONTEXT('2D SPACE',''
  ) );
#378 = PCURVE('',#379,#384);
#379 = CYLINDRICAL_SURFACE('',#380,17.77);
#380 = AXIS2_PLACEMENT_3D('',#381,#382,#383);
#381 = CARTESIAN_POINT('',(0.,0.,-0.45));
#382 = DIRECTION('',(0.,0.,1.));
#383 = DIRECTION('',(1.,0.,-0.));
#384 = DEFINITIONAL_REPRESENTATION('',(#385),#388);
#385 = B_SPLINE_CURVE_WITH_KNOTS('',1,(#386,#387),.UNSPECIFIED.,.F.,.F.,
  (2,2),(1.797840436355,2.754994357236),.PIECEWISE_BEZIER_KNOTS.);
#386 = CARTESIAN_POINT('',(1.797840436355,0.));
#387 = CARTESIAN_POINT('',(2.754994357236,0.));
#388 = ( GEOMETRIC_REPRESENTATION_CONTEXT(2) 
PARAMETRIC_REPRESENTATION_CONTEXT() REPRESENTATION_CONTEXT('2D SPACE',''
  ) );
#389 = ORIENTED_EDGE('',*,*,#390,.F.);
#390 = EDGE_CURVE('',#24,#363,#391,.T.);
#391 = SURFACE_CURVE('',#392,(#396,#403),.PCURVE_S1.);
#392 = LINE('',#393,#394);
#393 = CARTESIAN_POINT('',(-15.,6.7,-0.45));
#394 = VECTOR('',#395,1.);
#395 = DIRECTION('',(-1.,-0.,0.));
#396 = PCURVE('',#33,#397);
#397 = DEFINITIONAL_REPRESENTATION('',(#398),#402);
#398 = LINE('',#399,#400);
#399 = CARTESIAN_POINT('',(-15.,6.7));
#400 = VECTOR('',#401,1.);
#401 = DIRECTION('',(-1.,0.));
#402 = ( GEOMETRIC_REPRESENTATION_CONTEXT(2) 
PARAMETRIC_REPRESENTATION_CONTEXT() REPRESENTATION_CONTEXT('2D SPACE',''
  ) );
#403 = PCURVE('',#404,#409);
#404 = PLANE('',#405);
#405 = AXIS2_PLACEMENT_3D('',#406,#407,#408);
#406 = CARTESIAN_POINT('',(-30.,6.7,-1.45));
#407 = DIRECTION('',(-0.,1.,0.));
#408 = DIRECTION('',(0.,0.,1.));
#409 = DEFINITIONAL_REPRESENTATION('',(#410),#413);
#410 = B_SPLINE_CURVE_WITH_KNOTS('',1,(#411,#412),.UNSPECIFIED.,.F.,.F.,
  (2,2),(-5.,2.77),.PIECEWISE_BEZIER_KNOTS.);
#411 = CARTESIAN_POINT('',(1.,20.));
#412 = CARTESIAN_POINT('',(1.,12.23));
#413 = ( GEOMETRIC_REPRESENTATION_CONTEXT(2) 
PARAMETRIC_REPRESENTATION_CONTEXT() REPRESENTATION_CONTEXT('2D SPACE',''
  ) );
#414 = ADVANCED_FACE('',(#415),#45,.F.);
#415 = FACE_BOUND('',#416,.F.);
#416 = EDGE_LOOP('',(#417,#439,#440,#461));
#417 = ORIENTED_EDGE('',*,*,#418,.F.);
#418 = EDGE_CURVE('',#22,#419,#421,.T.);
#419 = VERTEX_POINT('',#420);
#420 = CARTESIAN_POINT('',(6.078696647442E-15,15.62,-0.1));
#421 = SURFACE_CURVE('',#422,(#426,#432),.PCURVE_S1.);
#422 = LINE('',#423,#424);
#423 = CARTESIAN_POINT('',(0.,15.62,-0.45));
#424 = VECTOR('',#425,1.);
#425 = DIRECTION('',(0.,0.,1.));
#426 = PCURVE('',#45,#427);
#427 = DEFINITIONAL_REPRESENTATION('',(#428),#431);
#428 = B_SPLINE_CURVE_WITH_KNOTS('',1,(#429,#430),.UNSPECIFIED.,.F.,.F.,
  (2,2),(-6.000000000173E-07,0.3500006),.PIECEWISE_BEZIER_KNOTS.);
#429 = CARTESIAN_POINT('',(7.853981633974,-6.000000000173E-07));
#430 = CARTESIAN_POINT('',(7.853981633974,0.3500006));
#431 = ( GEOMETRIC_REPRESENTATION_CONTEXT(2) 
PARAMETRIC_REPRESENTATION_CONTEXT() REPRESENTATION_CONTEXT('2D SPACE',''
  ) );
#432 = PCURVE('',#73,#433);
#433 = DEFINITIONAL_REPRESENTATION('',(#434),#438);
#434 = LINE('',#435,#436);
#435 = CARTESIAN_POINT('',(4.55,-55.62));
#436 = VECTOR('',#437,1.);
#437 = DIRECTION('',(1.,0.));
#438 = ( GEOMETRIC_REPRESENTATION_CONTEXT(2) 
PARAMETRIC_REPRESENTATION_CONTEXT() REPRESENTATION_CONTEXT('2D SPACE',''
  ) );
#439 = ORIENTED_EDGE('',*,*,#21,.T.);
#440 = ORIENTED_EDGE('',*,*,#441,.T.);
#441 = EDGE_CURVE('',#24,#442,#444,.T.);
#442 = VERTEX_POINT('',#443);
#443 = CARTESIAN_POINT('',(-14.11008150224,6.7,-0.1));
#444 = SURFACE_CURVE('',#445,(#449,#455),.PCURVE_S1.);
#445 = LINE('',#446,#447);
#446 = CARTESIAN_POINT('',(-14.11008150224,6.7,-0.45));
#447 = VECTOR('',#448,1.);
#448 = DIRECTION('',(0.,0.,1.));
#449 = PCURVE('',#45,#450);
#450 = DEFINITIONAL_REPRESENTATION('',(#451),#454);
#451 = B_SPLINE_CURVE_WITH_KNOTS('',1,(#452,#453),.UNSPECIFIED.,.F.,.F.,
  (2,2),(0.,0.35),.PIECEWISE_BEZIER_KNOTS.);
#452 = CARTESIAN_POINT('',(8.981461976685,0.));
#453 = CARTESIAN_POINT('',(8.981461976685,0.35));
#454 = ( GEOMETRIC_REPRESENTATION_CONTEXT(2) 
PARAMETRIC_REPRESENTATION_CONTEXT() REPRESENTATION_CONTEXT('2D SPACE',''
  ) );
#455 = PCURVE('',#404,#456);
#456 = DEFINITIONAL_REPRESENTATION('',(#457),#460);
#457 = B_SPLINE_CURVE_WITH_KNOTS('',1,(#458,#459),.UNSPECIFIED.,.F.,.F.,
  (2,2),(-6.000000000173E-07,0.3500006),.PIECEWISE_BEZIER_KNOTS.);
#458 = CARTESIAN_POINT('',(0.9999994,15.889918497755));
#459 = CARTESIAN_POINT('',(1.3500006,15.889918497755));
#460 = ( GEOMETRIC_REPRESENTATION_CONTEXT(2) 
PARAMETRIC_REPRESENTATION_CONTEXT() REPRESENTATION_CONTEXT('2D SPACE',''
  ) );
#461 = ORIENTED_EDGE('',*,*,#462,.F.);
#462 = EDGE_CURVE('',#419,#442,#463,.T.);
#463 = SURFACE_CURVE('',#464,(#469,#476),.PCURVE_S1.);
#464 = CIRCLE('',#465,15.62);
#465 = AXIS2_PLACEMENT_3D('',#466,#467,#468);
#466 = CARTESIAN_POINT('',(0.,0.,-0.1));
#467 = DIRECTION('',(0.,0.,1.));
#468 = DIRECTION('',(-0.903334283114,-0.428937259923,0.));
#469 = PCURVE('',#45,#470);
#470 = DEFINITIONAL_REPRESENTATION('',(#471),#475);
#471 = LINE('',#472,#473);
#472 = CARTESIAN_POINT('',(3.584908637674,0.35));
#473 = VECTOR('',#474,1.);
#474 = DIRECTION('',(1.,0.));
#475 = ( GEOMETRIC_REPRESENTATION_CONTEXT(2) 
PARAMETRIC_REPRESENTATION_CONTEXT() REPRESENTATION_CONTEXT('2D SPACE',''
  ) );
#476 = PCURVE('',#477,#482);
#477 = PLANE('',#478);
#478 = AXIS2_PLACEMENT_3D('',#479,#480,#481);
#479 = CARTESIAN_POINT('',(0.,0.,-0.1));
#480 = DIRECTION('',(0.,0.,1.));
#481 = DIRECTION('',(1.,0.,-0.));
#482 = DEFINITIONAL_REPRESENTATION('',(#483),#487);
#483 = CIRCLE('',#484,15.62);
#484 = AXIS2_PLACEMENT_2D('',#485,#486);
#485 = CARTESIAN_POINT('',(0.,0.));
#486 = DIRECTION('',(-0.903334283114,-0.428937259923));
#487 = ( GEOMETRIC_REPRESENTATION_CONTEXT(2) 
PARAMETRIC_REPRESENTATION_CONTEXT() REPRESENTATION_CONTEXT('2D SPACE',''
  ) );
#488 = ADVANCED_FACE('',(#489),#73,.T.);
#489 = FACE_BOUND('',#490,.T.);
#490 = EDGE_LOOP('',(#491,#492,#493,#515,#543,#563,#564,#586,#613,#640,
    #667,#694,#721,#748,#775,#802,#829,#856));
#491 = ORIENTED_EDGE('',*,*,#418,.F.);
#492 = ORIENTED_EDGE('',*,*,#57,.T.);
#493 = ORIENTED_EDGE('',*,*,#494,.T.);
#494 = EDGE_CURVE('',#58,#495,#497,.T.);
#495 = VERTEX_POINT('',#496);
#496 = CARTESIAN_POINT('',(0.,17.2,6.));
#497 = SURFACE_CURVE('',#498,(#502,#509),.PCURVE_S1.);
#498 = LINE('',#499,#500);
#499 = CARTESIAN_POINT('',(0.,17.2,-2.725));
#500 = VECTOR('',#501,1.);
#501 = DIRECTION('',(0.,0.,1.));
#502 = PCURVE('',#73,#503);
#503 = DEFINITIONAL_REPRESENTATION('',(#504),#508);
#504 = LINE('',#505,#506);
#505 = CARTESIAN_POINT('',(2.275,-57.2));
#506 = VECTOR('',#507,1.);
#507 = DIRECTION('',(1.,0.));
#508 = ( GEOMETRIC_REPRESENTATION_CONTEXT(2) 
PARAMETRIC_REPRESENTATION_CONTEXT() REPRESENTATION_CONTEXT('2D SPACE',''
  ) );
#509 = PCURVE('',#101,#510);
#510 = DEFINITIONAL_REPRESENTATION('',(#511),#514);
#511 = B_SPLINE_CURVE_WITH_KNOTS('',1,(#512,#513),.UNSPECIFIED.,.F.,.F.,
  (2,2),(2.275,8.725),.PIECEWISE_BEZIER_KNOTS.);
#512 = CARTESIAN_POINT('',(0.,1.));
#513 = CARTESIAN_POINT('',(6.45,1.));
#514 = ( GEOMETRIC_REPRESENTATION_CONTEXT(2) 
PARAMETRIC_REPRESENTATION_CONTEXT() REPRESENTATION_CONTEXT('2D SPACE',''
  ) );
#515 = ORIENTED_EDGE('',*,*,#516,.F.);
#516 = EDGE_CURVE('',#517,#495,#519,.T.);
#517 = VERTEX_POINT('',#518);
#518 = CARTESIAN_POINT('',(0.,19.,6.));
#519 = SURFACE_CURVE('',#520,(#524,#531),.PCURVE_S1.);
#520 = LINE('',#521,#522);
#521 = CARTESIAN_POINT('',(0.,-11.4,6.));
#522 = VECTOR('',#523,1.);
#523 = DIRECTION('',(0.,-1.,0.));
#524 = PCURVE('',#73,#525);
#525 = DEFINITIONAL_REPRESENTATION('',(#526),#530);
#526 = LINE('',#527,#528);
#527 = CARTESIAN_POINT('',(11.,-28.6));
#528 = VECTOR('',#529,1.);
#529 = DIRECTION('',(0.,1.));
#530 = ( GEOMETRIC_REPRESENTATION_CONTEXT(2) 
PARAMETRIC_REPRESENTATION_CONTEXT() REPRESENTATION_CONTEXT('2D SPACE',''
  ) );
#531 = PCURVE('',#532,#537);
#532 = PLANE('',#533);
#533 = AXIS2_PLACEMENT_3D('',#534,#535,#536);
#534 = CARTESIAN_POINT('',(-1.,17.2,6.));
#535 = DIRECTION('',(0.,0.,1.));
#536 = DIRECTION('',(1.,0.,-0.));
#537 = DEFINITIONAL_REPRESENTATION('',(#538),#542);
#538 = LINE('',#539,#540);
#539 = CARTESIAN_POINT('',(1.,-28.6));
#540 = VECTOR('',#541,1.);
#541 = DIRECTION('',(0.,-1.));
#542 = ( GEOMETRIC_REPRESENTATION_CONTEXT(2) 
PARAMETRIC_REPRESENTATION_CONTEXT() REPRESENTATION_CONTEXT('2D SPACE',''
  ) );
#543 = ORIENTED_EDGE('',*,*,#544,.F.);
#544 = EDGE_CURVE('',#256,#517,#545,.T.);
#545 = SURFACE_CURVE('',#546,(#550,#557),.PCURVE_S1.);
#546 = LINE('',#547,#548);
#547 = CARTESIAN_POINT('',(0.,19.,-2.725));
#548 = VECTOR('',#549,1.);
#549 = DIRECTION('',(0.,0.,1.));
#550 = PCURVE('',#73,#551);
#551 = DEFINITIONAL_REPRESENTATION('',(#552),#556);
#552 = LINE('',#553,#554);
#553 = CARTESIAN_POINT('',(2.275,-59.));
#554 = VECTOR('',#555,1.);
#555 = DIRECTION('',(1.,0.));
#556 = ( GEOMETRIC_REPRESENTATION_CONTEXT(2) 
PARAMETRIC_REPRESENTATION_CONTEXT() REPRESENTATION_CONTEXT('2D SPACE',''
  ) );
#557 = PCURVE('',#271,#558);
#558 = DEFINITIONAL_REPRESENTATION('',(#559),#562);
#559 = B_SPLINE_CURVE_WITH_KNOTS('',1,(#560,#561),.UNSPECIFIED.,.F.,.F.,
  (2,2),(2.275,8.725),.PIECEWISE_BEZIER_KNOTS.);
#560 = CARTESIAN_POINT('',(0.,1.));
#561 = CARTESIAN_POINT('',(6.45,1.));
#562 = ( GEOMETRIC_REPRESENTATION_CONTEXT(2) 
PARAMETRIC_REPRESENTATION_CONTEXT() REPRESENTATION_CONTEXT('2D SPACE',''
  ) );
#563 = ORIENTED_EDGE('',*,*,#283,.T.);
#564 = ORIENTED_EDGE('',*,*,#565,.F.);
#565 = EDGE_CURVE('',#566,#284,#568,.T.);
#566 = VERTEX_POINT('',#567);
#567 = CARTESIAN_POINT('',(0.,20.2,9.05));
#568 = SURFACE_CURVE('',#569,(#573,#580),.PCURVE_S1.);
#569 = LINE('',#570,#571);
#570 = CARTESIAN_POINT('',(0.,20.2,-2.725));
#571 = VECTOR('',#572,1.);
#572 = DIRECTION('',(-0.,0.,-1.));
#573 = PCURVE('',#73,#574);
#574 = DEFINITIONAL_REPRESENTATION('',(#575),#579);
#575 = LINE('',#576,#577);
#576 = CARTESIAN_POINT('',(2.275,-60.2));
#577 = VECTOR('',#578,1.);
#578 = DIRECTION('',(-1.,-0.));
#579 = ( GEOMETRIC_REPRESENTATION_CONTEXT(2) 
PARAMETRIC_REPRESENTATION_CONTEXT() REPRESENTATION_CONTEXT('2D SPACE',''
  ) );
#580 = PCURVE('',#322,#581);
#581 = DEFINITIONAL_REPRESENTATION('',(#582),#585);
#582 = B_SPLINE_CURVE_WITH_KNOTS('',1,(#583,#584),.UNSPECIFIED.,.F.,.F.,
  (2,2),(-11.775,-2.275),.PIECEWISE_BEZIER_KNOTS.);
#583 = CARTESIAN_POINT('',(9.5,4.));
#584 = CARTESIAN_POINT('',(0.,4.));
#585 = ( GEOMETRIC_REPRESENTATION_CONTEXT(2) 
PARAMETRIC_REPRESENTATION_CONTEXT() REPRESENTATION_CONTEXT('2D SPACE',''
  ) );
#586 = ORIENTED_EDGE('',*,*,#587,.F.);
#587 = EDGE_CURVE('',#588,#566,#590,.T.);
#588 = VERTEX_POINT('',#589);
#589 = CARTESIAN_POINT('',(1.615769648343E-15,16.85,9.05));
#590 = SURFACE_CURVE('',#591,(#595,#602),.PCURVE_S1.);
#591 = LINE('',#592,#593);
#592 = CARTESIAN_POINT('',(0.,-20.,9.05));
#593 = VECTOR('',#594,1.);
#594 = DIRECTION('',(-0.,1.,0.));
#595 = PCURVE('',#73,#596);
#596 = DEFINITIONAL_REPRESENTATION('',(#597),#601);
#597 = LINE('',#598,#599);
#598 = CARTESIAN_POINT('',(14.05,-20.));
#599 = VECTOR('',#600,1.);
#600 = DIRECTION('',(0.,-1.));
#601 = ( GEOMETRIC_REPRESENTATION_CONTEXT(2) 
PARAMETRIC_REPRESENTATION_CONTEXT() REPRESENTATION_CONTEXT('2D SPACE',''
  ) );
#602 = PCURVE('',#603,#608);
#603 = PLANE('',#604);
#604 = AXIS2_PLACEMENT_3D('',#605,#606,#607);
#605 = CARTESIAN_POINT('',(0.,0.,9.05));
#606 = DIRECTION('',(0.,0.,1.));
#607 = DIRECTION('',(1.,0.,-0.));
#608 = DEFINITIONAL_REPRESENTATION('',(#609),#612);
#609 = B_SPLINE_CURVE_WITH_KNOTS('',1,(#610,#611),.UNSPECIFIED.,.F.,.F.,
  (2,2),(-0.2,40.2),.PIECEWISE_BEZIER_KNOTS.);
#610 = CARTESIAN_POINT('',(0.,-20.2));
#611 = CARTESIAN_POINT('',(0.,20.2));
#612 = ( GEOMETRIC_REPRESENTATION_CONTEXT(2) 
PARAMETRIC_REPRESENTATION_CONTEXT() REPRESENTATION_CONTEXT('2D SPACE',''
  ) );
#613 = ORIENTED_EDGE('',*,*,#614,.T.);
#614 = EDGE_CURVE('',#588,#615,#617,.T.);
#615 = VERTEX_POINT('',#616);
#616 = CARTESIAN_POINT('',(1.031764928282E-15,16.85,10.45));
#617 = SURFACE_CURVE('',#618,(#622,#629),.PCURVE_S1.);
#618 = LINE('',#619,#620);
#619 = CARTESIAN_POINT('',(0.,16.85,9.05));
#620 = VECTOR('',#621,1.);
#621 = DIRECTION('',(0.,0.,1.));
#622 = PCURVE('',#73,#623);
#623 = DEFINITIONAL_REPRESENTATION('',(#624),#628);
#624 = LINE('',#625,#626);
#625 = CARTESIAN_POINT('',(14.05,-56.85));
#626 = VECTOR('',#627,1.);
#627 = DIRECTION('',(1.,0.));
#628 = ( GEOMETRIC_REPRESENTATION_CONTEXT(2) 
PARAMETRIC_REPRESENTATION_CONTEXT() REPRESENTATION_CONTEXT('2D SPACE',''
  ) );
#629 = PCURVE('',#630,#635);
#630 = CYLINDRICAL_SURFACE('',#631,16.85);
#631 = AXIS2_PLACEMENT_3D('',#632,#633,#634);
#632 = CARTESIAN_POINT('',(0.,0.,9.05));
#633 = DIRECTION('',(0.,0.,1.));
#634 = DIRECTION('',(1.,0.,-0.));
#635 = DEFINITIONAL_REPRESENTATION('',(#636),#639);
#636 = B_SPLINE_CURVE_WITH_KNOTS('',1,(#637,#638),.UNSPECIFIED.,.F.,.F.,
  (2,2),(-5.999999999062E-07,2.4000006),.PIECEWISE_BEZIER_KNOTS.);
#637 = CARTESIAN_POINT('',(1.570796326795,-5.999999999062E-07));
#638 = CARTESIAN_POINT('',(1.570796326795,2.4000006));
#639 = ( GEOMETRIC_REPRESENTATION_CONTEXT(2) 
PARAMETRIC_REPRESENTATION_CONTEXT() REPRESENTATION_CONTEXT('2D SPACE',''
  ) );
#640 = ORIENTED_EDGE('',*,*,#641,.T.);
#641 = EDGE_CURVE('',#615,#642,#644,.T.);
#642 = VERTEX_POINT('',#643);
#643 = CARTESIAN_POINT('',(1.089935651241E-15,17.8,10.45));
#644 = SURFACE_CURVE('',#645,(#649,#656),.PCURVE_S1.);
#645 = LINE('',#646,#647);
#646 = CARTESIAN_POINT('',(0.,-13.68867730481,10.45));
#647 = VECTOR('',#648,1.);
#648 = DIRECTION('',(-0.,1.,0.));
#649 = PCURVE('',#73,#650);
#650 = DEFINITIONAL_REPRESENTATION('',(#651),#655);
#651 = LINE('',#652,#653);
#652 = CARTESIAN_POINT('',(15.45,-26.31132269518));
#653 = VECTOR('',#654,1.);
#654 = DIRECTION('',(0.,-1.));
#655 = ( GEOMETRIC_REPRESENTATION_CONTEXT(2) 
PARAMETRIC_REPRESENTATION_CONTEXT() REPRESENTATION_CONTEXT('2D SPACE',''
  ) );
#656 = PCURVE('',#657,#662);
#657 = PLANE('',#658);
#658 = AXIS2_PLACEMENT_3D('',#659,#660,#661);
#659 = CARTESIAN_POINT('',(1.661802791801,12.622645390364,10.45));
#660 = DIRECTION('',(0.,0.,1.));
#661 = DIRECTION('',(1.,0.,-0.));
#662 = DEFINITIONAL_REPRESENTATION('',(#663),#666);
#663 = B_SPLINE_CURVE_WITH_KNOTS('',1,(#664,#665),.UNSPECIFIED.,.F.,.F.,
  (2,2),(29.199184085492,31.488677304818),.PIECEWISE_BEZIER_KNOTS.);
#664 = CARTESIAN_POINT('',(-1.661802791801,2.88786139031));
#665 = CARTESIAN_POINT('',(-1.661802791801,5.177354609636));
#666 = ( GEOMETRIC_REPRESENTATION_CONTEXT(2) 
PARAMETRIC_REPRESENTATION_CONTEXT() REPRESENTATION_CONTEXT('2D SPACE',''
  ) );
#667 = ORIENTED_EDGE('',*,*,#668,.T.);
#668 = EDGE_CURVE('',#642,#669,#671,.T.);
#669 = VERTEX_POINT('',#670);
#670 = CARTESIAN_POINT('',(-1.718910065318E-14,17.8,11.45));
#671 = SURFACE_CURVE('',#672,(#676,#683),.PCURVE_S1.);
#672 = LINE('',#673,#674);
#673 = CARTESIAN_POINT('',(0.,17.8,9.05));
#674 = VECTOR('',#675,1.);
#675 = DIRECTION('',(0.,0.,1.));
#676 = PCURVE('',#73,#677);
#677 = DEFINITIONAL_REPRESENTATION('',(#678),#682);
#678 = LINE('',#679,#680);
#679 = CARTESIAN_POINT('',(14.05,-57.8));
#680 = VECTOR('',#681,1.);
#681 = DIRECTION('',(1.,0.));
#682 = ( GEOMETRIC_REPRESENTATION_CONTEXT(2) 
PARAMETRIC_REPRESENTATION_CONTEXT() REPRESENTATION_CONTEXT('2D SPACE',''
  ) );
#683 = PCURVE('',#684,#689);
#684 = CYLINDRICAL_SURFACE('',#685,17.8);
#685 = AXIS2_PLACEMENT_3D('',#686,#687,#688);
#686 = CARTESIAN_POINT('',(0.,0.,9.05));
#687 = DIRECTION('',(0.,0.,1.));
#688 = DIRECTION('',(1.,0.,-0.));
#689 = DEFINITIONAL_REPRESENTATION('',(#690),#693);
#690 = B_SPLINE_CURVE_WITH_KNOTS('',1,(#691,#692),.UNSPECIFIED.,.F.,.F.,
  (2,2),(-5.999999999062E-07,2.4000006),.PIECEWISE_BEZIER_KNOTS.);
#691 = CARTESIAN_POINT('',(1.570796326795,-5.999999999062E-07));
#692 = CARTESIAN_POINT('',(1.570796326795,2.4000006));
#693 = ( GEOMETRIC_REPRESENTATION_CONTEXT(2) 
PARAMETRIC_REPRESENTATION_CONTEXT() REPRESENTATION_CONTEXT('2D SPACE',''
  ) );
#694 = ORIENTED_EDGE('',*,*,#695,.F.);
#695 = EDGE_CURVE('',#696,#669,#698,.T.);
#696 = VERTEX_POINT('',#697);
#697 = CARTESIAN_POINT('',(9.919639073094E-16,16.2,11.45));
#698 = SURFACE_CURVE('',#699,(#703,#710),.PCURVE_S1.);
#699 = LINE('',#700,#701);
#700 = CARTESIAN_POINT('',(0.,-20.,11.45));
#701 = VECTOR('',#702,1.);
#702 = DIRECTION('',(-0.,1.,0.));
#703 = PCURVE('',#73,#704);
#704 = DEFINITIONAL_REPRESENTATION('',(#705),#709);
#705 = LINE('',#706,#707);
#706 = CARTESIAN_POINT('',(16.45,-20.));
#707 = VECTOR('',#708,1.);
#708 = DIRECTION('',(0.,-1.));
#709 = ( GEOMETRIC_REPRESENTATION_CONTEXT(2) 
PARAMETRIC_REPRESENTATION_CONTEXT() REPRESENTATION_CONTEXT('2D SPACE',''
  ) );
#710 = PCURVE('',#711,#716);
#711 = PLANE('',#712);
#712 = AXIS2_PLACEMENT_3D('',#713,#714,#715);
#713 = CARTESIAN_POINT('',(0.,0.,11.45));
#714 = DIRECTION('',(0.,0.,1.));
#715 = DIRECTION('',(1.,0.,-0.));
#716 = DEFINITIONAL_REPRESENTATION('',(#717),#720);
#717 = B_SPLINE_CURVE_WITH_KNOTS('',1,(#718,#719),.UNSPECIFIED.,.F.,.F.,
  (2,2),(2.2,37.8),.PIECEWISE_BEZIER_KNOTS.);
#718 = CARTESIAN_POINT('',(0.,-17.8));
#719 = CARTESIAN_POINT('',(0.,17.8));
#720 = ( GEOMETRIC_REPRESENTATION_CONTEXT(2) 
PARAMETRIC_REPRESENTATION_CONTEXT() REPRESENTATION_CONTEXT('2D SPACE',''
  ) );
#721 = ORIENTED_EDGE('',*,*,#722,.F.);
#722 = EDGE_CURVE('',#723,#696,#725,.T.);
#723 = VERTEX_POINT('',#724);
#724 = CARTESIAN_POINT('',(9.919639073094E-16,16.2,9.05));
#725 = SURFACE_CURVE('',#726,(#730,#737),.PCURVE_S1.);
#726 = LINE('',#727,#728);
#727 = CARTESIAN_POINT('',(0.,16.2,9.05));
#728 = VECTOR('',#729,1.);
#729 = DIRECTION('',(0.,0.,1.));
#730 = PCURVE('',#73,#731);
#731 = DEFINITIONAL_REPRESENTATION('',(#732),#736);
#732 = LINE('',#733,#734);
#733 = CARTESIAN_POINT('',(14.05,-56.2));
#734 = VECTOR('',#735,1.);
#735 = DIRECTION('',(1.,0.));
#736 = ( GEOMETRIC_REPRESENTATION_CONTEXT(2) 
PARAMETRIC_REPRESENTATION_CONTEXT() REPRESENTATION_CONTEXT('2D SPACE',''
  ) );
#737 = PCURVE('',#738,#743);
#738 = CYLINDRICAL_SURFACE('',#739,16.2);
#739 = AXIS2_PLACEMENT_3D('',#740,#741,#742);
#740 = CARTESIAN_POINT('',(0.,0.,9.05));
#741 = DIRECTION('',(0.,0.,1.));
#742 = DIRECTION('',(1.,0.,-0.));
#743 = DEFINITIONAL_REPRESENTATION('',(#744),#747);
#744 = B_SPLINE_CURVE_WITH_KNOTS('',1,(#745,#746),.UNSPECIFIED.,.F.,.F.,
  (2,2),(-5.999999999062E-07,2.4000006),.PIECEWISE_BEZIER_KNOTS.);
#745 = CARTESIAN_POINT('',(1.570796326795,-5.999999999062E-07));
#746 = CARTESIAN_POINT('',(1.570796326795,2.4000006));
#747 = ( GEOMETRIC_REPRESENTATION_CONTEXT(2) 
PARAMETRIC_REPRESENTATION_CONTEXT() REPRESENTATION_CONTEXT('2D SPACE',''
  ) );
#748 = ORIENTED_EDGE('',*,*,#749,.F.);
#749 = EDGE_CURVE('',#750,#723,#752,.T.);
#750 = VERTEX_POINT('',#751);
#751 = CARTESIAN_POINT('',(9.521628863371E-16,15.55,9.05));
#752 = SURFACE_CURVE('',#753,(#757,#764),.PCURVE_S1.);
#753 = LINE('',#754,#755);
#754 = CARTESIAN_POINT('',(0.,-20.,9.05));
#755 = VECTOR('',#756,1.);
#756 = DIRECTION('',(-0.,1.,0.));
#757 = PCURVE('',#73,#758);
#758 = DEFINITIONAL_REPRESENTATION('',(#759),#763);
#759 = LINE('',#760,#761);
#760 = CARTESIAN_POINT('',(14.05,-20.));
#761 = VECTOR('',#762,1.);
#762 = DIRECTION('',(0.,-1.));
#763 = ( GEOMETRIC_REPRESENTATION_CONTEXT(2) 
PARAMETRIC_REPRESENTATION_CONTEXT() REPRESENTATION_CONTEXT('2D SPACE',''
  ) );
#764 = PCURVE('',#765,#770);
#765 = PLANE('',#766);
#766 = AXIS2_PLACEMENT_3D('',#767,#768,#769);
#767 = CARTESIAN_POINT('',(0.,0.,9.05));
#768 = DIRECTION('',(0.,0.,1.));
#769 = DIRECTION('',(1.,0.,-0.));
#770 = DEFINITIONAL_REPRESENTATION('',(#771),#774);
#771 = B_SPLINE_CURVE_WITH_KNOTS('',1,(#772,#773),.UNSPECIFIED.,.F.,.F.,
  (2,2),(-0.2,40.2),.PIECEWISE_BEZIER_KNOTS.);
#772 = CARTESIAN_POINT('',(0.,-20.2));
#773 = CARTESIAN_POINT('',(0.,20.2));
#774 = ( GEOMETRIC_REPRESENTATION_CONTEXT(2) 
PARAMETRIC_REPRESENTATION_CONTEXT() REPRESENTATION_CONTEXT('2D SPACE',''
  ) );
#775 = ORIENTED_EDGE('',*,*,#776,.F.);
#776 = EDGE_CURVE('',#777,#750,#779,.T.);
#777 = VERTEX_POINT('',#778);
#778 = CARTESIAN_POINT('',(9.521628863371E-16,15.55,7.85));
#779 = SURFACE_CURVE('',#780,(#784,#791),.PCURVE_S1.);
#780 = LINE('',#781,#782);
#781 = CARTESIAN_POINT('',(0.,15.55,7.85));
#782 = VECTOR('',#783,1.);
#783 = DIRECTION('',(0.,0.,1.));
#784 = PCURVE('',#73,#785);
#785 = DEFINITIONAL_REPRESENTATION('',(#786),#790);
#786 = LINE('',#787,#788);
#787 = CARTESIAN_POINT('',(12.85,-55.55));
#788 = VECTOR('',#789,1.);
#789 = DIRECTION('',(1.,0.));
#790 = ( GEOMETRIC_REPRESENTATION_CONTEXT(2) 
PARAMETRIC_REPRESENTATION_CONTEXT() REPRESENTATION_CONTEXT('2D SPACE',''
  ) );
#791 = PCURVE('',#792,#797);
#792 = CYLINDRICAL_SURFACE('',#793,15.55);
#793 = AXIS2_PLACEMENT_3D('',#794,#795,#796);
#794 = CARTESIAN_POINT('',(0.,0.,7.85));
#795 = DIRECTION('',(0.,0.,1.));
#796 = DIRECTION('',(1.,0.,-0.));
#797 = DEFINITIONAL_REPRESENTATION('',(#798),#801);
#798 = B_SPLINE_CURVE_WITH_KNOTS('',1,(#799,#800),.UNSPECIFIED.,.F.,.F.,
  (2,2),(-5.999999999062E-07,1.2000006),.PIECEWISE_BEZIER_KNOTS.);
#799 = CARTESIAN_POINT('',(1.570796326795,-5.999999999062E-07));
#800 = CARTESIAN_POINT('',(1.570796326795,1.2000006));
#801 = ( GEOMETRIC_REPRESENTATION_CONTEXT(2) 
PARAMETRIC_REPRESENTATION_CONTEXT() REPRESENTATION_CONTEXT('2D SPACE',''
  ) );
#802 = ORIENTED_EDGE('',*,*,#803,.T.);
#803 = EDGE_CURVE('',#777,#804,#806,.T.);
#804 = VERTEX_POINT('',#805);
#805 = CARTESIAN_POINT('',(1.271263285906E-15,16.22,7.85));
#806 = SURFACE_CURVE('',#807,(#811,#818),.PCURVE_S1.);
#807 = LINE('',#808,#809);
#808 = CARTESIAN_POINT('',(0.,-23.35,7.85));
#809 = VECTOR('',#810,1.);
#810 = DIRECTION('',(-0.,1.,0.));
#811 = PCURVE('',#73,#812);
#812 = DEFINITIONAL_REPRESENTATION('',(#813),#817);
#813 = LINE('',#814,#815);
#814 = CARTESIAN_POINT('',(12.85,-16.65));
#815 = VECTOR('',#816,1.);
#816 = DIRECTION('',(0.,-1.));
#817 = ( GEOMETRIC_REPRESENTATION_CONTEXT(2) 
PARAMETRIC_REPRESENTATION_CONTEXT() REPRESENTATION_CONTEXT('2D SPACE',''
  ) );
#818 = PCURVE('',#819,#824);
#819 = PLANE('',#820);
#820 = AXIS2_PLACEMENT_3D('',#821,#822,#823);
#821 = CARTESIAN_POINT('',(-30.,-6.7,7.85));
#822 = DIRECTION('',(0.,0.,1.));
#823 = DIRECTION('',(1.,0.,-0.));
#824 = DEFINITIONAL_REPRESENTATION('',(#825),#828);
#825 = B_SPLINE_CURVE_WITH_KNOTS('',1,(#826,#827),.UNSPECIFIED.,.F.,.F.,
  (2,2),(7.13,39.57),.PIECEWISE_BEZIER_KNOTS.);
#826 = CARTESIAN_POINT('',(30.,-9.52));
#827 = CARTESIAN_POINT('',(30.,22.92));
#828 = ( GEOMETRIC_REPRESENTATION_CONTEXT(2) 
PARAMETRIC_REPRESENTATION_CONTEXT() REPRESENTATION_CONTEXT('2D SPACE',''
  ) );
#829 = ORIENTED_EDGE('',*,*,#830,.F.);
#830 = EDGE_CURVE('',#831,#804,#833,.T.);
#831 = VERTEX_POINT('',#832);
#832 = CARTESIAN_POINT('',(1.232652395704E-14,16.22,-0.1));
#833 = SURFACE_CURVE('',#834,(#838,#845),.PCURVE_S1.);
#834 = LINE('',#835,#836);
#835 = CARTESIAN_POINT('',(0.,16.22,-0.45));
#836 = VECTOR('',#837,1.);
#837 = DIRECTION('',(0.,0.,1.));
#838 = PCURVE('',#73,#839);
#839 = DEFINITIONAL_REPRESENTATION('',(#840),#844);
#840 = LINE('',#841,#842);
#841 = CARTESIAN_POINT('',(4.55,-56.22));
#842 = VECTOR('',#843,1.);
#843 = DIRECTION('',(1.,0.));
#844 = ( GEOMETRIC_REPRESENTATION_CONTEXT(2) 
PARAMETRIC_REPRESENTATION_CONTEXT() REPRESENTATION_CONTEXT('2D SPACE',''
  ) );
#845 = PCURVE('',#846,#851);
#846 = CYLINDRICAL_SURFACE('',#847,16.22);
#847 = AXIS2_PLACEMENT_3D('',#848,#849,#850);
#848 = CARTESIAN_POINT('',(0.,0.,-0.45));
#849 = DIRECTION('',(0.,0.,1.));
#850 = DIRECTION('',(1.,0.,-0.));
#851 = DEFINITIONAL_REPRESENTATION('',(#852),#855);
#852 = B_SPLINE_CURVE_WITH_KNOTS('',1,(#853,#854),.UNSPECIFIED.,.F.,.F.,
  (2,2),(0.3499994,8.3000006),.PIECEWISE_BEZIER_KNOTS.);
#853 = CARTESIAN_POINT('',(7.853981633974,0.3499994));
#854 = CARTESIAN_POINT('',(7.853981633974,8.3000006));
#855 = ( GEOMETRIC_REPRESENTATION_CONTEXT(2) 
PARAMETRIC_REPRESENTATION_CONTEXT() REPRESENTATION_CONTEXT('2D SPACE',''
  ) );
#856 = ORIENTED_EDGE('',*,*,#857,.F.);
#857 = EDGE_CURVE('',#419,#831,#858,.T.);
#858 = SURFACE_CURVE('',#859,(#863,#870),.PCURVE_S1.);
#859 = LINE('',#860,#861);
#860 = CARTESIAN_POINT('',(0.,-20.,-1.E-01));
#861 = VECTOR('',#862,1.);
#862 = DIRECTION('',(-0.,1.,0.));
#863 = PCURVE('',#73,#864);
#864 = DEFINITIONAL_REPRESENTATION('',(#865),#869);
#865 = LINE('',#866,#867);
#866 = CARTESIAN_POINT('',(4.9,-20.));
#867 = VECTOR('',#868,1.);
#868 = DIRECTION('',(0.,-1.));
#869 = ( GEOMETRIC_REPRESENTATION_CONTEXT(2) 
PARAMETRIC_REPRESENTATION_CONTEXT() REPRESENTATION_CONTEXT('2D SPACE',''
  ) );
#870 = PCURVE('',#477,#871);
#871 = DEFINITIONAL_REPRESENTATION('',(#872),#875);
#872 = B_SPLINE_CURVE_WITH_KNOTS('',1,(#873,#874),.UNSPECIFIED.,.F.,.F.,
  (2,2),(3.78,36.22),.PIECEWISE_BEZIER_KNOTS.);
#873 = CARTESIAN_POINT('',(0.,-16.22));
#874 = CARTESIAN_POINT('',(0.,16.22));
#875 = ( GEOMETRIC_REPRESENTATION_CONTEXT(2) 
PARAMETRIC_REPRESENTATION_CONTEXT() REPRESENTATION_CONTEXT('2D SPACE',''
  ) );
#876 = ADVANCED_FACE('',(#877),#101,.F.);
#877 = FACE_BOUND('',#878,.F.);
#878 = EDGE_LOOP('',(#879,#880,#881,#904));
#879 = ORIENTED_EDGE('',*,*,#85,.F.);
#880 = ORIENTED_EDGE('',*,*,#494,.T.);
#881 = ORIENTED_EDGE('',*,*,#882,.T.);
#882 = EDGE_CURVE('',#495,#883,#885,.T.);
#883 = VERTEX_POINT('',#884);
#884 = CARTESIAN_POINT('',(3.5,17.2,6.));
#885 = SURFACE_CURVE('',#886,(#890,#897),.PCURVE_S1.);
#886 = LINE('',#887,#888);
#887 = CARTESIAN_POINT('',(-1.,17.2,6.));
#888 = VECTOR('',#889,1.);
#889 = DIRECTION('',(1.,0.,-0.));
#890 = PCURVE('',#101,#891);
#891 = DEFINITIONAL_REPRESENTATION('',(#892),#896);
#892 = LINE('',#893,#894);
#893 = CARTESIAN_POINT('',(6.45,0.));
#894 = VECTOR('',#895,1.);
#895 = DIRECTION('',(0.,1.));
#896 = ( GEOMETRIC_REPRESENTATION_CONTEXT(2) 
PARAMETRIC_REPRESENTATION_CONTEXT() REPRESENTATION_CONTEXT('2D SPACE',''
  ) );
#897 = PCURVE('',#532,#898);
#898 = DEFINITIONAL_REPRESENTATION('',(#899),#903);
#899 = LINE('',#900,#901);
#900 = CARTESIAN_POINT('',(0.,0.));
#901 = VECTOR('',#902,1.);
#902 = DIRECTION('',(1.,0.));
#903 = ( GEOMETRIC_REPRESENTATION_CONTEXT(2) 
PARAMETRIC_REPRESENTATION_CONTEXT() REPRESENTATION_CONTEXT('2D SPACE',''
  ) );
#904 = ORIENTED_EDGE('',*,*,#905,.F.);
#905 = EDGE_CURVE('',#86,#883,#906,.T.);
#906 = SURFACE_CURVE('',#907,(#911,#918),.PCURVE_S1.);
#907 = LINE('',#908,#909);
#908 = CARTESIAN_POINT('',(3.5,17.2,-0.45));
#909 = VECTOR('',#910,1.);
#910 = DIRECTION('',(0.,0.,1.));
#911 = PCURVE('',#101,#912);
#912 = DEFINITIONAL_REPRESENTATION('',(#913),#917);
#913 = LINE('',#914,#915);
#914 = CARTESIAN_POINT('',(0.,4.5));
#915 = VECTOR('',#916,1.);
#916 = DIRECTION('',(1.,0.));
#917 = ( GEOMETRIC_REPRESENTATION_CONTEXT(2) 
PARAMETRIC_REPRESENTATION_CONTEXT() REPRESENTATION_CONTEXT('2D SPACE',''
  ) );
#918 = PCURVE('',#129,#919);
#919 = DEFINITIONAL_REPRESENTATION('',(#920),#924);
#920 = LINE('',#921,#922);
#921 = CARTESIAN_POINT('',(0.,0.));
#922 = VECTOR('',#923,1.);
#923 = DIRECTION('',(1.,0.));
#924 = ( GEOMETRIC_REPRESENTATION_CONTEXT(2) 
PARAMETRIC_REPRESENTATION_CONTEXT() REPRESENTATION_CONTEXT('2D SPACE',''
  ) );
#925 = ADVANCED_FACE('',(#926),#129,.T.);
#926 = FACE_BOUND('',#927,.T.);
#927 = EDGE_LOOP('',(#928,#929,#930,#953));
#928 = ORIENTED_EDGE('',*,*,#905,.F.);
#929 = ORIENTED_EDGE('',*,*,#113,.T.);
#930 = ORIENTED_EDGE('',*,*,#931,.T.);
#931 = EDGE_CURVE('',#114,#932,#934,.T.);
#932 = VERTEX_POINT('',#933);
#933 = CARTESIAN_POINT('',(3.5,19.,6.));
#934 = SURFACE_CURVE('',#935,(#939,#946),.PCURVE_S1.);
#935 = LINE('',#936,#937);
#936 = CARTESIAN_POINT('',(3.5,19.,-0.45));
#937 = VECTOR('',#938,1.);
#938 = DIRECTION('',(0.,0.,1.));
#939 = PCURVE('',#129,#940);
#940 = DEFINITIONAL_REPRESENTATION('',(#941),#945);
#941 = LINE('',#942,#943);
#942 = CARTESIAN_POINT('',(0.,-1.8));
#943 = VECTOR('',#944,1.);
#944 = DIRECTION('',(1.,0.));
#945 = ( GEOMETRIC_REPRESENTATION_CONTEXT(2) 
PARAMETRIC_REPRESENTATION_CONTEXT() REPRESENTATION_CONTEXT('2D SPACE',''
  ) );
#946 = PCURVE('',#157,#947);
#947 = DEFINITIONAL_REPRESENTATION('',(#948),#952);
#948 = LINE('',#949,#950);
#949 = CARTESIAN_POINT('',(0.,4.5));
#950 = VECTOR('',#951,1.);
#951 = DIRECTION('',(1.,0.));
#952 = ( GEOMETRIC_REPRESENTATION_CONTEXT(2) 
PARAMETRIC_REPRESENTATION_CONTEXT() REPRESENTATION_CONTEXT('2D SPACE',''
  ) );
#953 = ORIENTED_EDGE('',*,*,#954,.F.);
#954 = EDGE_CURVE('',#883,#932,#955,.T.);
#955 = SURFACE_CURVE('',#956,(#960,#967),.PCURVE_S1.);
#956 = LINE('',#957,#958);
#957 = CARTESIAN_POINT('',(3.5,17.2,6.));
#958 = VECTOR('',#959,1.);
#959 = DIRECTION('',(-0.,1.,0.));
#960 = PCURVE('',#129,#961);
#961 = DEFINITIONAL_REPRESENTATION('',(#962),#966);
#962 = LINE('',#963,#964);
#963 = CARTESIAN_POINT('',(6.45,0.));
#964 = VECTOR('',#965,1.);
#965 = DIRECTION('',(0.,-1.));
#966 = ( GEOMETRIC_REPRESENTATION_CONTEXT(2) 
PARAMETRIC_REPRESENTATION_CONTEXT() REPRESENTATION_CONTEXT('2D SPACE',''
  ) );
#967 = PCURVE('',#532,#968);
#968 = DEFINITIONAL_REPRESENTATION('',(#969),#973);
#969 = LINE('',#970,#971);
#970 = CARTESIAN_POINT('',(4.5,0.));
#971 = VECTOR('',#972,1.);
#972 = DIRECTION('',(0.,1.));
#973 = ( GEOMETRIC_REPRESENTATION_CONTEXT(2) 
PARAMETRIC_REPRESENTATION_CONTEXT() REPRESENTATION_CONTEXT('2D SPACE',''
  ) );
#974 = ADVANCED_FACE('',(#975),#157,.T.);
#975 = FACE_BOUND('',#976,.T.);
#976 = EDGE_LOOP('',(#977,#978,#1001,#1022));
#977 = ORIENTED_EDGE('',*,*,#141,.F.);
#978 = ORIENTED_EDGE('',*,*,#979,.T.);
#979 = EDGE_CURVE('',#142,#980,#982,.T.);
#980 = VERTEX_POINT('',#981);
#981 = CARTESIAN_POINT('',(3.,19.,6.));
#982 = SURFACE_CURVE('',#983,(#987,#994),.PCURVE_S1.);
#983 = LINE('',#984,#985);
#984 = CARTESIAN_POINT('',(3.,19.,-0.45));
#985 = VECTOR('',#986,1.);
#986 = DIRECTION('',(0.,0.,1.));
#987 = PCURVE('',#157,#988);
#988 = DEFINITIONAL_REPRESENTATION('',(#989),#993);
#989 = LINE('',#990,#991);
#990 = CARTESIAN_POINT('',(0.,4.));
#991 = VECTOR('',#992,1.);
#992 = DIRECTION('',(1.,0.));
#993 = ( GEOMETRIC_REPRESENTATION_CONTEXT(2) 
PARAMETRIC_REPRESENTATION_CONTEXT() REPRESENTATION_CONTEXT('2D SPACE',''
  ) );
#994 = PCURVE('',#186,#995);
#995 = DEFINITIONAL_REPRESENTATION('',(#996),#1000);
#996 = LINE('',#997,#998);
#997 = CARTESIAN_POINT('',(0.,-0.));
#998 = VECTOR('',#999,1.);
#999 = DIRECTION('',(0.,1.));
#1000 = ( GEOMETRIC_REPRESENTATION_CONTEXT(2) 
PARAMETRIC_REPRESENTATION_CONTEXT() REPRESENTATION_CONTEXT('2D SPACE',''
  ) );
#1001 = ORIENTED_EDGE('',*,*,#1002,.T.);
#1002 = EDGE_CURVE('',#980,#932,#1003,.T.);
#1003 = SURFACE_CURVE('',#1004,(#1008,#1015),.PCURVE_S1.);
#1004 = LINE('',#1005,#1006);
#1005 = CARTESIAN_POINT('',(-1.,19.,6.));
#1006 = VECTOR('',#1007,1.);
#1007 = DIRECTION('',(1.,0.,-0.));
#1008 = PCURVE('',#157,#1009);
#1009 = DEFINITIONAL_REPRESENTATION('',(#1010),#1014);
#1010 = LINE('',#1011,#1012);
#1011 = CARTESIAN_POINT('',(6.45,0.));
#1012 = VECTOR('',#1013,1.);
#1013 = DIRECTION('',(0.,1.));
#1014 = ( GEOMETRIC_REPRESENTATION_CONTEXT(2) 
PARAMETRIC_REPRESENTATION_CONTEXT() REPRESENTATION_CONTEXT('2D SPACE',''
  ) );
#1015 = PCURVE('',#532,#1016);
#1016 = DEFINITIONAL_REPRESENTATION('',(#1017),#1021);
#1017 = LINE('',#1018,#1019);
#1018 = CARTESIAN_POINT('',(0.,1.8));
#1019 = VECTOR('',#1020,1.);
#1020 = DIRECTION('',(1.,0.));
#1021 = ( GEOMETRIC_REPRESENTATION_CONTEXT(2) 
PARAMETRIC_REPRESENTATION_CONTEXT() REPRESENTATION_CONTEXT('2D SPACE',''
  ) );
#1022 = ORIENTED_EDGE('',*,*,#931,.F.);
#1023 = ADVANCED_FACE('',(#1024),#186,.T.);
#1024 = FACE_BOUND('',#1025,.T.);
#1025 = EDGE_LOOP('',(#1026,#1050,#1051,#1052));
#1026 = ORIENTED_EDGE('',*,*,#1027,.F.);
#1027 = EDGE_CURVE('',#980,#1028,#1030,.T.);
#1028 = VERTEX_POINT('',#1029);
#1029 = CARTESIAN_POINT('',(2.958257569496,19.2,6.));
#1030 = SURFACE_CURVE('',#1031,(#1036,#1043),.PCURVE_S1.);
#1031 = CIRCLE('',#1032,0.5);
#1032 = AXIS2_PLACEMENT_3D('',#1033,#1034,#1035);
#1033 = CARTESIAN_POINT('',(2.5,19.,6.));
#1034 = DIRECTION('',(0.,0.,1.));
#1035 = DIRECTION('',(1.,0.,-0.));
#1036 = PCURVE('',#186,#1037);
#1037 = DEFINITIONAL_REPRESENTATION('',(#1038),#1042);
#1038 = LINE('',#1039,#1040);
#1039 = CARTESIAN_POINT('',(0.,6.45));
#1040 = VECTOR('',#1041,1.);
#1041 = DIRECTION('',(1.,0.));
#1042 = ( GEOMETRIC_REPRESENTATION_CONTEXT(2) 
PARAMETRIC_REPRESENTATION_CONTEXT() REPRESENTATION_CONTEXT('2D SPACE',''
  ) );
#1043 = PCURVE('',#532,#1044);
#1044 = DEFINITIONAL_REPRESENTATION('',(#1045),#1049);
#1045 = CIRCLE('',#1046,0.5);
#1046 = AXIS2_PLACEMENT_2D('',#1047,#1048);
#1047 = CARTESIAN_POINT('',(3.5,1.8));
#1048 = DIRECTION('',(1.,0.));
#1049 = ( GEOMETRIC_REPRESENTATION_CONTEXT(2) 
PARAMETRIC_REPRESENTATION_CONTEXT() REPRESENTATION_CONTEXT('2D SPACE',''
  ) );
#1050 = ORIENTED_EDGE('',*,*,#979,.F.);
#1051 = ORIENTED_EDGE('',*,*,#169,.T.);
#1052 = ORIENTED_EDGE('',*,*,#1053,.T.);
#1053 = EDGE_CURVE('',#170,#1028,#1054,.T.);
#1054 = SURFACE_CURVE('',#1055,(#1059,#1065),.PCURVE_S1.);
#1055 = LINE('',#1056,#1057);
#1056 = CARTESIAN_POINT('',(2.958257569496,19.2,-0.45));
#1057 = VECTOR('',#1058,1.);
#1058 = DIRECTION('',(0.,0.,1.));
#1059 = PCURVE('',#186,#1060);
#1060 = DEFINITIONAL_REPRESENTATION('',(#1061),#1064);
#1061 = B_SPLINE_CURVE_WITH_KNOTS('',1,(#1062,#1063),.UNSPECIFIED.,.F.,
  .F.,(2,2),(-6.000000000173E-07,6.4500006),.PIECEWISE_BEZIER_KNOTS.);
#1062 = CARTESIAN_POINT('',(0.411516846067,-6.000000000173E-07));
#1063 = CARTESIAN_POINT('',(0.411516846067,6.4500006));
#1064 = ( GEOMETRIC_REPRESENTATION_CONTEXT(2) 
PARAMETRIC_REPRESENTATION_CONTEXT() REPRESENTATION_CONTEXT('2D SPACE',''
  ) );
#1065 = PCURVE('',#214,#1066);
#1066 = DEFINITIONAL_REPRESENTATION('',(#1067),#1070);
#1067 = B_SPLINE_CURVE_WITH_KNOTS('',1,(#1068,#1069),.UNSPECIFIED.,.F.,
  .F.,(2,2),(-6.000000000173E-07,6.4500006),.PIECEWISE_BEZIER_KNOTS.);
#1068 = CARTESIAN_POINT('',(-6.000000000173E-07,1.458257569496));
#1069 = CARTESIAN_POINT('',(6.4500006,1.458257569496));
#1070 = ( GEOMETRIC_REPRESENTATION_CONTEXT(2) 
PARAMETRIC_REPRESENTATION_CONTEXT() REPRESENTATION_CONTEXT('2D SPACE',''
  ) );
#1071 = ADVANCED_FACE('',(#1072),#214,.T.);
#1072 = FACE_BOUND('',#1073,.T.);
#1073 = EDGE_LOOP('',(#1074,#1075,#1096,#1117));
#1074 = ORIENTED_EDGE('',*,*,#198,.F.);
#1075 = ORIENTED_EDGE('',*,*,#1076,.T.);
#1076 = EDGE_CURVE('',#199,#1077,#1079,.T.);
#1077 = VERTEX_POINT('',#1078);
#1078 = CARTESIAN_POINT('',(2.041742430504,19.2,6.));
#1079 = SURFACE_CURVE('',#1080,(#1084,#1090),.PCURVE_S1.);
#1080 = LINE('',#1081,#1082);
#1081 = CARTESIAN_POINT('',(2.041742430504,19.2,-0.45));
#1082 = VECTOR('',#1083,1.);
#1083 = DIRECTION('',(0.,0.,1.));
#1084 = PCURVE('',#214,#1085);
#1085 = DEFINITIONAL_REPRESENTATION('',(#1086),#1089);
#1086 = B_SPLINE_CURVE_WITH_KNOTS('',1,(#1087,#1088),.UNSPECIFIED.,.F.,
  .F.,(2,2),(-6.000000000173E-07,6.4500006),.PIECEWISE_BEZIER_KNOTS.);
#1087 = CARTESIAN_POINT('',(-6.000000000173E-07,0.541742430504));
#1088 = CARTESIAN_POINT('',(6.4500006,0.541742430504));
#1089 = ( GEOMETRIC_REPRESENTATION_CONTEXT(2) 
PARAMETRIC_REPRESENTATION_CONTEXT() REPRESENTATION_CONTEXT('2D SPACE',''
  ) );
#1090 = PCURVE('',#243,#1091);
#1091 = DEFINITIONAL_REPRESENTATION('',(#1092),#1095);
#1092 = B_SPLINE_CURVE_WITH_KNOTS('',1,(#1093,#1094),.UNSPECIFIED.,.F.,
  .F.,(2,2),(-6.000000000173E-07,6.4500006),.PIECEWISE_BEZIER_KNOTS.);
#1093 = CARTESIAN_POINT('',(2.730075807522,-6.000000000173E-07));
#1094 = CARTESIAN_POINT('',(2.730075807522,6.4500006));
#1095 = ( GEOMETRIC_REPRESENTATION_CONTEXT(2) 
PARAMETRIC_REPRESENTATION_CONTEXT() REPRESENTATION_CONTEXT('2D SPACE',''
  ) );
#1096 = ORIENTED_EDGE('',*,*,#1097,.T.);
#1097 = EDGE_CURVE('',#1077,#1028,#1098,.T.);
#1098 = SURFACE_CURVE('',#1099,(#1103,#1110),.PCURVE_S1.);
#1099 = LINE('',#1100,#1101);
#1100 = CARTESIAN_POINT('',(1.5,19.2,6.));
#1101 = VECTOR('',#1102,1.);
#1102 = DIRECTION('',(1.,0.,-0.));
#1103 = PCURVE('',#214,#1104);
#1104 = DEFINITIONAL_REPRESENTATION('',(#1105),#1109);
#1105 = LINE('',#1106,#1107);
#1106 = CARTESIAN_POINT('',(6.45,0.));
#1107 = VECTOR('',#1108,1.);
#1108 = DIRECTION('',(0.,1.));
#1109 = ( GEOMETRIC_REPRESENTATION_CONTEXT(2) 
PARAMETRIC_REPRESENTATION_CONTEXT() REPRESENTATION_CONTEXT('2D SPACE',''
  ) );
#1110 = PCURVE('',#532,#1111);
#1111 = DEFINITIONAL_REPRESENTATION('',(#1112),#1116);
#1112 = LINE('',#1113,#1114);
#1113 = CARTESIAN_POINT('',(2.5,2.));
#1114 = VECTOR('',#1115,1.);
#1115 = DIRECTION('',(1.,0.));
#1116 = ( GEOMETRIC_REPRESENTATION_CONTEXT(2) 
PARAMETRIC_REPRESENTATION_CONTEXT() REPRESENTATION_CONTEXT('2D SPACE',''
  ) );
#1117 = ORIENTED_EDGE('',*,*,#1053,.F.);
#1118 = ADVANCED_FACE('',(#1119),#243,.T.);
#1119 = FACE_BOUND('',#1120,.T.);
#1120 = EDGE_LOOP('',(#1121,#1143,#1165,#1166));
#1121 = ORIENTED_EDGE('',*,*,#1122,.T.);
#1122 = EDGE_CURVE('',#227,#1123,#1125,.T.);
#1123 = VERTEX_POINT('',#1124);
#1124 = CARTESIAN_POINT('',(2.,19.,6.));
#1125 = SURFACE_CURVE('',#1126,(#1130,#1136),.PCURVE_S1.);
#1126 = LINE('',#1127,#1128);
#1127 = CARTESIAN_POINT('',(2.,19.,-0.45));
#1128 = VECTOR('',#1129,1.);
#1129 = DIRECTION('',(0.,0.,1.));
#1130 = PCURVE('',#243,#1131);
#1131 = DEFINITIONAL_REPRESENTATION('',(#1132),#1135);
#1132 = B_SPLINE_CURVE_WITH_KNOTS('',1,(#1133,#1134),.UNSPECIFIED.,.F.,
  .F.,(2,2),(-6.000000000173E-07,6.4500006),.PIECEWISE_BEZIER_KNOTS.);
#1133 = CARTESIAN_POINT('',(3.14159265359,-6.000000000173E-07));
#1134 = CARTESIAN_POINT('',(3.14159265359,6.4500006));
#1135 = ( GEOMETRIC_REPRESENTATION_CONTEXT(2) 
PARAMETRIC_REPRESENTATION_CONTEXT() REPRESENTATION_CONTEXT('2D SPACE',''
  ) );
#1136 = PCURVE('',#271,#1137);
#1137 = DEFINITIONAL_REPRESENTATION('',(#1138),#1142);
#1138 = LINE('',#1139,#1140);
#1139 = CARTESIAN_POINT('',(0.,3.));
#1140 = VECTOR('',#1141,1.);
#1141 = DIRECTION('',(1.,0.));
#1142 = ( GEOMETRIC_REPRESENTATION_CONTEXT(2) 
PARAMETRIC_REPRESENTATION_CONTEXT() REPRESENTATION_CONTEXT('2D SPACE',''
  ) );
#1143 = ORIENTED_EDGE('',*,*,#1144,.F.);
#1144 = EDGE_CURVE('',#1077,#1123,#1145,.T.);
#1145 = SURFACE_CURVE('',#1146,(#1151,#1158),.PCURVE_S1.);
#1146 = CIRCLE('',#1147,0.5);
#1147 = AXIS2_PLACEMENT_3D('',#1148,#1149,#1150);
#1148 = CARTESIAN_POINT('',(2.5,19.,6.));
#1149 = DIRECTION('',(0.,0.,1.));
#1150 = DIRECTION('',(1.,0.,-0.));
#1151 = PCURVE('',#243,#1152);
#1152 = DEFINITIONAL_REPRESENTATION('',(#1153),#1157);
#1153 = LINE('',#1154,#1155);
#1154 = CARTESIAN_POINT('',(0.,6.45));
#1155 = VECTOR('',#1156,1.);
#1156 = DIRECTION('',(1.,0.));
#1157 = ( GEOMETRIC_REPRESENTATION_CONTEXT(2) 
PARAMETRIC_REPRESENTATION_CONTEXT() REPRESENTATION_CONTEXT('2D SPACE',''
  ) );
#1158 = PCURVE('',#532,#1159);
#1159 = DEFINITIONAL_REPRESENTATION('',(#1160),#1164);
#1160 = CIRCLE('',#1161,0.5);
#1161 = AXIS2_PLACEMENT_2D('',#1162,#1163);
#1162 = CARTESIAN_POINT('',(3.5,1.8));
#1163 = DIRECTION('',(1.,0.));
#1164 = ( GEOMETRIC_REPRESENTATION_CONTEXT(2) 
PARAMETRIC_REPRESENTATION_CONTEXT() REPRESENTATION_CONTEXT('2D SPACE',''
  ) );
#1165 = ORIENTED_EDGE('',*,*,#1076,.F.);
#1166 = ORIENTED_EDGE('',*,*,#226,.T.);
#1167 = ADVANCED_FACE('',(#1168),#271,.T.);
#1168 = FACE_BOUND('',#1169,.T.);
#1169 = EDGE_LOOP('',(#1170,#1171,#1172,#1193));
#1170 = ORIENTED_EDGE('',*,*,#255,.F.);
#1171 = ORIENTED_EDGE('',*,*,#544,.T.);
#1172 = ORIENTED_EDGE('',*,*,#1173,.T.);
#1173 = EDGE_CURVE('',#517,#1123,#1174,.T.);
#1174 = SURFACE_CURVE('',#1175,(#1179,#1186),.PCURVE_S1.);
#1175 = LINE('',#1176,#1177);
#1176 = CARTESIAN_POINT('',(-1.,19.,6.));
#1177 = VECTOR('',#1178,1.);
#1178 = DIRECTION('',(1.,0.,-0.));
#1179 = PCURVE('',#271,#1180);
#1180 = DEFINITIONAL_REPRESENTATION('',(#1181),#1185);
#1181 = LINE('',#1182,#1183);
#1182 = CARTESIAN_POINT('',(6.45,0.));
#1183 = VECTOR('',#1184,1.);
#1184 = DIRECTION('',(0.,1.));
#1185 = ( GEOMETRIC_REPRESENTATION_CONTEXT(2) 
PARAMETRIC_REPRESENTATION_CONTEXT() REPRESENTATION_CONTEXT('2D SPACE',''
  ) );
#1186 = PCURVE('',#532,#1187);
#1187 = DEFINITIONAL_REPRESENTATION('',(#1188),#1192);
#1188 = LINE('',#1189,#1190);
#1189 = CARTESIAN_POINT('',(0.,1.8));
#1190 = VECTOR('',#1191,1.);
#1191 = DIRECTION('',(1.,0.));
#1192 = ( GEOMETRIC_REPRESENTATION_CONTEXT(2) 
PARAMETRIC_REPRESENTATION_CONTEXT() REPRESENTATION_CONTEXT('2D SPACE',''
  ) );
#1193 = ORIENTED_EDGE('',*,*,#1122,.F.);
#1194 = ADVANCED_FACE('',(#1195),#322,.T.);
#1195 = FACE_BOUND('',#1196,.T.);
#1196 = EDGE_LOOP('',(#1197,#1198,#1221,#1242));
#1197 = ORIENTED_EDGE('',*,*,#306,.F.);
#1198 = ORIENTED_EDGE('',*,*,#1199,.T.);
#1199 = EDGE_CURVE('',#307,#1200,#1202,.T.);
#1200 = VERTEX_POINT('',#1201);
#1201 = CARTESIAN_POINT('',(-4.,20.2,9.05));
#1202 = SURFACE_CURVE('',#1203,(#1207,#1214),.PCURVE_S1.);
#1203 = LINE('',#1204,#1205);
#1204 = CARTESIAN_POINT('',(-4.,20.2,-0.45));
#1205 = VECTOR('',#1206,1.);
#1206 = DIRECTION('',(0.,0.,1.));
#1207 = PCURVE('',#322,#1208);
#1208 = DEFINITIONAL_REPRESENTATION('',(#1209),#1213);
#1209 = LINE('',#1210,#1211);
#1210 = CARTESIAN_POINT('',(0.,0.));
#1211 = VECTOR('',#1212,1.);
#1212 = DIRECTION('',(1.,0.));
#1213 = ( GEOMETRIC_REPRESENTATION_CONTEXT(2) 
PARAMETRIC_REPRESENTATION_CONTEXT() REPRESENTATION_CONTEXT('2D SPACE',''
  ) );
#1214 = PCURVE('',#350,#1215);
#1215 = DEFINITIONAL_REPRESENTATION('',(#1216),#1220);
#1216 = LINE('',#1217,#1218);
#1217 = CARTESIAN_POINT('',(0.,-3.48));
#1218 = VECTOR('',#1219,1.);
#1219 = DIRECTION('',(1.,0.));
#1220 = ( GEOMETRIC_REPRESENTATION_CONTEXT(2) 
PARAMETRIC_REPRESENTATION_CONTEXT() REPRESENTATION_CONTEXT('2D SPACE',''
  ) );
#1221 = ORIENTED_EDGE('',*,*,#1222,.T.);
#1222 = EDGE_CURVE('',#1200,#566,#1223,.T.);
#1223 = SURFACE_CURVE('',#1224,(#1228,#1235),.PCURVE_S1.);
#1224 = LINE('',#1225,#1226);
#1225 = CARTESIAN_POINT('',(-4.,20.2,9.05));
#1226 = VECTOR('',#1227,1.);
#1227 = DIRECTION('',(1.,0.,-0.));
#1228 = PCURVE('',#322,#1229);
#1229 = DEFINITIONAL_REPRESENTATION('',(#1230),#1234);
#1230 = LINE('',#1231,#1232);
#1231 = CARTESIAN_POINT('',(9.5,0.));
#1232 = VECTOR('',#1233,1.);
#1233 = DIRECTION('',(0.,1.));
#1234 = ( GEOMETRIC_REPRESENTATION_CONTEXT(2) 
PARAMETRIC_REPRESENTATION_CONTEXT() REPRESENTATION_CONTEXT('2D SPACE',''
  ) );
#1235 = PCURVE('',#603,#1236);
#1236 = DEFINITIONAL_REPRESENTATION('',(#1237),#1241);
#1237 = LINE('',#1238,#1239);
#1238 = CARTESIAN_POINT('',(-4.,20.2));
#1239 = VECTOR('',#1240,1.);
#1240 = DIRECTION('',(1.,0.));
#1241 = ( GEOMETRIC_REPRESENTATION_CONTEXT(2) 
PARAMETRIC_REPRESENTATION_CONTEXT() REPRESENTATION_CONTEXT('2D SPACE',''
  ) );
#1242 = ORIENTED_EDGE('',*,*,#565,.T.);
#1243 = ADVANCED_FACE('',(#1244),#350,.F.);
#1244 = FACE_BOUND('',#1245,.F.);
#1245 = EDGE_LOOP('',(#1246,#1269,#1288,#1289));
#1246 = ORIENTED_EDGE('',*,*,#1247,.F.);
#1247 = EDGE_CURVE('',#1248,#1200,#1250,.T.);
#1248 = VERTEX_POINT('',#1249);
#1249 = CARTESIAN_POINT('',(-4.,17.313951022225,9.05));
#1250 = SURFACE_CURVE('',#1251,(#1255,#1262),.PCURVE_S1.);
#1251 = LINE('',#1252,#1253);
#1252 = CARTESIAN_POINT('',(-4.,16.72,9.05));
#1253 = VECTOR('',#1254,1.);
#1254 = DIRECTION('',(-0.,1.,0.));
#1255 = PCURVE('',#350,#1256);
#1256 = DEFINITIONAL_REPRESENTATION('',(#1257),#1261);
#1257 = LINE('',#1258,#1259);
#1258 = CARTESIAN_POINT('',(9.5,0.));
#1259 = VECTOR('',#1260,1.);
#1260 = DIRECTION('',(0.,-1.));
#1261 = ( GEOMETRIC_REPRESENTATION_CONTEXT(2) 
PARAMETRIC_REPRESENTATION_CONTEXT() REPRESENTATION_CONTEXT('2D SPACE',''
  ) );
#1262 = PCURVE('',#603,#1263);
#1263 = DEFINITIONAL_REPRESENTATION('',(#1264),#1268);
#1264 = LINE('',#1265,#1266);
#1265 = CARTESIAN_POINT('',(-4.,16.72));
#1266 = VECTOR('',#1267,1.);
#1267 = DIRECTION('',(0.,1.));
#1268 = ( GEOMETRIC_REPRESENTATION_CONTEXT(2) 
PARAMETRIC_REPRESENTATION_CONTEXT() REPRESENTATION_CONTEXT('2D SPACE',''
  ) );
#1269 = ORIENTED_EDGE('',*,*,#1270,.F.);
#1270 = EDGE_CURVE('',#335,#1248,#1271,.T.);
#1271 = SURFACE_CURVE('',#1272,(#1276,#1282),.PCURVE_S1.);
#1272 = LINE('',#1273,#1274);
#1273 = CARTESIAN_POINT('',(-4.,17.313951022225,-0.45));
#1274 = VECTOR('',#1275,1.);
#1275 = DIRECTION('',(0.,0.,1.));
#1276 = PCURVE('',#350,#1277);
#1277 = DEFINITIONAL_REPRESENTATION('',(#1278),#1281);
#1278 = B_SPLINE_CURVE_WITH_KNOTS('',1,(#1279,#1280),.UNSPECIFIED.,.F.,
  .F.,(2,2),(-2.400000000014E-06,9.5000024),.PIECEWISE_BEZIER_KNOTS.);
#1279 = CARTESIAN_POINT('',(-2.400000000014E-06,-0.593951022225));
#1280 = CARTESIAN_POINT('',(9.5000024,-0.593951022225));
#1281 = ( GEOMETRIC_REPRESENTATION_CONTEXT(2) 
PARAMETRIC_REPRESENTATION_CONTEXT() REPRESENTATION_CONTEXT('2D SPACE',''
  ) );
#1282 = PCURVE('',#379,#1283);
#1283 = DEFINITIONAL_REPRESENTATION('',(#1284),#1287);
#1284 = B_SPLINE_CURVE_WITH_KNOTS('',1,(#1285,#1286),.UNSPECIFIED.,.F.,
  .F.,(2,2),(0.,9.5),.PIECEWISE_BEZIER_KNOTS.);
#1285 = CARTESIAN_POINT('',(1.797840436355,0.));
#1286 = CARTESIAN_POINT('',(1.797840436355,9.5));
#1287 = ( GEOMETRIC_REPRESENTATION_CONTEXT(2) 
PARAMETRIC_REPRESENTATION_CONTEXT() REPRESENTATION_CONTEXT('2D SPACE',''
  ) );
#1288 = ORIENTED_EDGE('',*,*,#334,.T.);
#1289 = ORIENTED_EDGE('',*,*,#1199,.T.);
#1290 = ADVANCED_FACE('',(#1291,#1545,#1657),#379,.T.);
#1291 = FACE_BOUND('',#1292,.T.);
#1292 = EDGE_LOOP('',(#1293,#1321,#1354,#1387,#1420,#1446,#1447,#1448,
    #1469,#1492,#1518));
#1293 = ORIENTED_EDGE('',*,*,#1294,.T.);
#1294 = EDGE_CURVE('',#1295,#1297,#1299,.T.);
#1295 = VERTEX_POINT('',#1296);
#1296 = CARTESIAN_POINT('',(-4.,-17.31395102222,-0.45));
#1297 = VERTEX_POINT('',#1298);
#1298 = CARTESIAN_POINT('',(-4.,-17.31395102222,9.05));
#1299 = SURFACE_CURVE('',#1300,(#1304,#1310),.PCURVE_S1.);
#1300 = LINE('',#1301,#1302);
#1301 = CARTESIAN_POINT('',(-4.,-17.31395102222,-0.45));
#1302 = VECTOR('',#1303,1.);
#1303 = DIRECTION('',(0.,0.,1.));
#1304 = PCURVE('',#379,#1305);
#1305 = DEFINITIONAL_REPRESENTATION('',(#1306),#1309);
#1306 = B_SPLINE_CURVE_WITH_KNOTS('',1,(#1307,#1308),.UNSPECIFIED.,.F.,
  .F.,(2,2),(-2.400000000014E-06,9.5000024),.PIECEWISE_BEZIER_KNOTS.);
#1307 = CARTESIAN_POINT('',(4.485344870825,-2.400000000014E-06));
#1308 = CARTESIAN_POINT('',(4.485344870825,9.5000024));
#1309 = ( GEOMETRIC_REPRESENTATION_CONTEXT(2) 
PARAMETRIC_REPRESENTATION_CONTEXT() REPRESENTATION_CONTEXT('2D SPACE',''
  ) );
#1310 = PCURVE('',#1311,#1316);
#1311 = PLANE('',#1312);
#1312 = AXIS2_PLACEMENT_3D('',#1313,#1314,#1315);
#1313 = CARTESIAN_POINT('',(-4.,-20.2,-0.45));
#1314 = DIRECTION('',(1.,0.,-0.));
#1315 = DIRECTION('',(0.,0.,1.));
#1316 = DEFINITIONAL_REPRESENTATION('',(#1317),#1320);
#1317 = B_SPLINE_CURVE_WITH_KNOTS('',1,(#1318,#1319),.UNSPECIFIED.,.F.,
  .F.,(2,2),(-2.400000000014E-06,9.5000024),.PIECEWISE_BEZIER_KNOTS.);
#1318 = CARTESIAN_POINT('',(-2.400000000014E-06,-2.886048977775));
#1319 = CARTESIAN_POINT('',(9.5000024,-2.886048977775));
#1320 = ( GEOMETRIC_REPRESENTATION_CONTEXT(2) 
PARAMETRIC_REPRESENTATION_CONTEXT() REPRESENTATION_CONTEXT('2D SPACE',''
  ) );
#1321 = ORIENTED_EDGE('',*,*,#1322,.T.);
#1322 = EDGE_CURVE('',#1297,#1323,#1325,.T.);
#1323 = VERTEX_POINT('',#1324);
#1324 = CARTESIAN_POINT('',(-10.94030441653,-14.00295109159,9.05));
#1325 = SURFACE_CURVE('',#1326,(#1331,#1338),.PCURVE_S1.);
#1326 = CIRCLE('',#1327,17.77);
#1327 = AXIS2_PLACEMENT_3D('',#1328,#1329,#1330);
#1328 = CARTESIAN_POINT('',(0.,0.,9.05));
#1329 = DIRECTION('',(0.,0.,-1.));
#1330 = DIRECTION('',(0.225098480585,0.974336017008,0.));
#1331 = PCURVE('',#379,#1332);
#1332 = DEFINITIONAL_REPRESENTATION('',(#1333),#1337);
#1333 = LINE('',#1334,#1335);
#1334 = CARTESIAN_POINT('',(7.626937524415,9.5));
#1335 = VECTOR('',#1336,1.);
#1336 = DIRECTION('',(-1.,-0.));
#1337 = ( GEOMETRIC_REPRESENTATION_CONTEXT(2) 
PARAMETRIC_REPRESENTATION_CONTEXT() REPRESENTATION_CONTEXT('2D SPACE',''
  ) );
#1338 = PCURVE('',#1339,#1344);
#1339 = PLANE('',#1340);
#1340 = AXIS2_PLACEMENT_3D('',#1341,#1342,#1343);
#1341 = CARTESIAN_POINT('',(0.,0.,9.05));
#1342 = DIRECTION('',(0.,0.,1.));
#1343 = DIRECTION('',(1.,0.,-0.));
#1344 = DEFINITIONAL_REPRESENTATION('',(#1345),#1353);
#1345 = ( BOUNDED_CURVE() B_SPLINE_CURVE(2,(#1346,#1347,#1348,#1349,
#1350,#1351,#1352),.UNSPECIFIED.,.T.,.F.) B_SPLINE_CURVE_WITH_KNOTS((1,2
    ,2,2,2,1),(-2.094395102393,0.,2.094395102393,4.188790204786,
6.28318530718,8.377580409573),.UNSPECIFIED.) CURVE() 
GEOMETRIC_REPRESENTATION_ITEM() RATIONAL_B_SPLINE_CURVE((1.,0.5,1.,0.5,
1.,0.5,1.)) REPRESENTATION_ITEM('') );
#1346 = CARTESIAN_POINT('',(4.,17.313951022225));
#1347 = CARTESIAN_POINT('',(33.988642850252,10.38574779195));
#1348 = CARTESIAN_POINT('',(12.994321425126,-12.12107712625));
#1349 = CARTESIAN_POINT('',(-7.999999999999,-34.62790204445));
#1350 = CARTESIAN_POINT('',(-16.99432142512,-5.192873895975));
#1351 = CARTESIAN_POINT('',(-25.98864285025,24.2421542525));
#1352 = CARTESIAN_POINT('',(4.,17.313951022225));
#1353 = ( GEOMETRIC_REPRESENTATION_CONTEXT(2) 
PARAMETRIC_REPRESENTATION_CONTEXT() REPRESENTATION_CONTEXT('2D SPACE',''
  ) );
#1354 = ORIENTED_EDGE('',*,*,#1355,.T.);
#1355 = EDGE_CURVE('',#1323,#1356,#1358,.T.);
#1356 = VERTEX_POINT('',#1357);
#1357 = CARTESIAN_POINT('',(-17.63754511466,2.165618232309,9.05));
#1358 = SURFACE_CURVE('',#1359,(#1364,#1371),.PCURVE_S1.);
#1359 = CIRCLE('',#1360,17.77);
#1360 = AXIS2_PLACEMENT_3D('',#1361,#1362,#1363);
#1361 = CARTESIAN_POINT('',(0.,0.,9.05));
#1362 = DIRECTION('',(0.,0.,-1.));
#1363 = DIRECTION('',(0.225098480585,0.974336017008,0.));
#1364 = PCURVE('',#379,#1365);
#1365 = DEFINITIONAL_REPRESENTATION('',(#1366),#1370);
#1366 = LINE('',#1367,#1368);
#1367 = CARTESIAN_POINT('',(7.626937524415,9.5));
#1368 = VECTOR('',#1369,1.);
#1369 = DIRECTION('',(-1.,-0.));
#1370 = ( GEOMETRIC_REPRESENTATION_CONTEXT(2) 
PARAMETRIC_REPRESENTATION_CONTEXT() REPRESENTATION_CONTEXT('2D SPACE',''
  ) );
#1371 = PCURVE('',#1372,#1377);
#1372 = PLANE('',#1373);
#1373 = AXIS2_PLACEMENT_3D('',#1374,#1375,#1376);
#1374 = CARTESIAN_POINT('',(0.,0.,9.05));
#1375 = DIRECTION('',(0.,0.,1.));
#1376 = DIRECTION('',(1.,0.,-0.));
#1377 = DEFINITIONAL_REPRESENTATION('',(#1378),#1386);
#1378 = ( BOUNDED_CURVE() B_SPLINE_CURVE(2,(#1379,#1380,#1381,#1382,
#1383,#1384,#1385),.UNSPECIFIED.,.T.,.F.) B_SPLINE_CURVE_WITH_KNOTS((1,2
    ,2,2,2,1),(-2.094395102393,0.,2.094395102393,4.188790204786,
6.28318530718,8.377580409573),.UNSPECIFIED.) CURVE() 
GEOMETRIC_REPRESENTATION_ITEM() RATIONAL_B_SPLINE_CURVE((1.,0.5,1.,0.5,
1.,0.5,1.)) REPRESENTATION_ITEM('') );
#1379 = CARTESIAN_POINT('',(4.,17.313951022225));
#1380 = CARTESIAN_POINT('',(33.988642850252,10.38574779195));
#1381 = CARTESIAN_POINT('',(12.994321425126,-12.12107712625));
#1382 = CARTESIAN_POINT('',(-7.999999999999,-34.62790204445));
#1383 = CARTESIAN_POINT('',(-16.99432142512,-5.192873895975));
#1384 = CARTESIAN_POINT('',(-25.98864285025,24.2421542525));
#1385 = CARTESIAN_POINT('',(4.,17.313951022225));
#1386 = ( GEOMETRIC_REPRESENTATION_CONTEXT(2) 
PARAMETRIC_REPRESENTATION_CONTEXT() REPRESENTATION_CONTEXT('2D SPACE',''
  ) );
#1387 = ORIENTED_EDGE('',*,*,#1388,.T.);
#1388 = EDGE_CURVE('',#1356,#1389,#1391,.T.);
#1389 = VERTEX_POINT('',#1390);
#1390 = CARTESIAN_POINT('',(-6.656759165,16.476057095652,9.05));
#1391 = SURFACE_CURVE('',#1392,(#1397,#1404),.PCURVE_S1.);
#1392 = CIRCLE('',#1393,17.77);
#1393 = AXIS2_PLACEMENT_3D('',#1394,#1395,#1396);
#1394 = CARTESIAN_POINT('',(0.,0.,9.05));
#1395 = DIRECTION('',(0.,0.,-1.));
#1396 = DIRECTION('',(0.225098480585,0.974336017008,0.));
#1397 = PCURVE('',#379,#1398);
#1398 = DEFINITIONAL_REPRESENTATION('',(#1399),#1403);
#1399 = LINE('',#1400,#1401);
#1400 = CARTESIAN_POINT('',(7.626937524415,9.5));
#1401 = VECTOR('',#1402,1.);
#1402 = DIRECTION('',(-1.,-0.));
#1403 = ( GEOMETRIC_REPRESENTATION_CONTEXT(2) 
PARAMETRIC_REPRESENTATION_CONTEXT() REPRESENTATION_CONTEXT('2D SPACE',''
  ) );
#1404 = PCURVE('',#1405,#1410);
#1405 = PLANE('',#1406);
#1406 = AXIS2_PLACEMENT_3D('',#1407,#1408,#1409);
#1407 = CARTESIAN_POINT('',(0.,0.,9.05));
#1408 = DIRECTION('',(0.,0.,1.));
#1409 = DIRECTION('',(1.,0.,-0.));
#1410 = DEFINITIONAL_REPRESENTATION('',(#1411),#1419);
#1411 = ( BOUNDED_CURVE() B_SPLINE_CURVE(2,(#1412,#1413,#1414,#1415,
#1416,#1417,#1418),.UNSPECIFIED.,.T.,.F.) B_SPLINE_CURVE_WITH_KNOTS((1,2
    ,2,2,2,1),(-2.094395102393,0.,2.094395102393,4.188790204786,
6.28318530718,8.377580409573),.UNSPECIFIED.) CURVE() 
GEOMETRIC_REPRESENTATION_ITEM() RATIONAL_B_SPLINE_CURVE((1.,0.5,1.,0.5,
1.,0.5,1.)) REPRESENTATION_ITEM('') );
#1412 = CARTESIAN_POINT('',(4.,17.313951022225));
#1413 = CARTESIAN_POINT('',(33.988642850252,10.38574779195));
#1414 = CARTESIAN_POINT('',(12.994321425126,-12.12107712625));
#1415 = CARTESIAN_POINT('',(-7.999999999999,-34.62790204445));
#1416 = CARTESIAN_POINT('',(-16.99432142512,-5.192873895975));
#1417 = CARTESIAN_POINT('',(-25.98864285025,24.2421542525));
#1418 = CARTESIAN_POINT('',(4.,17.313951022225));
#1419 = ( GEOMETRIC_REPRESENTATION_CONTEXT(2) 
PARAMETRIC_REPRESENTATION_CONTEXT() REPRESENTATION_CONTEXT('2D SPACE',''
  ) );
#1420 = ORIENTED_EDGE('',*,*,#1421,.T.);
#1421 = EDGE_CURVE('',#1389,#1248,#1422,.T.);
#1422 = SURFACE_CURVE('',#1423,(#1428,#1435),.PCURVE_S1.);
#1423 = CIRCLE('',#1424,17.77);
#1424 = AXIS2_PLACEMENT_3D('',#1425,#1426,#1427);
#1425 = CARTESIAN_POINT('',(0.,0.,9.05));
#1426 = DIRECTION('',(0.,0.,-1.));
#1427 = DIRECTION('',(0.225098480585,0.974336017008,0.));
#1428 = PCURVE('',#379,#1429);
#1429 = DEFINITIONAL_REPRESENTATION('',(#1430),#1434);
#1430 = LINE('',#1431,#1432);
#1431 = CARTESIAN_POINT('',(7.626937524415,9.5));
#1432 = VECTOR('',#1433,1.);
#1433 = DIRECTION('',(-1.,-0.));
#1434 = ( GEOMETRIC_REPRESENTATION_CONTEXT(2) 
PARAMETRIC_REPRESENTATION_CONTEXT() REPRESENTATION_CONTEXT('2D SPACE',''
  ) );
#1435 = PCURVE('',#603,#1436);
#1436 = DEFINITIONAL_REPRESENTATION('',(#1437),#1445);
#1437 = ( BOUNDED_CURVE() B_SPLINE_CURVE(2,(#1438,#1439,#1440,#1441,
#1442,#1443,#1444),.UNSPECIFIED.,.T.,.F.) B_SPLINE_CURVE_WITH_KNOTS((1,2
    ,2,2,2,1),(-2.094395102393,0.,2.094395102393,4.188790204786,
6.28318530718,8.377580409573),.UNSPECIFIED.) CURVE() 
GEOMETRIC_REPRESENTATION_ITEM() RATIONAL_B_SPLINE_CURVE((1.,0.5,1.,0.5,
1.,0.5,1.)) REPRESENTATION_ITEM('') );
#1438 = CARTESIAN_POINT('',(4.,17.313951022225));
#1439 = CARTESIAN_POINT('',(33.988642850252,10.38574779195));
#1440 = CARTESIAN_POINT('',(12.994321425126,-12.12107712625));
#1441 = CARTESIAN_POINT('',(-7.999999999999,-34.62790204445));
#1442 = CARTESIAN_POINT('',(-16.99432142512,-5.192873895975));
#1443 = CARTESIAN_POINT('',(-25.98864285025,24.2421542525));
#1444 = CARTESIAN_POINT('',(4.,17.313951022225));
#1445 = ( GEOMETRIC_REPRESENTATION_CONTEXT(2) 
PARAMETRIC_REPRESENTATION_CONTEXT() REPRESENTATION_CONTEXT('2D SPACE',''
  ) );
#1446 = ORIENTED_EDGE('',*,*,#1270,.F.);
#1447 = ORIENTED_EDGE('',*,*,#362,.T.);
#1448 = ORIENTED_EDGE('',*,*,#1449,.T.);
#1449 = EDGE_CURVE('',#363,#1450,#1452,.T.);
#1450 = VERTEX_POINT('',#1451);
#1451 = CARTESIAN_POINT('',(-16.45852058965,6.7,7.85));
#1452 = SURFACE_CURVE('',#1453,(#1457,#1463),.PCURVE_S1.);
#1453 = LINE('',#1454,#1455);
#1454 = CARTESIAN_POINT('',(-16.45852058965,6.7,-0.45));
#1455 = VECTOR('',#1456,1.);
#1456 = DIRECTION('',(0.,0.,1.));
#1457 = PCURVE('',#379,#1458);
#1458 = DEFINITIONAL_REPRESENTATION('',(#1459),#1462);
#1459 = B_SPLINE_CURVE_WITH_KNOTS('',1,(#1460,#1461),.UNSPECIFIED.,.F.,
  .F.,(2,2),(0.,8.3),.PIECEWISE_BEZIER_KNOTS.);
#1460 = CARTESIAN_POINT('',(2.754994357236,0.));
#1461 = CARTESIAN_POINT('',(2.754994357236,8.3));
#1462 = ( GEOMETRIC_REPRESENTATION_CONTEXT(2) 
PARAMETRIC_REPRESENTATION_CONTEXT() REPRESENTATION_CONTEXT('2D SPACE',''
  ) );
#1463 = PCURVE('',#404,#1464);
#1464 = DEFINITIONAL_REPRESENTATION('',(#1465),#1468);
#1465 = B_SPLINE_CURVE_WITH_KNOTS('',1,(#1466,#1467),.UNSPECIFIED.,.F.,
  .F.,(2,2),(-6.000000000173E-07,9.23),.PIECEWISE_BEZIER_KNOTS.);
#1466 = CARTESIAN_POINT('',(0.9999994,13.541479410348));
#1467 = CARTESIAN_POINT('',(10.23,13.541479410348));
#1468 = ( GEOMETRIC_REPRESENTATION_CONTEXT(2) 
PARAMETRIC_REPRESENTATION_CONTEXT() REPRESENTATION_CONTEXT('2D SPACE',''
  ) );
#1469 = ORIENTED_EDGE('',*,*,#1470,.T.);
#1470 = EDGE_CURVE('',#1450,#1471,#1473,.T.);
#1471 = VERTEX_POINT('',#1472);
#1472 = CARTESIAN_POINT('',(-16.45852058965,-6.7,7.85));
#1473 = SURFACE_CURVE('',#1474,(#1479,#1485),.PCURVE_S1.);
#1474 = CIRCLE('',#1475,17.77);
#1475 = AXIS2_PLACEMENT_3D('',#1476,#1477,#1478);
#1476 = CARTESIAN_POINT('',(0.,0.,7.85));
#1477 = DIRECTION('',(0.,0.,1.));
#1478 = DIRECTION('',(1.,0.,-0.));
#1479 = PCURVE('',#379,#1480);
#1480 = DEFINITIONAL_REPRESENTATION('',(#1481),#1484);
#1481 = B_SPLINE_CURVE_WITH_KNOTS('',1,(#1482,#1483),.UNSPECIFIED.,.F.,
  .F.,(2,2),(2.754994357236,3.528190949944),.PIECEWISE_BEZIER_KNOTS.);
#1482 = CARTESIAN_POINT('',(2.754994357236,8.3));
#1483 = CARTESIAN_POINT('',(3.528190949944,8.3));
#1484 = ( GEOMETRIC_REPRESENTATION_CONTEXT(2) 
PARAMETRIC_REPRESENTATION_CONTEXT() REPRESENTATION_CONTEXT('2D SPACE',''
  ) );
#1485 = PCURVE('',#819,#1486);
#1486 = DEFINITIONAL_REPRESENTATION('',(#1487),#1491);
#1487 = CIRCLE('',#1488,17.77);
#1488 = AXIS2_PLACEMENT_2D('',#1489,#1490);
#1489 = CARTESIAN_POINT('',(30.,6.7));
#1490 = DIRECTION('',(1.,0.));
#1491 = ( GEOMETRIC_REPRESENTATION_CONTEXT(2) 
PARAMETRIC_REPRESENTATION_CONTEXT() REPRESENTATION_CONTEXT('2D SPACE',''
  ) );
#1492 = ORIENTED_EDGE('',*,*,#1493,.F.);
#1493 = EDGE_CURVE('',#1494,#1471,#1496,.T.);
#1494 = VERTEX_POINT('',#1495);
#1495 = CARTESIAN_POINT('',(-16.45852058965,-6.7,-0.45));
#1496 = SURFACE_CURVE('',#1497,(#1501,#1507),.PCURVE_S1.);
#1497 = LINE('',#1498,#1499);
#1498 = CARTESIAN_POINT('',(-16.45852058965,-6.7,-0.45));
#1499 = VECTOR('',#1500,1.);
#1500 = DIRECTION('',(0.,0.,1.));
#1501 = PCURVE('',#379,#1502);
#1502 = DEFINITIONAL_REPRESENTATION('',(#1503),#1506);
#1503 = B_SPLINE_CURVE_WITH_KNOTS('',1,(#1504,#1505),.UNSPECIFIED.,.F.,
  .F.,(2,2),(0.,8.3),.PIECEWISE_BEZIER_KNOTS.);
#1504 = CARTESIAN_POINT('',(3.528190949944,0.));
#1505 = CARTESIAN_POINT('',(3.528190949944,8.3));
#1506 = ( GEOMETRIC_REPRESENTATION_CONTEXT(2) 
PARAMETRIC_REPRESENTATION_CONTEXT() REPRESENTATION_CONTEXT('2D SPACE',''
  ) );
#1507 = PCURVE('',#1508,#1513);
#1508 = PLANE('',#1509);
#1509 = AXIS2_PLACEMENT_3D('',#1510,#1511,#1512);
#1510 = CARTESIAN_POINT('',(-30.,-6.7,-1.45));
#1511 = DIRECTION('',(-0.,1.,0.));
#1512 = DIRECTION('',(0.,0.,1.));
#1513 = DEFINITIONAL_REPRESENTATION('',(#1514),#1517);
#1514 = B_SPLINE_CURVE_WITH_KNOTS('',1,(#1515,#1516),.UNSPECIFIED.,.F.,
  .F.,(2,2),(-6.000000000173E-07,9.23),.PIECEWISE_BEZIER_KNOTS.);
#1515 = CARTESIAN_POINT('',(0.9999994,13.541479410348));
#1516 = CARTESIAN_POINT('',(10.23,13.541479410348));
#1517 = ( GEOMETRIC_REPRESENTATION_CONTEXT(2) 
PARAMETRIC_REPRESENTATION_CONTEXT() REPRESENTATION_CONTEXT('2D SPACE',''
  ) );
#1518 = ORIENTED_EDGE('',*,*,#1519,.T.);
#1519 = EDGE_CURVE('',#1494,#1295,#1520,.T.);
#1520 = SURFACE_CURVE('',#1521,(#1526,#1533),.PCURVE_S1.);
#1521 = CIRCLE('',#1522,17.77);
#1522 = AXIS2_PLACEMENT_3D('',#1523,#1524,#1525);
#1523 = CARTESIAN_POINT('',(0.,0.,-0.45));
#1524 = DIRECTION('',(0.,0.,1.));
#1525 = DIRECTION('',(-0.926196994353,-0.37703995498,0.));
#1526 = PCURVE('',#379,#1527);
#1527 = DEFINITIONAL_REPRESENTATION('',(#1528),#1532);
#1528 = LINE('',#1529,#1530);
#1529 = CARTESIAN_POINT('',(3.528190949944,0.));
#1530 = VECTOR('',#1531,1.);
#1531 = DIRECTION('',(1.,0.));
#1532 = ( GEOMETRIC_REPRESENTATION_CONTEXT(2) 
PARAMETRIC_REPRESENTATION_CONTEXT() REPRESENTATION_CONTEXT('2D SPACE',''
  ) );
#1533 = PCURVE('',#1534,#1539);
#1534 = PLANE('',#1535);
#1535 = AXIS2_PLACEMENT_3D('',#1536,#1537,#1538);
#1536 = CARTESIAN_POINT('',(0.,0.,-0.45));
#1537 = DIRECTION('',(0.,0.,1.));
#1538 = DIRECTION('',(1.,0.,-0.));
#1539 = DEFINITIONAL_REPRESENTATION('',(#1540),#1544);
#1540 = CIRCLE('',#1541,17.77);
#1541 = AXIS2_PLACEMENT_2D('',#1542,#1543);
#1542 = CARTESIAN_POINT('',(0.,0.));
#1543 = DIRECTION('',(-0.926196994353,-0.37703995498));
#1544 = ( GEOMETRIC_REPRESENTATION_CONTEXT(2) 
PARAMETRIC_REPRESENTATION_CONTEXT() REPRESENTATION_CONTEXT('2D SPACE',''
  ) );
#1545 = FACE_BOUND('',#1546,.T.);
#1546 = EDGE_LOOP('',(#1547,#1578,#1604,#1633));
#1547 = ORIENTED_EDGE('',*,*,#1548,.F.);
#1548 = EDGE_CURVE('',#1549,#1551,#1553,.T.);
#1549 = VERTEX_POINT('',#1550);
#1550 = CARTESIAN_POINT('',(-8.911845799324,15.373740743524,4.));
#1551 = VERTEX_POINT('',#1552);
#1552 = CARTESIAN_POINT('',(-9.652209975623,14.920044992777,4.));
#1553 = SURFACE_CURVE('',#1554,(#1559,#1566),.PCURVE_S1.);
#1554 = CIRCLE('',#1555,17.77);
#1555 = AXIS2_PLACEMENT_3D('',#1556,#1557,#1558);
#1556 = CARTESIAN_POINT('',(0.,0.,4.));
#1557 = DIRECTION('',(0.,0.,1.));
#1558 = DIRECTION('',(1.,0.,-0.));
#1559 = PCURVE('',#379,#1560);
#1560 = DEFINITIONAL_REPRESENTATION('',(#1561),#1565);
#1561 = LINE('',#1562,#1563);
#1562 = CARTESIAN_POINT('',(0.,4.45));
#1563 = VECTOR('',#1564,1.);
#1564 = DIRECTION('',(1.,0.));
#1565 = ( GEOMETRIC_REPRESENTATION_CONTEXT(2) 
PARAMETRIC_REPRESENTATION_CONTEXT() REPRESENTATION_CONTEXT('2D SPACE',''
  ) );
#1566 = PCURVE('',#1567,#1572);
#1567 = PLANE('',#1568);
#1568 = AXIS2_PLACEMENT_3D('',#1569,#1570,#1571);
#1569 = CARTESIAN_POINT('',(-5.553948078979,9.063219542908,4.));
#1570 = DIRECTION('',(0.,0.,1.));
#1571 = DIRECTION('',(1.,0.,-0.));
#1572 = DEFINITIONAL_REPRESENTATION('',(#1573),#1577);
#1573 = CIRCLE('',#1574,17.77);
#1574 = AXIS2_PLACEMENT_2D('',#1575,#1576);
#1575 = CARTESIAN_POINT('',(5.553948078979,-9.063219542908));
#1576 = DIRECTION('',(1.,0.));
#1577 = ( GEOMETRIC_REPRESENTATION_CONTEXT(2) 
PARAMETRIC_REPRESENTATION_CONTEXT() REPRESENTATION_CONTEXT('2D SPACE',''
  ) );
#1578 = ORIENTED_EDGE('',*,*,#1579,.T.);
#1579 = EDGE_CURVE('',#1549,#1580,#1582,.T.);
#1580 = VERTEX_POINT('',#1581);
#1581 = CARTESIAN_POINT('',(-8.911845799324,15.373740743524,6.5));
#1582 = SURFACE_CURVE('',#1583,(#1587,#1593),.PCURVE_S1.);
#1583 = LINE('',#1584,#1585);
#1584 = CARTESIAN_POINT('',(-8.911845799324,15.373740743524,-0.45));
#1585 = VECTOR('',#1586,1.);
#1586 = DIRECTION('',(0.,0.,1.));
#1587 = PCURVE('',#379,#1588);
#1588 = DEFINITIONAL_REPRESENTATION('',(#1589),#1592);
#1589 = B_SPLINE_CURVE_WITH_KNOTS('',1,(#1590,#1591),.UNSPECIFIED.,.F.,
  .F.,(2,2),(4.2,7.2),.PIECEWISE_BEZIER_KNOTS.);
#1590 = CARTESIAN_POINT('',(2.096140431645,4.2));
#1591 = CARTESIAN_POINT('',(2.096140431645,7.2));
#1592 = ( GEOMETRIC_REPRESENTATION_CONTEXT(2) 
PARAMETRIC_REPRESENTATION_CONTEXT() REPRESENTATION_CONTEXT('2D SPACE',''
  ) );
#1593 = PCURVE('',#1594,#1599);
#1594 = PLANE('',#1595);
#1595 = AXIS2_PLACEMENT_3D('',#1596,#1597,#1598);
#1596 = CARTESIAN_POINT('',(0.,0.,4.));
#1597 = DIRECTION('',(-0.86515142057,-0.501510737159,0.));
#1598 = DIRECTION('',(-0.501510737159,0.86515142057,0.));
#1599 = DEFINITIONAL_REPRESENTATION('',(#1600),#1603);
#1600 = B_SPLINE_CURVE_WITH_KNOTS('',1,(#1601,#1602),.UNSPECIFIED.,.F.,
  .F.,(2,2),(4.2,7.2),.PIECEWISE_BEZIER_KNOTS.);
#1601 = CARTESIAN_POINT('',(17.77,0.25));
#1602 = CARTESIAN_POINT('',(17.77,-2.75));
#1603 = ( GEOMETRIC_REPRESENTATION_CONTEXT(2) 
PARAMETRIC_REPRESENTATION_CONTEXT() REPRESENTATION_CONTEXT('2D SPACE',''
  ) );
#1604 = ORIENTED_EDGE('',*,*,#1605,.T.);
#1605 = EDGE_CURVE('',#1580,#1606,#1608,.T.);
#1606 = VERTEX_POINT('',#1607);
#1607 = CARTESIAN_POINT('',(-9.652209975623,14.920044992777,6.5));
#1608 = SURFACE_CURVE('',#1609,(#1614,#1621),.PCURVE_S1.);
#1609 = CIRCLE('',#1610,17.77);
#1610 = AXIS2_PLACEMENT_3D('',#1611,#1612,#1613);
#1611 = CARTESIAN_POINT('',(0.,0.,6.5));
#1612 = DIRECTION('',(0.,0.,1.));
#1613 = DIRECTION('',(1.,0.,-0.));
#1614 = PCURVE('',#379,#1615);
#1615 = DEFINITIONAL_REPRESENTATION('',(#1616),#1620);
#1616 = LINE('',#1617,#1618);
#1617 = CARTESIAN_POINT('',(0.,6.95));
#1618 = VECTOR('',#1619,1.);
#1619 = DIRECTION('',(1.,0.));
#1620 = ( GEOMETRIC_REPRESENTATION_CONTEXT(2) 
PARAMETRIC_REPRESENTATION_CONTEXT() REPRESENTATION_CONTEXT('2D SPACE',''
  ) );
#1621 = PCURVE('',#1622,#1627);
#1622 = PLANE('',#1623);
#1623 = AXIS2_PLACEMENT_3D('',#1624,#1625,#1626);
#1624 = CARTESIAN_POINT('',(-5.553948078979,9.063219542908,6.5));
#1625 = DIRECTION('',(0.,0.,1.));
#1626 = DIRECTION('',(1.,0.,-0.));
#1627 = DEFINITIONAL_REPRESENTATION('',(#1628),#1632);
#1628 = CIRCLE('',#1629,17.77);
#1629 = AXIS2_PLACEMENT_2D('',#1630,#1631);
#1630 = CARTESIAN_POINT('',(5.553948078979,-9.063219542908));
#1631 = DIRECTION('',(1.,0.));
#1632 = ( GEOMETRIC_REPRESENTATION_CONTEXT(2) 
PARAMETRIC_REPRESENTATION_CONTEXT() REPRESENTATION_CONTEXT('2D SPACE',''
  ) );
#1633 = ORIENTED_EDGE('',*,*,#1634,.F.);
#1634 = EDGE_CURVE('',#1551,#1606,#1635,.T.);
#1635 = SURFACE_CURVE('',#1636,(#1640,#1646),.PCURVE_S1.);
#1636 = LINE('',#1637,#1638);
#1637 = CARTESIAN_POINT('',(-9.652209975623,14.920044992777,-0.45));
#1638 = VECTOR('',#1639,1.);
#1639 = DIRECTION('',(0.,0.,1.));
#1640 = PCURVE('',#379,#1641);
#1641 = DEFINITIONAL_REPRESENTATION('',(#1642),#1645);
#1642 = B_SPLINE_CURVE_WITH_KNOTS('',1,(#1643,#1644),.UNSPECIFIED.,.F.,
  .F.,(2,2),(4.2,7.2),.PIECEWISE_BEZIER_KNOTS.);
#1643 = CARTESIAN_POINT('',(2.145009650701,4.2));
#1644 = CARTESIAN_POINT('',(2.145009650701,7.2));
#1645 = ( GEOMETRIC_REPRESENTATION_CONTEXT(2) 
PARAMETRIC_REPRESENTATION_CONTEXT() REPRESENTATION_CONTEXT('2D SPACE',''
  ) );
#1646 = PCURVE('',#1647,#1652);
#1647 = PLANE('',#1648);
#1648 = AXIS2_PLACEMENT_3D('',#1649,#1650,#1651);
#1649 = CARTESIAN_POINT('',(-11.28173332547,17.43890458638,4.));
#1650 = DIRECTION('',(0.839619864534,0.543174449951,-0.));
#1651 = DIRECTION('',(0.543174449951,-0.839619864534,0.));
#1652 = DEFINITIONAL_REPRESENTATION('',(#1653),#1656);
#1653 = B_SPLINE_CURVE_WITH_KNOTS('',1,(#1654,#1655),.UNSPECIFIED.,.F.,
  .F.,(2,2),(4.2,7.2),.PIECEWISE_BEZIER_KNOTS.);
#1654 = CARTESIAN_POINT('',(3.,0.25));
#1655 = CARTESIAN_POINT('',(3.,-2.75));
#1656 = ( GEOMETRIC_REPRESENTATION_CONTEXT(2) 
PARAMETRIC_REPRESENTATION_CONTEXT() REPRESENTATION_CONTEXT('2D SPACE',''
  ) );
#1657 = FACE_BOUND('',#1658,.T.);
#1658 = EDGE_LOOP('',(#1659,#1690,#1716,#1745));
#1659 = ORIENTED_EDGE('',*,*,#1660,.F.);
#1660 = EDGE_CURVE('',#1661,#1663,#1665,.T.);
#1661 = VERTEX_POINT('',#1662);
#1662 = CARTESIAN_POINT('',(-14.92004499277,9.652209975623,4.));
#1663 = VERTEX_POINT('',#1664);
#1664 = CARTESIAN_POINT('',(-15.37374074352,8.911845799324,4.));
#1665 = SURFACE_CURVE('',#1666,(#1671,#1678),.PCURVE_S1.);
#1666 = CIRCLE('',#1667,17.77);
#1667 = AXIS2_PLACEMENT_3D('',#1668,#1669,#1670);
#1668 = CARTESIAN_POINT('',(0.,0.,4.));
#1669 = DIRECTION('',(0.,0.,1.));
#1670 = DIRECTION('',(1.,0.,-0.));
#1671 = PCURVE('',#379,#1672);
#1672 = DEFINITIONAL_REPRESENTATION('',(#1673),#1677);
#1673 = LINE('',#1674,#1675);
#1674 = CARTESIAN_POINT('',(0.,4.45));
#1675 = VECTOR('',#1676,1.);
#1676 = DIRECTION('',(1.,0.));
#1677 = ( GEOMETRIC_REPRESENTATION_CONTEXT(2) 
PARAMETRIC_REPRESENTATION_CONTEXT() REPRESENTATION_CONTEXT('2D SPACE',''
  ) );
#1678 = PCURVE('',#1679,#1684);
#1679 = PLANE('',#1680);
#1680 = AXIS2_PLACEMENT_3D('',#1681,#1682,#1683);
#1681 = CARTESIAN_POINT('',(-9.063219542908,5.553948078979,4.));
#1682 = DIRECTION('',(0.,0.,1.));
#1683 = DIRECTION('',(1.,0.,-0.));
#1684 = DEFINITIONAL_REPRESENTATION('',(#1685),#1689);
#1685 = CIRCLE('',#1686,17.77);
#1686 = AXIS2_PLACEMENT_2D('',#1687,#1688);
#1687 = CARTESIAN_POINT('',(9.063219542908,-5.553948078979));
#1688 = DIRECTION('',(1.,0.));
#1689 = ( GEOMETRIC_REPRESENTATION_CONTEXT(2) 
PARAMETRIC_REPRESENTATION_CONTEXT() REPRESENTATION_CONTEXT('2D SPACE',''
  ) );
#1690 = ORIENTED_EDGE('',*,*,#1691,.T.);
#1691 = EDGE_CURVE('',#1661,#1692,#1694,.T.);
#1692 = VERTEX_POINT('',#1693);
#1693 = CARTESIAN_POINT('',(-14.92004499277,9.652209975623,6.5));
#1694 = SURFACE_CURVE('',#1695,(#1699,#1705),.PCURVE_S1.);
#1695 = LINE('',#1696,#1697);
#1696 = CARTESIAN_POINT('',(-14.92004499277,9.652209975623,-0.45));
#1697 = VECTOR('',#1698,1.);
#1698 = DIRECTION('',(0.,0.,1.));
#1699 = PCURVE('',#379,#1700);
#1700 = DEFINITIONAL_REPRESENTATION('',(#1701),#1704);
#1701 = B_SPLINE_CURVE_WITH_KNOTS('',1,(#1702,#1703),.UNSPECIFIED.,.F.,
  .F.,(2,2),(4.2,7.2),.PIECEWISE_BEZIER_KNOTS.);
#1702 = CARTESIAN_POINT('',(2.567379329684,4.2));
#1703 = CARTESIAN_POINT('',(2.567379329684,7.2));
#1704 = ( GEOMETRIC_REPRESENTATION_CONTEXT(2) 
PARAMETRIC_REPRESENTATION_CONTEXT() REPRESENTATION_CONTEXT('2D SPACE',''
  ) );
#1705 = PCURVE('',#1706,#1711);
#1706 = PLANE('',#1707);
#1707 = AXIS2_PLACEMENT_3D('',#1708,#1709,#1710);
#1708 = CARTESIAN_POINT('',(0.,0.,4.));
#1709 = DIRECTION('',(-0.543174449951,-0.839619864534,0.));
#1710 = DIRECTION('',(-0.839619864534,0.543174449951,0.));
#1711 = DEFINITIONAL_REPRESENTATION('',(#1712),#1715);
#1712 = B_SPLINE_CURVE_WITH_KNOTS('',1,(#1713,#1714),.UNSPECIFIED.,.F.,
  .F.,(2,2),(4.2,7.2),.PIECEWISE_BEZIER_KNOTS.);
#1713 = CARTESIAN_POINT('',(17.77,0.25));
#1714 = CARTESIAN_POINT('',(17.77,-2.75));
#1715 = ( GEOMETRIC_REPRESENTATION_CONTEXT(2) 
PARAMETRIC_REPRESENTATION_CONTEXT() REPRESENTATION_CONTEXT('2D SPACE',''
  ) );
#1716 = ORIENTED_EDGE('',*,*,#1717,.T.);
#1717 = EDGE_CURVE('',#1692,#1718,#1720,.T.);
#1718 = VERTEX_POINT('',#1719);
#1719 = CARTESIAN_POINT('',(-15.37374074352,8.911845799324,6.5));
#1720 = SURFACE_CURVE('',#1721,(#1726,#1733),.PCURVE_S1.);
#1721 = CIRCLE('',#1722,17.77);
#1722 = AXIS2_PLACEMENT_3D('',#1723,#1724,#1725);
#1723 = CARTESIAN_POINT('',(0.,0.,6.5));
#1724 = DIRECTION('',(0.,0.,1.));
#1725 = DIRECTION('',(1.,0.,-0.));
#1726 = PCURVE('',#379,#1727);
#1727 = DEFINITIONAL_REPRESENTATION('',(#1728),#1732);
#1728 = LINE('',#1729,#1730);
#1729 = CARTESIAN_POINT('',(0.,6.95));
#1730 = VECTOR('',#1731,1.);
#1731 = DIRECTION('',(1.,0.));
#1732 = ( GEOMETRIC_REPRESENTATION_CONTEXT(2) 
PARAMETRIC_REPRESENTATION_CONTEXT() REPRESENTATION_CONTEXT('2D SPACE',''
  ) );
#1733 = PCURVE('',#1734,#1739);
#1734 = PLANE('',#1735);
#1735 = AXIS2_PLACEMENT_3D('',#1736,#1737,#1738);
#1736 = CARTESIAN_POINT('',(-9.063219542908,5.553948078979,6.5));
#1737 = DIRECTION('',(0.,0.,1.));
#1738 = DIRECTION('',(1.,0.,-0.));
#1739 = DEFINITIONAL_REPRESENTATION('',(#1740),#1744);
#1740 = CIRCLE('',#1741,17.77);
#1741 = AXIS2_PLACEMENT_2D('',#1742,#1743);
#1742 = CARTESIAN_POINT('',(9.063219542908,-5.553948078979));
#1743 = DIRECTION('',(1.,0.));
#1744 = ( GEOMETRIC_REPRESENTATION_CONTEXT(2) 
PARAMETRIC_REPRESENTATION_CONTEXT() REPRESENTATION_CONTEXT('2D SPACE',''
  ) );
#1745 = ORIENTED_EDGE('',*,*,#1746,.F.);
#1746 = EDGE_CURVE('',#1663,#1718,#1747,.T.);
#1747 = SURFACE_CURVE('',#1748,(#1752,#1758),.PCURVE_S1.);
#1748 = LINE('',#1749,#1750);
#1749 = CARTESIAN_POINT('',(-15.37374074352,8.911845799324,-0.45));
#1750 = VECTOR('',#1751,1.);
#1751 = DIRECTION('',(0.,0.,1.));
#1752 = PCURVE('',#379,#1753);
#1753 = DEFINITIONAL_REPRESENTATION('',(#1754),#1757);
#1754 = B_SPLINE_CURVE_WITH_KNOTS('',1,(#1755,#1756),.UNSPECIFIED.,.F.,
  .F.,(2,2),(4.2,7.2),.PIECEWISE_BEZIER_KNOTS.);
#1755 = CARTESIAN_POINT('',(2.61624854874,4.2));
#1756 = CARTESIAN_POINT('',(2.61624854874,7.2));
#1757 = ( GEOMETRIC_REPRESENTATION_CONTEXT(2) 
PARAMETRIC_REPRESENTATION_CONTEXT() REPRESENTATION_CONTEXT('2D SPACE',''
  ) );
#1758 = PCURVE('',#1759,#1764);
#1759 = PLANE('',#1760);
#1760 = AXIS2_PLACEMENT_3D('',#1761,#1762,#1763);
#1761 = CARTESIAN_POINT('',(-17.96919500523,10.416378010802,4.));
#1762 = DIRECTION('',(0.501510737159,0.86515142057,-0.));
#1763 = DIRECTION('',(0.86515142057,-0.501510737159,0.));
#1764 = DEFINITIONAL_REPRESENTATION('',(#1765),#1768);
#1765 = B_SPLINE_CURVE_WITH_KNOTS('',1,(#1766,#1767),.UNSPECIFIED.,.F.,
  .F.,(2,2),(4.2,7.2),.PIECEWISE_BEZIER_KNOTS.);
#1766 = CARTESIAN_POINT('',(3.,0.25));
#1767 = CARTESIAN_POINT('',(3.,-2.75));
#1768 = ( GEOMETRIC_REPRESENTATION_CONTEXT(2) 
PARAMETRIC_REPRESENTATION_CONTEXT() REPRESENTATION_CONTEXT('2D SPACE',''
  ) );
#1769 = ADVANCED_FACE('',(#1770),#404,.F.);
#1770 = FACE_BOUND('',#1771,.F.);
#1771 = EDGE_LOOP('',(#1772,#1773,#1796,#1817,#1836,#1837));
#1772 = ORIENTED_EDGE('',*,*,#1449,.T.);
#1773 = ORIENTED_EDGE('',*,*,#1774,.T.);
#1774 = EDGE_CURVE('',#1450,#1775,#1777,.T.);
#1775 = VERTEX_POINT('',#1776);
#1776 = CARTESIAN_POINT('',(-14.77154020405,6.7,7.85));
#1777 = SURFACE_CURVE('',#1778,(#1782,#1789),.PCURVE_S1.);
#1778 = LINE('',#1779,#1780);
#1779 = CARTESIAN_POINT('',(-30.,6.7,7.85));
#1780 = VECTOR('',#1781,1.);
#1781 = DIRECTION('',(1.,0.,-0.));
#1782 = PCURVE('',#404,#1783);
#1783 = DEFINITIONAL_REPRESENTATION('',(#1784),#1788);
#1784 = LINE('',#1785,#1786);
#1785 = CARTESIAN_POINT('',(9.3,0.));
#1786 = VECTOR('',#1787,1.);
#1787 = DIRECTION('',(0.,1.));
#1788 = ( GEOMETRIC_REPRESENTATION_CONTEXT(2) 
PARAMETRIC_REPRESENTATION_CONTEXT() REPRESENTATION_CONTEXT('2D SPACE',''
  ) );
#1789 = PCURVE('',#819,#1790);
#1790 = DEFINITIONAL_REPRESENTATION('',(#1791),#1795);
#1791 = LINE('',#1792,#1793);
#1792 = CARTESIAN_POINT('',(0.,13.4));
#1793 = VECTOR('',#1794,1.);
#1794 = DIRECTION('',(1.,0.));
#1795 = ( GEOMETRIC_REPRESENTATION_CONTEXT(2) 
PARAMETRIC_REPRESENTATION_CONTEXT() REPRESENTATION_CONTEXT('2D SPACE',''
  ) );
#1796 = ORIENTED_EDGE('',*,*,#1797,.F.);
#1797 = EDGE_CURVE('',#1798,#1775,#1800,.T.);
#1798 = VERTEX_POINT('',#1799);
#1799 = CARTESIAN_POINT('',(-14.77154020405,6.7,-0.1));
#1800 = SURFACE_CURVE('',#1801,(#1805,#1811),.PCURVE_S1.);
#1801 = LINE('',#1802,#1803);
#1802 = CARTESIAN_POINT('',(-14.77154020405,6.7,-0.45));
#1803 = VECTOR('',#1804,1.);
#1804 = DIRECTION('',(0.,0.,1.));
#1805 = PCURVE('',#404,#1806);
#1806 = DEFINITIONAL_REPRESENTATION('',(#1807),#1810);
#1807 = B_SPLINE_CURVE_WITH_KNOTS('',1,(#1808,#1809),.UNSPECIFIED.,.F.,
  .F.,(2,2),(0.3499994,8.3000006),.PIECEWISE_BEZIER_KNOTS.);
#1808 = CARTESIAN_POINT('',(1.3499994,15.228459795945));
#1809 = CARTESIAN_POINT('',(9.3000006,15.228459795945));
#1810 = ( GEOMETRIC_REPRESENTATION_CONTEXT(2) 
PARAMETRIC_REPRESENTATION_CONTEXT() REPRESENTATION_CONTEXT('2D SPACE',''
  ) );
#1811 = PCURVE('',#846,#1812);
#1812 = DEFINITIONAL_REPRESENTATION('',(#1813),#1816);
#1813 = B_SPLINE_CURVE_WITH_KNOTS('',1,(#1814,#1815),.UNSPECIFIED.,.F.,
  .F.,(2,2),(0.35,8.3),.PIECEWISE_BEZIER_KNOTS.);
#1814 = CARTESIAN_POINT('',(8.998955118118,0.35));
#1815 = CARTESIAN_POINT('',(8.998955118118,8.3));
#1816 = ( GEOMETRIC_REPRESENTATION_CONTEXT(2) 
PARAMETRIC_REPRESENTATION_CONTEXT() REPRESENTATION_CONTEXT('2D SPACE',''
  ) );
#1817 = ORIENTED_EDGE('',*,*,#1818,.F.);
#1818 = EDGE_CURVE('',#442,#1798,#1819,.T.);
#1819 = SURFACE_CURVE('',#1820,(#1824,#1830),.PCURVE_S1.);
#1820 = LINE('',#1821,#1822);
#1821 = CARTESIAN_POINT('',(-15.,6.7,-0.1));
#1822 = VECTOR('',#1823,1.);
#1823 = DIRECTION('',(-1.,-0.,0.));
#1824 = PCURVE('',#404,#1825);
#1825 = DEFINITIONAL_REPRESENTATION('',(#1826),#1829);
#1826 = B_SPLINE_CURVE_WITH_KNOTS('',1,(#1827,#1828),.UNSPECIFIED.,.F.,
  .F.,(2,2),(-5.,1.22),.PIECEWISE_BEZIER_KNOTS.);
#1827 = CARTESIAN_POINT('',(1.35,20.));
#1828 = CARTESIAN_POINT('',(1.35,13.78));
#1829 = ( GEOMETRIC_REPRESENTATION_CONTEXT(2) 
PARAMETRIC_REPRESENTATION_CONTEXT() REPRESENTATION_CONTEXT('2D SPACE',''
  ) );
#1830 = PCURVE('',#477,#1831);
#1831 = DEFINITIONAL_REPRESENTATION('',(#1832),#1835);
#1832 = B_SPLINE_CURVE_WITH_KNOTS('',1,(#1833,#1834),.UNSPECIFIED.,.F.,
  .F.,(2,2),(-5.,1.22),.PIECEWISE_BEZIER_KNOTS.);
#1833 = CARTESIAN_POINT('',(-10.,6.7));
#1834 = CARTESIAN_POINT('',(-16.22,6.7));
#1835 = ( GEOMETRIC_REPRESENTATION_CONTEXT(2) 
PARAMETRIC_REPRESENTATION_CONTEXT() REPRESENTATION_CONTEXT('2D SPACE',''
  ) );
#1836 = ORIENTED_EDGE('',*,*,#441,.F.);
#1837 = ORIENTED_EDGE('',*,*,#390,.T.);
#1838 = ADVANCED_FACE('',(#1839),#477,.T.);
#1839 = FACE_BOUND('',#1840,.T.);
#1840 = EDGE_LOOP('',(#1841,#1842,#1864,#1865));
#1841 = ORIENTED_EDGE('',*,*,#857,.T.);
#1842 = ORIENTED_EDGE('',*,*,#1843,.T.);
#1843 = EDGE_CURVE('',#831,#1798,#1844,.T.);
#1844 = SURFACE_CURVE('',#1845,(#1850,#1857),.PCURVE_S1.);
#1845 = CIRCLE('',#1846,16.22);
#1846 = AXIS2_PLACEMENT_3D('',#1847,#1848,#1849);
#1847 = CARTESIAN_POINT('',(0.,0.,-0.1));
#1848 = DIRECTION('',(0.,0.,1.));
#1849 = DIRECTION('',(-0.910699149448,-0.4130702836,0.));
#1850 = PCURVE('',#477,#1851);
#1851 = DEFINITIONAL_REPRESENTATION('',(#1852),#1856);
#1852 = CIRCLE('',#1853,16.22);
#1853 = AXIS2_PLACEMENT_2D('',#1854,#1855);
#1854 = CARTESIAN_POINT('',(0.,0.));
#1855 = DIRECTION('',(-0.910699149448,-0.4130702836));
#1856 = ( GEOMETRIC_REPRESENTATION_CONTEXT(2) 
PARAMETRIC_REPRESENTATION_CONTEXT() REPRESENTATION_CONTEXT('2D SPACE',''
  ) );
#1857 = PCURVE('',#846,#1858);
#1858 = DEFINITIONAL_REPRESENTATION('',(#1859),#1863);
#1859 = LINE('',#1860,#1861);
#1860 = CARTESIAN_POINT('',(3.567415496241,0.35));
#1861 = VECTOR('',#1862,1.);
#1862 = DIRECTION('',(1.,0.));
#1863 = ( GEOMETRIC_REPRESENTATION_CONTEXT(2) 
PARAMETRIC_REPRESENTATION_CONTEXT() REPRESENTATION_CONTEXT('2D SPACE',''
  ) );
#1864 = ORIENTED_EDGE('',*,*,#1818,.F.);
#1865 = ORIENTED_EDGE('',*,*,#462,.F.);
#1866 = ADVANCED_FACE('',(#1867,#1898,#1990,#2512),#846,.F.);
#1867 = FACE_BOUND('',#1868,.F.);
#1868 = EDGE_LOOP('',(#1869,#1870,#1871,#1872));
#1869 = ORIENTED_EDGE('',*,*,#830,.F.);
#1870 = ORIENTED_EDGE('',*,*,#1843,.T.);
#1871 = ORIENTED_EDGE('',*,*,#1797,.T.);
#1872 = ORIENTED_EDGE('',*,*,#1873,.T.);
#1873 = EDGE_CURVE('',#1775,#804,#1874,.T.);
#1874 = SURFACE_CURVE('',#1875,(#1880,#1887),.PCURVE_S1.);
#1875 = CIRCLE('',#1876,16.22);
#1876 = AXIS2_PLACEMENT_3D('',#1877,#1878,#1879);
#1877 = CARTESIAN_POINT('',(0.,0.,7.85));
#1878 = DIRECTION('',(0.,0.,-1.));
#1879 = DIRECTION('',(-0.910699149448,0.413070283601,0.));
#1880 = PCURVE('',#846,#1881);
#1881 = DEFINITIONAL_REPRESENTATION('',(#1882),#1886);
#1882 = LINE('',#1883,#1884);
#1883 = CARTESIAN_POINT('',(8.998955118118,8.3));
#1884 = VECTOR('',#1885,1.);
#1885 = DIRECTION('',(-1.,-0.));
#1886 = ( GEOMETRIC_REPRESENTATION_CONTEXT(2) 
PARAMETRIC_REPRESENTATION_CONTEXT() REPRESENTATION_CONTEXT('2D SPACE',''
  ) );
#1887 = PCURVE('',#819,#1888);
#1888 = DEFINITIONAL_REPRESENTATION('',(#1889),#1897);
#1889 = ( BOUNDED_CURVE() B_SPLINE_CURVE(2,(#1890,#1891,#1892,#1893,
#1894,#1895,#1896),.UNSPECIFIED.,.T.,.F.) B_SPLINE_CURVE_WITH_KNOTS((1,2
    ,2,2,2,1),(-2.094395102393,0.,2.094395102393,4.188790204786,
6.28318530718,8.377580409573),.UNSPECIFIED.) CURVE() 
GEOMETRIC_REPRESENTATION_ITEM() RATIONAL_B_SPLINE_CURVE((1.,0.5,1.,0.5,
1.,0.5,1.)) REPRESENTATION_ITEM('') );
#1890 = CARTESIAN_POINT('',(15.228459795946,13.4));
#1891 = CARTESIAN_POINT('',(26.833200206658,38.985058139469));
#1892 = CARTESIAN_POINT('',(43.188140307383,16.142529069734));
#1893 = CARTESIAN_POINT('',(59.543080408109,-6.700000000001));
#1894 = CARTESIAN_POINT('',(31.583399896671,-9.442529069734));
#1895 = CARTESIAN_POINT('',(3.623719385233,-12.18505813946));
#1896 = CARTESIAN_POINT('',(15.228459795946,13.4));
#1897 = ( GEOMETRIC_REPRESENTATION_CONTEXT(2) 
PARAMETRIC_REPRESENTATION_CONTEXT() REPRESENTATION_CONTEXT('2D SPACE',''
  ) );
#1898 = FACE_BOUND('',#1899,.F.);
#1899 = EDGE_LOOP('',(#1900,#1926,#1947,#1971));
#1900 = ORIENTED_EDGE('',*,*,#1901,.F.);
#1901 = EDGE_CURVE('',#1902,#1904,#1906,.T.);
#1902 = VERTEX_POINT('',#1903);
#1903 = CARTESIAN_POINT('',(-8.134504156726,14.032756041641,4.));
#1904 = VERTEX_POINT('',#1905);
#1905 = CARTESIAN_POINT('',(-8.8102895782,13.618634202748,4.));
#1906 = SURFACE_CURVE('',#1907,(#1912,#1919),.PCURVE_S1.);
#1907 = CIRCLE('',#1908,16.22);
#1908 = AXIS2_PLACEMENT_3D('',#1909,#1910,#1911);
#1909 = CARTESIAN_POINT('',(0.,0.,4.));
#1910 = DIRECTION('',(0.,0.,1.));
#1911 = DIRECTION('',(1.,0.,-0.));
#1912 = PCURVE('',#846,#1913);
#1913 = DEFINITIONAL_REPRESENTATION('',(#1914),#1918);
#1914 = LINE('',#1915,#1916);
#1915 = CARTESIAN_POINT('',(6.28318530718,4.45));
#1916 = VECTOR('',#1917,1.);
#1917 = DIRECTION('',(1.,0.));
#1918 = ( GEOMETRIC_REPRESENTATION_CONTEXT(2) 
PARAMETRIC_REPRESENTATION_CONTEXT() REPRESENTATION_CONTEXT('2D SPACE',''
  ) );
#1919 = PCURVE('',#1567,#1920);
#1920 = DEFINITIONAL_REPRESENTATION('',(#1921),#1925);
#1921 = CIRCLE('',#1922,16.22);
#1922 = AXIS2_PLACEMENT_2D('',#1923,#1924);
#1923 = CARTESIAN_POINT('',(5.553948078979,-9.063219542908));
#1924 = DIRECTION('',(1.,0.));
#1925 = ( GEOMETRIC_REPRESENTATION_CONTEXT(2) 
PARAMETRIC_REPRESENTATION_CONTEXT() REPRESENTATION_CONTEXT('2D SPACE',''
  ) );
#1926 = ORIENTED_EDGE('',*,*,#1927,.T.);
#1927 = EDGE_CURVE('',#1902,#1928,#1930,.T.);
#1928 = VERTEX_POINT('',#1929);
#1929 = CARTESIAN_POINT('',(-8.134504156726,14.032756041641,6.5));
#1930 = SURFACE_CURVE('',#1931,(#1935,#1941),.PCURVE_S1.);
#1931 = LINE('',#1932,#1933);
#1932 = CARTESIAN_POINT('',(-8.134504156726,14.032756041641,-0.45));
#1933 = VECTOR('',#1934,1.);
#1934 = DIRECTION('',(0.,0.,1.));
#1935 = PCURVE('',#846,#1936);
#1936 = DEFINITIONAL_REPRESENTATION('',(#1937),#1940);
#1937 = B_SPLINE_CURVE_WITH_KNOTS('',1,(#1938,#1939),.UNSPECIFIED.,.F.,
  .F.,(2,2),(4.2,7.2),.PIECEWISE_BEZIER_KNOTS.);
#1938 = CARTESIAN_POINT('',(8.379325738825,4.2));
#1939 = CARTESIAN_POINT('',(8.379325738825,7.2));
#1940 = ( GEOMETRIC_REPRESENTATION_CONTEXT(2) 
PARAMETRIC_REPRESENTATION_CONTEXT() REPRESENTATION_CONTEXT('2D SPACE',''
  ) );
#1941 = PCURVE('',#1594,#1942);
#1942 = DEFINITIONAL_REPRESENTATION('',(#1943),#1946);
#1943 = B_SPLINE_CURVE_WITH_KNOTS('',1,(#1944,#1945),.UNSPECIFIED.,.F.,
  .F.,(2,2),(4.2,7.2),.PIECEWISE_BEZIER_KNOTS.);
#1944 = CARTESIAN_POINT('',(16.22,0.25));
#1945 = CARTESIAN_POINT('',(16.22,-2.75));
#1946 = ( GEOMETRIC_REPRESENTATION_CONTEXT(2) 
PARAMETRIC_REPRESENTATION_CONTEXT() REPRESENTATION_CONTEXT('2D SPACE',''
  ) );
#1947 = ORIENTED_EDGE('',*,*,#1948,.T.);
#1948 = EDGE_CURVE('',#1928,#1949,#1951,.T.);
#1949 = VERTEX_POINT('',#1950);
#1950 = CARTESIAN_POINT('',(-8.8102895782,13.618634202748,6.5));
#1951 = SURFACE_CURVE('',#1952,(#1957,#1964),.PCURVE_S1.);
#1952 = CIRCLE('',#1953,16.22);
#1953 = AXIS2_PLACEMENT_3D('',#1954,#1955,#1956);
#1954 = CARTESIAN_POINT('',(0.,0.,6.5));
#1955 = DIRECTION('',(0.,0.,1.));
#1956 = DIRECTION('',(1.,0.,-0.));
#1957 = PCURVE('',#846,#1958);
#1958 = DEFINITIONAL_REPRESENTATION('',(#1959),#1963);
#1959 = LINE('',#1960,#1961);
#1960 = CARTESIAN_POINT('',(6.28318530718,6.95));
#1961 = VECTOR('',#1962,1.);
#1962 = DIRECTION('',(1.,0.));
#1963 = ( GEOMETRIC_REPRESENTATION_CONTEXT(2) 
PARAMETRIC_REPRESENTATION_CONTEXT() REPRESENTATION_CONTEXT('2D SPACE',''
  ) );
#1964 = PCURVE('',#1622,#1965);
#1965 = DEFINITIONAL_REPRESENTATION('',(#1966),#1970);
#1966 = CIRCLE('',#1967,16.22);
#1967 = AXIS2_PLACEMENT_2D('',#1968,#1969);
#1968 = CARTESIAN_POINT('',(5.553948078979,-9.063219542908));
#1969 = DIRECTION('',(1.,0.));
#1970 = ( GEOMETRIC_REPRESENTATION_CONTEXT(2) 
PARAMETRIC_REPRESENTATION_CONTEXT() REPRESENTATION_CONTEXT('2D SPACE',''
  ) );
#1971 = ORIENTED_EDGE('',*,*,#1972,.F.);
#1972 = EDGE_CURVE('',#1904,#1949,#1973,.T.);
#1973 = SURFACE_CURVE('',#1974,(#1978,#1984),.PCURVE_S1.);
#1974 = LINE('',#1975,#1976);
#1975 = CARTESIAN_POINT('',(-8.8102895782,13.618634202748,-0.45));
#1976 = VECTOR('',#1977,1.);
#1977 = DIRECTION('',(0.,0.,1.));
#1978 = PCURVE('',#846,#1979);
#1979 = DEFINITIONAL_REPRESENTATION('',(#1980),#1983);
#1980 = B_SPLINE_CURVE_WITH_KNOTS('',1,(#1981,#1982),.UNSPECIFIED.,.F.,
  .F.,(2,2),(4.2,7.2),.PIECEWISE_BEZIER_KNOTS.);
#1981 = CARTESIAN_POINT('',(8.428194957881,4.2));
#1982 = CARTESIAN_POINT('',(8.428194957881,7.2));
#1983 = ( GEOMETRIC_REPRESENTATION_CONTEXT(2) 
PARAMETRIC_REPRESENTATION_CONTEXT() REPRESENTATION_CONTEXT('2D SPACE',''
  ) );
#1984 = PCURVE('',#1647,#1985);
#1985 = DEFINITIONAL_REPRESENTATION('',(#1986),#1989);
#1986 = B_SPLINE_CURVE_WITH_KNOTS('',1,(#1987,#1988),.UNSPECIFIED.,.F.,
  .F.,(2,2),(4.2,7.2),.PIECEWISE_BEZIER_KNOTS.);
#1987 = CARTESIAN_POINT('',(4.55,0.25));
#1988 = CARTESIAN_POINT('',(4.55,-2.75));
#1989 = ( GEOMETRIC_REPRESENTATION_CONTEXT(2) 
PARAMETRIC_REPRESENTATION_CONTEXT() REPRESENTATION_CONTEXT('2D SPACE',''
  ) );
#1990 = FACE_BOUND('',#1991,.F.);
#1991 = EDGE_LOOP('',(#1992));
#1992 = ORIENTED_EDGE('',*,*,#1993,.F.);
#1993 = EDGE_CURVE('',#1994,#1994,#1996,.T.);
#1994 = VERTEX_POINT('',#1995);
#1995 = CARTESIAN_POINT('',(-10.91011949699,12.002403615999,5.25));
#1996 = SURFACE_CURVE('',#1997,(#2162,#2339),.PCURVE_S1.);
#1997 = B_SPLINE_CURVE_WITH_KNOTS('',7,(#1998,#1999,#2000,#2001,#2002,
    #2003,#2004,#2005,#2006,#2007,#2008,#2009,#2010,#2011,#2012,#2013,
    #2014,#2015,#2016,#2017,#2018,#2019,#2020,#2021,#2022,#2023,#2024,
    #2025,#2026,#2027,#2028,#2029,#2030,#2031,#2032,#2033,#2034,#2035,
    #2036,#2037,#2038,#2039,#2040,#2041,#2042,#2043,#2044,#2045,#2046,
    #2047,#2048,#2049,#2050,#2051,#2052,#2053,#2054,#2055,#2056,#2057,
    #2058,#2059,#2060,#2061,#2062,#2063,#2064,#2065,#2066,#2067,#2068,
    #2069,#2070,#2071,#2072,#2073,#2074,#2075,#2076,#2077,#2078,#2079,
    #2080,#2081,#2082,#2083,#2084,#2085,#2086,#2087,#2088,#2089,#2090,
    #2091,#2092,#2093,#2094,#2095,#2096,#2097,#2098,#2099,#2100,#2101,
    #2102,#2103,#2104,#2105,#2106,#2107,#2108,#2109,#2110,#2111,#2112,
    #2113,#2114,#2115,#2116,#2117,#2118,#2119,#2120,#2121,#2122,#2123,
    #2124,#2125,#2126,#2127,#2128,#2129,#2130,#2131,#2132,#2133,#2134,
    #2135,#2136,#2137,#2138,#2139,#2140,#2141,#2142,#2143,#2144,#2145,
    #2146,#2147,#2148,#2149,#2150,#2151,#2152,#2153,#2154,#2155,#2156,
    #2157,#2158,#2159,#2160,#2161),.UNSPECIFIED.,.T.,.F.,(8,6,6,6,6,6,6,
    6,6,6,6,6,6,6,6,6,6,6,6,6,6,6,6,6,6,6,6,8),(0.,0.119996589251,
    0.147340191174,0.162865026591,0.173164255869,0.198465027257,
    0.223043268367,0.25015323841,0.276956209984,0.301534455256,
    0.35265474441,0.380000923164,0.413119245561,0.43743698118,
    0.499938704396,0.586774944369,0.619894901106,0.647242429353,
    0.662769494014,0.67307020218,0.698374606559,0.722956376911,
    0.749763192641,0.77687705087,0.80145881706,0.852586429369,
    0.88042001498,1.),.UNSPECIFIED.);
#1998 = CARTESIAN_POINT('',(-10.91011949699,12.002403615999,5.25));
#1999 = CARTESIAN_POINT('',(-10.91011949699,12.002403615999,
    5.170792150925));
#2000 = CARTESIAN_POINT('',(-10.91676218414,11.996365559054,
    5.091948136182));
#2001 = CARTESIAN_POINT('',(-10.92994513352,11.984381915761,
    5.013768007317));
#2002 = CARTESIAN_POINT('',(-10.94985132367,11.966245872029,
    4.936988006384));
#2003 = CARTESIAN_POINT('',(-10.97664557139,11.941722782234,
    4.862715699765));
#2004 = CARTESIAN_POINT('',(-11.01031567727,11.910684057989,
    4.792360540979));
#2005 = CARTESIAN_POINT('',(-11.05992153132,11.864514060241,
    4.71275211487));
#2006 = CARTESIAN_POINT('',(-11.06947124106,11.855610250259,
    4.698274033482));
#2007 = CARTESIAN_POINT('',(-11.07935979192,11.846373394445,
    4.684114028922));
#2008 = CARTESIAN_POINT('',(-11.08958043465,11.836807548371,
    4.670295864678));
#2009 = CARTESIAN_POINT('',(-11.10012440181,11.82691860632,
    4.656844232461));
#2010 = CARTESIAN_POINT('',(-11.11098069494,11.81671455482,
    4.643784230401));
#2011 = CARTESIAN_POINT('',(-11.12846942967,11.800239144475,
    4.623962323314));
#2012 = CARTESIAN_POINT('',(-11.13489932756,11.794174325101,
    4.616918096366));
#2013 = CARTESIAN_POINT('',(-11.14142307231,11.788013185981,
    4.610012811272));
#2014 = CARTESIAN_POINT('',(-11.14803793744,11.781757877288,
    4.603251019343));
#2015 = CARTESIAN_POINT('',(-11.15474096316,11.775410781444,
    4.596637172305));
#2016 = CARTESIAN_POINT('',(-11.16152895638,11.768974513126,
    4.590175622307));
#2017 = CARTESIAN_POINT('',(-11.17295576342,11.758124808026,
    4.579687862938));
#2018 = CARTESIAN_POINT('',(-11.17754892917,11.753759699666,
    4.575573987593));
#2019 = CARTESIAN_POINT('',(-11.18217698579,11.749357428006,
    4.571530229439));
#2020 = CARTESIAN_POINT('',(-11.18683889871,11.744918861799,
    4.567557778188));
#2021 = CARTESIAN_POINT('',(-11.19153360094,11.740444904727,
    4.563657779696));
#2022 = CARTESIAN_POINT('',(-11.19625999311,11.735936495397,
    4.559831335969));
#2023 = CARTESIAN_POINT('',(-11.21270272194,11.720237144177,
    4.546862872429));
#2024 = CARTESIAN_POINT('',(-11.22457336632,11.708877220631,
    4.538096302124));
#2025 = CARTESIAN_POINT('',(-11.23661138802,11.697329932119,
    4.52979569466));
#2026 = CARTESIAN_POINT('',(-11.24879935339,11.685610530209,
    4.521974597411));
#2027 = CARTESIAN_POINT('',(-11.26111988372,11.673734422617,
    4.514644204705));
#2028 = CARTESIAN_POINT('',(-11.27355565521,11.661717173212,
    4.507813357825));
#2029 = CARTESIAN_POINT('',(-11.29826520864,11.637778596828,
    4.495344353904));
#2030 = CARTESIAN_POINT('',(-11.31053403165,11.625863798973,
    4.489677562889));
#2031 = CARTESIAN_POINT('',(-11.32288044348,11.613844137526,
    4.484494229064));
#2032 = CARTESIAN_POINT('',(-11.33529037265,11.601732531392,
    4.479798172846));
#2033 = CARTESIAN_POINT('',(-11.34775101805,11.589540847678,
    4.475591519912));
#2034 = CARTESIAN_POINT('',(-11.36025076623,11.577279960071,
    4.47187524314));
#2035 = CARTESIAN_POINT('',(-11.38659795735,11.551370593347,
    4.465091913174));
#2036 = CARTESIAN_POINT('',(-11.40045168799,11.537709182378,
    4.462131155876));
#2037 = CARTESIAN_POINT('',(-11.41432669053,11.523988433073,
    4.459767645809));
#2038 = CARTESIAN_POINT('',(-11.42821118295,11.51021960909,
    4.458000881375));
#2039 = CARTESIAN_POINT('',(-11.442094729,11.496412830622,4.456830107323
    ));
#2040 = CARTESIAN_POINT('',(-11.45596775588,11.482577526046,
    4.456254775834));
#2041 = CARTESIAN_POINT('',(-11.48351751019,11.455025133704,
    4.456295010294));
#2042 = CARTESIAN_POINT('',(-11.49719453004,11.441308633003,
    4.456897162734));
#2043 = CARTESIAN_POINT('',(-11.5108432485,11.427582274397,
    4.458081370035));
#2044 = CARTESIAN_POINT('',(-11.52445453405,11.413855334606,
    4.459848168896));
#2045 = CARTESIAN_POINT('',(-11.53801858074,11.40013792922,
    4.462198287081));
#2046 = CARTESIAN_POINT('',(-11.55152448246,11.386441467768,
    4.465132202877));
#2047 = CARTESIAN_POINT('',(-11.57727996007,11.360250766232,
    4.47187524314));
#2048 = CARTESIAN_POINT('',(-11.58954084767,11.34775101805,
    4.475591519911));
#2049 = CARTESIAN_POINT('',(-11.60173253139,11.335290372658,
    4.479798172846));
#2050 = CARTESIAN_POINT('',(-11.61384413752,11.322880443485,
    4.484494229064));
#2051 = CARTESIAN_POINT('',(-11.62586379897,11.310534031652,
    4.489677562889));
#2052 = CARTESIAN_POINT('',(-11.63777859682,11.298265208648,
    4.495344353904));
#2053 = CARTESIAN_POINT('',(-11.67410880368,11.260764934067,
    4.514267847282));
#2054 = CARTESIAN_POINT('',(-11.69813802864,11.235833293864,
    4.529117212058));
#2055 = CARTESIAN_POINT('',(-11.72152077261,11.211448752666,
    4.545976557937));
#2056 = CARTESIAN_POINT('',(-11.74412767349,11.187757490296,
    4.564752059291));
#2057 = CARTESIAN_POINT('',(-11.76584155733,11.164896553138,
    4.585315044167));
#2058 = CARTESIAN_POINT('',(-11.78656077456,11.142989091284,
    4.607505593444));
#2059 = CARTESIAN_POINT('',(-11.81671455482,11.110980694941,
    4.643784230401));
#2060 = CARTESIAN_POINT('',(-11.82691860632,11.10012440181,
    4.656844232461));
#2061 = CARTESIAN_POINT('',(-11.83680754837,11.089580434652,
    4.670295864677));
#2062 = CARTESIAN_POINT('',(-11.84637339444,11.07935979192,
    4.684114028922));
#2063 = CARTESIAN_POINT('',(-11.85561025025,11.069471241067,
    4.698274033482));
#2064 = CARTESIAN_POINT('',(-11.86451406024,11.059921531325,
    4.71275211487));
#2065 = CARTESIAN_POINT('',(-11.88345921568,11.039566524571,
    4.745418220152));
#2066 = CARTESIAN_POINT('',(-11.8933436894,11.028921978937,
    4.763743791618));
#2067 = CARTESIAN_POINT('',(-11.90273183755,11.018790291135,
    4.782463655159));
#2068 = CARTESIAN_POINT('',(-11.91162227645,11.009176814742,
    4.801540772342));
#2069 = CARTESIAN_POINT('',(-11.92001566766,11.00008444062,
    4.820940641454));
#2070 = CARTESIAN_POINT('',(-11.92791420941,10.991514102197,
    4.840631853776));
#2071 = CARTESIAN_POINT('',(-11.9407597937,10.977555285953,4.87523882486
    ));
#2072 = CARTESIAN_POINT('',(-11.94593326138,10.971926620239,
    4.890032813291));
#2073 = CARTESIAN_POINT('',(-11.95084282252,10.966579067069,
    4.90495740654));
#2074 = CARTESIAN_POINT('',(-11.95548984018,10.961512241478,
    4.920002021298));
#2075 = CARTESIAN_POINT('',(-11.95987574887,10.956725590054,
    4.935156699562));
#2076 = CARTESIAN_POINT('',(-11.96400205458,10.952218390938,
    4.950412108632));
#2077 = CARTESIAN_POINT('',(-11.97781263293,10.93712126218,
    5.005205688241));
#2078 = CARTESIAN_POINT('',(-11.98604910301,10.928094386588,
    5.045255279968));
#2079 = CARTESIAN_POINT('',(-11.99260770438,10.920892747553,
    5.085766947132));
#2080 = CARTESIAN_POINT('',(-11.99750978852,10.915503275564,
    5.126610209233));
#2081 = CARTESIAN_POINT('',(-12.00077179563,10.911914690441,
    5.167665957303));
#2082 = CARTESIAN_POINT('',(-12.00240361599,10.910119496992,
    5.208827189582));
#2083 = CARTESIAN_POINT('',(-12.00240361599,10.910119496992,
    5.307203095561));
#2084 = CARTESIAN_POINT('',(-11.99925377144,10.913584704634,
    5.364359899366));
#2085 = CARTESIAN_POINT('',(-11.9929630939,10.920505139113,
    5.421248342217));
#2086 = CARTESIAN_POINT('',(-11.98348845676,10.930915771933,
    5.477577855162));
#2087 = CARTESIAN_POINT('',(-11.97076961162,10.944857374826,
    5.532996048718));
#2088 = CARTESIAN_POINT('',(-11.95474110965,10.962362312576,
    5.587094457481));
#2089 = CARTESIAN_POINT('',(-11.92791420941,10.991514102196,
    5.659368146222));
#2090 = CARTESIAN_POINT('',(-11.92001566766,11.000084440619,
    5.679059358544));
#2091 = CARTESIAN_POINT('',(-11.91162227645,11.009176814741,
    5.698459227656));
#2092 = CARTESIAN_POINT('',(-11.90273183755,11.018790291135,
    5.717536344839));
#2093 = CARTESIAN_POINT('',(-11.8933436894,11.028921978936,
    5.736256208381));
#2094 = CARTESIAN_POINT('',(-11.88345921568,11.039566524571,
    5.754581779846));
#2095 = CARTESIAN_POINT('',(-11.86451406024,11.059921531325,
    5.787247885129));
#2096 = CARTESIAN_POINT('',(-11.85561025025,11.069471241067,
    5.801725966517));
#2097 = CARTESIAN_POINT('',(-11.84637339444,11.07935979192,
    5.815885971077));
#2098 = CARTESIAN_POINT('',(-11.83680754837,11.089580434652,
    5.829704135322));
#2099 = CARTESIAN_POINT('',(-11.82691860632,11.10012440181,
    5.843155767538));
#2100 = CARTESIAN_POINT('',(-11.81671455482,11.110980694941,
    5.856215769598));
#2101 = CARTESIAN_POINT('',(-11.80023914447,11.128469429677,
    5.876037676686));
#2102 = CARTESIAN_POINT('',(-11.7941743251,11.134899327567,
    5.883081903634));
#2103 = CARTESIAN_POINT('',(-11.78801318598,11.141423072314,
    5.889987188727));
#2104 = CARTESIAN_POINT('',(-11.78175787728,11.148037937439,
    5.896748980657));
#2105 = CARTESIAN_POINT('',(-11.77541078144,11.15474096316,
    5.903362827694));
#2106 = CARTESIAN_POINT('',(-11.76897451312,11.161528956381,
    5.909824377693));
#2107 = CARTESIAN_POINT('',(-11.75812480802,11.172955763427,
    5.920312137061));
#2108 = CARTESIAN_POINT('',(-11.75375969966,11.177548929179,
    5.924426012407));
#2109 = CARTESIAN_POINT('',(-11.749357428,11.182176985796,5.92846977056)
  );
#2110 = CARTESIAN_POINT('',(-11.7449188618,11.186838898709,
    5.932442221812));
#2111 = CARTESIAN_POINT('',(-11.74044490472,11.191533600943,
    5.936342220303));
#2112 = CARTESIAN_POINT('',(-11.73593649539,11.196259993111,
    5.940168664031));
#2113 = CARTESIAN_POINT('',(-11.72023714417,11.212702721942,
    5.953137127571));
#2114 = CARTESIAN_POINT('',(-11.70887722063,11.224573366329,
    5.961903697876));
#2115 = CARTESIAN_POINT('',(-11.69732993212,11.236611388024,
    5.97020430534));
#2116 = CARTESIAN_POINT('',(-11.6856105302,11.248799353394,
    5.978025402589));
#2117 = CARTESIAN_POINT('',(-11.67373442261,11.261119883723,
    5.985355795294));
#2118 = CARTESIAN_POINT('',(-11.66171717321,11.273555655214,
    5.992186642175));
#2119 = CARTESIAN_POINT('',(-11.63777859682,11.298265208647,
    6.004655646096));
#2120 = CARTESIAN_POINT('',(-11.62586379897,11.310534031651,
    6.010322437111));
#2121 = CARTESIAN_POINT('',(-11.61384413752,11.322880443484,
    6.015505770936));
#2122 = CARTESIAN_POINT('',(-11.60173253139,11.335290372657,
    6.020201827154));
#2123 = CARTESIAN_POINT('',(-11.58954084767,11.347751018049,
    6.024408480088));
#2124 = CARTESIAN_POINT('',(-11.57727996007,11.360250766231,
    6.02812475686));
#2125 = CARTESIAN_POINT('',(-11.55152448247,11.386441467768,
    6.034867797123));
#2126 = CARTESIAN_POINT('',(-11.53801858074,11.400137929219,
    6.037801712919));
#2127 = CARTESIAN_POINT('',(-11.52445453405,11.413855334605,
    6.040151831104));
#2128 = CARTESIAN_POINT('',(-11.5108432485,11.427582274396,
    6.041918629965));
#2129 = CARTESIAN_POINT('',(-11.49719453004,11.441308633002,
    6.043102837266));
#2130 = CARTESIAN_POINT('',(-11.48351751019,11.455025133703,
    6.043704989706));
#2131 = CARTESIAN_POINT('',(-11.45596775588,11.482577526045,
    6.043745224167));
#2132 = CARTESIAN_POINT('',(-11.442094729,11.496412830621,6.043169892677
    ));
#2133 = CARTESIAN_POINT('',(-11.42821118295,11.510219609089,
    6.041999118625));
#2134 = CARTESIAN_POINT('',(-11.41432669053,11.523988433073,
    6.040232354191));
#2135 = CARTESIAN_POINT('',(-11.40045168799,11.537709182377,
    6.037868844124));
#2136 = CARTESIAN_POINT('',(-11.38659795735,11.551370593346,
    6.034908086826));
#2137 = CARTESIAN_POINT('',(-11.36025076623,11.57727996007,
    6.028124756861));
#2138 = CARTESIAN_POINT('',(-11.34775101805,11.589540847677,
    6.024408480089));
#2139 = CARTESIAN_POINT('',(-11.33529037265,11.601732531391,
    6.020201827154));
#2140 = CARTESIAN_POINT('',(-11.32288044348,11.613844137525,
    6.015505770936));
#2141 = CARTESIAN_POINT('',(-11.31053403165,11.625863798972,
    6.010322437111));
#2142 = CARTESIAN_POINT('',(-11.29826520864,11.637778596827,
    6.004655646097));
#2143 = CARTESIAN_POINT('',(-11.26076493406,11.67410880368,
    5.985732152718));
#2144 = CARTESIAN_POINT('',(-11.23583329386,11.69813802864,
    5.970882787942));
#2145 = CARTESIAN_POINT('',(-11.21144875266,11.721520772619,
    5.954023442063));
#2146 = CARTESIAN_POINT('',(-11.18775749029,11.744127673495,
    5.93524794071));
#2147 = CARTESIAN_POINT('',(-11.16489655313,11.765841557338,
    5.914684955833));
#2148 = CARTESIAN_POINT('',(-11.14298909128,11.78656077456,
    5.892494406556));
#2149 = CARTESIAN_POINT('',(-11.110783496,11.816900327749,5.855992262344
    ));
#2150 = CARTESIAN_POINT('',(-11.09974067142,11.827279274769,
    5.842693900931));
#2151 = CARTESIAN_POINT('',(-11.08902155985,11.837331683264,
    5.828990401032));
#2152 = CARTESIAN_POINT('',(-11.07863770408,11.847049182723,
    5.814908212297));
#2153 = CARTESIAN_POINT('',(-11.06859826065,11.856425639296,
    5.800473340846));
#2154 = CARTESIAN_POINT('',(-11.05891023266,11.865456878988,
    5.785710782568));
#2155 = CARTESIAN_POINT('',(-11.00948813534,11.911447016805,
    5.705913135614));
#2156 = CARTESIAN_POINT('',(-10.97609671307,11.942225050192,
    5.635759149565));
#2157 = CARTESIAN_POINT('',(-10.94951627473,11.966551299711,
    5.561736118348));
#2158 = CARTESIAN_POINT('',(-10.92976264835,11.984547870204,
    5.485215021027));
#2159 = CARTESIAN_POINT('',(-10.91668774131,11.996433179598,
    5.407298077557));
#2160 = CARTESIAN_POINT('',(-10.91011949699,12.002403615999,
    5.328759360003));
#2161 = CARTESIAN_POINT('',(-10.91011949699,12.002403615999,5.25));
#2162 = PCURVE('',#846,#2163);
#2163 = DEFINITIONAL_REPRESENTATION('',(#2164),#2338);
#2164 = B_SPLINE_CURVE_WITH_KNOTS('',10,(#2165,#2166,#2167,#2168,#2169,
    #2170,#2171,#2172,#2173,#2174,#2175,#2176,#2177,#2178,#2179,#2180,
    #2181,#2182,#2183,#2184,#2185,#2186,#2187,#2188,#2189,#2190,#2191,
    #2192,#2193,#2194,#2195,#2196,#2197,#2198,#2199,#2200,#2201,#2202,
    #2203,#2204,#2205,#2206,#2207,#2208,#2209,#2210,#2211,#2212,#2213,
    #2214,#2215,#2216,#2217,#2218,#2219,#2220,#2221,#2222,#2223,#2224,
    #2225,#2226,#2227,#2228,#2229,#2230,#2231,#2232,#2233,#2234,#2235,
    #2236,#2237,#2238,#2239,#2240,#2241,#2242,#2243,#2244,#2245,#2246,
    #2247,#2248,#2249,#2250,#2251,#2252,#2253,#2254,#2255,#2256,#2257,
    #2258,#2259,#2260,#2261,#2262,#2263,#2264,#2265,#2266,#2267,#2268,
    #2269,#2270,#2271,#2272,#2273,#2274,#2275,#2276,#2277,#2278,#2279,
    #2280,#2281,#2282,#2283,#2284,#2285,#2286,#2287,#2288,#2289,#2290,
    #2291,#2292,#2293,#2294,#2295,#2296,#2297,#2298,#2299,#2300,#2301,
    #2302,#2303,#2304,#2305,#2306,#2307,#2308,#2309,#2310,#2311,#2312,
    #2313,#2314,#2315,#2316,#2317,#2318,#2319,#2320,#2321,#2322,#2323,
    #2324,#2325,#2326,#2327,#2328,#2329,#2330,#2331,#2332,#2333,#2334,
    #2335,#2336,#2337),.UNSPECIFIED.,.T.,.F.,(11,9,9,9,9,9,9,9,9,9,9,9,9
    ,9,9,9,9,9,9,11),(0.,6.250000000002E-02,9.179687500003E-02,
    0.120178222656,0.230155944824,0.278271198273,0.323379248381,
    0.344523646869,0.38549091894,0.462304554072,0.495910519443,
    0.527416111977,0.58648909798,0.689866823485,0.767400117614,
    0.82555008821,0.847356327184,0.866436786286,0.883132188,1.),
  .UNSPECIFIED.);
#2165 = CARTESIAN_POINT('',(8.591743934928,5.7));
#2166 = CARTESIAN_POINT('',(8.591743934928,5.671121317542));
#2167 = CARTESIAN_POINT('',(8.591813990968,5.642288704448));
#2168 = CARTESIAN_POINT('',(8.591953774384,5.613514506383));
#2169 = CARTESIAN_POINT('',(8.59216324056,5.584816442993));
#2170 = CARTESIAN_POINT('',(8.592442570111,5.556217384938));
#2171 = CARTESIAN_POINT('',(8.592792110067,5.527745130943));
#2172 = CARTESIAN_POINT('',(8.593212315055,5.499432184828));
#2173 = CARTESIAN_POINT('',(8.593703688485,5.471315532558));
#2174 = CARTESIAN_POINT('',(8.59426672373,5.443436419277));
#2175 = CARTESIAN_POINT('',(8.595199558555,5.402904364046));
#2176 = CARTESIAN_POINT('',(8.595513112972,5.39003074292));
#2177 = CARTESIAN_POINT('',(8.595842554858,5.37722392379));
#2178 = CARTESIAN_POINT('',(8.596187928253,5.36448876129));
#2179 = CARTESIAN_POINT('',(8.596549274373,5.351830297742));
#2180 = CARTESIAN_POINT('',(8.596926631056,5.339253757023));
#2181 = CARTESIAN_POINT('',(8.597320032193,5.326764538438));
#2182 = CARTESIAN_POINT('',(8.597729507169,5.314368210585));
#2183 = CARTESIAN_POINT('',(8.5981550803,5.302070505227));
#2184 = CARTESIAN_POINT('',(8.599024657428,5.278065154403));
#2185 = CARTESIAN_POINT('',(8.599467675526,5.266350971298));
#2186 = CARTESIAN_POINT('',(8.599925831491,5.254740315176));
#2187 = CARTESIAN_POINT('',(8.600399136337,5.243238705481));
#2188 = CARTESIAN_POINT('',(8.600887601599,5.231851689011));
#2189 = CARTESIAN_POINT('',(8.601391235758,5.220584901154));
#2190 = CARTESIAN_POINT('',(8.601910040669,5.209444127129));
#2191 = CARTESIAN_POINT('',(8.602444007993,5.198435363225));
#2192 = CARTESIAN_POINT('',(8.602993115623,5.187564878044));
#2193 = CARTESIAN_POINT('',(8.605743632011,5.135277557037));
#2194 = CARTESIAN_POINT('',(8.608153336587,5.095954044404));
#2195 = CARTESIAN_POINT('',(8.610780462887,5.059294989064));
#2196 = CARTESIAN_POINT('',(8.613611246701,5.025779751299));
#2197 = CARTESIAN_POINT('',(8.616627436769,4.995915691275));
#2198 = CARTESIAN_POINT('',(8.619793183908,4.970225578002));
#2199 = CARTESIAN_POINT('',(8.623064322493,4.949043450587));
#2200 = CARTESIAN_POINT('',(8.626405527476,4.932431173826));
#2201 = CARTESIAN_POINT('',(8.629791412825,4.920412943021));
#2202 = CARTESIAN_POINT('',(8.634694311846,4.909726236899));
#2203 = CARTESIAN_POINT('',(8.636191272,4.907351231571));
#2204 = CARTESIAN_POINT('',(8.637691314922,4.905853083743));
#2205 = CARTESIAN_POINT('',(8.639193016464,4.905230539432));
#2206 = CARTESIAN_POINT('',(8.640695093631,4.90548273732));
#2207 = CARTESIAN_POINT('',(8.642196294181,4.906609741349));
#2208 = CARTESIAN_POINT('',(8.643695301268,4.908612572208));
#2209 = CARTESIAN_POINT('',(8.645190653107,4.911492737698));
#2210 = CARTESIAN_POINT('',(8.646680677672,4.915251262001));
#2211 = CARTESIAN_POINT('',(8.649553534379,4.924233418651));
#2212 = CARTESIAN_POINT('',(8.650937270828,4.929351014829));
#2213 = CARTESIAN_POINT('',(8.652312775627,4.93523727996));
#2214 = CARTESIAN_POINT('',(8.653679168067,4.941896798453));
#2215 = CARTESIAN_POINT('',(8.655032648894,4.949312324118));
#2216 = CARTESIAN_POINT('',(8.656372438773,4.9574854751));
#2217 = CARTESIAN_POINT('',(8.65769705711,4.966411185534));
#2218 = CARTESIAN_POINT('',(8.659001584353,4.976056938609));
#2219 = CARTESIAN_POINT('',(8.660285168835,4.986411589132));
#2220 = CARTESIAN_POINT('',(8.662135722233,5.00262285995));
#2221 = CARTESIAN_POINT('',(8.662721142867,5.007946764664));
#2222 = CARTESIAN_POINT('',(8.663301150129,5.013418341125));
#2223 = CARTESIAN_POINT('',(8.663875517374,5.019035004734));
#2224 = CARTESIAN_POINT('',(8.664444023614,5.024794014334));
#2225 = CARTESIAN_POINT('',(8.66500645395,5.030692477105));
#2226 = CARTESIAN_POINT('',(8.665562600017,5.036727353478));
#2227 = CARTESIAN_POINT('',(8.666112260418,5.042895462029));
#2228 = CARTESIAN_POINT('',(8.666655241163,5.049193484386));
#2229 = CARTESIAN_POINT('',(8.668230078828,5.068065411271));
#2230 = CARTESIAN_POINT('',(8.669243091621,5.080988378307));
#2231 = CARTESIAN_POINT('',(8.670228632399,5.094356926249));
#2232 = CARTESIAN_POINT('',(8.671186156347,5.108150959359));
#2233 = CARTESIAN_POINT('',(8.672115059987,5.122352459819));
#2234 = CARTESIAN_POINT('',(8.673014077708,5.136929097162));
#2235 = CARTESIAN_POINT('',(8.673882516215,5.151854007189));
#2236 = CARTESIAN_POINT('',(8.674720544485,5.167114263016));
#2237 = CARTESIAN_POINT('',(8.675527321602,5.182679443387));
#2238 = CARTESIAN_POINT('',(8.677756886621,5.228254780377));
#2239 = CARTESIAN_POINT('',(8.679100911901,5.258985725785));
#2240 = CARTESIAN_POINT('',(8.680333467818,5.290588840407));
#2241 = CARTESIAN_POINT('',(8.681454194038,5.322933850364));
#2242 = CARTESIAN_POINT('',(8.682463694789,5.355915982461));
#2243 = CARTESIAN_POINT('',(8.683362894261,5.38944174484));
#2244 = CARTESIAN_POINT('',(8.684152655002,5.423419729432));
#2245 = CARTESIAN_POINT('',(8.684833868013,5.457768583822));
#2246 = CARTESIAN_POINT('',(8.685407629937,5.49242716224));
#2247 = CARTESIAN_POINT('',(8.686078797991,5.542592412481));
#2248 = CARTESIAN_POINT('',(8.686262615771,5.557905938639));
#2249 = CARTESIAN_POINT('',(8.686426040599,5.573259706596));
#2250 = CARTESIAN_POINT('',(8.686569125473,5.58864827757));
#2251 = CARTESIAN_POINT('',(8.686691917615,5.604066376573));
#2252 = CARTESIAN_POINT('',(8.686794457506,5.619508895482));
#2253 = CARTESIAN_POINT('',(8.686876777919,5.63497089611));
#2254 = CARTESIAN_POINT('',(8.686938902951,5.650447613274));
#2255 = CARTESIAN_POINT('',(8.68698084706,5.665934457867));
#2256 = CARTESIAN_POINT('',(8.68702302069,5.695951296866));
#2257 = CARTESIAN_POINT('',(8.687025695192,5.710480282796));
#2258 = CARTESIAN_POINT('',(8.687010626533,5.725016362966));
#2259 = CARTESIAN_POINT('',(8.686977835781,5.739526818873));
#2260 = CARTESIAN_POINT('',(8.686927331024,5.754041194236));
#2261 = CARTESIAN_POINT('',(8.686859089375,5.768547044721));
#2262 = CARTESIAN_POINT('',(8.68677308595,5.783023076231));
#2263 = CARTESIAN_POINT('',(8.686669305203,5.797489124904));
#2264 = CARTESIAN_POINT('',(8.686547703698,5.811927249711));
#2265 = CARTESIAN_POINT('',(8.686146760673,5.85335641884));
#2266 = CARTESIAN_POINT('',(8.685822503357,5.880275204638));
#2267 = CARTESIAN_POINT('',(8.685435196507,5.907065750556));
#2268 = CARTESIAN_POINT('',(8.684984522501,5.933697835437));
#2269 = CARTESIAN_POINT('',(8.684470128706,5.960139085496));
#2270 = CARTESIAN_POINT('',(8.683891633282,5.986355040514));
#2271 = CARTESIAN_POINT('',(8.683248630994,6.012309220027));
#2272 = CARTESIAN_POINT('',(8.682540699018,6.037963189519));
#2273 = CARTESIAN_POINT('',(8.68176740275,6.063276626621));
#2274 = CARTESIAN_POINT('',(8.679459874634,6.131836218473));
#2275 = CARTESIAN_POINT('',(8.677790501021,6.174275267651));
#2276 = CARTESIAN_POINT('',(8.675918994593,6.215269052147));
#2277 = CARTESIAN_POINT('',(8.67384559593,6.254524676141));
#2278 = CARTESIAN_POINT('',(8.671572517318,6.291707695698));
#2279 = CARTESIAN_POINT('',(8.66910679603,6.326417699479));
#2280 = CARTESIAN_POINT('',(8.666463438719,6.3582077611));
#2281 = CARTESIAN_POINT('',(8.663666727418,6.386658507061));
#2282 = CARTESIAN_POINT('',(8.660747445375,6.411464132211));
#2283 = CARTESIAN_POINT('',(8.655473336181,6.448161895526));
#2284 = CARTESIAN_POINT('',(8.653159896848,6.461731959936));
#2285 = CARTESIAN_POINT('',(8.650805346805,6.473063002698));
#2286 = CARTESIAN_POINT('',(8.648421552777,6.482110984123));
#2287 = CARTESIAN_POINT('',(8.646018476826,6.488866034495));
#2288 = CARTESIAN_POINT('',(8.643603699888,6.49333842602));
#2289 = CARTESIAN_POINT('',(8.641182886947,6.495541291154));
#2290 = CARTESIAN_POINT('',(8.63876083666,6.495477598204));
#2291 = CARTESIAN_POINT('',(8.636342758256,6.493138895079));
#2292 = CARTESIAN_POINT('',(8.632129913721,6.485061659877));
#2293 = CARTESIAN_POINT('',(8.630330436576,6.480319225285));
#2294 = CARTESIAN_POINT('',(8.628539727743,6.474293508726));
#2295 = CARTESIAN_POINT('',(8.626761449619,6.466991252188));
#2296 = CARTESIAN_POINT('',(8.624996979944,6.45838794699));
#2297 = CARTESIAN_POINT('',(8.623257652055,6.448554996228));
#2298 = CARTESIAN_POINT('',(8.621537608899,6.437426729222));
#2299 = CARTESIAN_POINT('',(8.619851645593,6.425104343589));
#2300 = CARTESIAN_POINT('',(8.618200756508,6.411604782398));
#2301 = CARTESIAN_POINT('',(8.615986808641,6.391505116675));
#2302 = CARTESIAN_POINT('',(8.615388721577,6.385866038661));
#2303 = CARTESIAN_POINT('',(8.61479660115,6.380072394768));
#2304 = CARTESIAN_POINT('',(8.614210690974,6.374127150577));
#2305 = CARTESIAN_POINT('',(8.613631228,6.368033445854));
#2306 = CARTESIAN_POINT('',(8.613058441967,6.361794588281));
#2307 = CARTESIAN_POINT('',(8.612492554851,6.355414047182));
#2308 = CARTESIAN_POINT('',(8.611933780321,6.348895447246));
#2309 = CARTESIAN_POINT('',(8.611382323194,6.342242562263));
#2310 = CARTESIAN_POINT('',(8.610362427607,6.329523962101));
#2311 = CARTESIAN_POINT('',(8.609892225197,6.323488742594));
#2312 = CARTESIAN_POINT('',(8.609427930832,6.317356703365));
#2313 = CARTESIAN_POINT('',(8.608969632738,6.311130053203));
#2314 = CARTESIAN_POINT('',(8.608517395998,6.304810791819));
#2315 = CARTESIAN_POINT('',(8.608071292231,6.298401102769));
#2316 = CARTESIAN_POINT('',(8.60763141116,6.291903504079));
#2317 = CARTESIAN_POINT('',(8.607197854046,6.285320756615));
#2318 = CARTESIAN_POINT('',(8.606770709009,6.278655530156));
#2319 = CARTESIAN_POINT('',(8.605981895027,6.266007337138));
#2320 = CARTESIAN_POINT('',(8.605618711207,6.260043089794));
#2321 = CARTESIAN_POINT('',(8.605260574797,6.254020181151));
#2322 = CARTESIAN_POINT('',(8.604907354275,6.247936875386));
#2323 = CARTESIAN_POINT('',(8.604559223503,6.241797463824));
#2324 = CARTESIAN_POINT('',(8.604216290057,6.235605023483));
#2325 = CARTESIAN_POINT('',(8.603878412426,6.229357809052));
#2326 = CARTESIAN_POINT('',(8.603545524057,6.223055519773));
#2327 = CARTESIAN_POINT('',(8.603217984766,6.216706190488));
#2328 = CARTESIAN_POINT('',(8.600639566785,6.165528377035));
#2329 = CARTESIAN_POINT('',(8.598640506788,6.118408594644));
#2330 = CARTESIAN_POINT('',(8.596898864836,6.069368227864));
#2331 = CARTESIAN_POINT('',(8.595413941552,6.018797022699));
#2332 = CARTESIAN_POINT('',(8.594183740738,5.967049770034));
#2333 = CARTESIAN_POINT('',(8.593205118199,5.914440804837));
#2334 = CARTESIAN_POINT('',(8.592474314547,5.861239094451));
#2335 = CARTESIAN_POINT('',(8.591987871963,5.807663915982));
#2336 = CARTESIAN_POINT('',(8.591743934928,5.753881122778));
#2337 = CARTESIAN_POINT('',(8.591743934928,5.7));
#2338 = ( GEOMETRIC_REPRESENTATION_CONTEXT(2) 
PARAMETRIC_REPRESENTATION_CONTEXT() REPRESENTATION_CONTEXT('2D SPACE',''
  ) );
#2339 = PCURVE('',#2340,#2345);
#2340 = SPHERICAL_SURFACE('',#2341,1.2);
#2341 = AXIS2_PLACEMENT_3D('',#2342,#2343,#2344);
#2342 = CARTESIAN_POINT('',(-12.10566809391,12.105668093914,5.25));
#2343 = DIRECTION('',(0.,0.,1.));
#2344 = DIRECTION('',(1.,0.,-0.));
#2345 = DEFINITIONAL_REPRESENTATION('',(#2346),#2511);
#2346 = B_SPLINE_CURVE_WITH_KNOTS('',7,(#2347,#2348,#2349,#2350,#2351,
    #2352,#2353,#2354,#2355,#2356,#2357,#2358,#2359,#2360,#2361,#2362,
    #2363,#2364,#2365,#2366,#2367,#2368,#2369,#2370,#2371,#2372,#2373,
    #2374,#2375,#2376,#2377,#2378,#2379,#2380,#2381,#2382,#2383,#2384,
    #2385,#2386,#2387,#2388,#2389,#2390,#2391,#2392,#2393,#2394,#2395,
    #2396,#2397,#2398,#2399,#2400,#2401,#2402,#2403,#2404,#2405,#2406,
    #2407,#2408,#2409,#2410,#2411,#2412,#2413,#2414,#2415,#2416,#2417,
    #2418,#2419,#2420,#2421,#2422,#2423,#2424,#2425,#2426,#2427,#2428,
    #2429,#2430,#2431,#2432,#2433,#2434,#2435,#2436,#2437,#2438,#2439,
    #2440,#2441,#2442,#2443,#2444,#2445,#2446,#2447,#2448,#2449,#2450,
    #2451,#2452,#2453,#2454,#2455,#2456,#2457,#2458,#2459,#2460,#2461,
    #2462,#2463,#2464,#2465,#2466,#2467,#2468,#2469,#2470,#2471,#2472,
    #2473,#2474,#2475,#2476,#2477,#2478,#2479,#2480,#2481,#2482,#2483,
    #2484,#2485,#2486,#2487,#2488,#2489,#2490,#2491,#2492,#2493,#2494,
    #2495,#2496,#2497,#2498,#2499,#2500,#2501,#2502,#2503,#2504,#2505,
    #2506,#2507,#2508,#2509,#2510),.UNSPECIFIED.,.T.,.F.,(8,6,6,6,6,6,6,
    6,6,6,6,6,6,6,6,6,6,6,6,6,6,6,6,6,6,6,6,8),(0.,0.119996589251,
    0.147340191174,0.162865026591,0.173164255869,0.198465027257,
    0.223043268367,0.25015323841,0.276956209984,0.301534455256,
    0.35265474441,0.380000923164,0.413119245561,0.43743698118,
    0.499938704396,0.586774944369,0.619894901106,0.647242429353,
    0.662769494014,0.67307020218,0.698374606559,0.722956376911,
    0.749763192641,0.77687705087,0.80145881706,0.852586429369,
    0.88042001498,1.),.UNSPECIFIED.);
#2347 = CARTESIAN_POINT('',(6.197025011935,0.));
#2348 = CARTESIAN_POINT('',(6.197025011935,-6.600654089582E-02));
#2349 = CARTESIAN_POINT('',(6.191534298218,-0.131709632765));
#2350 = CARTESIAN_POINT('',(6.180644090361,-0.197330235298));
#2351 = CARTESIAN_POINT('',(6.163800399418,-0.26270242286));
#2352 = CARTESIAN_POINT('',(6.140149479761,-0.327366919248));
#2353 = CARTESIAN_POINT('',(6.108228900048,-0.390460991167));
#2354 = CARTESIAN_POINT('',(6.056606200388,-0.464152886258));
#2355 = CARTESIAN_POINT('',(6.046506289686,-0.477660473245));
#2356 = CARTESIAN_POINT('',(6.035868638883,-0.490978680841));
#2357 = CARTESIAN_POINT('',(6.024675842608,-0.504083577581));
#2358 = CARTESIAN_POINT('',(6.012912309028,-0.516948715254));
#2359 = CARTESIAN_POINT('',(6.000565435457,-0.529545423796));
#2360 = CARTESIAN_POINT('',(5.980280625402,-0.548825342646));
#2361 = CARTESIAN_POINT('',(5.972743763602,-0.555711198979));
#2362 = CARTESIAN_POINT('',(5.965014613472,-0.56249500055));
#2363 = CARTESIAN_POINT('',(5.957092154351,-0.569170970274));
#2364 = CARTESIAN_POINT('',(5.948975929991,-0.575733228597));
#2365 = CARTESIAN_POINT('',(5.940666048564,-0.582175793496));
#2366 = CARTESIAN_POINT('',(5.926522352141,-0.592683158715));
#2367 = CARTESIAN_POINT('',(5.920796604928,-0.596818398994));
#2368 = CARTESIAN_POINT('',(5.914986157395,-0.600896532275));
#2369 = CARTESIAN_POINT('',(5.90909136148,-0.604915800905));
#2370 = CARTESIAN_POINT('',(5.903112704687,-0.608874458619));
#2371 = CARTESIAN_POINT('',(5.897050810088,-0.612770770541));
#2372 = CARTESIAN_POINT('',(5.875812355811,-0.626017183147));
#2373 = CARTESIAN_POINT('',(5.86022019965,-0.635045163601));
#2374 = CARTESIAN_POINT('',(5.84414172259,-0.643660701824));
#2375 = CARTESIAN_POINT('',(5.827593465441,-0.651839548259));
#2376 = CARTESIAN_POINT('',(5.810596755068,-0.659559456515));
#2377 = CARTESIAN_POINT('',(5.793177704396,-0.666800183363));
#2378 = CARTESIAN_POINT('',(5.758065346011,-0.680094221241));
#2379 = CARTESIAN_POINT('',(5.740393466561,-0.686175927115));
#2380 = CARTESIAN_POINT('',(5.722379533691,-0.691772277468));
#2381 = CARTESIAN_POINT('',(5.704054366012,-0.69686960602));
#2382 = CARTESIAN_POINT('',(5.685451198613,-0.701456687875));
#2383 = CARTESIAN_POINT('',(5.666605240554,-0.705524518286));
#2384 = CARTESIAN_POINT('',(5.626538735461,-0.712972471103));
#2385 = CARTESIAN_POINT('',(5.605273392474,-0.716238609072));
#2386 = CARTESIAN_POINT('',(5.583805619819,-0.718855296416));
#2387 = CARTESIAN_POINT('',(5.562185588447,-0.720816099466));
#2388 = CARTESIAN_POINT('',(5.540464478899,-0.722117041103));
#2389 = CARTESIAN_POINT('',(5.518693736379,-0.722756282079));
#2390 = CARTESIAN_POINT('',(5.475401436226,-0.722711577141));
#2391 = CARTESIAN_POINT('',(5.453880076293,-0.722042534116));
#2392 = CARTESIAN_POINT('',(5.432409509238,-0.720726776772));
#2393 = CARTESIAN_POINT('',(5.411039438569,-0.718766152206));
#2394 = CARTESIAN_POINT('',(5.389819303843,-0.716164555456));
#2395 = CARTESIAN_POINT('',(5.368797576418,-0.712928233861));
#2396 = CARTESIAN_POINT('',(5.328969047011,-0.705524518286));
#2397 = CARTESIAN_POINT('',(5.310123088951,-0.701456687876));
#2398 = CARTESIAN_POINT('',(5.291519921553,-0.69686960602));
#2399 = CARTESIAN_POINT('',(5.273194753874,-0.691772277468));
#2400 = CARTESIAN_POINT('',(5.255180821004,-0.686175927115));
#2401 = CARTESIAN_POINT('',(5.237508941554,-0.680094221241));
#2402 = CARTESIAN_POINT('',(5.184220925477,-0.659918621061));
#2403 = CARTESIAN_POINT('',(5.149821732522,-0.644259605765));
#2404 = CARTESIAN_POINT('',(5.117286563486,-0.626718980953));
#2405 = CARTESIAN_POINT('',(5.086787026976,-0.607489855572));
#2406 = CARTESIAN_POINT('',(5.058401364385,-0.586787002549));
#2407 = CARTESIAN_POINT('',(5.032134707682,-0.56483209795));
#2408 = CARTESIAN_POINT('',(4.995008852108,-0.529545423796));
#2409 = CARTESIAN_POINT('',(4.982661978537,-0.516948715255));
#2410 = CARTESIAN_POINT('',(4.970898444957,-0.504083577581));
#2411 = CARTESIAN_POINT('',(4.959705648681,-0.490978680842));
#2412 = CARTESIAN_POINT('',(4.949067997879,-0.477660473246));
#2413 = CARTESIAN_POINT('',(4.938968087177,-0.464152886258));
#2414 = CARTESIAN_POINT('',(4.917785498543,-0.433914539375));
#2415 = CARTESIAN_POINT('',(4.906945686883,-0.417105717736));
#2416 = CARTESIAN_POINT('',(4.896835471923,-0.400087551794));
#2417 = CARTESIAN_POINT('',(4.88742142798,-0.382892211598));
#2418 = CARTESIAN_POINT('',(4.878670655632,-0.365547160006));
#2419 = CARTESIAN_POINT('',(4.870551767292,-0.348075252439));
#2420 = CARTESIAN_POINT('',(4.857517189408,-0.31758609391));
#2421 = CARTESIAN_POINT('',(4.852323710122,-0.304619146364));
#2422 = CARTESIAN_POINT('',(4.847443956062,-0.291601346626));
#2423 = CARTESIAN_POINT('',(4.842867258675,-0.278539223856));
#2424 = CARTESIAN_POINT('',(4.838583759731,-0.265438483754));
#2425 = CARTESIAN_POINT('',(4.834584411316,-0.252304008555));
#2426 = CARTESIAN_POINT('',(4.821290959231,-0.205305203692));
#2427 = CARTESIAN_POINT('',(4.813544758264,-0.171278575204));
#2428 = CARTESIAN_POINT('',(4.807480461213,-0.137124595487));
#2429 = CARTESIAN_POINT('',(4.802998436956,-0.102890807155));
#2430 = CARTESIAN_POINT('',(4.800032809025,-6.861169744295E-02));
#2431 = CARTESIAN_POINT('',(4.798549275629,-3.431067534868E-02));
#2432 = CARTESIAN_POINT('',(4.798549275629,4.766924630119E-02));
#2433 = CARTESIAN_POINT('',(4.801412710507,9.529986173955E-02));
#2434 = CARTESIAN_POINT('',(4.807132387752,0.142883979844));
#2435 = CARTESIAN_POINT('',(4.815839975651,0.190354576257));
#2436 = CARTESIAN_POINT('',(4.827781531507,0.23759034489));
#2437 = CARTESIAN_POINT('',(4.843330170158,0.284401261778));
#2438 = CARTESIAN_POINT('',(4.870551767291,0.348075252438));
#2439 = CARTESIAN_POINT('',(4.878670655632,0.365547160004));
#2440 = CARTESIAN_POINT('',(4.88742142798,0.382892211596));
#2441 = CARTESIAN_POINT('',(4.896835471922,0.400087551792));
#2442 = CARTESIAN_POINT('',(4.906945686882,0.417105717734));
#2443 = CARTESIAN_POINT('',(4.917785498542,0.433914539374));
#2444 = CARTESIAN_POINT('',(4.938968087176,0.464152886257));
#2445 = CARTESIAN_POINT('',(4.949067997878,0.477660473245));
#2446 = CARTESIAN_POINT('',(4.959705648681,0.490978680841));
#2447 = CARTESIAN_POINT('',(4.970898444956,0.50408357758));
#2448 = CARTESIAN_POINT('',(4.982661978536,0.516948715254));
#2449 = CARTESIAN_POINT('',(4.995008852107,0.529545423795));
#2450 = CARTESIAN_POINT('',(5.015293662162,0.548825342645));
#2451 = CARTESIAN_POINT('',(5.022830523962,0.555711198979));
#2452 = CARTESIAN_POINT('',(5.030559674091,0.56249500055));
#2453 = CARTESIAN_POINT('',(5.038482133213,0.569170970274));
#2454 = CARTESIAN_POINT('',(5.046598357573,0.575733228597));
#2455 = CARTESIAN_POINT('',(5.054908238999,0.582175793496));
#2456 = CARTESIAN_POINT('',(5.069051935423,0.592683158715));
#2457 = CARTESIAN_POINT('',(5.074777682635,0.596818398994));
#2458 = CARTESIAN_POINT('',(5.080588130168,0.600896532275));
#2459 = CARTESIAN_POINT('',(5.086482926084,0.604915800905));
#2460 = CARTESIAN_POINT('',(5.092461582877,0.608874458619));
#2461 = CARTESIAN_POINT('',(5.098523477475,0.612770770541));
#2462 = CARTESIAN_POINT('',(5.119761931753,0.626017183147));
#2463 = CARTESIAN_POINT('',(5.135354087914,0.635045163601));
#2464 = CARTESIAN_POINT('',(5.151432564973,0.643660701824));
#2465 = CARTESIAN_POINT('',(5.167980822123,0.651839548259));
#2466 = CARTESIAN_POINT('',(5.184977532496,0.659559456515));
#2467 = CARTESIAN_POINT('',(5.202396583168,0.666800183363));
#2468 = CARTESIAN_POINT('',(5.237508941553,0.680094221241));
#2469 = CARTESIAN_POINT('',(5.255180821003,0.686175927114));
#2470 = CARTESIAN_POINT('',(5.273194753873,0.691772277467));
#2471 = CARTESIAN_POINT('',(5.291519921552,0.69686960602));
#2472 = CARTESIAN_POINT('',(5.31012308895,0.701456687875));
#2473 = CARTESIAN_POINT('',(5.32896904701,0.705524518286));
#2474 = CARTESIAN_POINT('',(5.368797576417,0.712928233861));
#2475 = CARTESIAN_POINT('',(5.389819303842,0.716164555456));
#2476 = CARTESIAN_POINT('',(5.411039438568,0.718766152206));
#2477 = CARTESIAN_POINT('',(5.432409509237,0.720726776772));
#2478 = CARTESIAN_POINT('',(5.453880076292,0.722042534116));
#2479 = CARTESIAN_POINT('',(5.475401436224,0.722711577141));
#2480 = CARTESIAN_POINT('',(5.518693736378,0.722756282079));
#2481 = CARTESIAN_POINT('',(5.540464478898,0.722117041103));
#2482 = CARTESIAN_POINT('',(5.562185588446,0.720816099466));
#2483 = CARTESIAN_POINT('',(5.583805619818,0.718855296416));
#2484 = CARTESIAN_POINT('',(5.605273392472,0.716238609072));
#2485 = CARTESIAN_POINT('',(5.62653873546,0.712972471103));
#2486 = CARTESIAN_POINT('',(5.666605240553,0.705524518286));
#2487 = CARTESIAN_POINT('',(5.685451198612,0.701456687876));
#2488 = CARTESIAN_POINT('',(5.704054366011,0.696869606021));
#2489 = CARTESIAN_POINT('',(5.722379533689,0.691772277468));
#2490 = CARTESIAN_POINT('',(5.74039346656,0.686175927115));
#2491 = CARTESIAN_POINT('',(5.75806534601,0.680094221241));
#2492 = CARTESIAN_POINT('',(5.811353362087,0.659918621062));
#2493 = CARTESIAN_POINT('',(5.845752555042,0.644259605765));
#2494 = CARTESIAN_POINT('',(5.878287724078,0.626718980953));
#2495 = CARTESIAN_POINT('',(5.908787260588,0.607489855572));
#2496 = CARTESIAN_POINT('',(5.937172923179,0.586787002549));
#2497 = CARTESIAN_POINT('',(5.963439579882,0.564832097951));
#2498 = CARTESIAN_POINT('',(6.000794162298,0.529328027875));
#2499 = CARTESIAN_POINT('',(6.013348644811,0.516503264602));
#2500 = CARTESIAN_POINT('',(6.025299139219,0.503401061802));
#2501 = CARTESIAN_POINT('',(6.036659006761,0.490051595209));
#2502 = CARTESIAN_POINT('',(6.047444786978,0.476482653543));
#2503 = CARTESIAN_POINT('',(6.057674922507,0.462719321209));
#2504 = CARTESIAN_POINT('',(6.109014426996,0.388912609478));
#2505 = CARTESIAN_POINT('',(6.140632913886,0.326039250605));
#2506 = CARTESIAN_POINT('',(6.164086684864,0.261615300988));
#2507 = CARTESIAN_POINT('',(6.180793838152,0.196474612398));
#2508 = CARTESIAN_POINT('',(6.191596462575,0.131081621));
#2509 = CARTESIAN_POINT('',(6.197025011935,6.563280000221E-02));
#2510 = CARTESIAN_POINT('',(6.197025011935,0.));
#2511 = ( GEOMETRIC_REPRESENTATION_CONTEXT(2) 
PARAMETRIC_REPRESENTATION_CONTEXT() REPRESENTATION_CONTEXT('2D SPACE',''
  ) );
#2512 = FACE_BOUND('',#2513,.F.);
#2513 = EDGE_LOOP('',(#2514,#2540,#2561,#2585));
#2514 = ORIENTED_EDGE('',*,*,#2515,.F.);
#2515 = EDGE_CURVE('',#2516,#2518,#2520,.T.);
#2516 = VERTEX_POINT('',#2517);
#2517 = CARTESIAN_POINT('',(-13.61863420274,8.8102895782,4.));
#2518 = VERTEX_POINT('',#2519);
#2519 = CARTESIAN_POINT('',(-14.03275604164,8.134504156726,4.));
#2520 = SURFACE_CURVE('',#2521,(#2526,#2533),.PCURVE_S1.);
#2521 = CIRCLE('',#2522,16.22);
#2522 = AXIS2_PLACEMENT_3D('',#2523,#2524,#2525);
#2523 = CARTESIAN_POINT('',(0.,0.,4.));
#2524 = DIRECTION('',(0.,0.,1.));
#2525 = DIRECTION('',(1.,0.,-0.));
#2526 = PCURVE('',#846,#2527);
#2527 = DEFINITIONAL_REPRESENTATION('',(#2528),#2532);
#2528 = LINE('',#2529,#2530);
#2529 = CARTESIAN_POINT('',(6.28318530718,4.45));
#2530 = VECTOR('',#2531,1.);
#2531 = DIRECTION('',(1.,0.));
#2532 = ( GEOMETRIC_REPRESENTATION_CONTEXT(2) 
PARAMETRIC_REPRESENTATION_CONTEXT() REPRESENTATION_CONTEXT('2D SPACE',''
  ) );
#2533 = PCURVE('',#1679,#2534);
#2534 = DEFINITIONAL_REPRESENTATION('',(#2535),#2539);
#2535 = CIRCLE('',#2536,16.22);
#2536 = AXIS2_PLACEMENT_2D('',#2537,#2538);
#2537 = CARTESIAN_POINT('',(9.063219542908,-5.553948078979));
#2538 = DIRECTION('',(1.,0.));
#2539 = ( GEOMETRIC_REPRESENTATION_CONTEXT(2) 
PARAMETRIC_REPRESENTATION_CONTEXT() REPRESENTATION_CONTEXT('2D SPACE',''
  ) );
#2540 = ORIENTED_EDGE('',*,*,#2541,.T.);
#2541 = EDGE_CURVE('',#2516,#2542,#2544,.T.);
#2542 = VERTEX_POINT('',#2543);
#2543 = CARTESIAN_POINT('',(-13.61863420274,8.8102895782,6.5));
#2544 = SURFACE_CURVE('',#2545,(#2549,#2555),.PCURVE_S1.);
#2545 = LINE('',#2546,#2547);
#2546 = CARTESIAN_POINT('',(-13.61863420274,8.8102895782,-0.45));
#2547 = VECTOR('',#2548,1.);
#2548 = DIRECTION('',(0.,0.,1.));
#2549 = PCURVE('',#846,#2550);
#2550 = DEFINITIONAL_REPRESENTATION('',(#2551),#2554);
#2551 = B_SPLINE_CURVE_WITH_KNOTS('',1,(#2552,#2553),.UNSPECIFIED.,.F.,
  .F.,(2,2),(4.2,7.2),.PIECEWISE_BEZIER_KNOTS.);
#2552 = CARTESIAN_POINT('',(8.850564636863,4.2));
#2553 = CARTESIAN_POINT('',(8.850564636863,7.2));
#2554 = ( GEOMETRIC_REPRESENTATION_CONTEXT(2) 
PARAMETRIC_REPRESENTATION_CONTEXT() REPRESENTATION_CONTEXT('2D SPACE',''
  ) );
#2555 = PCURVE('',#1706,#2556);
#2556 = DEFINITIONAL_REPRESENTATION('',(#2557),#2560);
#2557 = B_SPLINE_CURVE_WITH_KNOTS('',1,(#2558,#2559),.UNSPECIFIED.,.F.,
  .F.,(2,2),(4.2,7.2),.PIECEWISE_BEZIER_KNOTS.);
#2558 = CARTESIAN_POINT('',(16.22,0.25));
#2559 = CARTESIAN_POINT('',(16.22,-2.75));
#2560 = ( GEOMETRIC_REPRESENTATION_CONTEXT(2) 
PARAMETRIC_REPRESENTATION_CONTEXT() REPRESENTATION_CONTEXT('2D SPACE',''
  ) );
#2561 = ORIENTED_EDGE('',*,*,#2562,.T.);
#2562 = EDGE_CURVE('',#2542,#2563,#2565,.T.);
#2563 = VERTEX_POINT('',#2564);
#2564 = CARTESIAN_POINT('',(-14.03275604164,8.134504156726,6.5));
#2565 = SURFACE_CURVE('',#2566,(#2571,#2578),.PCURVE_S1.);
#2566 = CIRCLE('',#2567,16.22);
#2567 = AXIS2_PLACEMENT_3D('',#2568,#2569,#2570);
#2568 = CARTESIAN_POINT('',(0.,0.,6.5));
#2569 = DIRECTION('',(0.,0.,1.));
#2570 = DIRECTION('',(1.,0.,-0.));
#2571 = PCURVE('',#846,#2572);
#2572 = DEFINITIONAL_REPRESENTATION('',(#2573),#2577);
#2573 = LINE('',#2574,#2575);
#2574 = CARTESIAN_POINT('',(6.28318530718,6.95));
#2575 = VECTOR('',#2576,1.);
#2576 = DIRECTION('',(1.,0.));
#2577 = ( GEOMETRIC_REPRESENTATION_CONTEXT(2) 
PARAMETRIC_REPRESENTATION_CONTEXT() REPRESENTATION_CONTEXT('2D SPACE',''
  ) );
#2578 = PCURVE('',#1734,#2579);
#2579 = DEFINITIONAL_REPRESENTATION('',(#2580),#2584);
#2580 = CIRCLE('',#2581,16.22);
#2581 = AXIS2_PLACEMENT_2D('',#2582,#2583);
#2582 = CARTESIAN_POINT('',(9.063219542908,-5.553948078979));
#2583 = DIRECTION('',(1.,0.));
#2584 = ( GEOMETRIC_REPRESENTATION_CONTEXT(2) 
PARAMETRIC_REPRESENTATION_CONTEXT() REPRESENTATION_CONTEXT('2D SPACE',''
  ) );
#2585 = ORIENTED_EDGE('',*,*,#2586,.F.);
#2586 = EDGE_CURVE('',#2518,#2563,#2587,.T.);
#2587 = SURFACE_CURVE('',#2588,(#2592,#2598),.PCURVE_S1.);
#2588 = LINE('',#2589,#2590);
#2589 = CARTESIAN_POINT('',(-14.03275604164,8.134504156726,-0.45));
#2590 = VECTOR('',#2591,1.);
#2591 = DIRECTION('',(0.,0.,1.));
#2592 = PCURVE('',#846,#2593);
#2593 = DEFINITIONAL_REPRESENTATION('',(#2594),#2597);
#2594 = B_SPLINE_CURVE_WITH_KNOTS('',1,(#2595,#2596),.UNSPECIFIED.,.F.,
  .F.,(2,2),(4.2,7.2),.PIECEWISE_BEZIER_KNOTS.);
#2595 = CARTESIAN_POINT('',(8.899433855919,4.2));
#2596 = CARTESIAN_POINT('',(8.899433855919,7.2));
#2597 = ( GEOMETRIC_REPRESENTATION_CONTEXT(2) 
PARAMETRIC_REPRESENTATION_CONTEXT() REPRESENTATION_CONTEXT('2D SPACE',''
  ) );
#2598 = PCURVE('',#1759,#2599);
#2599 = DEFINITIONAL_REPRESENTATION('',(#2600),#2603);
#2600 = B_SPLINE_CURVE_WITH_KNOTS('',1,(#2601,#2602),.UNSPECIFIED.,.F.,
  .F.,(2,2),(4.2,7.2),.PIECEWISE_BEZIER_KNOTS.);
#2601 = CARTESIAN_POINT('',(4.55,0.25));
#2602 = CARTESIAN_POINT('',(4.55,-2.75));
#2603 = ( GEOMETRIC_REPRESENTATION_CONTEXT(2) 
PARAMETRIC_REPRESENTATION_CONTEXT() REPRESENTATION_CONTEXT('2D SPACE',''
  ) );
#2604 = ADVANCED_FACE('',(#2605),#819,.F.);
#2605 = FACE_BOUND('',#2606,.F.);
#2606 = EDGE_LOOP('',(#2607,#2608,#2609,#2632,#2665,#2692,#2714,#2715));
#2607 = ORIENTED_EDGE('',*,*,#1774,.F.);
#2608 = ORIENTED_EDGE('',*,*,#1470,.T.);
#2609 = ORIENTED_EDGE('',*,*,#2610,.T.);
#2610 = EDGE_CURVE('',#1471,#2611,#2613,.T.);
#2611 = VERTEX_POINT('',#2612);
#2612 = CARTESIAN_POINT('',(-14.77154020405,-6.7,7.85));
#2613 = SURFACE_CURVE('',#2614,(#2618,#2625),.PCURVE_S1.);
#2614 = LINE('',#2615,#2616);
#2615 = CARTESIAN_POINT('',(-30.,-6.7,7.85));
#2616 = VECTOR('',#2617,1.);
#2617 = DIRECTION('',(1.,0.,-0.));
#2618 = PCURVE('',#819,#2619);
#2619 = DEFINITIONAL_REPRESENTATION('',(#2620),#2624);
#2620 = LINE('',#2621,#2622);
#2621 = CARTESIAN_POINT('',(0.,0.));
#2622 = VECTOR('',#2623,1.);
#2623 = DIRECTION('',(1.,0.));
#2624 = ( GEOMETRIC_REPRESENTATION_CONTEXT(2) 
PARAMETRIC_REPRESENTATION_CONTEXT() REPRESENTATION_CONTEXT('2D SPACE',''
  ) );
#2625 = PCURVE('',#1508,#2626);
#2626 = DEFINITIONAL_REPRESENTATION('',(#2627),#2631);
#2627 = LINE('',#2628,#2629);
#2628 = CARTESIAN_POINT('',(9.3,0.));
#2629 = VECTOR('',#2630,1.);
#2630 = DIRECTION('',(0.,1.));
#2631 = ( GEOMETRIC_REPRESENTATION_CONTEXT(2) 
PARAMETRIC_REPRESENTATION_CONTEXT() REPRESENTATION_CONTEXT('2D SPACE',''
  ) );
#2632 = ORIENTED_EDGE('',*,*,#2633,.F.);
#2633 = EDGE_CURVE('',#2634,#2611,#2636,.T.);
#2634 = VERTEX_POINT('',#2635);
#2635 = CARTESIAN_POINT('',(4.470095122071E-15,-16.22,7.85));
#2636 = SURFACE_CURVE('',#2637,(#2642,#2653),.PCURVE_S1.);
#2637 = CIRCLE('',#2638,16.22);
#2638 = AXIS2_PLACEMENT_3D('',#2639,#2640,#2641);
#2639 = CARTESIAN_POINT('',(0.,0.,7.85));
#2640 = DIRECTION('',(0.,0.,-1.));
#2641 = DIRECTION('',(-0.910699149448,0.413070283601,0.));
#2642 = PCURVE('',#819,#2643);
#2643 = DEFINITIONAL_REPRESENTATION('',(#2644),#2652);
#2644 = ( BOUNDED_CURVE() B_SPLINE_CURVE(2,(#2645,#2646,#2647,#2648,
#2649,#2650,#2651),.UNSPECIFIED.,.T.,.F.) B_SPLINE_CURVE_WITH_KNOTS((1,2
    ,2,2,2,1),(-2.094395102393,0.,2.094395102393,4.188790204786,
6.28318530718,8.377580409573),.UNSPECIFIED.) CURVE() 
GEOMETRIC_REPRESENTATION_ITEM() RATIONAL_B_SPLINE_CURVE((1.,0.5,1.,0.5,
1.,0.5,1.)) REPRESENTATION_ITEM('') );
#2645 = CARTESIAN_POINT('',(15.228459795946,13.4));
#2646 = CARTESIAN_POINT('',(26.833200206658,38.985058139469));
#2647 = CARTESIAN_POINT('',(43.188140307383,16.142529069734));
#2648 = CARTESIAN_POINT('',(59.543080408109,-6.700000000001));
#2649 = CARTESIAN_POINT('',(31.583399896671,-9.442529069734));
#2650 = CARTESIAN_POINT('',(3.623719385233,-12.18505813946));
#2651 = CARTESIAN_POINT('',(15.228459795946,13.4));
#2652 = ( GEOMETRIC_REPRESENTATION_CONTEXT(2) 
PARAMETRIC_REPRESENTATION_CONTEXT() REPRESENTATION_CONTEXT('2D SPACE',''
  ) );
#2653 = PCURVE('',#2654,#2659);
#2654 = CYLINDRICAL_SURFACE('',#2655,16.22);
#2655 = AXIS2_PLACEMENT_3D('',#2656,#2657,#2658);
#2656 = CARTESIAN_POINT('',(0.,0.,-0.45));
#2657 = DIRECTION('',(0.,0.,1.));
#2658 = DIRECTION('',(1.,0.,-0.));
#2659 = DEFINITIONAL_REPRESENTATION('',(#2660),#2664);
#2660 = LINE('',#2661,#2662);
#2661 = CARTESIAN_POINT('',(8.998955118118,8.3));
#2662 = VECTOR('',#2663,1.);
#2663 = DIRECTION('',(-1.,-0.));
#2664 = ( GEOMETRIC_REPRESENTATION_CONTEXT(2) 
PARAMETRIC_REPRESENTATION_CONTEXT() REPRESENTATION_CONTEXT('2D SPACE',''
  ) );
#2665 = ORIENTED_EDGE('',*,*,#2666,.T.);
#2666 = EDGE_CURVE('',#2634,#2667,#2669,.T.);
#2667 = VERTEX_POINT('',#2668);
#2668 = CARTESIAN_POINT('',(-2.856488659011E-15,-15.55,7.85));
#2669 = SURFACE_CURVE('',#2670,(#2674,#2680),.PCURVE_S1.);
#2670 = LINE('',#2671,#2672);
#2671 = CARTESIAN_POINT('',(0.,-23.35,7.85));
#2672 = VECTOR('',#2673,1.);
#2673 = DIRECTION('',(-0.,1.,0.));
#2674 = PCURVE('',#819,#2675);
#2675 = DEFINITIONAL_REPRESENTATION('',(#2676),#2679);
#2676 = B_SPLINE_CURVE_WITH_KNOTS('',1,(#2677,#2678),.UNSPECIFIED.,.F.,
  .F.,(2,2),(7.13,39.57),.PIECEWISE_BEZIER_KNOTS.);
#2677 = CARTESIAN_POINT('',(30.,-9.52));
#2678 = CARTESIAN_POINT('',(30.,22.92));
#2679 = ( GEOMETRIC_REPRESENTATION_CONTEXT(2) 
PARAMETRIC_REPRESENTATION_CONTEXT() REPRESENTATION_CONTEXT('2D SPACE',''
  ) );
#2680 = PCURVE('',#2681,#2686);
#2681 = PLANE('',#2682);
#2682 = AXIS2_PLACEMENT_3D('',#2683,#2684,#2685);
#2683 = CARTESIAN_POINT('',(0.,-40.,-5.));
#2684 = DIRECTION('',(1.,0.,-0.));
#2685 = DIRECTION('',(0.,0.,1.));
#2686 = DEFINITIONAL_REPRESENTATION('',(#2687),#2691);
#2687 = LINE('',#2688,#2689);
#2688 = CARTESIAN_POINT('',(12.85,-16.65));
#2689 = VECTOR('',#2690,1.);
#2690 = DIRECTION('',(0.,-1.));
#2691 = ( GEOMETRIC_REPRESENTATION_CONTEXT(2) 
PARAMETRIC_REPRESENTATION_CONTEXT() REPRESENTATION_CONTEXT('2D SPACE',''
  ) );
#2692 = ORIENTED_EDGE('',*,*,#2693,.F.);
#2693 = EDGE_CURVE('',#777,#2667,#2694,.T.);
#2694 = SURFACE_CURVE('',#2695,(#2700,#2707),.PCURVE_S1.);
#2695 = CIRCLE('',#2696,15.55);
#2696 = AXIS2_PLACEMENT_3D('',#2697,#2698,#2699);
#2697 = CARTESIAN_POINT('',(0.,0.,7.85));
#2698 = DIRECTION('',(0.,0.,1.));
#2699 = DIRECTION('',(1.,0.,-0.));
#2700 = PCURVE('',#819,#2701);
#2701 = DEFINITIONAL_REPRESENTATION('',(#2702),#2706);
#2702 = CIRCLE('',#2703,15.55);
#2703 = AXIS2_PLACEMENT_2D('',#2704,#2705);
#2704 = CARTESIAN_POINT('',(30.,6.7));
#2705 = DIRECTION('',(1.,0.));
#2706 = ( GEOMETRIC_REPRESENTATION_CONTEXT(2) 
PARAMETRIC_REPRESENTATION_CONTEXT() REPRESENTATION_CONTEXT('2D SPACE',''
  ) );
#2707 = PCURVE('',#792,#2708);
#2708 = DEFINITIONAL_REPRESENTATION('',(#2709),#2713);
#2709 = LINE('',#2710,#2711);
#2710 = CARTESIAN_POINT('',(0.,0.));
#2711 = VECTOR('',#2712,1.);
#2712 = DIRECTION('',(1.,0.));
#2713 = ( GEOMETRIC_REPRESENTATION_CONTEXT(2) 
PARAMETRIC_REPRESENTATION_CONTEXT() REPRESENTATION_CONTEXT('2D SPACE',''
  ) );
#2714 = ORIENTED_EDGE('',*,*,#803,.T.);
#2715 = ORIENTED_EDGE('',*,*,#1873,.F.);
#2716 = ADVANCED_FACE('',(#2717),#792,.F.);
#2717 = FACE_BOUND('',#2718,.F.);
#2718 = EDGE_LOOP('',(#2719,#2743,#2744,#2745));
#2719 = ORIENTED_EDGE('',*,*,#2720,.F.);
#2720 = EDGE_CURVE('',#750,#2721,#2723,.T.);
#2721 = VERTEX_POINT('',#2722);
#2722 = CARTESIAN_POINT('',(-2.856488659011E-15,-15.55,9.05));
#2723 = SURFACE_CURVE('',#2724,(#2729,#2736),.PCURVE_S1.);
#2724 = CIRCLE('',#2725,15.55);
#2725 = AXIS2_PLACEMENT_3D('',#2726,#2727,#2728);
#2726 = CARTESIAN_POINT('',(0.,0.,9.05));
#2727 = DIRECTION('',(0.,0.,1.));
#2728 = DIRECTION('',(1.,0.,-0.));
#2729 = PCURVE('',#792,#2730);
#2730 = DEFINITIONAL_REPRESENTATION('',(#2731),#2735);
#2731 = LINE('',#2732,#2733);
#2732 = CARTESIAN_POINT('',(0.,1.2));
#2733 = VECTOR('',#2734,1.);
#2734 = DIRECTION('',(1.,0.));
#2735 = ( GEOMETRIC_REPRESENTATION_CONTEXT(2) 
PARAMETRIC_REPRESENTATION_CONTEXT() REPRESENTATION_CONTEXT('2D SPACE',''
  ) );
#2736 = PCURVE('',#765,#2737);
#2737 = DEFINITIONAL_REPRESENTATION('',(#2738),#2742);
#2738 = CIRCLE('',#2739,15.55);
#2739 = AXIS2_PLACEMENT_2D('',#2740,#2741);
#2740 = CARTESIAN_POINT('',(0.,0.));
#2741 = DIRECTION('',(1.,0.));
#2742 = ( GEOMETRIC_REPRESENTATION_CONTEXT(2) 
PARAMETRIC_REPRESENTATION_CONTEXT() REPRESENTATION_CONTEXT('2D SPACE',''
  ) );
#2743 = ORIENTED_EDGE('',*,*,#776,.F.);
#2744 = ORIENTED_EDGE('',*,*,#2693,.T.);
#2745 = ORIENTED_EDGE('',*,*,#2746,.T.);
#2746 = EDGE_CURVE('',#2667,#2721,#2747,.T.);
#2747 = SURFACE_CURVE('',#2748,(#2752,#2758),.PCURVE_S1.);
#2748 = LINE('',#2749,#2750);
#2749 = CARTESIAN_POINT('',(0.,-15.55,7.85));
#2750 = VECTOR('',#2751,1.);
#2751 = DIRECTION('',(0.,0.,1.));
#2752 = PCURVE('',#792,#2753);
#2753 = DEFINITIONAL_REPRESENTATION('',(#2754),#2757);
#2754 = B_SPLINE_CURVE_WITH_KNOTS('',1,(#2755,#2756),.UNSPECIFIED.,.F.,
  .F.,(2,2),(-5.999999999062E-07,1.2000006),.PIECEWISE_BEZIER_KNOTS.);
#2755 = CARTESIAN_POINT('',(4.712388980385,-5.999999999062E-07));
#2756 = CARTESIAN_POINT('',(4.712388980385,1.2000006));
#2757 = ( GEOMETRIC_REPRESENTATION_CONTEXT(2) 
PARAMETRIC_REPRESENTATION_CONTEXT() REPRESENTATION_CONTEXT('2D SPACE',''
  ) );
#2758 = PCURVE('',#2681,#2759);
#2759 = DEFINITIONAL_REPRESENTATION('',(#2760),#2764);
#2760 = LINE('',#2761,#2762);
#2761 = CARTESIAN_POINT('',(12.85,-24.45));
#2762 = VECTOR('',#2763,1.);
#2763 = DIRECTION('',(1.,0.));
#2764 = ( GEOMETRIC_REPRESENTATION_CONTEXT(2) 
PARAMETRIC_REPRESENTATION_CONTEXT() REPRESENTATION_CONTEXT('2D SPACE',''
  ) );
#2765 = ADVANCED_FACE('',(#2766),#765,.T.);
#2766 = FACE_BOUND('',#2767,.T.);
#2767 = EDGE_LOOP('',(#2768,#2769,#2770,#2794));
#2768 = ORIENTED_EDGE('',*,*,#2720,.F.);
#2769 = ORIENTED_EDGE('',*,*,#749,.T.);
#2770 = ORIENTED_EDGE('',*,*,#2771,.T.);
#2771 = EDGE_CURVE('',#723,#2772,#2774,.T.);
#2772 = VERTEX_POINT('',#2773);
#2773 = CARTESIAN_POINT('',(-2.975891721928E-15,-16.2,9.05));
#2774 = SURFACE_CURVE('',#2775,(#2780,#2787),.PCURVE_S1.);
#2775 = CIRCLE('',#2776,16.2);
#2776 = AXIS2_PLACEMENT_3D('',#2777,#2778,#2779);
#2777 = CARTESIAN_POINT('',(0.,0.,9.05));
#2778 = DIRECTION('',(0.,0.,1.));
#2779 = DIRECTION('',(1.,0.,-0.));
#2780 = PCURVE('',#765,#2781);
#2781 = DEFINITIONAL_REPRESENTATION('',(#2782),#2786);
#2782 = CIRCLE('',#2783,16.2);
#2783 = AXIS2_PLACEMENT_2D('',#2784,#2785);
#2784 = CARTESIAN_POINT('',(0.,0.));
#2785 = DIRECTION('',(1.,0.));
#2786 = ( GEOMETRIC_REPRESENTATION_CONTEXT(2) 
PARAMETRIC_REPRESENTATION_CONTEXT() REPRESENTATION_CONTEXT('2D SPACE',''
  ) );
#2787 = PCURVE('',#738,#2788);
#2788 = DEFINITIONAL_REPRESENTATION('',(#2789),#2793);
#2789 = LINE('',#2790,#2791);
#2790 = CARTESIAN_POINT('',(0.,0.));
#2791 = VECTOR('',#2792,1.);
#2792 = DIRECTION('',(1.,0.));
#2793 = ( GEOMETRIC_REPRESENTATION_CONTEXT(2) 
PARAMETRIC_REPRESENTATION_CONTEXT() REPRESENTATION_CONTEXT('2D SPACE',''
  ) );
#2794 = ORIENTED_EDGE('',*,*,#2795,.T.);
#2795 = EDGE_CURVE('',#2772,#2721,#2796,.T.);
#2796 = SURFACE_CURVE('',#2797,(#2801,#2807),.PCURVE_S1.);
#2797 = LINE('',#2798,#2799);
#2798 = CARTESIAN_POINT('',(0.,-20.,9.05));
#2799 = VECTOR('',#2800,1.);
#2800 = DIRECTION('',(-0.,1.,0.));
#2801 = PCURVE('',#765,#2802);
#2802 = DEFINITIONAL_REPRESENTATION('',(#2803),#2806);
#2803 = B_SPLINE_CURVE_WITH_KNOTS('',1,(#2804,#2805),.UNSPECIFIED.,.F.,
  .F.,(2,2),(-0.2,40.2),.PIECEWISE_BEZIER_KNOTS.);
#2804 = CARTESIAN_POINT('',(0.,-20.2));
#2805 = CARTESIAN_POINT('',(0.,20.2));
#2806 = ( GEOMETRIC_REPRESENTATION_CONTEXT(2) 
PARAMETRIC_REPRESENTATION_CONTEXT() REPRESENTATION_CONTEXT('2D SPACE',''
  ) );
#2807 = PCURVE('',#2681,#2808);
#2808 = DEFINITIONAL_REPRESENTATION('',(#2809),#2813);
#2809 = LINE('',#2810,#2811);
#2810 = CARTESIAN_POINT('',(14.05,-20.));
#2811 = VECTOR('',#2812,1.);
#2812 = DIRECTION('',(0.,-1.));
#2813 = ( GEOMETRIC_REPRESENTATION_CONTEXT(2) 
PARAMETRIC_REPRESENTATION_CONTEXT() REPRESENTATION_CONTEXT('2D SPACE',''
  ) );
#2814 = ADVANCED_FACE('',(#2815),#603,.T.);
#2815 = FACE_BOUND('',#2816,.T.);
#2816 = EDGE_LOOP('',(#2817,#2845,#2846,#2847,#2848,#2849,#2877,#2910,
    #2938,#2967));
#2817 = ORIENTED_EDGE('',*,*,#2818,.T.);
#2818 = EDGE_CURVE('',#2819,#588,#2821,.T.);
#2819 = VERTEX_POINT('',#2820);
#2820 = CARTESIAN_POINT('',(-1.834406841256,16.749849299046,9.05));
#2821 = SURFACE_CURVE('',#2822,(#2827,#2838),.PCURVE_S1.);
#2822 = CIRCLE('',#2823,16.85);
#2823 = AXIS2_PLACEMENT_3D('',#2824,#2825,#2826);
#2824 = CARTESIAN_POINT('',(0.,0.,9.05));
#2825 = DIRECTION('',(0.,0.,-1.));
#2826 = DIRECTION('',(-0.374606593416,0.927183854567,0.));
#2827 = PCURVE('',#603,#2828);
#2828 = DEFINITIONAL_REPRESENTATION('',(#2829),#2837);
#2829 = ( BOUNDED_CURVE() B_SPLINE_CURVE(2,(#2830,#2831,#2832,#2833,
#2834,#2835,#2836),.UNSPECIFIED.,.T.,.F.) B_SPLINE_CURVE_WITH_KNOTS((1,2
    ,2,2,2,1),(-2.094395102393,0.,2.094395102393,4.188790204786,
6.28318530718,8.377580409573),.UNSPECIFIED.) CURVE() 
GEOMETRIC_REPRESENTATION_ITEM() RATIONAL_B_SPLINE_CURVE((1.,0.5,1.,0.5,
1.,0.5,1.)) REPRESENTATION_ITEM('') );
#2830 = CARTESIAN_POINT('',(-6.312121099058,15.623047949451));
#2831 = CARTESIAN_POINT('',(20.747791718476,26.555962396546));
#2832 = CARTESIAN_POINT('',(16.686016958295,-2.345066751178));
#2833 = CARTESIAN_POINT('',(12.624242198115,-31.2460958989));
#2834 = CARTESIAN_POINT('',(-10.37389585923,-13.27798119827));
#2835 = CARTESIAN_POINT('',(-33.37203391659,4.690133502355));
#2836 = CARTESIAN_POINT('',(-6.312121099058,15.623047949451));
#2837 = ( GEOMETRIC_REPRESENTATION_CONTEXT(2) 
PARAMETRIC_REPRESENTATION_CONTEXT() REPRESENTATION_CONTEXT('2D SPACE',''
  ) );
#2838 = PCURVE('',#630,#2839);
#2839 = DEFINITIONAL_REPRESENTATION('',(#2840),#2844);
#2840 = LINE('',#2841,#2842);
#2841 = CARTESIAN_POINT('',(1.954768762234,0.));
#2842 = VECTOR('',#2843,1.);
#2843 = DIRECTION('',(-1.,-0.));
#2844 = ( GEOMETRIC_REPRESENTATION_CONTEXT(2) 
PARAMETRIC_REPRESENTATION_CONTEXT() REPRESENTATION_CONTEXT('2D SPACE',''
  ) );
#2845 = ORIENTED_EDGE('',*,*,#587,.T.);
#2846 = ORIENTED_EDGE('',*,*,#1222,.F.);
#2847 = ORIENTED_EDGE('',*,*,#1247,.F.);
#2848 = ORIENTED_EDGE('',*,*,#1421,.F.);
#2849 = ORIENTED_EDGE('',*,*,#2850,.T.);
#2850 = EDGE_CURVE('',#1389,#2851,#2853,.T.);
#2851 = VERTEX_POINT('',#2852);
#2852 = CARTESIAN_POINT('',(-6.312121099058,15.623047949451,9.05));
#2853 = SURFACE_CURVE('',#2854,(#2858,#2865),.PCURVE_S1.);
#2854 = LINE('',#2855,#2856);
#2855 = CARTESIAN_POINT('',(-7.791817143051,19.285424174989,9.05));
#2856 = VECTOR('',#2857,1.);
#2857 = DIRECTION('',(0.374606593416,-0.927183854567,0.));
#2858 = PCURVE('',#603,#2859);
#2859 = DEFINITIONAL_REPRESENTATION('',(#2860),#2864);
#2860 = LINE('',#2861,#2862);
#2861 = CARTESIAN_POINT('',(-7.791817143051,19.285424174989));
#2862 = VECTOR('',#2863,1.);
#2863 = DIRECTION('',(0.374606593416,-0.927183854567));
#2864 = ( GEOMETRIC_REPRESENTATION_CONTEXT(2) 
PARAMETRIC_REPRESENTATION_CONTEXT() REPRESENTATION_CONTEXT('2D SPACE',''
  ) );
#2865 = PCURVE('',#2866,#2871);
#2866 = PLANE('',#2867);
#2867 = AXIS2_PLACEMENT_3D('',#2868,#2869,#2870);
#2868 = CARTESIAN_POINT('',(-7.791817143051,19.285424174989,9.05));
#2869 = DIRECTION('',(0.927183854567,0.374606593416,-0.));
#2870 = DIRECTION('',(0.374606593416,-0.927183854567,0.));
#2871 = DEFINITIONAL_REPRESENTATION('',(#2872),#2876);
#2872 = LINE('',#2873,#2874);
#2873 = CARTESIAN_POINT('',(0.,0.));
#2874 = VECTOR('',#2875,1.);
#2875 = DIRECTION('',(1.,0.));
#2876 = ( GEOMETRIC_REPRESENTATION_CONTEXT(2) 
PARAMETRIC_REPRESENTATION_CONTEXT() REPRESENTATION_CONTEXT('2D SPACE',''
  ) );
#2877 = ORIENTED_EDGE('',*,*,#2878,.T.);
#2878 = EDGE_CURVE('',#2851,#2879,#2881,.T.);
#2879 = VERTEX_POINT('',#2880);
#2880 = CARTESIAN_POINT('',(-2.272238175112,16.696090370969,9.05));
#2881 = SURFACE_CURVE('',#2882,(#2887,#2898),.PCURVE_S1.);
#2882 = CIRCLE('',#2883,16.85);
#2883 = AXIS2_PLACEMENT_3D('',#2884,#2885,#2886);
#2884 = CARTESIAN_POINT('',(0.,0.,9.05));
#2885 = DIRECTION('',(0.,0.,-1.));
#2886 = DIRECTION('',(-0.374606593416,0.927183854567,0.));
#2887 = PCURVE('',#603,#2888);
#2888 = DEFINITIONAL_REPRESENTATION('',(#2889),#2897);
#2889 = ( BOUNDED_CURVE() B_SPLINE_CURVE(2,(#2890,#2891,#2892,#2893,
#2894,#2895,#2896),.UNSPECIFIED.,.T.,.F.) B_SPLINE_CURVE_WITH_KNOTS((1,2
    ,2,2,2,1),(-2.094395102393,0.,2.094395102393,4.188790204786,
6.28318530718,8.377580409573),.UNSPECIFIED.) CURVE() 
GEOMETRIC_REPRESENTATION_ITEM() RATIONAL_B_SPLINE_CURVE((1.,0.5,1.,0.5,
1.,0.5,1.)) REPRESENTATION_ITEM('') );
#2890 = CARTESIAN_POINT('',(-6.312121099058,15.623047949451));
#2891 = CARTESIAN_POINT('',(20.747791718476,26.555962396546));
#2892 = CARTESIAN_POINT('',(16.686016958295,-2.345066751178));
#2893 = CARTESIAN_POINT('',(12.624242198115,-31.2460958989));
#2894 = CARTESIAN_POINT('',(-10.37389585923,-13.27798119827));
#2895 = CARTESIAN_POINT('',(-33.37203391659,4.690133502355));
#2896 = CARTESIAN_POINT('',(-6.312121099058,15.623047949451));
#2897 = ( GEOMETRIC_REPRESENTATION_CONTEXT(2) 
PARAMETRIC_REPRESENTATION_CONTEXT() REPRESENTATION_CONTEXT('2D SPACE',''
  ) );
#2898 = PCURVE('',#2899,#2904);
#2899 = CYLINDRICAL_SURFACE('',#2900,16.85);
#2900 = AXIS2_PLACEMENT_3D('',#2901,#2902,#2903);
#2901 = CARTESIAN_POINT('',(0.,0.,9.05));
#2902 = DIRECTION('',(0.,0.,1.));
#2903 = DIRECTION('',(1.,0.,-0.));
#2904 = DEFINITIONAL_REPRESENTATION('',(#2905),#2909);
#2905 = LINE('',#2906,#2907);
#2906 = CARTESIAN_POINT('',(1.954768762234,0.));
#2907 = VECTOR('',#2908,1.);
#2908 = DIRECTION('',(-1.,-0.));
#2909 = ( GEOMETRIC_REPRESENTATION_CONTEXT(2) 
PARAMETRIC_REPRESENTATION_CONTEXT() REPRESENTATION_CONTEXT('2D SPACE',''
  ) );
#2910 = ORIENTED_EDGE('',*,*,#2911,.F.);
#2911 = EDGE_CURVE('',#2912,#2879,#2914,.T.);
#2912 = VERTEX_POINT('',#2913);
#2913 = CARTESIAN_POINT('',(-2.299208361167,16.894263550446,9.05));
#2914 = SURFACE_CURVE('',#2915,(#2919,#2926),.PCURVE_S1.);
#2915 = LINE('',#2916,#2917);
#2916 = CARTESIAN_POINT('',(-2.568910221714,18.87599534522,9.05));
#2917 = VECTOR('',#2918,1.);
#2918 = DIRECTION('',(0.134850930274,-0.990865897387,0.));
#2919 = PCURVE('',#603,#2920);
#2920 = DEFINITIONAL_REPRESENTATION('',(#2921),#2925);
#2921 = LINE('',#2922,#2923);
#2922 = CARTESIAN_POINT('',(-2.568910221714,18.87599534522));
#2923 = VECTOR('',#2924,1.);
#2924 = DIRECTION('',(0.134850930274,-0.990865897387));
#2925 = ( GEOMETRIC_REPRESENTATION_CONTEXT(2) 
PARAMETRIC_REPRESENTATION_CONTEXT() REPRESENTATION_CONTEXT('2D SPACE',''
  ) );
#2926 = PCURVE('',#2927,#2932);
#2927 = PLANE('',#2928);
#2928 = AXIS2_PLACEMENT_3D('',#2929,#2930,#2931);
#2929 = CARTESIAN_POINT('',(-2.568910221714,18.87599534522,9.05));
#2930 = DIRECTION('',(0.990865897387,0.134850930274,-0.));
#2931 = DIRECTION('',(0.134850930274,-0.990865897387,0.));
#2932 = DEFINITIONAL_REPRESENTATION('',(#2933),#2937);
#2933 = LINE('',#2934,#2935);
#2934 = CARTESIAN_POINT('',(0.,0.));
#2935 = VECTOR('',#2936,1.);
#2936 = DIRECTION('',(1.,0.));
#2937 = ( GEOMETRIC_REPRESENTATION_CONTEXT(2) 
PARAMETRIC_REPRESENTATION_CONTEXT() REPRESENTATION_CONTEXT('2D SPACE',''
  ) );
#2938 = ORIENTED_EDGE('',*,*,#2939,.F.);
#2939 = EDGE_CURVE('',#2940,#2912,#2942,.T.);
#2940 = VERTEX_POINT('',#2941);
#2941 = CARTESIAN_POINT('',(-1.856180216226,16.948660566691,9.05));
#2942 = SURFACE_CURVE('',#2943,(#2948,#2955),.PCURVE_S1.);
#2943 = CIRCLE('',#2944,17.05);
#2944 = AXIS2_PLACEMENT_3D('',#2945,#2946,#2947);
#2945 = CARTESIAN_POINT('',(0.,0.,9.05));
#2946 = DIRECTION('',(0.,0.,1.));
#2947 = DIRECTION('',(1.,0.,-0.));
#2948 = PCURVE('',#603,#2949);
#2949 = DEFINITIONAL_REPRESENTATION('',(#2950),#2954);
#2950 = CIRCLE('',#2951,17.05);
#2951 = AXIS2_PLACEMENT_2D('',#2952,#2953);
#2952 = CARTESIAN_POINT('',(0.,0.));
#2953 = DIRECTION('',(1.,0.));
#2954 = ( GEOMETRIC_REPRESENTATION_CONTEXT(2) 
PARAMETRIC_REPRESENTATION_CONTEXT() REPRESENTATION_CONTEXT('2D SPACE',''
  ) );
#2955 = PCURVE('',#2956,#2961);
#2956 = CYLINDRICAL_SURFACE('',#2957,17.05);
#2957 = AXIS2_PLACEMENT_3D('',#2958,#2959,#2960);
#2958 = CARTESIAN_POINT('',(0.,0.,9.05));
#2959 = DIRECTION('',(0.,0.,1.));
#2960 = DIRECTION('',(1.,0.,-0.));
#2961 = DEFINITIONAL_REPRESENTATION('',(#2962),#2966);
#2962 = LINE('',#2963,#2964);
#2963 = CARTESIAN_POINT('',(0.,0.));
#2964 = VECTOR('',#2965,1.);
#2965 = DIRECTION('',(1.,0.));
#2966 = ( GEOMETRIC_REPRESENTATION_CONTEXT(2) 
PARAMETRIC_REPRESENTATION_CONTEXT() REPRESENTATION_CONTEXT('2D SPACE',''
  ) );
#2967 = ORIENTED_EDGE('',*,*,#2968,.F.);
#2968 = EDGE_CURVE('',#2819,#2940,#2969,.T.);
#2969 = SURFACE_CURVE('',#2970,(#2974,#2981),.PCURVE_S1.);
#2970 = LINE('',#2971,#2972);
#2971 = CARTESIAN_POINT('',(0.,0.,9.05));
#2972 = VECTOR('',#2973,1.);
#2973 = DIRECTION('',(-0.108866874852,0.994056338222,0.));
#2974 = PCURVE('',#603,#2975);
#2975 = DEFINITIONAL_REPRESENTATION('',(#2976),#2980);
#2976 = LINE('',#2977,#2978);
#2977 = CARTESIAN_POINT('',(0.,0.));
#2978 = VECTOR('',#2979,1.);
#2979 = DIRECTION('',(-0.108866874852,0.994056338222));
#2980 = ( GEOMETRIC_REPRESENTATION_CONTEXT(2) 
PARAMETRIC_REPRESENTATION_CONTEXT() REPRESENTATION_CONTEXT('2D SPACE',''
  ) );
#2981 = PCURVE('',#2982,#2987);
#2982 = PLANE('',#2983);
#2983 = AXIS2_PLACEMENT_3D('',#2984,#2985,#2986);
#2984 = CARTESIAN_POINT('',(0.,0.,9.05));
#2985 = DIRECTION('',(-0.994056338222,-0.108866874852,0.));
#2986 = DIRECTION('',(-0.108866874852,0.994056338222,0.));
#2987 = DEFINITIONAL_REPRESENTATION('',(#2988),#2992);
#2988 = LINE('',#2989,#2990);
#2989 = CARTESIAN_POINT('',(0.,0.));
#2990 = VECTOR('',#2991,1.);
#2991 = DIRECTION('',(1.,0.));
#2992 = ( GEOMETRIC_REPRESENTATION_CONTEXT(2) 
PARAMETRIC_REPRESENTATION_CONTEXT() REPRESENTATION_CONTEXT('2D SPACE',''
  ) );
#2993 = ADVANCED_FACE('',(#2994),#532,.T.);
#2994 = FACE_BOUND('',#2995,.T.);
#2995 = EDGE_LOOP('',(#2996,#2997,#2998,#2999,#3000,#3001,#3002,#3003));
#2996 = ORIENTED_EDGE('',*,*,#1173,.F.);
#2997 = ORIENTED_EDGE('',*,*,#516,.T.);
#2998 = ORIENTED_EDGE('',*,*,#882,.T.);
#2999 = ORIENTED_EDGE('',*,*,#954,.T.);
#3000 = ORIENTED_EDGE('',*,*,#1002,.F.);
#3001 = ORIENTED_EDGE('',*,*,#1027,.T.);
#3002 = ORIENTED_EDGE('',*,*,#1097,.F.);
#3003 = ORIENTED_EDGE('',*,*,#1144,.T.);
#3004 = ADVANCED_FACE('',(#3005),#1311,.F.);
#3005 = FACE_BOUND('',#3006,.F.);
#3006 = EDGE_LOOP('',(#3007,#3037,#3065,#3086,#3087));
#3007 = ORIENTED_EDGE('',*,*,#3008,.F.);
#3008 = EDGE_CURVE('',#3009,#3011,#3013,.T.);
#3009 = VERTEX_POINT('',#3010);
#3010 = CARTESIAN_POINT('',(-4.,-20.2,9.05));
#3011 = VERTEX_POINT('',#3012);
#3012 = CARTESIAN_POINT('',(-4.,-17.34473983661,9.05));
#3013 = SURFACE_CURVE('',#3014,(#3018,#3025),.PCURVE_S1.);
#3014 = LINE('',#3015,#3016);
#3015 = CARTESIAN_POINT('',(-4.,-20.2,9.05));
#3016 = VECTOR('',#3017,1.);
#3017 = DIRECTION('',(-0.,1.,0.));
#3018 = PCURVE('',#1311,#3019);
#3019 = DEFINITIONAL_REPRESENTATION('',(#3020),#3024);
#3020 = LINE('',#3021,#3022);
#3021 = CARTESIAN_POINT('',(9.5,0.));
#3022 = VECTOR('',#3023,1.);
#3023 = DIRECTION('',(0.,-1.));
#3024 = ( GEOMETRIC_REPRESENTATION_CONTEXT(2) 
PARAMETRIC_REPRESENTATION_CONTEXT() REPRESENTATION_CONTEXT('2D SPACE',''
  ) );
#3025 = PCURVE('',#3026,#3031);
#3026 = PLANE('',#3027);
#3027 = AXIS2_PLACEMENT_3D('',#3028,#3029,#3030);
#3028 = CARTESIAN_POINT('',(0.,0.,9.05));
#3029 = DIRECTION('',(0.,0.,1.));
#3030 = DIRECTION('',(1.,0.,-0.));
#3031 = DEFINITIONAL_REPRESENTATION('',(#3032),#3036);
#3032 = LINE('',#3033,#3034);
#3033 = CARTESIAN_POINT('',(-4.,-20.2));
#3034 = VECTOR('',#3035,1.);
#3035 = DIRECTION('',(0.,1.));
#3036 = ( GEOMETRIC_REPRESENTATION_CONTEXT(2) 
PARAMETRIC_REPRESENTATION_CONTEXT() REPRESENTATION_CONTEXT('2D SPACE',''
  ) );
#3037 = ORIENTED_EDGE('',*,*,#3038,.F.);
#3038 = EDGE_CURVE('',#3039,#3009,#3041,.T.);
#3039 = VERTEX_POINT('',#3040);
#3040 = CARTESIAN_POINT('',(-4.,-20.2,-0.45));
#3041 = SURFACE_CURVE('',#3042,(#3046,#3053),.PCURVE_S1.);
#3042 = LINE('',#3043,#3044);
#3043 = CARTESIAN_POINT('',(-4.,-20.2,-0.45));
#3044 = VECTOR('',#3045,1.);
#3045 = DIRECTION('',(0.,0.,1.));
#3046 = PCURVE('',#1311,#3047);
#3047 = DEFINITIONAL_REPRESENTATION('',(#3048),#3052);
#3048 = LINE('',#3049,#3050);
#3049 = CARTESIAN_POINT('',(0.,0.));
#3050 = VECTOR('',#3051,1.);
#3051 = DIRECTION('',(1.,0.));
#3052 = ( GEOMETRIC_REPRESENTATION_CONTEXT(2) 
PARAMETRIC_REPRESENTATION_CONTEXT() REPRESENTATION_CONTEXT('2D SPACE',''
  ) );
#3053 = PCURVE('',#3054,#3059);
#3054 = PLANE('',#3055);
#3055 = AXIS2_PLACEMENT_3D('',#3056,#3057,#3058);
#3056 = CARTESIAN_POINT('',(-4.,-20.2,-0.45));
#3057 = DIRECTION('',(-0.,1.,0.));
#3058 = DIRECTION('',(0.,0.,1.));
#3059 = DEFINITIONAL_REPRESENTATION('',(#3060),#3064);
#3060 = LINE('',#3061,#3062);
#3061 = CARTESIAN_POINT('',(0.,0.));
#3062 = VECTOR('',#3063,1.);
#3063 = DIRECTION('',(1.,0.));
#3064 = ( GEOMETRIC_REPRESENTATION_CONTEXT(2) 
PARAMETRIC_REPRESENTATION_CONTEXT() REPRESENTATION_CONTEXT('2D SPACE',''
  ) );
#3065 = ORIENTED_EDGE('',*,*,#3066,.T.);
#3066 = EDGE_CURVE('',#3039,#1295,#3067,.T.);
#3067 = SURFACE_CURVE('',#3068,(#3072,#3079),.PCURVE_S1.);
#3068 = LINE('',#3069,#3070);
#3069 = CARTESIAN_POINT('',(-4.,-20.2,-0.45));
#3070 = VECTOR('',#3071,1.);
#3071 = DIRECTION('',(-0.,1.,0.));
#3072 = PCURVE('',#1311,#3073);
#3073 = DEFINITIONAL_REPRESENTATION('',(#3074),#3078);
#3074 = LINE('',#3075,#3076);
#3075 = CARTESIAN_POINT('',(0.,0.));
#3076 = VECTOR('',#3077,1.);
#3077 = DIRECTION('',(0.,-1.));
#3078 = ( GEOMETRIC_REPRESENTATION_CONTEXT(2) 
PARAMETRIC_REPRESENTATION_CONTEXT() REPRESENTATION_CONTEXT('2D SPACE',''
  ) );
#3079 = PCURVE('',#1534,#3080);
#3080 = DEFINITIONAL_REPRESENTATION('',(#3081),#3085);
#3081 = LINE('',#3082,#3083);
#3082 = CARTESIAN_POINT('',(-4.,-20.2));
#3083 = VECTOR('',#3084,1.);
#3084 = DIRECTION('',(0.,1.));
#3085 = ( GEOMETRIC_REPRESENTATION_CONTEXT(2) 
PARAMETRIC_REPRESENTATION_CONTEXT() REPRESENTATION_CONTEXT('2D SPACE',''
  ) );
#3086 = ORIENTED_EDGE('',*,*,#1294,.T.);
#3087 = ORIENTED_EDGE('',*,*,#3088,.F.);
#3088 = EDGE_CURVE('',#3011,#1297,#3089,.T.);
#3089 = SURFACE_CURVE('',#3090,(#3094,#3101),.PCURVE_S1.);
#3090 = LINE('',#3091,#3092);
#3091 = CARTESIAN_POINT('',(-4.,-20.2,9.05));
#3092 = VECTOR('',#3093,1.);
#3093 = DIRECTION('',(-0.,1.,0.));
#3094 = PCURVE('',#1311,#3095);
#3095 = DEFINITIONAL_REPRESENTATION('',(#3096),#3100);
#3096 = LINE('',#3097,#3098);
#3097 = CARTESIAN_POINT('',(9.5,0.));
#3098 = VECTOR('',#3099,1.);
#3099 = DIRECTION('',(0.,-1.));
#3100 = ( GEOMETRIC_REPRESENTATION_CONTEXT(2) 
PARAMETRIC_REPRESENTATION_CONTEXT() REPRESENTATION_CONTEXT('2D SPACE',''
  ) );
#3101 = PCURVE('',#1339,#3102);
#3102 = DEFINITIONAL_REPRESENTATION('',(#3103),#3107);
#3103 = LINE('',#3104,#3105);
#3104 = CARTESIAN_POINT('',(-4.,-20.2));
#3105 = VECTOR('',#3106,1.);
#3106 = DIRECTION('',(0.,1.));
#3107 = ( GEOMETRIC_REPRESENTATION_CONTEXT(2) 
PARAMETRIC_REPRESENTATION_CONTEXT() REPRESENTATION_CONTEXT('2D SPACE',''
  ) );
#3108 = ADVANCED_FACE('',(#3109),#1534,.F.);
#3109 = FACE_BOUND('',#3110,.F.);
#3110 = EDGE_LOOP('',(#3111,#3142,#3162,#3163,#3164,#3187,#3209,#3235,
    #3264,#3290,#3319,#3345,#3371,#3397));
#3111 = ORIENTED_EDGE('',*,*,#3112,.F.);
#3112 = EDGE_CURVE('',#3113,#3115,#3117,.T.);
#3113 = VERTEX_POINT('',#3114);
#3114 = CARTESIAN_POINT('',(-14.11008150224,-6.7,-0.45));
#3115 = VERTEX_POINT('',#3116);
#3116 = CARTESIAN_POINT('',(-2.907297278552E-16,-15.62,-0.45));
#3117 = SURFACE_CURVE('',#3118,(#3123,#3130),.PCURVE_S1.);
#3118 = CIRCLE('',#3119,15.62);
#3119 = AXIS2_PLACEMENT_3D('',#3120,#3121,#3122);
#3120 = CARTESIAN_POINT('',(0.,0.,-0.45));
#3121 = DIRECTION('',(0.,0.,1.));
#3122 = DIRECTION('',(-0.903334283114,-0.428937259923,0.));
#3123 = PCURVE('',#1534,#3124);
#3124 = DEFINITIONAL_REPRESENTATION('',(#3125),#3129);
#3125 = CIRCLE('',#3126,15.62);
#3126 = AXIS2_PLACEMENT_2D('',#3127,#3128);
#3127 = CARTESIAN_POINT('',(0.,0.));
#3128 = DIRECTION('',(-0.903334283114,-0.428937259923));
#3129 = ( GEOMETRIC_REPRESENTATION_CONTEXT(2) 
PARAMETRIC_REPRESENTATION_CONTEXT() REPRESENTATION_CONTEXT('2D SPACE',''
  ) );
#3130 = PCURVE('',#3131,#3136);
#3131 = CYLINDRICAL_SURFACE('',#3132,15.62);
#3132 = AXIS2_PLACEMENT_3D('',#3133,#3134,#3135);
#3133 = CARTESIAN_POINT('',(0.,0.,-0.45));
#3134 = DIRECTION('',(0.,0.,1.));
#3135 = DIRECTION('',(1.,0.,-0.));
#3136 = DEFINITIONAL_REPRESENTATION('',(#3137),#3141);
#3137 = LINE('',#3138,#3139);
#3138 = CARTESIAN_POINT('',(3.584908637674,0.));
#3139 = VECTOR('',#3140,1.);
#3140 = DIRECTION('',(1.,0.));
#3141 = ( GEOMETRIC_REPRESENTATION_CONTEXT(2) 
PARAMETRIC_REPRESENTATION_CONTEXT() REPRESENTATION_CONTEXT('2D SPACE',''
  ) );
#3142 = ORIENTED_EDGE('',*,*,#3143,.T.);
#3143 = EDGE_CURVE('',#3113,#1494,#3144,.T.);
#3144 = SURFACE_CURVE('',#3145,(#3149,#3156),.PCURVE_S1.);
#3145 = LINE('',#3146,#3147);
#3146 = CARTESIAN_POINT('',(-15.,-6.7,-0.45));
#3147 = VECTOR('',#3148,1.);
#3148 = DIRECTION('',(-1.,-0.,0.));
#3149 = PCURVE('',#1534,#3150);
#3150 = DEFINITIONAL_REPRESENTATION('',(#3151),#3155);
#3151 = LINE('',#3152,#3153);
#3152 = CARTESIAN_POINT('',(-15.,-6.7));
#3153 = VECTOR('',#3154,1.);
#3154 = DIRECTION('',(-1.,0.));
#3155 = ( GEOMETRIC_REPRESENTATION_CONTEXT(2) 
PARAMETRIC_REPRESENTATION_CONTEXT() REPRESENTATION_CONTEXT('2D SPACE',''
  ) );
#3156 = PCURVE('',#1508,#3157);
#3157 = DEFINITIONAL_REPRESENTATION('',(#3158),#3161);
#3158 = B_SPLINE_CURVE_WITH_KNOTS('',1,(#3159,#3160),.UNSPECIFIED.,.F.,
  .F.,(2,2),(-5.,2.77),.PIECEWISE_BEZIER_KNOTS.);
#3159 = CARTESIAN_POINT('',(1.,20.));
#3160 = CARTESIAN_POINT('',(1.,12.23));
#3161 = ( GEOMETRIC_REPRESENTATION_CONTEXT(2) 
PARAMETRIC_REPRESENTATION_CONTEXT() REPRESENTATION_CONTEXT('2D SPACE',''
  ) );
#3162 = ORIENTED_EDGE('',*,*,#1519,.T.);
#3163 = ORIENTED_EDGE('',*,*,#3066,.F.);
#3164 = ORIENTED_EDGE('',*,*,#3165,.T.);
#3165 = EDGE_CURVE('',#3039,#3166,#3168,.T.);
#3166 = VERTEX_POINT('',#3167);
#3167 = CARTESIAN_POINT('',(0.,-20.2,-0.45));
#3168 = SURFACE_CURVE('',#3169,(#3173,#3180),.PCURVE_S1.);
#3169 = LINE('',#3170,#3171);
#3170 = CARTESIAN_POINT('',(-4.,-20.2,-0.45));
#3171 = VECTOR('',#3172,1.);
#3172 = DIRECTION('',(1.,0.,-0.));
#3173 = PCURVE('',#1534,#3174);
#3174 = DEFINITIONAL_REPRESENTATION('',(#3175),#3179);
#3175 = LINE('',#3176,#3177);
#3176 = CARTESIAN_POINT('',(-4.,-20.2));
#3177 = VECTOR('',#3178,1.);
#3178 = DIRECTION('',(1.,0.));
#3179 = ( GEOMETRIC_REPRESENTATION_CONTEXT(2) 
PARAMETRIC_REPRESENTATION_CONTEXT() REPRESENTATION_CONTEXT('2D SPACE',''
  ) );
#3180 = PCURVE('',#3054,#3181);
#3181 = DEFINITIONAL_REPRESENTATION('',(#3182),#3186);
#3182 = LINE('',#3183,#3184);
#3183 = CARTESIAN_POINT('',(0.,0.));
#3184 = VECTOR('',#3185,1.);
#3185 = DIRECTION('',(0.,1.));
#3186 = ( GEOMETRIC_REPRESENTATION_CONTEXT(2) 
PARAMETRIC_REPRESENTATION_CONTEXT() REPRESENTATION_CONTEXT('2D SPACE',''
  ) );
#3187 = ORIENTED_EDGE('',*,*,#3188,.T.);
#3188 = EDGE_CURVE('',#3166,#3189,#3191,.T.);
#3189 = VERTEX_POINT('',#3190);
#3190 = CARTESIAN_POINT('',(0.,-19.15,-0.45));
#3191 = SURFACE_CURVE('',#3192,(#3196,#3202),.PCURVE_S1.);
#3192 = LINE('',#3193,#3194);
#3193 = CARTESIAN_POINT('',(0.,-20.,-0.45));
#3194 = VECTOR('',#3195,1.);
#3195 = DIRECTION('',(-0.,1.,0.));
#3196 = PCURVE('',#1534,#3197);
#3197 = DEFINITIONAL_REPRESENTATION('',(#3198),#3201);
#3198 = B_SPLINE_CURVE_WITH_KNOTS('',1,(#3199,#3200),.UNSPECIFIED.,.F.,
  .F.,(2,2),(-0.2,40.2),.PIECEWISE_BEZIER_KNOTS.);
#3199 = CARTESIAN_POINT('',(0.,-20.2));
#3200 = CARTESIAN_POINT('',(0.,20.2));
#3201 = ( GEOMETRIC_REPRESENTATION_CONTEXT(2) 
PARAMETRIC_REPRESENTATION_CONTEXT() REPRESENTATION_CONTEXT('2D SPACE',''
  ) );
#3202 = PCURVE('',#2681,#3203);
#3203 = DEFINITIONAL_REPRESENTATION('',(#3204),#3208);
#3204 = LINE('',#3205,#3206);
#3205 = CARTESIAN_POINT('',(4.55,-20.));
#3206 = VECTOR('',#3207,1.);
#3207 = DIRECTION('',(0.,-1.));
#3208 = ( GEOMETRIC_REPRESENTATION_CONTEXT(2) 
PARAMETRIC_REPRESENTATION_CONTEXT() REPRESENTATION_CONTEXT('2D SPACE',''
  ) );
#3209 = ORIENTED_EDGE('',*,*,#3210,.T.);
#3210 = EDGE_CURVE('',#3189,#3211,#3213,.T.);
#3211 = VERTEX_POINT('',#3212);
#3212 = CARTESIAN_POINT('',(-1.9,-19.15,-0.45));
#3213 = SURFACE_CURVE('',#3214,(#3218,#3224),.PCURVE_S1.);
#3214 = LINE('',#3215,#3216);
#3215 = CARTESIAN_POINT('',(-1.9,-19.15,-0.45));
#3216 = VECTOR('',#3217,1.);
#3217 = DIRECTION('',(-1.,-0.,0.));
#3218 = PCURVE('',#1534,#3219);
#3219 = DEFINITIONAL_REPRESENTATION('',(#3220),#3223);
#3220 = B_SPLINE_CURVE_WITH_KNOTS('',1,(#3221,#3222),.UNSPECIFIED.,.F.,
  .F.,(2,2),(-1.9,1.9),.PIECEWISE_BEZIER_KNOTS.);
#3221 = CARTESIAN_POINT('',(0.,-19.15));
#3222 = CARTESIAN_POINT('',(-3.8,-19.15));
#3223 = ( GEOMETRIC_REPRESENTATION_CONTEXT(2) 
PARAMETRIC_REPRESENTATION_CONTEXT() REPRESENTATION_CONTEXT('2D SPACE',''
  ) );
#3224 = PCURVE('',#3225,#3230);
#3225 = PLANE('',#3226);
#3226 = AXIS2_PLACEMENT_3D('',#3227,#3228,#3229);
#3227 = CARTESIAN_POINT('',(-3.8,-19.15,-1.45));
#3228 = DIRECTION('',(-0.,1.,0.));
#3229 = DIRECTION('',(0.,0.,1.));
#3230 = DEFINITIONAL_REPRESENTATION('',(#3231),#3234);
#3231 = B_SPLINE_CURVE_WITH_KNOTS('',1,(#3232,#3233),.UNSPECIFIED.,.F.,
  .F.,(2,2),(-1.9,1.9),.PIECEWISE_BEZIER_KNOTS.);
#3232 = CARTESIAN_POINT('',(1.,3.8));
#3233 = CARTESIAN_POINT('',(1.,0.));
#3234 = ( GEOMETRIC_REPRESENTATION_CONTEXT(2) 
PARAMETRIC_REPRESENTATION_CONTEXT() REPRESENTATION_CONTEXT('2D SPACE',''
  ) );
#3235 = ORIENTED_EDGE('',*,*,#3236,.F.);
#3236 = EDGE_CURVE('',#3237,#3211,#3239,.T.);
#3237 = VERTEX_POINT('',#3238);
#3238 = CARTESIAN_POINT('',(-1.980384757729,-19.45,-0.45));
#3239 = SURFACE_CURVE('',#3240,(#3245,#3252),.PCURVE_S1.);
#3240 = CIRCLE('',#3241,0.6);
#3241 = AXIS2_PLACEMENT_3D('',#3242,#3243,#3244);
#3242 = CARTESIAN_POINT('',(-2.5,-19.15,-0.45));
#3243 = DIRECTION('',(0.,0.,1.));
#3244 = DIRECTION('',(1.,0.,-0.));
#3245 = PCURVE('',#1534,#3246);
#3246 = DEFINITIONAL_REPRESENTATION('',(#3247),#3251);
#3247 = CIRCLE('',#3248,0.6);
#3248 = AXIS2_PLACEMENT_2D('',#3249,#3250);
#3249 = CARTESIAN_POINT('',(-2.5,-19.15));
#3250 = DIRECTION('',(1.,0.));
#3251 = ( GEOMETRIC_REPRESENTATION_CONTEXT(2) 
PARAMETRIC_REPRESENTATION_CONTEXT() REPRESENTATION_CONTEXT('2D SPACE',''
  ) );
#3252 = PCURVE('',#3253,#3258);
#3253 = CYLINDRICAL_SURFACE('',#3254,0.6);
#3254 = AXIS2_PLACEMENT_3D('',#3255,#3256,#3257);
#3255 = CARTESIAN_POINT('',(-2.5,-19.15,-1.45));
#3256 = DIRECTION('',(0.,0.,1.));
#3257 = DIRECTION('',(1.,0.,-0.));
#3258 = DEFINITIONAL_REPRESENTATION('',(#3259),#3263);
#3259 = LINE('',#3260,#3261);
#3260 = CARTESIAN_POINT('',(0.,1.));
#3261 = VECTOR('',#3262,1.);
#3262 = DIRECTION('',(1.,0.));
#3263 = ( GEOMETRIC_REPRESENTATION_CONTEXT(2) 
PARAMETRIC_REPRESENTATION_CONTEXT() REPRESENTATION_CONTEXT('2D SPACE',''
  ) );
#3264 = ORIENTED_EDGE('',*,*,#3265,.T.);
#3265 = EDGE_CURVE('',#3237,#3266,#3268,.T.);
#3266 = VERTEX_POINT('',#3267);
#3267 = CARTESIAN_POINT('',(-3.019615242271,-19.45,-0.45));
#3268 = SURFACE_CURVE('',#3269,(#3273,#3279),.PCURVE_S1.);
#3269 = LINE('',#3270,#3271);
#3270 = CARTESIAN_POINT('',(-1.75,-19.45,-0.45));
#3271 = VECTOR('',#3272,1.);
#3272 = DIRECTION('',(-1.,-0.,0.));
#3273 = PCURVE('',#1534,#3274);
#3274 = DEFINITIONAL_REPRESENTATION('',(#3275),#3278);
#3275 = B_SPLINE_CURVE_WITH_KNOTS('',1,(#3276,#3277),.UNSPECIFIED.,.F.,
  .F.,(2,2),(0.230384757729,1.269615242271),.PIECEWISE_BEZIER_KNOTS.);
#3276 = CARTESIAN_POINT('',(-1.980384757729,-19.45));
#3277 = CARTESIAN_POINT('',(-3.019615242271,-19.45));
#3278 = ( GEOMETRIC_REPRESENTATION_CONTEXT(2) 
PARAMETRIC_REPRESENTATION_CONTEXT() REPRESENTATION_CONTEXT('2D SPACE',''
  ) );
#3279 = PCURVE('',#3280,#3285);
#3280 = PLANE('',#3281);
#3281 = AXIS2_PLACEMENT_3D('',#3282,#3283,#3284);
#3282 = CARTESIAN_POINT('',(-3.5,-19.45,-1.45));
#3283 = DIRECTION('',(-0.,1.,0.));
#3284 = DIRECTION('',(0.,0.,1.));
#3285 = DEFINITIONAL_REPRESENTATION('',(#3286),#3289);
#3286 = B_SPLINE_CURVE_WITH_KNOTS('',1,(#3287,#3288),.UNSPECIFIED.,.F.,
  .F.,(2,2),(0.230384757729,1.269615242271),.PIECEWISE_BEZIER_KNOTS.);
#3287 = CARTESIAN_POINT('',(1.,1.519615242271));
#3288 = CARTESIAN_POINT('',(1.,0.480384757729));
#3289 = ( GEOMETRIC_REPRESENTATION_CONTEXT(2) 
PARAMETRIC_REPRESENTATION_CONTEXT() REPRESENTATION_CONTEXT('2D SPACE',''
  ) );
#3290 = ORIENTED_EDGE('',*,*,#3291,.F.);
#3291 = EDGE_CURVE('',#3292,#3266,#3294,.T.);
#3292 = VERTEX_POINT('',#3293);
#3293 = CARTESIAN_POINT('',(-3.1,-19.15,-0.45));
#3294 = SURFACE_CURVE('',#3295,(#3300,#3307),.PCURVE_S1.);
#3295 = CIRCLE('',#3296,0.6);
#3296 = AXIS2_PLACEMENT_3D('',#3297,#3298,#3299);
#3297 = CARTESIAN_POINT('',(-2.5,-19.15,-0.45));
#3298 = DIRECTION('',(0.,0.,1.));
#3299 = DIRECTION('',(1.,0.,-0.));
#3300 = PCURVE('',#1534,#3301);
#3301 = DEFINITIONAL_REPRESENTATION('',(#3302),#3306);
#3302 = CIRCLE('',#3303,0.6);
#3303 = AXIS2_PLACEMENT_2D('',#3304,#3305);
#3304 = CARTESIAN_POINT('',(-2.5,-19.15));
#3305 = DIRECTION('',(1.,0.));
#3306 = ( GEOMETRIC_REPRESENTATION_CONTEXT(2) 
PARAMETRIC_REPRESENTATION_CONTEXT() REPRESENTATION_CONTEXT('2D SPACE',''
  ) );
#3307 = PCURVE('',#3308,#3313);
#3308 = CYLINDRICAL_SURFACE('',#3309,0.6);
#3309 = AXIS2_PLACEMENT_3D('',#3310,#3311,#3312);
#3310 = CARTESIAN_POINT('',(-2.5,-19.15,-1.45));
#3311 = DIRECTION('',(0.,0.,1.));
#3312 = DIRECTION('',(1.,0.,-0.));
#3313 = DEFINITIONAL_REPRESENTATION('',(#3314),#3318);
#3314 = LINE('',#3315,#3316);
#3315 = CARTESIAN_POINT('',(0.,1.));
#3316 = VECTOR('',#3317,1.);
#3317 = DIRECTION('',(1.,0.));
#3318 = ( GEOMETRIC_REPRESENTATION_CONTEXT(2) 
PARAMETRIC_REPRESENTATION_CONTEXT() REPRESENTATION_CONTEXT('2D SPACE',''
  ) );
#3319 = ORIENTED_EDGE('',*,*,#3320,.T.);
#3320 = EDGE_CURVE('',#3292,#3321,#3323,.T.);
#3321 = VERTEX_POINT('',#3322);
#3322 = CARTESIAN_POINT('',(-3.8,-19.15,-0.45));
#3323 = SURFACE_CURVE('',#3324,(#3328,#3334),.PCURVE_S1.);
#3324 = LINE('',#3325,#3326);
#3325 = CARTESIAN_POINT('',(-1.9,-19.15,-0.45));
#3326 = VECTOR('',#3327,1.);
#3327 = DIRECTION('',(-1.,-0.,0.));
#3328 = PCURVE('',#1534,#3329);
#3329 = DEFINITIONAL_REPRESENTATION('',(#3330),#3333);
#3330 = B_SPLINE_CURVE_WITH_KNOTS('',1,(#3331,#3332),.UNSPECIFIED.,.F.,
  .F.,(2,2),(-1.9,1.9),.PIECEWISE_BEZIER_KNOTS.);
#3331 = CARTESIAN_POINT('',(0.,-19.15));
#3332 = CARTESIAN_POINT('',(-3.8,-19.15));
#3333 = ( GEOMETRIC_REPRESENTATION_CONTEXT(2) 
PARAMETRIC_REPRESENTATION_CONTEXT() REPRESENTATION_CONTEXT('2D SPACE',''
  ) );
#3334 = PCURVE('',#3335,#3340);
#3335 = PLANE('',#3336);
#3336 = AXIS2_PLACEMENT_3D('',#3337,#3338,#3339);
#3337 = CARTESIAN_POINT('',(-3.8,-19.15,-1.45));
#3338 = DIRECTION('',(-0.,1.,0.));
#3339 = DIRECTION('',(0.,0.,1.));
#3340 = DEFINITIONAL_REPRESENTATION('',(#3341),#3344);
#3341 = B_SPLINE_CURVE_WITH_KNOTS('',1,(#3342,#3343),.UNSPECIFIED.,.F.,
  .F.,(2,2),(-1.9,1.9),.PIECEWISE_BEZIER_KNOTS.);
#3342 = CARTESIAN_POINT('',(1.,3.8));
#3343 = CARTESIAN_POINT('',(1.,0.));
#3344 = ( GEOMETRIC_REPRESENTATION_CONTEXT(2) 
PARAMETRIC_REPRESENTATION_CONTEXT() REPRESENTATION_CONTEXT('2D SPACE',''
  ) );
#3345 = ORIENTED_EDGE('',*,*,#3346,.T.);
#3346 = EDGE_CURVE('',#3321,#3347,#3349,.T.);
#3347 = VERTEX_POINT('',#3348);
#3348 = CARTESIAN_POINT('',(-3.8,-17.05,-0.45));
#3349 = SURFACE_CURVE('',#3350,(#3354,#3360),.PCURVE_S1.);
#3350 = LINE('',#3351,#3352);
#3351 = CARTESIAN_POINT('',(-3.8,-9.575,-0.45));
#3352 = VECTOR('',#3353,1.);
#3353 = DIRECTION('',(-0.,1.,0.));
#3354 = PCURVE('',#1534,#3355);
#3355 = DEFINITIONAL_REPRESENTATION('',(#3356),#3359);
#3356 = B_SPLINE_CURVE_WITH_KNOTS('',1,(#3357,#3358),.UNSPECIFIED.,.F.,
  .F.,(2,2),(-9.575,-7.475),.PIECEWISE_BEZIER_KNOTS.);
#3357 = CARTESIAN_POINT('',(-3.8,-19.15));
#3358 = CARTESIAN_POINT('',(-3.8,-17.05));
#3359 = ( GEOMETRIC_REPRESENTATION_CONTEXT(2) 
PARAMETRIC_REPRESENTATION_CONTEXT() REPRESENTATION_CONTEXT('2D SPACE',''
  ) );
#3360 = PCURVE('',#3361,#3366);
#3361 = PLANE('',#3362);
#3362 = AXIS2_PLACEMENT_3D('',#3363,#3364,#3365);
#3363 = CARTESIAN_POINT('',(-3.8,-19.15,-1.45));
#3364 = DIRECTION('',(1.,0.,-0.));
#3365 = DIRECTION('',(0.,0.,1.));
#3366 = DEFINITIONAL_REPRESENTATION('',(#3367),#3370);
#3367 = B_SPLINE_CURVE_WITH_KNOTS('',1,(#3368,#3369),.UNSPECIFIED.,.F.,
  .F.,(2,2),(-9.575,-7.475),.PIECEWISE_BEZIER_KNOTS.);
#3368 = CARTESIAN_POINT('',(1.,0.));
#3369 = CARTESIAN_POINT('',(1.,-2.1));
#3370 = ( GEOMETRIC_REPRESENTATION_CONTEXT(2) 
PARAMETRIC_REPRESENTATION_CONTEXT() REPRESENTATION_CONTEXT('2D SPACE',''
  ) );
#3371 = ORIENTED_EDGE('',*,*,#3372,.F.);
#3372 = EDGE_CURVE('',#3373,#3347,#3375,.T.);
#3373 = VERTEX_POINT('',#3374);
#3374 = CARTESIAN_POINT('',(0.,-17.05,-0.45));
#3375 = SURFACE_CURVE('',#3376,(#3380,#3386),.PCURVE_S1.);
#3376 = LINE('',#3377,#3378);
#3377 = CARTESIAN_POINT('',(-1.9,-17.05,-0.45));
#3378 = VECTOR('',#3379,1.);
#3379 = DIRECTION('',(-1.,-0.,0.));
#3380 = PCURVE('',#1534,#3381);
#3381 = DEFINITIONAL_REPRESENTATION('',(#3382),#3385);
#3382 = B_SPLINE_CURVE_WITH_KNOTS('',1,(#3383,#3384),.UNSPECIFIED.,.F.,
  .F.,(2,2),(-1.9,1.9),.PIECEWISE_BEZIER_KNOTS.);
#3383 = CARTESIAN_POINT('',(0.,-17.05));
#3384 = CARTESIAN_POINT('',(-3.8,-17.05));
#3385 = ( GEOMETRIC_REPRESENTATION_CONTEXT(2) 
PARAMETRIC_REPRESENTATION_CONTEXT() REPRESENTATION_CONTEXT('2D SPACE',''
  ) );
#3386 = PCURVE('',#3387,#3392);
#3387 = PLANE('',#3388);
#3388 = AXIS2_PLACEMENT_3D('',#3389,#3390,#3391);
#3389 = CARTESIAN_POINT('',(-3.8,-17.05,-1.45));
#3390 = DIRECTION('',(-0.,1.,0.));
#3391 = DIRECTION('',(0.,0.,1.));
#3392 = DEFINITIONAL_REPRESENTATION('',(#3393),#3396);
#3393 = B_SPLINE_CURVE_WITH_KNOTS('',1,(#3394,#3395),.UNSPECIFIED.,.F.,
  .F.,(2,2),(-1.9,1.9),.PIECEWISE_BEZIER_KNOTS.);
#3394 = CARTESIAN_POINT('',(1.,3.8));
#3395 = CARTESIAN_POINT('',(1.,0.));
#3396 = ( GEOMETRIC_REPRESENTATION_CONTEXT(2) 
PARAMETRIC_REPRESENTATION_CONTEXT() REPRESENTATION_CONTEXT('2D SPACE',''
  ) );
#3397 = ORIENTED_EDGE('',*,*,#3398,.T.);
#3398 = EDGE_CURVE('',#3373,#3115,#3399,.T.);
#3399 = SURFACE_CURVE('',#3400,(#3404,#3410),.PCURVE_S1.);
#3400 = LINE('',#3401,#3402);
#3401 = CARTESIAN_POINT('',(0.,-20.,-0.45));
#3402 = VECTOR('',#3403,1.);
#3403 = DIRECTION('',(-0.,1.,0.));
#3404 = PCURVE('',#1534,#3405);
#3405 = DEFINITIONAL_REPRESENTATION('',(#3406),#3409);
#3406 = B_SPLINE_CURVE_WITH_KNOTS('',1,(#3407,#3408),.UNSPECIFIED.,.F.,
  .F.,(2,2),(-0.2,40.2),.PIECEWISE_BEZIER_KNOTS.);
#3407 = CARTESIAN_POINT('',(0.,-20.2));
#3408 = CARTESIAN_POINT('',(0.,20.2));
#3409 = ( GEOMETRIC_REPRESENTATION_CONTEXT(2) 
PARAMETRIC_REPRESENTATION_CONTEXT() REPRESENTATION_CONTEXT('2D SPACE',''
  ) );
#3410 = PCURVE('',#2681,#3411);
#3411 = DEFINITIONAL_REPRESENTATION('',(#3412),#3416);
#3412 = LINE('',#3413,#3414);
#3413 = CARTESIAN_POINT('',(4.55,-20.));
#3414 = VECTOR('',#3415,1.);
#3415 = DIRECTION('',(0.,-1.));
#3416 = ( GEOMETRIC_REPRESENTATION_CONTEXT(2) 
PARAMETRIC_REPRESENTATION_CONTEXT() REPRESENTATION_CONTEXT('2D SPACE',''
  ) );
#3417 = ADVANCED_FACE('',(#3418),#1339,.F.);
#3418 = FACE_BOUND('',#3419,.F.);
#3419 = EDGE_LOOP('',(#3420,#3421,#3449,#3476));
#3420 = ORIENTED_EDGE('',*,*,#1322,.T.);
#3421 = ORIENTED_EDGE('',*,*,#3422,.F.);
#3422 = EDGE_CURVE('',#3423,#1323,#3425,.T.);
#3423 = VERTEX_POINT('',#3424);
#3424 = CARTESIAN_POINT('',(-10.95877426079,-14.0265914142,9.05));
#3425 = SURFACE_CURVE('',#3426,(#3430,#3437),.PCURVE_S1.);
#3426 = LINE('',#3427,#3428);
#3427 = CARTESIAN_POINT('',(-12.80575868677,-16.39062367502,9.05));
#3428 = VECTOR('',#3429,1.);
#3429 = DIRECTION('',(0.615661475326,0.788010753607,0.));
#3430 = PCURVE('',#1339,#3431);
#3431 = DEFINITIONAL_REPRESENTATION('',(#3432),#3436);
#3432 = LINE('',#3433,#3434);
#3433 = CARTESIAN_POINT('',(-12.80575868677,-16.39062367502));
#3434 = VECTOR('',#3435,1.);
#3435 = DIRECTION('',(0.615661475326,0.788010753607));
#3436 = ( GEOMETRIC_REPRESENTATION_CONTEXT(2) 
PARAMETRIC_REPRESENTATION_CONTEXT() REPRESENTATION_CONTEXT('2D SPACE',''
  ) );
#3437 = PCURVE('',#3438,#3443);
#3438 = PLANE('',#3439);
#3439 = AXIS2_PLACEMENT_3D('',#3440,#3441,#3442);
#3440 = CARTESIAN_POINT('',(-12.80575868677,-16.39062367502,9.05));
#3441 = DIRECTION('',(-0.788010753607,0.615661475326,0.));
#3442 = DIRECTION('',(0.615661475326,0.788010753607,0.));
#3443 = DEFINITIONAL_REPRESENTATION('',(#3444),#3448);
#3444 = LINE('',#3445,#3446);
#3445 = CARTESIAN_POINT('',(0.,0.));
#3446 = VECTOR('',#3447,1.);
#3447 = DIRECTION('',(1.,0.));
#3448 = ( GEOMETRIC_REPRESENTATION_CONTEXT(2) 
PARAMETRIC_REPRESENTATION_CONTEXT() REPRESENTATION_CONTEXT('2D SPACE',''
  ) );
#3449 = ORIENTED_EDGE('',*,*,#3450,.T.);
#3450 = EDGE_CURVE('',#3423,#3011,#3451,.T.);
#3451 = SURFACE_CURVE('',#3452,(#3457,#3464),.PCURVE_S1.);
#3452 = CIRCLE('',#3453,17.8);
#3453 = AXIS2_PLACEMENT_3D('',#3454,#3455,#3456);
#3454 = CARTESIAN_POINT('',(0.,0.,9.05));
#3455 = DIRECTION('',(0.,-0.,1.));
#3456 = DIRECTION('',(0.390731128489,0.920504853452,0.));
#3457 = PCURVE('',#1339,#3458);
#3458 = DEFINITIONAL_REPRESENTATION('',(#3459),#3463);
#3459 = CIRCLE('',#3460,17.8);
#3460 = AXIS2_PLACEMENT_2D('',#3461,#3462);
#3461 = CARTESIAN_POINT('',(0.,0.));
#3462 = DIRECTION('',(0.390731128489,0.920504853452));
#3463 = ( GEOMETRIC_REPRESENTATION_CONTEXT(2) 
PARAMETRIC_REPRESENTATION_CONTEXT() REPRESENTATION_CONTEXT('2D SPACE',''
  ) );
#3464 = PCURVE('',#3465,#3470);
#3465 = CYLINDRICAL_SURFACE('',#3466,17.8);
#3466 = AXIS2_PLACEMENT_3D('',#3467,#3468,#3469);
#3467 = CARTESIAN_POINT('',(0.,0.,9.05));
#3468 = DIRECTION('',(0.,0.,1.));
#3469 = DIRECTION('',(1.,0.,-0.));
#3470 = DEFINITIONAL_REPRESENTATION('',(#3471),#3475);
#3471 = LINE('',#3472,#3473);
#3472 = CARTESIAN_POINT('',(1.169370598836,0.));
#3473 = VECTOR('',#3474,1.);
#3474 = DIRECTION('',(1.,0.));
#3475 = ( GEOMETRIC_REPRESENTATION_CONTEXT(2) 
PARAMETRIC_REPRESENTATION_CONTEXT() REPRESENTATION_CONTEXT('2D SPACE',''
  ) );
#3476 = ORIENTED_EDGE('',*,*,#3088,.T.);
#3477 = ADVANCED_FACE('',(#3478),#1372,.T.);
#3478 = FACE_BOUND('',#3479,.T.);
#3479 = EDGE_LOOP('',(#3480,#3481,#3504,#3537,#3565,#3594,#3622,#3655));
#3480 = ORIENTED_EDGE('',*,*,#1355,.F.);
#3481 = ORIENTED_EDGE('',*,*,#3482,.T.);
#3482 = EDGE_CURVE('',#1323,#3483,#3485,.T.);
#3483 = VERTEX_POINT('',#3484);
#3484 = CARTESIAN_POINT('',(-10.37389585923,-13.27798119827,9.05));
#3485 = SURFACE_CURVE('',#3486,(#3490,#3497),.PCURVE_S1.);
#3486 = LINE('',#3487,#3488);
#3487 = CARTESIAN_POINT('',(-12.80575868677,-16.39062367502,9.05));
#3488 = VECTOR('',#3489,1.);
#3489 = DIRECTION('',(0.615661475326,0.788010753607,0.));
#3490 = PCURVE('',#1372,#3491);
#3491 = DEFINITIONAL_REPRESENTATION('',(#3492),#3496);
#3492 = LINE('',#3493,#3494);
#3493 = CARTESIAN_POINT('',(-12.80575868677,-16.39062367502));
#3494 = VECTOR('',#3495,1.);
#3495 = DIRECTION('',(0.615661475326,0.788010753607));
#3496 = ( GEOMETRIC_REPRESENTATION_CONTEXT(2) 
PARAMETRIC_REPRESENTATION_CONTEXT() REPRESENTATION_CONTEXT('2D SPACE',''
  ) );
#3497 = PCURVE('',#3438,#3498);
#3498 = DEFINITIONAL_REPRESENTATION('',(#3499),#3503);
#3499 = LINE('',#3500,#3501);
#3500 = CARTESIAN_POINT('',(0.,0.));
#3501 = VECTOR('',#3502,1.);
#3502 = DIRECTION('',(1.,0.));
#3503 = ( GEOMETRIC_REPRESENTATION_CONTEXT(2) 
PARAMETRIC_REPRESENTATION_CONTEXT() REPRESENTATION_CONTEXT('2D SPACE',''
  ) );
#3504 = ORIENTED_EDGE('',*,*,#3505,.T.);
#3505 = EDGE_CURVE('',#3483,#3506,#3508,.T.);
#3506 = VERTEX_POINT('',#3507);
#3507 = CARTESIAN_POINT('',(-13.32311931758,-10.31586116858,9.05));
#3508 = SURFACE_CURVE('',#3509,(#3514,#3525),.PCURVE_S1.);
#3509 = CIRCLE('',#3510,16.85);
#3510 = AXIS2_PLACEMENT_3D('',#3511,#3512,#3513);
#3511 = CARTESIAN_POINT('',(0.,0.,9.05));
#3512 = DIRECTION('',(0.,0.,-1.));
#3513 = DIRECTION('',(-0.615661475326,-0.788010753607,-0.));
#3514 = PCURVE('',#1372,#3515);
#3515 = DEFINITIONAL_REPRESENTATION('',(#3516),#3524);
#3516 = ( BOUNDED_CURVE() B_SPLINE_CURVE(2,(#3517,#3518,#3519,#3520,
#3521,#3522,#3523),.UNSPECIFIED.,.T.,.F.) B_SPLINE_CURVE_WITH_KNOTS((1,2
    ,2,2,2,1),(-2.094395102393,0.,2.094395102393,4.188790204786,
6.28318530718,8.377580409573),.UNSPECIFIED.) CURVE() 
GEOMETRIC_REPRESENTATION_ITEM() RATIONAL_B_SPLINE_CURVE((1.,0.5,1.,0.5,
1.,0.5,1.)) REPRESENTATION_ITEM('') );
#3517 = CARTESIAN_POINT('',(-10.37389585923,-13.27798119827));
#3518 = CARTESIAN_POINT('',(-33.37203391659,4.690133502353));
#3519 = CARTESIAN_POINT('',(-6.312121099059,15.62304794945));
#3520 = CARTESIAN_POINT('',(20.747791718474,26.555962396547));
#3521 = CARTESIAN_POINT('',(16.686016958296,-2.345066751177));
#3522 = CARTESIAN_POINT('',(12.624242198117,-31.2460958989));
#3523 = CARTESIAN_POINT('',(-10.37389585923,-13.27798119827));
#3524 = ( GEOMETRIC_REPRESENTATION_CONTEXT(2) 
PARAMETRIC_REPRESENTATION_CONTEXT() REPRESENTATION_CONTEXT('2D SPACE',''
  ) );
#3525 = PCURVE('',#3526,#3531);
#3526 = CYLINDRICAL_SURFACE('',#3527,16.85);
#3527 = AXIS2_PLACEMENT_3D('',#3528,#3529,#3530);
#3528 = CARTESIAN_POINT('',(0.,0.,9.05));
#3529 = DIRECTION('',(0.,0.,1.));
#3530 = DIRECTION('',(1.,0.,-0.));
#3531 = DEFINITIONAL_REPRESENTATION('',(#3532),#3536);
#3532 = LINE('',#3533,#3534);
#3533 = CARTESIAN_POINT('',(4.049163864627,0.));
#3534 = VECTOR('',#3535,1.);
#3535 = DIRECTION('',(-1.,-0.));
#3536 = ( GEOMETRIC_REPRESENTATION_CONTEXT(2) 
PARAMETRIC_REPRESENTATION_CONTEXT() REPRESENTATION_CONTEXT('2D SPACE',''
  ) );
#3537 = ORIENTED_EDGE('',*,*,#3538,.F.);
#3538 = EDGE_CURVE('',#3539,#3506,#3541,.T.);
#3539 = VERTEX_POINT('',#3540);
#3540 = CARTESIAN_POINT('',(-13.48125723233,-10.43830462458,9.05));
#3541 = SURFACE_CURVE('',#3542,(#3546,#3553),.PCURVE_S1.);
#3542 = LINE('',#3543,#3544);
#3543 = CARTESIAN_POINT('',(-15.06263637982,-11.66273918465,9.05));
#3544 = VECTOR('',#3545,1.);
#3545 = DIRECTION('',(0.790689573744,0.612217280034,0.));
#3546 = PCURVE('',#1372,#3547);
#3547 = DEFINITIONAL_REPRESENTATION('',(#3548),#3552);
#3548 = LINE('',#3549,#3550);
#3549 = CARTESIAN_POINT('',(-15.06263637982,-11.66273918465));
#3550 = VECTOR('',#3551,1.);
#3551 = DIRECTION('',(0.790689573744,0.612217280034));
#3552 = ( GEOMETRIC_REPRESENTATION_CONTEXT(2) 
PARAMETRIC_REPRESENTATION_CONTEXT() REPRESENTATION_CONTEXT('2D SPACE',''
  ) );
#3553 = PCURVE('',#3554,#3559);
#3554 = PLANE('',#3555);
#3555 = AXIS2_PLACEMENT_3D('',#3556,#3557,#3558);
#3556 = CARTESIAN_POINT('',(-15.06263637982,-11.66273918465,9.05));
#3557 = DIRECTION('',(-0.612217280034,0.790689573744,0.));
#3558 = DIRECTION('',(0.790689573744,0.612217280034,0.));
#3559 = DEFINITIONAL_REPRESENTATION('',(#3560),#3564);
#3560 = LINE('',#3561,#3562);
#3561 = CARTESIAN_POINT('',(0.,0.));
#3562 = VECTOR('',#3563,1.);
#3563 = DIRECTION('',(1.,0.));
#3564 = ( GEOMETRIC_REPRESENTATION_CONTEXT(2) 
PARAMETRIC_REPRESENTATION_CONTEXT() REPRESENTATION_CONTEXT('2D SPACE',''
  ) );
#3565 = ORIENTED_EDGE('',*,*,#3566,.F.);
#3566 = EDGE_CURVE('',#3567,#3539,#3569,.T.);
#3567 = VERTEX_POINT('',#3568);
#3568 = CARTESIAN_POINT('',(-13.74988050276,-10.08182950459,9.05));
#3569 = SURFACE_CURVE('',#3570,(#3575,#3582),.PCURVE_S1.);
#3570 = CIRCLE('',#3571,17.05);
#3571 = AXIS2_PLACEMENT_3D('',#3572,#3573,#3574);
#3572 = CARTESIAN_POINT('',(0.,0.,9.05));
#3573 = DIRECTION('',(0.,0.,1.));
#3574 = DIRECTION('',(1.,0.,-0.));
#3575 = PCURVE('',#1372,#3576);
#3576 = DEFINITIONAL_REPRESENTATION('',(#3577),#3581);
#3577 = CIRCLE('',#3578,17.05);
#3578 = AXIS2_PLACEMENT_2D('',#3579,#3580);
#3579 = CARTESIAN_POINT('',(0.,0.));
#3580 = DIRECTION('',(1.,0.));
#3581 = ( GEOMETRIC_REPRESENTATION_CONTEXT(2) 
PARAMETRIC_REPRESENTATION_CONTEXT() REPRESENTATION_CONTEXT('2D SPACE',''
  ) );
#3582 = PCURVE('',#3583,#3588);
#3583 = CYLINDRICAL_SURFACE('',#3584,17.05);
#3584 = AXIS2_PLACEMENT_3D('',#3585,#3586,#3587);
#3585 = CARTESIAN_POINT('',(0.,0.,9.05));
#3586 = DIRECTION('',(0.,0.,1.));
#3587 = DIRECTION('',(1.,0.,-0.));
#3588 = DEFINITIONAL_REPRESENTATION('',(#3589),#3593);
#3589 = LINE('',#3590,#3591);
#3590 = CARTESIAN_POINT('',(0.,0.));
#3591 = VECTOR('',#3592,1.);
#3592 = DIRECTION('',(1.,0.));
#3593 = ( GEOMETRIC_REPRESENTATION_CONTEXT(2) 
PARAMETRIC_REPRESENTATION_CONTEXT() REPRESENTATION_CONTEXT('2D SPACE',''
  ) );
#3594 = ORIENTED_EDGE('',*,*,#3595,.F.);
#3595 = EDGE_CURVE('',#3596,#3567,#3598,.T.);
#3596 = VERTEX_POINT('',#3597);
#3597 = CARTESIAN_POINT('',(-13.5885915819,-9.963567574927,9.05));
#3598 = SURFACE_CURVE('',#3599,(#3603,#3610),.PCURVE_S1.);
#3599 = LINE('',#3600,#3601);
#3600 = CARTESIAN_POINT('',(0.,0.,9.05));
#3601 = VECTOR('',#3602,1.);
#3602 = DIRECTION('',(-0.806444604267,-0.591309648364,0.));
#3603 = PCURVE('',#1372,#3604);
#3604 = DEFINITIONAL_REPRESENTATION('',(#3605),#3609);
#3605 = LINE('',#3606,#3607);
#3606 = CARTESIAN_POINT('',(0.,0.));
#3607 = VECTOR('',#3608,1.);
#3608 = DIRECTION('',(-0.806444604267,-0.591309648364));
#3609 = ( GEOMETRIC_REPRESENTATION_CONTEXT(2) 
PARAMETRIC_REPRESENTATION_CONTEXT() REPRESENTATION_CONTEXT('2D SPACE',''
  ) );
#3610 = PCURVE('',#3611,#3616);
#3611 = PLANE('',#3612);
#3612 = AXIS2_PLACEMENT_3D('',#3613,#3614,#3615);
#3613 = CARTESIAN_POINT('',(0.,0.,9.05));
#3614 = DIRECTION('',(0.591309648364,-0.806444604267,0.));
#3615 = DIRECTION('',(-0.806444604267,-0.591309648364,0.));
#3616 = DEFINITIONAL_REPRESENTATION('',(#3617),#3621);
#3617 = LINE('',#3618,#3619);
#3618 = CARTESIAN_POINT('',(0.,0.));
#3619 = VECTOR('',#3620,1.);
#3620 = DIRECTION('',(1.,0.));
#3621 = ( GEOMETRIC_REPRESENTATION_CONTEXT(2) 
PARAMETRIC_REPRESENTATION_CONTEXT() REPRESENTATION_CONTEXT('2D SPACE',''
  ) );
#3622 = ORIENTED_EDGE('',*,*,#3623,.T.);
#3623 = EDGE_CURVE('',#3596,#3624,#3626,.T.);
#3624 = VERTEX_POINT('',#3625);
#3625 = CARTESIAN_POINT('',(-16.72440265515,2.053498436377,9.05));
#3626 = SURFACE_CURVE('',#3627,(#3632,#3643),.PCURVE_S1.);
#3627 = CIRCLE('',#3628,16.85);
#3628 = AXIS2_PLACEMENT_3D('',#3629,#3630,#3631);
#3629 = CARTESIAN_POINT('',(0.,0.,9.05));
#3630 = DIRECTION('',(0.,0.,-1.));
#3631 = DIRECTION('',(-0.615661475326,-0.788010753607,-0.));
#3632 = PCURVE('',#1372,#3633);
#3633 = DEFINITIONAL_REPRESENTATION('',(#3634),#3642);
#3634 = ( BOUNDED_CURVE() B_SPLINE_CURVE(2,(#3635,#3636,#3637,#3638,
#3639,#3640,#3641),.UNSPECIFIED.,.T.,.F.) B_SPLINE_CURVE_WITH_KNOTS((1,2
    ,2,2,2,1),(-2.094395102393,0.,2.094395102393,4.188790204786,
6.28318530718,8.377580409573),.UNSPECIFIED.) CURVE() 
GEOMETRIC_REPRESENTATION_ITEM() RATIONAL_B_SPLINE_CURVE((1.,0.5,1.,0.5,
1.,0.5,1.)) REPRESENTATION_ITEM('') );
#3635 = CARTESIAN_POINT('',(-10.37389585923,-13.27798119827));
#3636 = CARTESIAN_POINT('',(-33.37203391659,4.690133502353));
#3637 = CARTESIAN_POINT('',(-6.312121099059,15.62304794945));
#3638 = CARTESIAN_POINT('',(20.747791718474,26.555962396547));
#3639 = CARTESIAN_POINT('',(16.686016958296,-2.345066751177));
#3640 = CARTESIAN_POINT('',(12.624242198117,-31.2460958989));
#3641 = CARTESIAN_POINT('',(-10.37389585923,-13.27798119827));
#3642 = ( GEOMETRIC_REPRESENTATION_CONTEXT(2) 
PARAMETRIC_REPRESENTATION_CONTEXT() REPRESENTATION_CONTEXT('2D SPACE',''
  ) );
#3643 = PCURVE('',#3644,#3649);
#3644 = CYLINDRICAL_SURFACE('',#3645,16.85);
#3645 = AXIS2_PLACEMENT_3D('',#3646,#3647,#3648);
#3646 = CARTESIAN_POINT('',(0.,0.,9.05));
#3647 = DIRECTION('',(0.,0.,1.));
#3648 = DIRECTION('',(1.,0.,-0.));
#3649 = DEFINITIONAL_REPRESENTATION('',(#3650),#3654);
#3650 = LINE('',#3651,#3652);
#3651 = CARTESIAN_POINT('',(4.049163864627,0.));
#3652 = VECTOR('',#3653,1.);
#3653 = DIRECTION('',(-1.,-0.));
#3654 = ( GEOMETRIC_REPRESENTATION_CONTEXT(2) 
PARAMETRIC_REPRESENTATION_CONTEXT() REPRESENTATION_CONTEXT('2D SPACE',''
  ) );
#3655 = ORIENTED_EDGE('',*,*,#3656,.T.);
#3656 = EDGE_CURVE('',#3624,#1356,#3657,.T.);
#3657 = SURFACE_CURVE('',#3658,(#3662,#3669),.PCURVE_S1.);
#3658 = LINE('',#3659,#3660);
#3659 = CARTESIAN_POINT('',(0.,0.,9.05));
#3660 = VECTOR('',#3661,1.);
#3661 = DIRECTION('',(-0.992546151641,0.121869343405,0.));
#3662 = PCURVE('',#1372,#3663);
#3663 = DEFINITIONAL_REPRESENTATION('',(#3664),#3668);
#3664 = LINE('',#3665,#3666);
#3665 = CARTESIAN_POINT('',(0.,0.));
#3666 = VECTOR('',#3667,1.);
#3667 = DIRECTION('',(-0.992546151641,0.121869343405));
#3668 = ( GEOMETRIC_REPRESENTATION_CONTEXT(2) 
PARAMETRIC_REPRESENTATION_CONTEXT() REPRESENTATION_CONTEXT('2D SPACE',''
  ) );
#3669 = PCURVE('',#3670,#3675);
#3670 = PLANE('',#3671);
#3671 = AXIS2_PLACEMENT_3D('',#3672,#3673,#3674);
#3672 = CARTESIAN_POINT('',(0.,0.,9.05));
#3673 = DIRECTION('',(-0.121869343405,-0.992546151641,0.));
#3674 = DIRECTION('',(-0.992546151641,0.121869343405,0.));
#3675 = DEFINITIONAL_REPRESENTATION('',(#3676),#3680);
#3676 = LINE('',#3677,#3678);
#3677 = CARTESIAN_POINT('',(0.,0.));
#3678 = VECTOR('',#3679,1.);
#3679 = DIRECTION('',(1.,0.));
#3680 = ( GEOMETRIC_REPRESENTATION_CONTEXT(2) 
PARAMETRIC_REPRESENTATION_CONTEXT() REPRESENTATION_CONTEXT('2D SPACE',''
  ) );
#3681 = ADVANCED_FACE('',(#3682),#1405,.F.);
#3682 = FACE_BOUND('',#3683,.F.);
#3683 = EDGE_LOOP('',(#3684,#3707,#3731,#3752));
#3684 = ORIENTED_EDGE('',*,*,#3685,.F.);
#3685 = EDGE_CURVE('',#3686,#1389,#3688,.T.);
#3686 = VERTEX_POINT('',#3687);
#3687 = CARTESIAN_POINT('',(-6.667997362803,16.503872611289,9.05));
#3688 = SURFACE_CURVE('',#3689,(#3693,#3700),.PCURVE_S1.);
#3689 = LINE('',#3690,#3691);
#3690 = CARTESIAN_POINT('',(-7.791817143051,19.285424174989,9.05));
#3691 = VECTOR('',#3692,1.);
#3692 = DIRECTION('',(0.374606593416,-0.927183854567,0.));
#3693 = PCURVE('',#1405,#3694);
#3694 = DEFINITIONAL_REPRESENTATION('',(#3695),#3699);
#3695 = LINE('',#3696,#3697);
#3696 = CARTESIAN_POINT('',(-7.791817143051,19.285424174989));
#3697 = VECTOR('',#3698,1.);
#3698 = DIRECTION('',(0.374606593416,-0.927183854567));
#3699 = ( GEOMETRIC_REPRESENTATION_CONTEXT(2) 
PARAMETRIC_REPRESENTATION_CONTEXT() REPRESENTATION_CONTEXT('2D SPACE',''
  ) );
#3700 = PCURVE('',#2866,#3701);
#3701 = DEFINITIONAL_REPRESENTATION('',(#3702),#3706);
#3702 = LINE('',#3703,#3704);
#3703 = CARTESIAN_POINT('',(0.,0.));
#3704 = VECTOR('',#3705,1.);
#3705 = DIRECTION('',(1.,0.));
#3706 = ( GEOMETRIC_REPRESENTATION_CONTEXT(2) 
PARAMETRIC_REPRESENTATION_CONTEXT() REPRESENTATION_CONTEXT('2D SPACE',''
  ) );
#3707 = ORIENTED_EDGE('',*,*,#3708,.T.);
#3708 = EDGE_CURVE('',#3686,#3709,#3711,.T.);
#3709 = VERTEX_POINT('',#3710);
#3710 = CARTESIAN_POINT('',(-17.66732149921,2.169274312612,9.05));
#3711 = SURFACE_CURVE('',#3712,(#3717,#3724),.PCURVE_S1.);
#3712 = CIRCLE('',#3713,17.8);
#3713 = AXIS2_PLACEMENT_3D('',#3714,#3715,#3716);
#3714 = CARTESIAN_POINT('',(0.,0.,9.05));
#3715 = DIRECTION('',(0.,-0.,1.));
#3716 = DIRECTION('',(0.390731128489,0.920504853452,0.));
#3717 = PCURVE('',#1405,#3718);
#3718 = DEFINITIONAL_REPRESENTATION('',(#3719),#3723);
#3719 = CIRCLE('',#3720,17.8);
#3720 = AXIS2_PLACEMENT_2D('',#3721,#3722);
#3721 = CARTESIAN_POINT('',(0.,0.));
#3722 = DIRECTION('',(0.390731128489,0.920504853452));
#3723 = ( GEOMETRIC_REPRESENTATION_CONTEXT(2) 
PARAMETRIC_REPRESENTATION_CONTEXT() REPRESENTATION_CONTEXT('2D SPACE',''
  ) );
#3724 = PCURVE('',#684,#3725);
#3725 = DEFINITIONAL_REPRESENTATION('',(#3726),#3730);
#3726 = LINE('',#3727,#3728);
#3727 = CARTESIAN_POINT('',(1.169370598836,0.));
#3728 = VECTOR('',#3729,1.);
#3729 = DIRECTION('',(1.,0.));
#3730 = ( GEOMETRIC_REPRESENTATION_CONTEXT(2) 
PARAMETRIC_REPRESENTATION_CONTEXT() REPRESENTATION_CONTEXT('2D SPACE',''
  ) );
#3731 = ORIENTED_EDGE('',*,*,#3732,.F.);
#3732 = EDGE_CURVE('',#1356,#3709,#3733,.T.);
#3733 = SURFACE_CURVE('',#3734,(#3738,#3745),.PCURVE_S1.);
#3734 = LINE('',#3735,#3736);
#3735 = CARTESIAN_POINT('',(0.,0.,9.05));
#3736 = VECTOR('',#3737,1.);
#3737 = DIRECTION('',(-0.992546151641,0.121869343405,0.));
#3738 = PCURVE('',#1405,#3739);
#3739 = DEFINITIONAL_REPRESENTATION('',(#3740),#3744);
#3740 = LINE('',#3741,#3742);
#3741 = CARTESIAN_POINT('',(0.,0.));
#3742 = VECTOR('',#3743,1.);
#3743 = DIRECTION('',(-0.992546151641,0.121869343405));
#3744 = ( GEOMETRIC_REPRESENTATION_CONTEXT(2) 
PARAMETRIC_REPRESENTATION_CONTEXT() REPRESENTATION_CONTEXT('2D SPACE',''
  ) );
#3745 = PCURVE('',#3670,#3746);
#3746 = DEFINITIONAL_REPRESENTATION('',(#3747),#3751);
#3747 = LINE('',#3748,#3749);
#3748 = CARTESIAN_POINT('',(0.,0.));
#3749 = VECTOR('',#3750,1.);
#3750 = DIRECTION('',(1.,0.));
#3751 = ( GEOMETRIC_REPRESENTATION_CONTEXT(2) 
PARAMETRIC_REPRESENTATION_CONTEXT() REPRESENTATION_CONTEXT('2D SPACE',''
  ) );
#3752 = ORIENTED_EDGE('',*,*,#1388,.T.);
#3753 = ADVANCED_FACE('',(#3754),#1508,.T.);
#3754 = FACE_BOUND('',#3755,.T.);
#3755 = EDGE_LOOP('',(#3756,#3757,#3758,#3779,#3805,#3824));
#3756 = ORIENTED_EDGE('',*,*,#1493,.T.);
#3757 = ORIENTED_EDGE('',*,*,#2610,.T.);
#3758 = ORIENTED_EDGE('',*,*,#3759,.F.);
#3759 = EDGE_CURVE('',#3760,#2611,#3762,.T.);
#3760 = VERTEX_POINT('',#3761);
#3761 = CARTESIAN_POINT('',(-14.77154020405,-6.7,-0.1));
#3762 = SURFACE_CURVE('',#3763,(#3767,#3773),.PCURVE_S1.);
#3763 = LINE('',#3764,#3765);
#3764 = CARTESIAN_POINT('',(-14.77154020405,-6.7,-0.45));
#3765 = VECTOR('',#3766,1.);
#3766 = DIRECTION('',(0.,0.,1.));
#3767 = PCURVE('',#1508,#3768);
#3768 = DEFINITIONAL_REPRESENTATION('',(#3769),#3772);
#3769 = B_SPLINE_CURVE_WITH_KNOTS('',1,(#3770,#3771),.UNSPECIFIED.,.F.,
  .F.,(2,2),(0.3499994,8.3000006),.PIECEWISE_BEZIER_KNOTS.);
#3770 = CARTESIAN_POINT('',(1.3499994,15.228459795945));
#3771 = CARTESIAN_POINT('',(9.3000006,15.228459795945));
#3772 = ( GEOMETRIC_REPRESENTATION_CONTEXT(2) 
PARAMETRIC_REPRESENTATION_CONTEXT() REPRESENTATION_CONTEXT('2D SPACE',''
  ) );
#3773 = PCURVE('',#2654,#3774);
#3774 = DEFINITIONAL_REPRESENTATION('',(#3775),#3778);
#3775 = B_SPLINE_CURVE_WITH_KNOTS('',1,(#3776,#3777),.UNSPECIFIED.,.F.,
  .F.,(2,2),(0.35,8.3),.PIECEWISE_BEZIER_KNOTS.);
#3776 = CARTESIAN_POINT('',(3.567415496241,0.35));
#3777 = CARTESIAN_POINT('',(3.567415496241,8.3));
#3778 = ( GEOMETRIC_REPRESENTATION_CONTEXT(2) 
PARAMETRIC_REPRESENTATION_CONTEXT() REPRESENTATION_CONTEXT('2D SPACE',''
  ) );
#3779 = ORIENTED_EDGE('',*,*,#3780,.F.);
#3780 = EDGE_CURVE('',#3781,#3760,#3783,.T.);
#3781 = VERTEX_POINT('',#3782);
#3782 = CARTESIAN_POINT('',(-14.11008150224,-6.7,-0.1));
#3783 = SURFACE_CURVE('',#3784,(#3788,#3794),.PCURVE_S1.);
#3784 = LINE('',#3785,#3786);
#3785 = CARTESIAN_POINT('',(-15.,-6.7,-0.1));
#3786 = VECTOR('',#3787,1.);
#3787 = DIRECTION('',(-1.,-0.,0.));
#3788 = PCURVE('',#1508,#3789);
#3789 = DEFINITIONAL_REPRESENTATION('',(#3790),#3793);
#3790 = B_SPLINE_CURVE_WITH_KNOTS('',1,(#3791,#3792),.UNSPECIFIED.,.F.,
  .F.,(2,2),(-5.,1.22),.PIECEWISE_BEZIER_KNOTS.);
#3791 = CARTESIAN_POINT('',(1.35,20.));
#3792 = CARTESIAN_POINT('',(1.35,13.78));
#3793 = ( GEOMETRIC_REPRESENTATION_CONTEXT(2) 
PARAMETRIC_REPRESENTATION_CONTEXT() REPRESENTATION_CONTEXT('2D SPACE',''
  ) );
#3794 = PCURVE('',#3795,#3800);
#3795 = PLANE('',#3796);
#3796 = AXIS2_PLACEMENT_3D('',#3797,#3798,#3799);
#3797 = CARTESIAN_POINT('',(0.,0.,-0.1));
#3798 = DIRECTION('',(0.,0.,1.));
#3799 = DIRECTION('',(1.,0.,-0.));
#3800 = DEFINITIONAL_REPRESENTATION('',(#3801),#3804);
#3801 = B_SPLINE_CURVE_WITH_KNOTS('',1,(#3802,#3803),.UNSPECIFIED.,.F.,
  .F.,(2,2),(-5.,1.22),.PIECEWISE_BEZIER_KNOTS.);
#3802 = CARTESIAN_POINT('',(-10.,-6.7));
#3803 = CARTESIAN_POINT('',(-16.22,-6.7));
#3804 = ( GEOMETRIC_REPRESENTATION_CONTEXT(2) 
PARAMETRIC_REPRESENTATION_CONTEXT() REPRESENTATION_CONTEXT('2D SPACE',''
  ) );
#3805 = ORIENTED_EDGE('',*,*,#3806,.F.);
#3806 = EDGE_CURVE('',#3113,#3781,#3807,.T.);
#3807 = SURFACE_CURVE('',#3808,(#3812,#3818),.PCURVE_S1.);
#3808 = LINE('',#3809,#3810);
#3809 = CARTESIAN_POINT('',(-14.11008150224,-6.7,-0.45));
#3810 = VECTOR('',#3811,1.);
#3811 = DIRECTION('',(0.,0.,1.));
#3812 = PCURVE('',#1508,#3813);
#3813 = DEFINITIONAL_REPRESENTATION('',(#3814),#3817);
#3814 = B_SPLINE_CURVE_WITH_KNOTS('',1,(#3815,#3816),.UNSPECIFIED.,.F.,
  .F.,(2,2),(-6.000000000173E-07,0.3500006),.PIECEWISE_BEZIER_KNOTS.);
#3815 = CARTESIAN_POINT('',(0.9999994,15.889918497755));
#3816 = CARTESIAN_POINT('',(1.3500006,15.889918497755));
#3817 = ( GEOMETRIC_REPRESENTATION_CONTEXT(2) 
PARAMETRIC_REPRESENTATION_CONTEXT() REPRESENTATION_CONTEXT('2D SPACE',''
  ) );
#3818 = PCURVE('',#3131,#3819);
#3819 = DEFINITIONAL_REPRESENTATION('',(#3820),#3823);
#3820 = B_SPLINE_CURVE_WITH_KNOTS('',1,(#3821,#3822),.UNSPECIFIED.,.F.,
  .F.,(2,2),(0.,0.35),.PIECEWISE_BEZIER_KNOTS.);
#3821 = CARTESIAN_POINT('',(3.584908637674,0.));
#3822 = CARTESIAN_POINT('',(3.584908637674,0.35));
#3823 = ( GEOMETRIC_REPRESENTATION_CONTEXT(2) 
PARAMETRIC_REPRESENTATION_CONTEXT() REPRESENTATION_CONTEXT('2D SPACE',''
  ) );
#3824 = ORIENTED_EDGE('',*,*,#3143,.T.);
#3825 = ADVANCED_FACE('',(#3826),#1567,.T.);
#3826 = FACE_BOUND('',#3827,.T.);
#3827 = EDGE_LOOP('',(#3828,#3829,#3850,#3851));
#3828 = ORIENTED_EDGE('',*,*,#1901,.F.);
#3829 = ORIENTED_EDGE('',*,*,#3830,.T.);
#3830 = EDGE_CURVE('',#1902,#1549,#3831,.T.);
#3831 = SURFACE_CURVE('',#3832,(#3836,#3843),.PCURVE_S1.);
#3832 = LINE('',#3833,#3834);
#3833 = CARTESIAN_POINT('',(0.,0.,4.));
#3834 = VECTOR('',#3835,1.);
#3835 = DIRECTION('',(-0.501510737159,0.86515142057,0.));
#3836 = PCURVE('',#1567,#3837);
#3837 = DEFINITIONAL_REPRESENTATION('',(#3838),#3842);
#3838 = LINE('',#3839,#3840);
#3839 = CARTESIAN_POINT('',(5.553948078979,-9.063219542908));
#3840 = VECTOR('',#3841,1.);
#3841 = DIRECTION('',(-0.501510737159,0.86515142057));
#3842 = ( GEOMETRIC_REPRESENTATION_CONTEXT(2) 
PARAMETRIC_REPRESENTATION_CONTEXT() REPRESENTATION_CONTEXT('2D SPACE',''
  ) );
#3843 = PCURVE('',#1594,#3844);
#3844 = DEFINITIONAL_REPRESENTATION('',(#3845),#3849);
#3845 = LINE('',#3846,#3847);
#3846 = CARTESIAN_POINT('',(0.,0.));
#3847 = VECTOR('',#3848,1.);
#3848 = DIRECTION('',(1.,0.));
#3849 = ( GEOMETRIC_REPRESENTATION_CONTEXT(2) 
PARAMETRIC_REPRESENTATION_CONTEXT() REPRESENTATION_CONTEXT('2D SPACE',''
  ) );
#3850 = ORIENTED_EDGE('',*,*,#1548,.T.);
#3851 = ORIENTED_EDGE('',*,*,#3852,.T.);
#3852 = EDGE_CURVE('',#1551,#1904,#3853,.T.);
#3853 = SURFACE_CURVE('',#3854,(#3858,#3865),.PCURVE_S1.);
#3854 = LINE('',#3855,#3856);
#3855 = CARTESIAN_POINT('',(-11.28173332547,17.43890458638,4.));
#3856 = VECTOR('',#3857,1.);
#3857 = DIRECTION('',(0.543174449951,-0.839619864534,0.));
#3858 = PCURVE('',#1567,#3859);
#3859 = DEFINITIONAL_REPRESENTATION('',(#3860),#3864);
#3860 = LINE('',#3861,#3862);
#3861 = CARTESIAN_POINT('',(-5.727785246496,8.375685043472));
#3862 = VECTOR('',#3863,1.);
#3863 = DIRECTION('',(0.543174449951,-0.839619864534));
#3864 = ( GEOMETRIC_REPRESENTATION_CONTEXT(2) 
PARAMETRIC_REPRESENTATION_CONTEXT() REPRESENTATION_CONTEXT('2D SPACE',''
  ) );
#3865 = PCURVE('',#1647,#3866);
#3866 = DEFINITIONAL_REPRESENTATION('',(#3867),#3871);
#3867 = LINE('',#3868,#3869);
#3868 = CARTESIAN_POINT('',(0.,0.));
#3869 = VECTOR('',#3870,1.);
#3870 = DIRECTION('',(1.,0.));
#3871 = ( GEOMETRIC_REPRESENTATION_CONTEXT(2) 
PARAMETRIC_REPRESENTATION_CONTEXT() REPRESENTATION_CONTEXT('2D SPACE',''
  ) );
#3872 = ADVANCED_FACE('',(#3873),#1594,.T.);
#3873 = FACE_BOUND('',#3874,.T.);
#3874 = EDGE_LOOP('',(#3875,#3876,#3877,#3898));
#3875 = ORIENTED_EDGE('',*,*,#3830,.F.);
#3876 = ORIENTED_EDGE('',*,*,#1927,.T.);
#3877 = ORIENTED_EDGE('',*,*,#3878,.T.);
#3878 = EDGE_CURVE('',#1928,#1580,#3879,.T.);
#3879 = SURFACE_CURVE('',#3880,(#3884,#3891),.PCURVE_S1.);
#3880 = LINE('',#3881,#3882);
#3881 = CARTESIAN_POINT('',(0.,0.,6.5));
#3882 = VECTOR('',#3883,1.);
#3883 = DIRECTION('',(-0.501510737159,0.86515142057,0.));
#3884 = PCURVE('',#1594,#3885);
#3885 = DEFINITIONAL_REPRESENTATION('',(#3886),#3890);
#3886 = LINE('',#3887,#3888);
#3887 = CARTESIAN_POINT('',(0.,-2.5));
#3888 = VECTOR('',#3889,1.);
#3889 = DIRECTION('',(1.,0.));
#3890 = ( GEOMETRIC_REPRESENTATION_CONTEXT(2) 
PARAMETRIC_REPRESENTATION_CONTEXT() REPRESENTATION_CONTEXT('2D SPACE',''
  ) );
#3891 = PCURVE('',#1622,#3892);
#3892 = DEFINITIONAL_REPRESENTATION('',(#3893),#3897);
#3893 = LINE('',#3894,#3895);
#3894 = CARTESIAN_POINT('',(5.553948078979,-9.063219542908));
#3895 = VECTOR('',#3896,1.);
#3896 = DIRECTION('',(-0.501510737159,0.86515142057));
#3897 = ( GEOMETRIC_REPRESENTATION_CONTEXT(2) 
PARAMETRIC_REPRESENTATION_CONTEXT() REPRESENTATION_CONTEXT('2D SPACE',''
  ) );
#3898 = ORIENTED_EDGE('',*,*,#1579,.F.);
#3899 = ADVANCED_FACE('',(#3900),#1647,.T.);
#3900 = FACE_BOUND('',#3901,.T.);
#3901 = EDGE_LOOP('',(#3902,#3903,#3904,#3925));
#3902 = ORIENTED_EDGE('',*,*,#3852,.F.);
#3903 = ORIENTED_EDGE('',*,*,#1634,.T.);
#3904 = ORIENTED_EDGE('',*,*,#3905,.T.);
#3905 = EDGE_CURVE('',#1606,#1949,#3906,.T.);
#3906 = SURFACE_CURVE('',#3907,(#3911,#3918),.PCURVE_S1.);
#3907 = LINE('',#3908,#3909);
#3908 = CARTESIAN_POINT('',(-11.28173332547,17.43890458638,6.5));
#3909 = VECTOR('',#3910,1.);
#3910 = DIRECTION('',(0.543174449951,-0.839619864534,0.));
#3911 = PCURVE('',#1647,#3912);
#3912 = DEFINITIONAL_REPRESENTATION('',(#3913),#3917);
#3913 = LINE('',#3914,#3915);
#3914 = CARTESIAN_POINT('',(0.,-2.5));
#3915 = VECTOR('',#3916,1.);
#3916 = DIRECTION('',(1.,0.));
#3917 = ( GEOMETRIC_REPRESENTATION_CONTEXT(2) 
PARAMETRIC_REPRESENTATION_CONTEXT() REPRESENTATION_CONTEXT('2D SPACE',''
  ) );
#3918 = PCURVE('',#1622,#3919);
#3919 = DEFINITIONAL_REPRESENTATION('',(#3920),#3924);
#3920 = LINE('',#3921,#3922);
#3921 = CARTESIAN_POINT('',(-5.727785246496,8.375685043472));
#3922 = VECTOR('',#3923,1.);
#3923 = DIRECTION('',(0.543174449951,-0.839619864534));
#3924 = ( GEOMETRIC_REPRESENTATION_CONTEXT(2) 
PARAMETRIC_REPRESENTATION_CONTEXT() REPRESENTATION_CONTEXT('2D SPACE',''
  ) );
#3925 = ORIENTED_EDGE('',*,*,#1972,.F.);
#3926 = ADVANCED_FACE('',(#3927),#1622,.F.);
#3927 = FACE_BOUND('',#3928,.F.);
#3928 = EDGE_LOOP('',(#3929,#3930,#3931,#3932));
#3929 = ORIENTED_EDGE('',*,*,#1948,.F.);
#3930 = ORIENTED_EDGE('',*,*,#3878,.T.);
#3931 = ORIENTED_EDGE('',*,*,#1605,.T.);
#3932 = ORIENTED_EDGE('',*,*,#3905,.T.);
#3933 = ADVANCED_FACE('',(#3934),#1679,.T.);
#3934 = FACE_BOUND('',#3935,.T.);
#3935 = EDGE_LOOP('',(#3936,#3937,#3958,#3959));
#3936 = ORIENTED_EDGE('',*,*,#2515,.F.);
#3937 = ORIENTED_EDGE('',*,*,#3938,.T.);
#3938 = EDGE_CURVE('',#2516,#1661,#3939,.T.);
#3939 = SURFACE_CURVE('',#3940,(#3944,#3951),.PCURVE_S1.);
#3940 = LINE('',#3941,#3942);
#3941 = CARTESIAN_POINT('',(0.,0.,4.));
#3942 = VECTOR('',#3943,1.);
#3943 = DIRECTION('',(-0.839619864534,0.543174449951,0.));
#3944 = PCURVE('',#1679,#3945);
#3945 = DEFINITIONAL_REPRESENTATION('',(#3946),#3950);
#3946 = LINE('',#3947,#3948);
#3947 = CARTESIAN_POINT('',(9.063219542908,-5.553948078979));
#3948 = VECTOR('',#3949,1.);
#3949 = DIRECTION('',(-0.839619864534,0.543174449951));
#3950 = ( GEOMETRIC_REPRESENTATION_CONTEXT(2) 
PARAMETRIC_REPRESENTATION_CONTEXT() REPRESENTATION_CONTEXT('2D SPACE',''
  ) );
#3951 = PCURVE('',#1706,#3952);
#3952 = DEFINITIONAL_REPRESENTATION('',(#3953),#3957);
#3953 = LINE('',#3954,#3955);
#3954 = CARTESIAN_POINT('',(0.,0.));
#3955 = VECTOR('',#3956,1.);
#3956 = DIRECTION('',(1.,0.));
#3957 = ( GEOMETRIC_REPRESENTATION_CONTEXT(2) 
PARAMETRIC_REPRESENTATION_CONTEXT() REPRESENTATION_CONTEXT('2D SPACE',''
  ) );
#3958 = ORIENTED_EDGE('',*,*,#1660,.T.);
#3959 = ORIENTED_EDGE('',*,*,#3960,.T.);
#3960 = EDGE_CURVE('',#1663,#2518,#3961,.T.);
#3961 = SURFACE_CURVE('',#3962,(#3966,#3973),.PCURVE_S1.);
#3962 = LINE('',#3963,#3964);
#3963 = CARTESIAN_POINT('',(-17.96919500523,10.416378010802,4.));
#3964 = VECTOR('',#3965,1.);
#3965 = DIRECTION('',(0.86515142057,-0.501510737159,0.));
#3966 = PCURVE('',#1679,#3967);
#3967 = DEFINITIONAL_REPRESENTATION('',(#3968),#3972);
#3968 = LINE('',#3969,#3970);
#3969 = CARTESIAN_POINT('',(-8.905975462325,4.862429931823));
#3970 = VECTOR('',#3971,1.);
#3971 = DIRECTION('',(0.86515142057,-0.501510737159));
#3972 = ( GEOMETRIC_REPRESENTATION_CONTEXT(2) 
PARAMETRIC_REPRESENTATION_CONTEXT() REPRESENTATION_CONTEXT('2D SPACE',''
  ) );
#3973 = PCURVE('',#1759,#3974);
#3974 = DEFINITIONAL_REPRESENTATION('',(#3975),#3979);
#3975 = LINE('',#3976,#3977);
#3976 = CARTESIAN_POINT('',(0.,0.));
#3977 = VECTOR('',#3978,1.);
#3978 = DIRECTION('',(1.,0.));
#3979 = ( GEOMETRIC_REPRESENTATION_CONTEXT(2) 
PARAMETRIC_REPRESENTATION_CONTEXT() REPRESENTATION_CONTEXT('2D SPACE',''
  ) );
#3980 = ADVANCED_FACE('',(#3981),#1759,.T.);
#3981 = FACE_BOUND('',#3982,.T.);
#3982 = EDGE_LOOP('',(#3983,#3984,#3985,#4006));
#3983 = ORIENTED_EDGE('',*,*,#3960,.F.);
#3984 = ORIENTED_EDGE('',*,*,#1746,.T.);
#3985 = ORIENTED_EDGE('',*,*,#3986,.T.);
#3986 = EDGE_CURVE('',#1718,#2563,#3987,.T.);
#3987 = SURFACE_CURVE('',#3988,(#3992,#3999),.PCURVE_S1.);
#3988 = LINE('',#3989,#3990);
#3989 = CARTESIAN_POINT('',(-17.96919500523,10.416378010802,6.5));
#3990 = VECTOR('',#3991,1.);
#3991 = DIRECTION('',(0.86515142057,-0.501510737159,0.));
#3992 = PCURVE('',#1759,#3993);
#3993 = DEFINITIONAL_REPRESENTATION('',(#3994),#3998);
#3994 = LINE('',#3995,#3996);
#3995 = CARTESIAN_POINT('',(0.,-2.5));
#3996 = VECTOR('',#3997,1.);
#3997 = DIRECTION('',(1.,0.));
#3998 = ( GEOMETRIC_REPRESENTATION_CONTEXT(2) 
PARAMETRIC_REPRESENTATION_CONTEXT() REPRESENTATION_CONTEXT('2D SPACE',''
  ) );
#3999 = PCURVE('',#1734,#4000);
#4000 = DEFINITIONAL_REPRESENTATION('',(#4001),#4005);
#4001 = LINE('',#4002,#4003);
#4002 = CARTESIAN_POINT('',(-8.905975462325,4.862429931823));
#4003 = VECTOR('',#4004,1.);
#4004 = DIRECTION('',(0.86515142057,-0.501510737159));
#4005 = ( GEOMETRIC_REPRESENTATION_CONTEXT(2) 
PARAMETRIC_REPRESENTATION_CONTEXT() REPRESENTATION_CONTEXT('2D SPACE',''
  ) );
#4006 = ORIENTED_EDGE('',*,*,#2586,.F.);
#4007 = ADVANCED_FACE('',(#4008),#1734,.F.);
#4008 = FACE_BOUND('',#4009,.F.);
#4009 = EDGE_LOOP('',(#4010,#4011,#4032,#4033));
#4010 = ORIENTED_EDGE('',*,*,#2562,.F.);
#4011 = ORIENTED_EDGE('',*,*,#4012,.T.);
#4012 = EDGE_CURVE('',#2542,#1692,#4013,.T.);
#4013 = SURFACE_CURVE('',#4014,(#4018,#4025),.PCURVE_S1.);
#4014 = LINE('',#4015,#4016);
#4015 = CARTESIAN_POINT('',(0.,0.,6.5));
#4016 = VECTOR('',#4017,1.);
#4017 = DIRECTION('',(-0.839619864534,0.543174449951,0.));
#4018 = PCURVE('',#1734,#4019);
#4019 = DEFINITIONAL_REPRESENTATION('',(#4020),#4024);
#4020 = LINE('',#4021,#4022);
#4021 = CARTESIAN_POINT('',(9.063219542908,-5.553948078979));
#4022 = VECTOR('',#4023,1.);
#4023 = DIRECTION('',(-0.839619864534,0.543174449951));
#4024 = ( GEOMETRIC_REPRESENTATION_CONTEXT(2) 
PARAMETRIC_REPRESENTATION_CONTEXT() REPRESENTATION_CONTEXT('2D SPACE',''
  ) );
#4025 = PCURVE('',#1706,#4026);
#4026 = DEFINITIONAL_REPRESENTATION('',(#4027),#4031);
#4027 = LINE('',#4028,#4029);
#4028 = CARTESIAN_POINT('',(0.,-2.5));
#4029 = VECTOR('',#4030,1.);
#4030 = DIRECTION('',(1.,0.));
#4031 = ( GEOMETRIC_REPRESENTATION_CONTEXT(2) 
PARAMETRIC_REPRESENTATION_CONTEXT() REPRESENTATION_CONTEXT('2D SPACE',''
  ) );
#4032 = ORIENTED_EDGE('',*,*,#1717,.T.);
#4033 = ORIENTED_EDGE('',*,*,#3986,.T.);
#4034 = ADVANCED_FACE('',(#4035),#1706,.T.);
#4035 = FACE_BOUND('',#4036,.T.);
#4036 = EDGE_LOOP('',(#4037,#4038,#4039,#4040));
#4037 = ORIENTED_EDGE('',*,*,#3938,.F.);
#4038 = ORIENTED_EDGE('',*,*,#2541,.T.);
#4039 = ORIENTED_EDGE('',*,*,#4012,.T.);
#4040 = ORIENTED_EDGE('',*,*,#1691,.F.);
#4041 = ADVANCED_FACE('',(#4042),#2340,.T.);
#4042 = FACE_BOUND('',#4043,.T.);
#4043 = EDGE_LOOP('',(#4044));
#4044 = ORIENTED_EDGE('',*,*,#1993,.F.);
#4045 = ADVANCED_FACE('',(#4046),#2681,.T.);
#4046 = FACE_BOUND('',#4047,.T.);
#4047 = EDGE_LOOP('',(#4048,#4072,#4092,#4093,#4115,#4143,#4163,#4164,
    #4186,#4208,#4228,#4229,#4230,#4231,#4253,#4275));
#4048 = ORIENTED_EDGE('',*,*,#4049,.F.);
#4049 = EDGE_CURVE('',#4050,#4052,#4054,.T.);
#4050 = VERTEX_POINT('',#4051);
#4051 = CARTESIAN_POINT('',(0.,-20.2,9.05));
#4052 = VERTEX_POINT('',#4053);
#4053 = CARTESIAN_POINT('',(-2.563254812019E-15,-17.8,9.05));
#4054 = SURFACE_CURVE('',#4055,(#4059,#4066),.PCURVE_S1.);
#4055 = LINE('',#4056,#4057);
#4056 = CARTESIAN_POINT('',(0.,-20.,9.05));
#4057 = VECTOR('',#4058,1.);
#4058 = DIRECTION('',(-0.,1.,0.));
#4059 = PCURVE('',#2681,#4060);
#4060 = DEFINITIONAL_REPRESENTATION('',(#4061),#4065);
#4061 = LINE('',#4062,#4063);
#4062 = CARTESIAN_POINT('',(14.05,-20.));
#4063 = VECTOR('',#4064,1.);
#4064 = DIRECTION('',(0.,-1.));
#4065 = ( GEOMETRIC_REPRESENTATION_CONTEXT(2) 
PARAMETRIC_REPRESENTATION_CONTEXT() REPRESENTATION_CONTEXT('2D SPACE',''
  ) );
#4066 = PCURVE('',#3026,#4067);
#4067 = DEFINITIONAL_REPRESENTATION('',(#4068),#4071);
#4068 = B_SPLINE_CURVE_WITH_KNOTS('',1,(#4069,#4070),.UNSPECIFIED.,.F.,
  .F.,(2,2),(-0.2,40.2),.PIECEWISE_BEZIER_KNOTS.);
#4069 = CARTESIAN_POINT('',(0.,-20.2));
#4070 = CARTESIAN_POINT('',(0.,20.2));
#4071 = ( GEOMETRIC_REPRESENTATION_CONTEXT(2) 
PARAMETRIC_REPRESENTATION_CONTEXT() REPRESENTATION_CONTEXT('2D SPACE',''
  ) );
#4072 = ORIENTED_EDGE('',*,*,#4073,.T.);
#4073 = EDGE_CURVE('',#4050,#3166,#4074,.T.);
#4074 = SURFACE_CURVE('',#4075,(#4079,#4086),.PCURVE_S1.);
#4075 = LINE('',#4076,#4077);
#4076 = CARTESIAN_POINT('',(0.,-20.2,-2.725));
#4077 = VECTOR('',#4078,1.);
#4078 = DIRECTION('',(-0.,0.,-1.));
#4079 = PCURVE('',#2681,#4080);
#4080 = DEFINITIONAL_REPRESENTATION('',(#4081),#4085);
#4081 = LINE('',#4082,#4083);
#4082 = CARTESIAN_POINT('',(2.275,-19.8));
#4083 = VECTOR('',#4084,1.);
#4084 = DIRECTION('',(-1.,-0.));
#4085 = ( GEOMETRIC_REPRESENTATION_CONTEXT(2) 
PARAMETRIC_REPRESENTATION_CONTEXT() REPRESENTATION_CONTEXT('2D SPACE',''
  ) );
#4086 = PCURVE('',#3054,#4087);
#4087 = DEFINITIONAL_REPRESENTATION('',(#4088),#4091);
#4088 = B_SPLINE_CURVE_WITH_KNOTS('',1,(#4089,#4090),.UNSPECIFIED.,.F.,
  .F.,(2,2),(-11.775,-2.275),.PIECEWISE_BEZIER_KNOTS.);
#4089 = CARTESIAN_POINT('',(9.5,4.));
#4090 = CARTESIAN_POINT('',(0.,4.));
#4091 = ( GEOMETRIC_REPRESENTATION_CONTEXT(2) 
PARAMETRIC_REPRESENTATION_CONTEXT() REPRESENTATION_CONTEXT('2D SPACE',''
  ) );
#4092 = ORIENTED_EDGE('',*,*,#3188,.T.);
#4093 = ORIENTED_EDGE('',*,*,#4094,.T.);
#4094 = EDGE_CURVE('',#3189,#4095,#4097,.T.);
#4095 = VERTEX_POINT('',#4096);
#4096 = CARTESIAN_POINT('',(0.,-19.15,6.15));
#4097 = SURFACE_CURVE('',#4098,(#4102,#4109),.PCURVE_S1.);
#4098 = LINE('',#4099,#4100);
#4099 = CARTESIAN_POINT('',(0.,-19.15,-3.225));
#4100 = VECTOR('',#4101,1.);
#4101 = DIRECTION('',(0.,0.,1.));
#4102 = PCURVE('',#2681,#4103);
#4103 = DEFINITIONAL_REPRESENTATION('',(#4104),#4108);
#4104 = LINE('',#4105,#4106);
#4105 = CARTESIAN_POINT('',(1.775,-20.85));
#4106 = VECTOR('',#4107,1.);
#4107 = DIRECTION('',(1.,0.));
#4108 = ( GEOMETRIC_REPRESENTATION_CONTEXT(2) 
PARAMETRIC_REPRESENTATION_CONTEXT() REPRESENTATION_CONTEXT('2D SPACE',''
  ) );
#4109 = PCURVE('',#3225,#4110);
#4110 = DEFINITIONAL_REPRESENTATION('',(#4111),#4114);
#4111 = B_SPLINE_CURVE_WITH_KNOTS('',1,(#4112,#4113),.UNSPECIFIED.,.F.,
  .F.,(2,2),(2.775,9.375),.PIECEWISE_BEZIER_KNOTS.);
#4112 = CARTESIAN_POINT('',(1.,3.8));
#4113 = CARTESIAN_POINT('',(7.6,3.8));
#4114 = ( GEOMETRIC_REPRESENTATION_CONTEXT(2) 
PARAMETRIC_REPRESENTATION_CONTEXT() REPRESENTATION_CONTEXT('2D SPACE',''
  ) );
#4115 = ORIENTED_EDGE('',*,*,#4116,.F.);
#4116 = EDGE_CURVE('',#4117,#4095,#4119,.T.);
#4117 = VERTEX_POINT('',#4118);
#4118 = CARTESIAN_POINT('',(0.,-17.05,6.15));
#4119 = SURFACE_CURVE('',#4120,(#4124,#4131),.PCURVE_S1.);
#4120 = LINE('',#4121,#4122);
#4121 = CARTESIAN_POINT('',(0.,-29.575,6.15));
#4122 = VECTOR('',#4123,1.);
#4123 = DIRECTION('',(0.,-1.,0.));
#4124 = PCURVE('',#2681,#4125);
#4125 = DEFINITIONAL_REPRESENTATION('',(#4126),#4130);
#4126 = LINE('',#4127,#4128);
#4127 = CARTESIAN_POINT('',(11.15,-10.425));
#4128 = VECTOR('',#4129,1.);
#4129 = DIRECTION('',(0.,1.));
#4130 = ( GEOMETRIC_REPRESENTATION_CONTEXT(2) 
PARAMETRIC_REPRESENTATION_CONTEXT() REPRESENTATION_CONTEXT('2D SPACE',''
  ) );
#4131 = PCURVE('',#4132,#4137);
#4132 = PLANE('',#4133);
#4133 = AXIS2_PLACEMENT_3D('',#4134,#4135,#4136);
#4134 = CARTESIAN_POINT('',(-3.8,-19.15,6.15));
#4135 = DIRECTION('',(0.,0.,1.));
#4136 = DIRECTION('',(1.,0.,-0.));
#4137 = DEFINITIONAL_REPRESENTATION('',(#4138),#4142);
#4138 = LINE('',#4139,#4140);
#4139 = CARTESIAN_POINT('',(3.8,-10.425));
#4140 = VECTOR('',#4141,1.);
#4141 = DIRECTION('',(0.,-1.));
#4142 = ( GEOMETRIC_REPRESENTATION_CONTEXT(2) 
PARAMETRIC_REPRESENTATION_CONTEXT() REPRESENTATION_CONTEXT('2D SPACE',''
  ) );
#4143 = ORIENTED_EDGE('',*,*,#4144,.F.);
#4144 = EDGE_CURVE('',#3373,#4117,#4145,.T.);
#4145 = SURFACE_CURVE('',#4146,(#4150,#4157),.PCURVE_S1.);
#4146 = LINE('',#4147,#4148);
#4147 = CARTESIAN_POINT('',(0.,-17.05,-3.225));
#4148 = VECTOR('',#4149,1.);
#4149 = DIRECTION('',(0.,0.,1.));
#4150 = PCURVE('',#2681,#4151);
#4151 = DEFINITIONAL_REPRESENTATION('',(#4152),#4156);
#4152 = LINE('',#4153,#4154);
#4153 = CARTESIAN_POINT('',(1.775,-22.95));
#4154 = VECTOR('',#4155,1.);
#4155 = DIRECTION('',(1.,0.));
#4156 = ( GEOMETRIC_REPRESENTATION_CONTEXT(2) 
PARAMETRIC_REPRESENTATION_CONTEXT() REPRESENTATION_CONTEXT('2D SPACE',''
  ) );
#4157 = PCURVE('',#3387,#4158);
#4158 = DEFINITIONAL_REPRESENTATION('',(#4159),#4162);
#4159 = B_SPLINE_CURVE_WITH_KNOTS('',1,(#4160,#4161),.UNSPECIFIED.,.F.,
  .F.,(2,2),(2.775,9.375),.PIECEWISE_BEZIER_KNOTS.);
#4160 = CARTESIAN_POINT('',(1.,3.8));
#4161 = CARTESIAN_POINT('',(7.6,3.8));
#4162 = ( GEOMETRIC_REPRESENTATION_CONTEXT(2) 
PARAMETRIC_REPRESENTATION_CONTEXT() REPRESENTATION_CONTEXT('2D SPACE',''
  ) );
#4163 = ORIENTED_EDGE('',*,*,#3398,.T.);
#4164 = ORIENTED_EDGE('',*,*,#4165,.T.);
#4165 = EDGE_CURVE('',#3115,#4166,#4168,.T.);
#4166 = VERTEX_POINT('',#4167);
#4167 = CARTESIAN_POINT('',(-2.907297278552E-16,-15.62,-0.1));
#4168 = SURFACE_CURVE('',#4169,(#4173,#4180),.PCURVE_S1.);
#4169 = LINE('',#4170,#4171);
#4170 = CARTESIAN_POINT('',(0.,-15.62,-0.45));
#4171 = VECTOR('',#4172,1.);
#4172 = DIRECTION('',(0.,0.,1.));
#4173 = PCURVE('',#2681,#4174);
#4174 = DEFINITIONAL_REPRESENTATION('',(#4175),#4179);
#4175 = LINE('',#4176,#4177);
#4176 = CARTESIAN_POINT('',(4.55,-24.38));
#4177 = VECTOR('',#4178,1.);
#4178 = DIRECTION('',(1.,0.));
#4179 = ( GEOMETRIC_REPRESENTATION_CONTEXT(2) 
PARAMETRIC_REPRESENTATION_CONTEXT() REPRESENTATION_CONTEXT('2D SPACE',''
  ) );
#4180 = PCURVE('',#3131,#4181);
#4181 = DEFINITIONAL_REPRESENTATION('',(#4182),#4185);
#4182 = B_SPLINE_CURVE_WITH_KNOTS('',1,(#4183,#4184),.UNSPECIFIED.,.F.,
  .F.,(2,2),(-6.000000000173E-07,0.3500006),.PIECEWISE_BEZIER_KNOTS.);
#4183 = CARTESIAN_POINT('',(4.712388980385,-6.000000000173E-07));
#4184 = CARTESIAN_POINT('',(4.712388980385,0.3500006));
#4185 = ( GEOMETRIC_REPRESENTATION_CONTEXT(2) 
PARAMETRIC_REPRESENTATION_CONTEXT() REPRESENTATION_CONTEXT('2D SPACE',''
  ) );
#4186 = ORIENTED_EDGE('',*,*,#4187,.F.);
#4187 = EDGE_CURVE('',#4188,#4166,#4190,.T.);
#4188 = VERTEX_POINT('',#4189);
#4189 = CARTESIAN_POINT('',(8.532346099914E-16,-16.22,-0.1));
#4190 = SURFACE_CURVE('',#4191,(#4195,#4202),.PCURVE_S1.);
#4191 = LINE('',#4192,#4193);
#4192 = CARTESIAN_POINT('',(0.,-20.,-1.E-01));
#4193 = VECTOR('',#4194,1.);
#4194 = DIRECTION('',(-0.,1.,0.));
#4195 = PCURVE('',#2681,#4196);
#4196 = DEFINITIONAL_REPRESENTATION('',(#4197),#4201);
#4197 = LINE('',#4198,#4199);
#4198 = CARTESIAN_POINT('',(4.9,-20.));
#4199 = VECTOR('',#4200,1.);
#4200 = DIRECTION('',(0.,-1.));
#4201 = ( GEOMETRIC_REPRESENTATION_CONTEXT(2) 
PARAMETRIC_REPRESENTATION_CONTEXT() REPRESENTATION_CONTEXT('2D SPACE',''
  ) );
#4202 = PCURVE('',#3795,#4203);
#4203 = DEFINITIONAL_REPRESENTATION('',(#4204),#4207);
#4204 = B_SPLINE_CURVE_WITH_KNOTS('',1,(#4205,#4206),.UNSPECIFIED.,.F.,
  .F.,(2,2),(3.78,36.22),.PIECEWISE_BEZIER_KNOTS.);
#4205 = CARTESIAN_POINT('',(0.,-16.22));
#4206 = CARTESIAN_POINT('',(0.,16.22));
#4207 = ( GEOMETRIC_REPRESENTATION_CONTEXT(2) 
PARAMETRIC_REPRESENTATION_CONTEXT() REPRESENTATION_CONTEXT('2D SPACE',''
  ) );
#4208 = ORIENTED_EDGE('',*,*,#4209,.T.);
#4209 = EDGE_CURVE('',#4188,#2634,#4210,.T.);
#4210 = SURFACE_CURVE('',#4211,(#4215,#4222),.PCURVE_S1.);
#4211 = LINE('',#4212,#4213);
#4212 = CARTESIAN_POINT('',(0.,-16.22,-0.45));
#4213 = VECTOR('',#4214,1.);
#4214 = DIRECTION('',(0.,0.,1.));
#4215 = PCURVE('',#2681,#4216);
#4216 = DEFINITIONAL_REPRESENTATION('',(#4217),#4221);
#4217 = LINE('',#4218,#4219);
#4218 = CARTESIAN_POINT('',(4.55,-23.78));
#4219 = VECTOR('',#4220,1.);
#4220 = DIRECTION('',(1.,0.));
#4221 = ( GEOMETRIC_REPRESENTATION_CONTEXT(2) 
PARAMETRIC_REPRESENTATION_CONTEXT() REPRESENTATION_CONTEXT('2D SPACE',''
  ) );
#4222 = PCURVE('',#2654,#4223);
#4223 = DEFINITIONAL_REPRESENTATION('',(#4224),#4227);
#4224 = B_SPLINE_CURVE_WITH_KNOTS('',1,(#4225,#4226),.UNSPECIFIED.,.F.,
  .F.,(2,2),(0.3499994,8.3000006),.PIECEWISE_BEZIER_KNOTS.);
#4225 = CARTESIAN_POINT('',(4.712388980385,0.3499994));
#4226 = CARTESIAN_POINT('',(4.712388980385,8.3000006));
#4227 = ( GEOMETRIC_REPRESENTATION_CONTEXT(2) 
PARAMETRIC_REPRESENTATION_CONTEXT() REPRESENTATION_CONTEXT('2D SPACE',''
  ) );
#4228 = ORIENTED_EDGE('',*,*,#2666,.T.);
#4229 = ORIENTED_EDGE('',*,*,#2746,.T.);
#4230 = ORIENTED_EDGE('',*,*,#2795,.F.);
#4231 = ORIENTED_EDGE('',*,*,#4232,.T.);
#4232 = EDGE_CURVE('',#2772,#4233,#4235,.T.);
#4233 = VERTEX_POINT('',#4234);
#4234 = CARTESIAN_POINT('',(-2.975891721928E-15,-16.2,11.45));
#4235 = SURFACE_CURVE('',#4236,(#4240,#4247),.PCURVE_S1.);
#4236 = LINE('',#4237,#4238);
#4237 = CARTESIAN_POINT('',(0.,-16.2,9.05));
#4238 = VECTOR('',#4239,1.);
#4239 = DIRECTION('',(0.,0.,1.));
#4240 = PCURVE('',#2681,#4241);
#4241 = DEFINITIONAL_REPRESENTATION('',(#4242),#4246);
#4242 = LINE('',#4243,#4244);
#4243 = CARTESIAN_POINT('',(14.05,-23.8));
#4244 = VECTOR('',#4245,1.);
#4245 = DIRECTION('',(1.,0.));
#4246 = ( GEOMETRIC_REPRESENTATION_CONTEXT(2) 
PARAMETRIC_REPRESENTATION_CONTEXT() REPRESENTATION_CONTEXT('2D SPACE',''
  ) );
#4247 = PCURVE('',#738,#4248);
#4248 = DEFINITIONAL_REPRESENTATION('',(#4249),#4252);
#4249 = B_SPLINE_CURVE_WITH_KNOTS('',1,(#4250,#4251),.UNSPECIFIED.,.F.,
  .F.,(2,2),(-5.999999999062E-07,2.4000006),.PIECEWISE_BEZIER_KNOTS.);
#4250 = CARTESIAN_POINT('',(4.712388980385,-5.999999999062E-07));
#4251 = CARTESIAN_POINT('',(4.712388980385,2.4000006));
#4252 = ( GEOMETRIC_REPRESENTATION_CONTEXT(2) 
PARAMETRIC_REPRESENTATION_CONTEXT() REPRESENTATION_CONTEXT('2D SPACE',''
  ) );
#4253 = ORIENTED_EDGE('',*,*,#4254,.F.);
#4254 = EDGE_CURVE('',#4255,#4233,#4257,.T.);
#4255 = VERTEX_POINT('',#4256);
#4256 = CARTESIAN_POINT('',(5.807520365855E-15,-17.8,11.45));
#4257 = SURFACE_CURVE('',#4258,(#4262,#4269),.PCURVE_S1.);
#4258 = LINE('',#4259,#4260);
#4259 = CARTESIAN_POINT('',(0.,-20.,11.45));
#4260 = VECTOR('',#4261,1.);
#4261 = DIRECTION('',(-0.,1.,0.));
#4262 = PCURVE('',#2681,#4263);
#4263 = DEFINITIONAL_REPRESENTATION('',(#4264),#4268);
#4264 = LINE('',#4265,#4266);
#4265 = CARTESIAN_POINT('',(16.45,-20.));
#4266 = VECTOR('',#4267,1.);
#4267 = DIRECTION('',(0.,-1.));
#4268 = ( GEOMETRIC_REPRESENTATION_CONTEXT(2) 
PARAMETRIC_REPRESENTATION_CONTEXT() REPRESENTATION_CONTEXT('2D SPACE',''
  ) );
#4269 = PCURVE('',#711,#4270);
#4270 = DEFINITIONAL_REPRESENTATION('',(#4271),#4274);
#4271 = B_SPLINE_CURVE_WITH_KNOTS('',1,(#4272,#4273),.UNSPECIFIED.,.F.,
  .F.,(2,2),(2.2,37.8),.PIECEWISE_BEZIER_KNOTS.);
#4272 = CARTESIAN_POINT('',(0.,-17.8));
#4273 = CARTESIAN_POINT('',(0.,17.8));
#4274 = ( GEOMETRIC_REPRESENTATION_CONTEXT(2) 
PARAMETRIC_REPRESENTATION_CONTEXT() REPRESENTATION_CONTEXT('2D SPACE',''
  ) );
#4275 = ORIENTED_EDGE('',*,*,#4276,.F.);
#4276 = EDGE_CURVE('',#4052,#4255,#4277,.T.);
#4277 = SURFACE_CURVE('',#4278,(#4282,#4289),.PCURVE_S1.);
#4278 = LINE('',#4279,#4280);
#4279 = CARTESIAN_POINT('',(0.,-17.8,9.05));
#4280 = VECTOR('',#4281,1.);
#4281 = DIRECTION('',(0.,0.,1.));
#4282 = PCURVE('',#2681,#4283);
#4283 = DEFINITIONAL_REPRESENTATION('',(#4284),#4288);
#4284 = LINE('',#4285,#4286);
#4285 = CARTESIAN_POINT('',(14.05,-22.2));
#4286 = VECTOR('',#4287,1.);
#4287 = DIRECTION('',(1.,0.));
#4288 = ( GEOMETRIC_REPRESENTATION_CONTEXT(2) 
PARAMETRIC_REPRESENTATION_CONTEXT() REPRESENTATION_CONTEXT('2D SPACE',''
  ) );
#4289 = PCURVE('',#3465,#4290);
#4290 = DEFINITIONAL_REPRESENTATION('',(#4291),#4294);
#4291 = B_SPLINE_CURVE_WITH_KNOTS('',1,(#4292,#4293),.UNSPECIFIED.,.F.,
  .F.,(2,2),(-5.999999999062E-07,2.4000006),.PIECEWISE_BEZIER_KNOTS.);
#4292 = CARTESIAN_POINT('',(4.712388980385,-5.999999999062E-07));
#4293 = CARTESIAN_POINT('',(4.712388980385,2.4000006));
#4294 = ( GEOMETRIC_REPRESENTATION_CONTEXT(2) 
PARAMETRIC_REPRESENTATION_CONTEXT() REPRESENTATION_CONTEXT('2D SPACE',''
  ) );
#4295 = ADVANCED_FACE('',(#4296),#2654,.F.);
#4296 = FACE_BOUND('',#4297,.F.);
#4297 = EDGE_LOOP('',(#4298,#4299,#4321,#4322));
#4298 = ORIENTED_EDGE('',*,*,#3759,.F.);
#4299 = ORIENTED_EDGE('',*,*,#4300,.T.);
#4300 = EDGE_CURVE('',#3760,#4188,#4301,.T.);
#4301 = SURFACE_CURVE('',#4302,(#4307,#4314),.PCURVE_S1.);
#4302 = CIRCLE('',#4303,16.22);
#4303 = AXIS2_PLACEMENT_3D('',#4304,#4305,#4306);
#4304 = CARTESIAN_POINT('',(0.,0.,-0.1));
#4305 = DIRECTION('',(0.,0.,1.));
#4306 = DIRECTION('',(-0.910699149448,-0.4130702836,0.));
#4307 = PCURVE('',#2654,#4308);
#4308 = DEFINITIONAL_REPRESENTATION('',(#4309),#4313);
#4309 = LINE('',#4310,#4311);
#4310 = CARTESIAN_POINT('',(3.567415496241,0.35));
#4311 = VECTOR('',#4312,1.);
#4312 = DIRECTION('',(1.,0.));
#4313 = ( GEOMETRIC_REPRESENTATION_CONTEXT(2) 
PARAMETRIC_REPRESENTATION_CONTEXT() REPRESENTATION_CONTEXT('2D SPACE',''
  ) );
#4314 = PCURVE('',#3795,#4315);
#4315 = DEFINITIONAL_REPRESENTATION('',(#4316),#4320);
#4316 = CIRCLE('',#4317,16.22);
#4317 = AXIS2_PLACEMENT_2D('',#4318,#4319);
#4318 = CARTESIAN_POINT('',(0.,0.));
#4319 = DIRECTION('',(-0.910699149448,-0.4130702836));
#4320 = ( GEOMETRIC_REPRESENTATION_CONTEXT(2) 
PARAMETRIC_REPRESENTATION_CONTEXT() REPRESENTATION_CONTEXT('2D SPACE',''
  ) );
#4321 = ORIENTED_EDGE('',*,*,#4209,.T.);
#4322 = ORIENTED_EDGE('',*,*,#2633,.T.);
#4323 = ADVANCED_FACE('',(#4324),#738,.F.);
#4324 = FACE_BOUND('',#4325,.F.);
#4325 = EDGE_LOOP('',(#4326,#4348,#4349,#4350));
#4326 = ORIENTED_EDGE('',*,*,#4327,.F.);
#4327 = EDGE_CURVE('',#696,#4233,#4328,.T.);
#4328 = SURFACE_CURVE('',#4329,(#4334,#4341),.PCURVE_S1.);
#4329 = CIRCLE('',#4330,16.2);
#4330 = AXIS2_PLACEMENT_3D('',#4331,#4332,#4333);
#4331 = CARTESIAN_POINT('',(0.,0.,11.45));
#4332 = DIRECTION('',(0.,0.,1.));
#4333 = DIRECTION('',(1.,0.,-0.));
#4334 = PCURVE('',#738,#4335);
#4335 = DEFINITIONAL_REPRESENTATION('',(#4336),#4340);
#4336 = LINE('',#4337,#4338);
#4337 = CARTESIAN_POINT('',(0.,2.4));
#4338 = VECTOR('',#4339,1.);
#4339 = DIRECTION('',(1.,0.));
#4340 = ( GEOMETRIC_REPRESENTATION_CONTEXT(2) 
PARAMETRIC_REPRESENTATION_CONTEXT() REPRESENTATION_CONTEXT('2D SPACE',''
  ) );
#4341 = PCURVE('',#711,#4342);
#4342 = DEFINITIONAL_REPRESENTATION('',(#4343),#4347);
#4343 = CIRCLE('',#4344,16.2);
#4344 = AXIS2_PLACEMENT_2D('',#4345,#4346);
#4345 = CARTESIAN_POINT('',(0.,0.));
#4346 = DIRECTION('',(1.,0.));
#4347 = ( GEOMETRIC_REPRESENTATION_CONTEXT(2) 
PARAMETRIC_REPRESENTATION_CONTEXT() REPRESENTATION_CONTEXT('2D SPACE',''
  ) );
#4348 = ORIENTED_EDGE('',*,*,#722,.F.);
#4349 = ORIENTED_EDGE('',*,*,#2771,.T.);
#4350 = ORIENTED_EDGE('',*,*,#4232,.T.);
#4351 = ADVANCED_FACE('',(#4352),#657,.F.);
#4352 = FACE_BOUND('',#4353,.F.);
#4353 = EDGE_LOOP('',(#4354,#4378,#4379,#4403,#4426,#4450,#4473,#4497));
#4354 = ORIENTED_EDGE('',*,*,#4355,.F.);
#4355 = EDGE_CURVE('',#615,#4356,#4358,.T.);
#4356 = VERTEX_POINT('',#4357);
#4357 = CARTESIAN_POINT('',(-1.834406841256,16.749849299046,10.45));
#4358 = SURFACE_CURVE('',#4359,(#4364,#4371),.PCURVE_S1.);
#4359 = CIRCLE('',#4360,16.85);
#4360 = AXIS2_PLACEMENT_3D('',#4361,#4362,#4363);
#4361 = CARTESIAN_POINT('',(0.,0.,10.45));
#4362 = DIRECTION('',(0.,0.,1.));
#4363 = DIRECTION('',(1.,0.,-0.));
#4364 = PCURVE('',#657,#4365);
#4365 = DEFINITIONAL_REPRESENTATION('',(#4366),#4370);
#4366 = CIRCLE('',#4367,16.85);
#4367 = AXIS2_PLACEMENT_2D('',#4368,#4369);
#4368 = CARTESIAN_POINT('',(-1.661802791801,-12.62264539036));
#4369 = DIRECTION('',(1.,0.));
#4370 = ( GEOMETRIC_REPRESENTATION_CONTEXT(2) 
PARAMETRIC_REPRESENTATION_CONTEXT() REPRESENTATION_CONTEXT('2D SPACE',''
  ) );
#4371 = PCURVE('',#630,#4372);
#4372 = DEFINITIONAL_REPRESENTATION('',(#4373),#4377);
#4373 = LINE('',#4374,#4375);
#4374 = CARTESIAN_POINT('',(0.,1.4));
#4375 = VECTOR('',#4376,1.);
#4376 = DIRECTION('',(1.,0.));
#4377 = ( GEOMETRIC_REPRESENTATION_CONTEXT(2) 
PARAMETRIC_REPRESENTATION_CONTEXT() REPRESENTATION_CONTEXT('2D SPACE',''
  ) );
#4378 = ORIENTED_EDGE('',*,*,#641,.T.);
#4379 = ORIENTED_EDGE('',*,*,#4380,.T.);
#4380 = EDGE_CURVE('',#642,#4381,#4383,.T.);
#4381 = VERTEX_POINT('',#4382);
#4382 = CARTESIAN_POINT('',(-6.667997362803,16.503872611289,10.45));
#4383 = SURFACE_CURVE('',#4384,(#4389,#4396),.PCURVE_S1.);
#4384 = CIRCLE('',#4385,17.8);
#4385 = AXIS2_PLACEMENT_3D('',#4386,#4387,#4388);
#4386 = CARTESIAN_POINT('',(0.,0.,10.45));
#4387 = DIRECTION('',(0.,0.,1.));
#4388 = DIRECTION('',(1.,0.,-0.));
#4389 = PCURVE('',#657,#4390);
#4390 = DEFINITIONAL_REPRESENTATION('',(#4391),#4395);
#4391 = CIRCLE('',#4392,17.8);
#4392 = AXIS2_PLACEMENT_2D('',#4393,#4394);
#4393 = CARTESIAN_POINT('',(-1.661802791801,-12.62264539036));
#4394 = DIRECTION('',(1.,0.));
#4395 = ( GEOMETRIC_REPRESENTATION_CONTEXT(2) 
PARAMETRIC_REPRESENTATION_CONTEXT() REPRESENTATION_CONTEXT('2D SPACE',''
  ) );
#4396 = PCURVE('',#684,#4397);
#4397 = DEFINITIONAL_REPRESENTATION('',(#4398),#4402);
#4398 = LINE('',#4399,#4400);
#4399 = CARTESIAN_POINT('',(0.,1.4));
#4400 = VECTOR('',#4401,1.);
#4401 = DIRECTION('',(1.,0.));
#4402 = ( GEOMETRIC_REPRESENTATION_CONTEXT(2) 
PARAMETRIC_REPRESENTATION_CONTEXT() REPRESENTATION_CONTEXT('2D SPACE',''
  ) );
#4403 = ORIENTED_EDGE('',*,*,#4404,.T.);
#4404 = EDGE_CURVE('',#4381,#4405,#4407,.T.);
#4405 = VERTEX_POINT('',#4406);
#4406 = CARTESIAN_POINT('',(-6.312121099058,15.623047949451,10.45));
#4407 = SURFACE_CURVE('',#4408,(#4412,#4419),.PCURVE_S1.);
#4408 = LINE('',#4409,#4410);
#4409 = CARTESIAN_POINT('',(-7.791817143051,19.285424174989,10.45));
#4410 = VECTOR('',#4411,1.);
#4411 = DIRECTION('',(0.374606593416,-0.927183854567,0.));
#4412 = PCURVE('',#657,#4413);
#4413 = DEFINITIONAL_REPRESENTATION('',(#4414),#4418);
#4414 = LINE('',#4415,#4416);
#4415 = CARTESIAN_POINT('',(-9.453619934852,6.662778784625));
#4416 = VECTOR('',#4417,1.);
#4417 = DIRECTION('',(0.374606593416,-0.927183854567));
#4418 = ( GEOMETRIC_REPRESENTATION_CONTEXT(2) 
PARAMETRIC_REPRESENTATION_CONTEXT() REPRESENTATION_CONTEXT('2D SPACE',''
  ) );
#4419 = PCURVE('',#2866,#4420);
#4420 = DEFINITIONAL_REPRESENTATION('',(#4421),#4425);
#4421 = LINE('',#4422,#4423);
#4422 = CARTESIAN_POINT('',(0.,-1.4));
#4423 = VECTOR('',#4424,1.);
#4424 = DIRECTION('',(1.,0.));
#4425 = ( GEOMETRIC_REPRESENTATION_CONTEXT(2) 
PARAMETRIC_REPRESENTATION_CONTEXT() REPRESENTATION_CONTEXT('2D SPACE',''
  ) );
#4426 = ORIENTED_EDGE('',*,*,#4427,.F.);
#4427 = EDGE_CURVE('',#4428,#4405,#4430,.T.);
#4428 = VERTEX_POINT('',#4429);
#4429 = CARTESIAN_POINT('',(-2.272238175112,16.696090370969,10.45));
#4430 = SURFACE_CURVE('',#4431,(#4436,#4443),.PCURVE_S1.);
#4431 = CIRCLE('',#4432,16.85);
#4432 = AXIS2_PLACEMENT_3D('',#4433,#4434,#4435);
#4433 = CARTESIAN_POINT('',(0.,0.,10.45));
#4434 = DIRECTION('',(0.,0.,1.));
#4435 = DIRECTION('',(1.,0.,-0.));
#4436 = PCURVE('',#657,#4437);
#4437 = DEFINITIONAL_REPRESENTATION('',(#4438),#4442);
#4438 = CIRCLE('',#4439,16.85);
#4439 = AXIS2_PLACEMENT_2D('',#4440,#4441);
#4440 = CARTESIAN_POINT('',(-1.661802791801,-12.62264539036));
#4441 = DIRECTION('',(1.,0.));
#4442 = ( GEOMETRIC_REPRESENTATION_CONTEXT(2) 
PARAMETRIC_REPRESENTATION_CONTEXT() REPRESENTATION_CONTEXT('2D SPACE',''
  ) );
#4443 = PCURVE('',#2899,#4444);
#4444 = DEFINITIONAL_REPRESENTATION('',(#4445),#4449);
#4445 = LINE('',#4446,#4447);
#4446 = CARTESIAN_POINT('',(0.,1.4));
#4447 = VECTOR('',#4448,1.);
#4448 = DIRECTION('',(1.,0.));
#4449 = ( GEOMETRIC_REPRESENTATION_CONTEXT(2) 
PARAMETRIC_REPRESENTATION_CONTEXT() REPRESENTATION_CONTEXT('2D SPACE',''
  ) );
#4450 = ORIENTED_EDGE('',*,*,#4451,.F.);
#4451 = EDGE_CURVE('',#4452,#4428,#4454,.T.);
#4452 = VERTEX_POINT('',#4453);
#4453 = CARTESIAN_POINT('',(-2.299208361167,16.894263550446,10.45));
#4454 = SURFACE_CURVE('',#4455,(#4459,#4466),.PCURVE_S1.);
#4455 = LINE('',#4456,#4457);
#4456 = CARTESIAN_POINT('',(-2.568910221714,18.87599534522,10.45));
#4457 = VECTOR('',#4458,1.);
#4458 = DIRECTION('',(0.134850930274,-0.990865897387,0.));
#4459 = PCURVE('',#657,#4460);
#4460 = DEFINITIONAL_REPRESENTATION('',(#4461),#4465);
#4461 = LINE('',#4462,#4463);
#4462 = CARTESIAN_POINT('',(-4.230713013516,6.253349954856));
#4463 = VECTOR('',#4464,1.);
#4464 = DIRECTION('',(0.134850930274,-0.990865897387));
#4465 = ( GEOMETRIC_REPRESENTATION_CONTEXT(2) 
PARAMETRIC_REPRESENTATION_CONTEXT() REPRESENTATION_CONTEXT('2D SPACE',''
  ) );
#4466 = PCURVE('',#2927,#4467);
#4467 = DEFINITIONAL_REPRESENTATION('',(#4468),#4472);
#4468 = LINE('',#4469,#4470);
#4469 = CARTESIAN_POINT('',(0.,-1.4));
#4470 = VECTOR('',#4471,1.);
#4471 = DIRECTION('',(1.,0.));
#4472 = ( GEOMETRIC_REPRESENTATION_CONTEXT(2) 
PARAMETRIC_REPRESENTATION_CONTEXT() REPRESENTATION_CONTEXT('2D SPACE',''
  ) );
#4473 = ORIENTED_EDGE('',*,*,#4474,.F.);
#4474 = EDGE_CURVE('',#4475,#4452,#4477,.T.);
#4475 = VERTEX_POINT('',#4476);
#4476 = CARTESIAN_POINT('',(-1.856180216226,16.948660566691,10.45));
#4477 = SURFACE_CURVE('',#4478,(#4483,#4490),.PCURVE_S1.);
#4478 = CIRCLE('',#4479,17.05);
#4479 = AXIS2_PLACEMENT_3D('',#4480,#4481,#4482);
#4480 = CARTESIAN_POINT('',(0.,0.,10.45));
#4481 = DIRECTION('',(0.,0.,1.));
#4482 = DIRECTION('',(1.,0.,-0.));
#4483 = PCURVE('',#657,#4484);
#4484 = DEFINITIONAL_REPRESENTATION('',(#4485),#4489);
#4485 = CIRCLE('',#4486,17.05);
#4486 = AXIS2_PLACEMENT_2D('',#4487,#4488);
#4487 = CARTESIAN_POINT('',(-1.661802791801,-12.62264539036));
#4488 = DIRECTION('',(1.,0.));
#4489 = ( GEOMETRIC_REPRESENTATION_CONTEXT(2) 
PARAMETRIC_REPRESENTATION_CONTEXT() REPRESENTATION_CONTEXT('2D SPACE',''
  ) );
#4490 = PCURVE('',#2956,#4491);
#4491 = DEFINITIONAL_REPRESENTATION('',(#4492),#4496);
#4492 = LINE('',#4493,#4494);
#4493 = CARTESIAN_POINT('',(0.,1.4));
#4494 = VECTOR('',#4495,1.);
#4495 = DIRECTION('',(1.,0.));
#4496 = ( GEOMETRIC_REPRESENTATION_CONTEXT(2) 
PARAMETRIC_REPRESENTATION_CONTEXT() REPRESENTATION_CONTEXT('2D SPACE',''
  ) );
#4497 = ORIENTED_EDGE('',*,*,#4498,.F.);
#4498 = EDGE_CURVE('',#4356,#4475,#4499,.T.);
#4499 = SURFACE_CURVE('',#4500,(#4504,#4511),.PCURVE_S1.);
#4500 = LINE('',#4501,#4502);
#4501 = CARTESIAN_POINT('',(0.,0.,10.45));
#4502 = VECTOR('',#4503,1.);
#4503 = DIRECTION('',(-0.108866874852,0.994056338222,0.));
#4504 = PCURVE('',#657,#4505);
#4505 = DEFINITIONAL_REPRESENTATION('',(#4506),#4510);
#4506 = LINE('',#4507,#4508);
#4507 = CARTESIAN_POINT('',(-1.661802791801,-12.62264539036));
#4508 = VECTOR('',#4509,1.);
#4509 = DIRECTION('',(-0.108866874852,0.994056338222));
#4510 = ( GEOMETRIC_REPRESENTATION_CONTEXT(2) 
PARAMETRIC_REPRESENTATION_CONTEXT() REPRESENTATION_CONTEXT('2D SPACE',''
  ) );
#4511 = PCURVE('',#2982,#4512);
#4512 = DEFINITIONAL_REPRESENTATION('',(#4513),#4517);
#4513 = LINE('',#4514,#4515);
#4514 = CARTESIAN_POINT('',(0.,-1.4));
#4515 = VECTOR('',#4516,1.);
#4516 = DIRECTION('',(1.,0.));
#4517 = ( GEOMETRIC_REPRESENTATION_CONTEXT(2) 
PARAMETRIC_REPRESENTATION_CONTEXT() REPRESENTATION_CONTEXT('2D SPACE',''
  ) );
#4518 = ADVANCED_FACE('',(#4519),#630,.T.);
#4519 = FACE_BOUND('',#4520,.T.);
#4520 = EDGE_LOOP('',(#4521,#4522,#4523,#4524));
#4521 = ORIENTED_EDGE('',*,*,#4355,.F.);
#4522 = ORIENTED_EDGE('',*,*,#614,.F.);
#4523 = ORIENTED_EDGE('',*,*,#2818,.F.);
#4524 = ORIENTED_EDGE('',*,*,#4525,.T.);
#4525 = EDGE_CURVE('',#2819,#4356,#4526,.T.);
#4526 = SURFACE_CURVE('',#4527,(#4531,#4537),.PCURVE_S1.);
#4527 = LINE('',#4528,#4529);
#4528 = CARTESIAN_POINT('',(-1.834406841256,16.749849299046,9.05));
#4529 = VECTOR('',#4530,1.);
#4530 = DIRECTION('',(0.,0.,1.));
#4531 = PCURVE('',#630,#4532);
#4532 = DEFINITIONAL_REPRESENTATION('',(#4533),#4536);
#4533 = B_SPLINE_CURVE_WITH_KNOTS('',1,(#4534,#4535),.UNSPECIFIED.,.F.,
  .F.,(2,2),(-2.399999999625E-06,1.54),.PIECEWISE_BEZIER_KNOTS.);
#4534 = CARTESIAN_POINT('',(1.679879405045,-2.399999999625E-06));
#4535 = CARTESIAN_POINT('',(1.679879405045,1.54));
#4536 = ( GEOMETRIC_REPRESENTATION_CONTEXT(2) 
PARAMETRIC_REPRESENTATION_CONTEXT() REPRESENTATION_CONTEXT('2D SPACE',''
  ) );
#4537 = PCURVE('',#2982,#4538);
#4538 = DEFINITIONAL_REPRESENTATION('',(#4539),#4542);
#4539 = B_SPLINE_CURVE_WITH_KNOTS('',1,(#4540,#4541),.UNSPECIFIED.,.F.,
  .F.,(2,2),(-2.399999999625E-06,1.54),.PIECEWISE_BEZIER_KNOTS.);
#4540 = CARTESIAN_POINT('',(16.85,2.399999999625E-06));
#4541 = CARTESIAN_POINT('',(16.85,-1.54));
#4542 = ( GEOMETRIC_REPRESENTATION_CONTEXT(2) 
PARAMETRIC_REPRESENTATION_CONTEXT() REPRESENTATION_CONTEXT('2D SPACE',''
  ) );
#4543 = ADVANCED_FACE('',(#4544),#711,.T.);
#4544 = FACE_BOUND('',#4545,.T.);
#4545 = EDGE_LOOP('',(#4546,#4547,#4575,#4597,#4621,#4647,#4673,#4674));
#4546 = ORIENTED_EDGE('',*,*,#695,.T.);
#4547 = ORIENTED_EDGE('',*,*,#4548,.F.);
#4548 = EDGE_CURVE('',#4549,#669,#4551,.T.);
#4549 = VERTEX_POINT('',#4550);
#4550 = CARTESIAN_POINT('',(-17.66732149921,2.169274312612,11.45));
#4551 = SURFACE_CURVE('',#4552,(#4557,#4568),.PCURVE_S1.);
#4552 = CIRCLE('',#4553,17.8);
#4553 = AXIS2_PLACEMENT_3D('',#4554,#4555,#4556);
#4554 = CARTESIAN_POINT('',(0.,0.,11.45));
#4555 = DIRECTION('',(0.,0.,-1.));
#4556 = DIRECTION('',(0.601815023152,0.798635510047,0.));
#4557 = PCURVE('',#711,#4558);
#4558 = DEFINITIONAL_REPRESENTATION('',(#4559),#4567);
#4559 = ( BOUNDED_CURVE() B_SPLINE_CURVE(2,(#4560,#4561,#4562,#4563,
#4564,#4565,#4566),.UNSPECIFIED.,.T.,.F.) B_SPLINE_CURVE_WITH_KNOTS((1,2
    ,2,2,2,1),(-2.094395102393,0.,2.094395102393,4.188790204786,
6.28318530718,8.377580409573),.UNSPECIFIED.) CURVE() 
GEOMETRIC_REPRESENTATION_ITEM() RATIONAL_B_SPLINE_CURVE((1.,0.5,1.,0.5,
1.,0.5,1.)) REPRESENTATION_ITEM('') );
#4560 = CARTESIAN_POINT('',(10.712307412106,14.215712078842));
#4561 = CARTESIAN_POINT('',(35.334642998431,-4.338548625223));
#4562 = CARTESIAN_POINT('',(6.955014087109,-16.38498639145));
#4563 = CARTESIAN_POINT('',(-21.42461482421,-28.43142415768));
#4564 = CARTESIAN_POINT('',(-17.66732149921,2.169274312612));
#4565 = CARTESIAN_POINT('',(-13.91002817421,32.769972782907));
#4566 = CARTESIAN_POINT('',(10.712307412106,14.215712078842));
#4567 = ( GEOMETRIC_REPRESENTATION_CONTEXT(2) 
PARAMETRIC_REPRESENTATION_CONTEXT() REPRESENTATION_CONTEXT('2D SPACE',''
  ) );
#4568 = PCURVE('',#684,#4569);
#4569 = DEFINITIONAL_REPRESENTATION('',(#4570),#4574);
#4570 = LINE('',#4571,#4572);
#4571 = CARTESIAN_POINT('',(7.208209810737,2.4));
#4572 = VECTOR('',#4573,1.);
#4573 = DIRECTION('',(-1.,-0.));
#4574 = ( GEOMETRIC_REPRESENTATION_CONTEXT(2) 
PARAMETRIC_REPRESENTATION_CONTEXT() REPRESENTATION_CONTEXT('2D SPACE',''
  ) );
#4575 = ORIENTED_EDGE('',*,*,#4576,.T.);
#4576 = EDGE_CURVE('',#4549,#4577,#4579,.T.);
#4577 = VERTEX_POINT('',#4578);
#4578 = CARTESIAN_POINT('',(-16.72440265515,2.053498436377,11.45));
#4579 = SURFACE_CURVE('',#4580,(#4584,#4590),.PCURVE_S1.);
#4580 = LINE('',#4581,#4582);
#4581 = CARTESIAN_POINT('',(0.,0.,11.45));
#4582 = VECTOR('',#4583,1.);
#4583 = DIRECTION('',(0.992546151641,-0.121869343405,0.));
#4584 = PCURVE('',#711,#4585);
#4585 = DEFINITIONAL_REPRESENTATION('',(#4586),#4589);
#4586 = B_SPLINE_CURVE_WITH_KNOTS('',1,(#4587,#4588),.UNSPECIFIED.,.F.,
  .F.,(2,2),(-17.93367489316,-16.85),.PIECEWISE_BEZIER_KNOTS.);
#4587 = CARTESIAN_POINT('',(-17.8,2.185565184072));
#4588 = CARTESIAN_POINT('',(-16.72440265515,2.053498436377));
#4589 = ( GEOMETRIC_REPRESENTATION_CONTEXT(2) 
PARAMETRIC_REPRESENTATION_CONTEXT() REPRESENTATION_CONTEXT('2D SPACE',''
  ) );
#4590 = PCURVE('',#3670,#4591);
#4591 = DEFINITIONAL_REPRESENTATION('',(#4592),#4596);
#4592 = LINE('',#4593,#4594);
#4593 = CARTESIAN_POINT('',(0.,-2.4));
#4594 = VECTOR('',#4595,1.);
#4595 = DIRECTION('',(-1.,-0.));
#4596 = ( GEOMETRIC_REPRESENTATION_CONTEXT(2) 
PARAMETRIC_REPRESENTATION_CONTEXT() REPRESENTATION_CONTEXT('2D SPACE',''
  ) );
#4597 = ORIENTED_EDGE('',*,*,#4598,.T.);
#4598 = EDGE_CURVE('',#4577,#4599,#4601,.T.);
#4599 = VERTEX_POINT('',#4600);
#4600 = CARTESIAN_POINT('',(-16.72440265515,-2.053498436377,11.45));
#4601 = SURFACE_CURVE('',#4602,(#4607,#4614),.PCURVE_S1.);
#4602 = CIRCLE('',#4603,16.85);
#4603 = AXIS2_PLACEMENT_3D('',#4604,#4605,#4606);
#4604 = CARTESIAN_POINT('',(0.,0.,11.45));
#4605 = DIRECTION('',(0.,0.,1.));
#4606 = DIRECTION('',(1.,0.,-0.));
#4607 = PCURVE('',#711,#4608);
#4608 = DEFINITIONAL_REPRESENTATION('',(#4609),#4613);
#4609 = CIRCLE('',#4610,16.85);
#4610 = AXIS2_PLACEMENT_2D('',#4611,#4612);
#4611 = CARTESIAN_POINT('',(0.,0.));
#4612 = DIRECTION('',(1.,0.));
#4613 = ( GEOMETRIC_REPRESENTATION_CONTEXT(2) 
PARAMETRIC_REPRESENTATION_CONTEXT() REPRESENTATION_CONTEXT('2D SPACE',''
  ) );
#4614 = PCURVE('',#3644,#4615);
#4615 = DEFINITIONAL_REPRESENTATION('',(#4616),#4620);
#4616 = LINE('',#4617,#4618);
#4617 = CARTESIAN_POINT('',(0.,2.4));
#4618 = VECTOR('',#4619,1.);
#4619 = DIRECTION('',(1.,0.));
#4620 = ( GEOMETRIC_REPRESENTATION_CONTEXT(2) 
PARAMETRIC_REPRESENTATION_CONTEXT() REPRESENTATION_CONTEXT('2D SPACE',''
  ) );
#4621 = ORIENTED_EDGE('',*,*,#4622,.T.);
#4622 = EDGE_CURVE('',#4599,#4623,#4625,.T.);
#4623 = VERTEX_POINT('',#4624);
#4624 = CARTESIAN_POINT('',(-17.66732149921,-2.169274312612,11.45));
#4625 = SURFACE_CURVE('',#4626,(#4630,#4636),.PCURVE_S1.);
#4626 = LINE('',#4627,#4628);
#4627 = CARTESIAN_POINT('',(-10.32247997707,-1.267441171414,11.45));
#4628 = VECTOR('',#4629,1.);
#4629 = DIRECTION('',(-0.992546151641,-0.121869343405,0.));
#4630 = PCURVE('',#711,#4631);
#4631 = DEFINITIONAL_REPRESENTATION('',(#4632),#4635);
#4632 = B_SPLINE_CURVE_WITH_KNOTS('',1,(#4633,#4634),.UNSPECIFIED.,.F.,
  .F.,(2,2),(6.45,7.533674893167),.PIECEWISE_BEZIER_KNOTS.);
#4633 = CARTESIAN_POINT('',(-16.72440265515,-2.053498436377));
#4634 = CARTESIAN_POINT('',(-17.8,-2.185565184072));
#4635 = ( GEOMETRIC_REPRESENTATION_CONTEXT(2) 
PARAMETRIC_REPRESENTATION_CONTEXT() REPRESENTATION_CONTEXT('2D SPACE',''
  ) );
#4636 = PCURVE('',#4637,#4642);
#4637 = PLANE('',#4638);
#4638 = AXIS2_PLACEMENT_3D('',#4639,#4640,#4641);
#4639 = CARTESIAN_POINT('',(-20.64495995414,-2.534882342827,9.05));
#4640 = DIRECTION('',(-0.121869343405,0.992546151641,0.));
#4641 = DIRECTION('',(0.992546151641,0.121869343405,0.));
#4642 = DEFINITIONAL_REPRESENTATION('',(#4643),#4646);
#4643 = B_SPLINE_CURVE_WITH_KNOTS('',1,(#4644,#4645),.UNSPECIFIED.,.F.,
  .F.,(2,2),(6.45,7.533674893167),.PIECEWISE_BEZIER_KNOTS.);
#4644 = CARTESIAN_POINT('',(3.95,-2.4));
#4645 = CARTESIAN_POINT('',(2.866325106833,-2.4));
#4646 = ( GEOMETRIC_REPRESENTATION_CONTEXT(2) 
PARAMETRIC_REPRESENTATION_CONTEXT() REPRESENTATION_CONTEXT('2D SPACE',''
  ) );
#4647 = ORIENTED_EDGE('',*,*,#4648,.F.);
#4648 = EDGE_CURVE('',#4255,#4623,#4649,.T.);
#4649 = SURFACE_CURVE('',#4650,(#4655,#4666),.PCURVE_S1.);
#4650 = CIRCLE('',#4651,17.8);
#4651 = AXIS2_PLACEMENT_3D('',#4652,#4653,#4654);
#4652 = CARTESIAN_POINT('',(0.,0.,11.45));
#4653 = DIRECTION('',(0.,0.,-1.));
#4654 = DIRECTION('',(0.601815023152,0.798635510047,0.));
#4655 = PCURVE('',#711,#4656);
#4656 = DEFINITIONAL_REPRESENTATION('',(#4657),#4665);
#4657 = ( BOUNDED_CURVE() B_SPLINE_CURVE(2,(#4658,#4659,#4660,#4661,
#4662,#4663,#4664),.UNSPECIFIED.,.T.,.F.) B_SPLINE_CURVE_WITH_KNOTS((1,2
    ,2,2,2,1),(-2.094395102393,0.,2.094395102393,4.188790204786,
6.28318530718,8.377580409573),.UNSPECIFIED.) CURVE() 
GEOMETRIC_REPRESENTATION_ITEM() RATIONAL_B_SPLINE_CURVE((1.,0.5,1.,0.5,
1.,0.5,1.)) REPRESENTATION_ITEM('') );
#4658 = CARTESIAN_POINT('',(10.712307412106,14.215712078842));
#4659 = CARTESIAN_POINT('',(35.334642998431,-4.338548625223));
#4660 = CARTESIAN_POINT('',(6.955014087109,-16.38498639145));
#4661 = CARTESIAN_POINT('',(-21.42461482421,-28.43142415768));
#4662 = CARTESIAN_POINT('',(-17.66732149921,2.169274312612));
#4663 = CARTESIAN_POINT('',(-13.91002817421,32.769972782907));
#4664 = CARTESIAN_POINT('',(10.712307412106,14.215712078842));
#4665 = ( GEOMETRIC_REPRESENTATION_CONTEXT(2) 
PARAMETRIC_REPRESENTATION_CONTEXT() REPRESENTATION_CONTEXT('2D SPACE',''
  ) );
#4666 = PCURVE('',#3465,#4667);
#4667 = DEFINITIONAL_REPRESENTATION('',(#4668),#4672);
#4668 = LINE('',#4669,#4670);
#4669 = CARTESIAN_POINT('',(7.208209810737,2.4));
#4670 = VECTOR('',#4671,1.);
#4671 = DIRECTION('',(-1.,-0.));
#4672 = ( GEOMETRIC_REPRESENTATION_CONTEXT(2) 
PARAMETRIC_REPRESENTATION_CONTEXT() REPRESENTATION_CONTEXT('2D SPACE',''
  ) );
#4673 = ORIENTED_EDGE('',*,*,#4254,.T.);
#4674 = ORIENTED_EDGE('',*,*,#4327,.F.);
#4675 = ADVANCED_FACE('',(#4676),#684,.T.);
#4676 = FACE_BOUND('',#4677,.T.);
#4677 = EDGE_LOOP('',(#4678,#4697,#4698,#4719,#4720,#4721));
#4678 = ORIENTED_EDGE('',*,*,#4679,.F.);
#4679 = EDGE_CURVE('',#3686,#4381,#4680,.T.);
#4680 = SURFACE_CURVE('',#4681,(#4685,#4691),.PCURVE_S1.);
#4681 = LINE('',#4682,#4683);
#4682 = CARTESIAN_POINT('',(-6.667997362803,16.503872611289,9.05));
#4683 = VECTOR('',#4684,1.);
#4684 = DIRECTION('',(0.,0.,1.));
#4685 = PCURVE('',#684,#4686);
#4686 = DEFINITIONAL_REPRESENTATION('',(#4687),#4690);
#4687 = B_SPLINE_CURVE_WITH_KNOTS('',1,(#4688,#4689),.UNSPECIFIED.,.F.,
  .F.,(2,2),(-5.999999999062E-07,1.54),.PIECEWISE_BEZIER_KNOTS.);
#4688 = CARTESIAN_POINT('',(1.954768762234,-5.999999999062E-07));
#4689 = CARTESIAN_POINT('',(1.954768762234,1.54));
#4690 = ( GEOMETRIC_REPRESENTATION_CONTEXT(2) 
PARAMETRIC_REPRESENTATION_CONTEXT() REPRESENTATION_CONTEXT('2D SPACE',''
  ) );
#4691 = PCURVE('',#2866,#4692);
#4692 = DEFINITIONAL_REPRESENTATION('',(#4693),#4696);
#4693 = B_SPLINE_CURVE_WITH_KNOTS('',1,(#4694,#4695),.UNSPECIFIED.,.F.,
  .F.,(2,2),(-5.999999999062E-07,1.54),.PIECEWISE_BEZIER_KNOTS.);
#4694 = CARTESIAN_POINT('',(3.,5.999999999062E-07));
#4695 = CARTESIAN_POINT('',(3.,-1.54));
#4696 = ( GEOMETRIC_REPRESENTATION_CONTEXT(2) 
PARAMETRIC_REPRESENTATION_CONTEXT() REPRESENTATION_CONTEXT('2D SPACE',''
  ) );
#4697 = ORIENTED_EDGE('',*,*,#3708,.T.);
#4698 = ORIENTED_EDGE('',*,*,#4699,.T.);
#4699 = EDGE_CURVE('',#3709,#4549,#4700,.T.);
#4700 = SURFACE_CURVE('',#4701,(#4705,#4712),.PCURVE_S1.);
#4701 = LINE('',#4702,#4703);
#4702 = CARTESIAN_POINT('',(-17.66732149921,2.169274312612,9.05));
#4703 = VECTOR('',#4704,1.);
#4704 = DIRECTION('',(-1.628327102784E-14,-1.273055734904E-13,1.));
#4705 = PCURVE('',#684,#4706);
#4706 = DEFINITIONAL_REPRESENTATION('',(#4707),#4711);
#4707 = LINE('',#4708,#4709);
#4708 = CARTESIAN_POINT('',(3.01941960595,0.));
#4709 = VECTOR('',#4710,1.);
#4710 = DIRECTION('',(0.,1.));
#4711 = ( GEOMETRIC_REPRESENTATION_CONTEXT(2) 
PARAMETRIC_REPRESENTATION_CONTEXT() REPRESENTATION_CONTEXT('2D SPACE',''
  ) );
#4712 = PCURVE('',#3670,#4713);
#4713 = DEFINITIONAL_REPRESENTATION('',(#4714),#4718);
#4714 = LINE('',#4715,#4716);
#4715 = CARTESIAN_POINT('',(17.8,0.));
#4716 = VECTOR('',#4717,1.);
#4717 = DIRECTION('',(6.47251341726E-16,-1.));
#4718 = ( GEOMETRIC_REPRESENTATION_CONTEXT(2) 
PARAMETRIC_REPRESENTATION_CONTEXT() REPRESENTATION_CONTEXT('2D SPACE',''
  ) );
#4719 = ORIENTED_EDGE('',*,*,#4548,.T.);
#4720 = ORIENTED_EDGE('',*,*,#668,.F.);
#4721 = ORIENTED_EDGE('',*,*,#4380,.T.);
#4722 = ADVANCED_FACE('',(#4723),#2982,.F.);
#4723 = FACE_BOUND('',#4724,.F.);
#4724 = EDGE_LOOP('',(#4725,#4726,#4727,#4728));
#4725 = ORIENTED_EDGE('',*,*,#2968,.F.);
#4726 = ORIENTED_EDGE('',*,*,#4525,.T.);
#4727 = ORIENTED_EDGE('',*,*,#4498,.T.);
#4728 = ORIENTED_EDGE('',*,*,#4729,.F.);
#4729 = EDGE_CURVE('',#2940,#4475,#4730,.T.);
#4730 = SURFACE_CURVE('',#4731,(#4735,#4741),.PCURVE_S1.);
#4731 = LINE('',#4732,#4733);
#4732 = CARTESIAN_POINT('',(-1.856180216226,16.948660566691,9.05));
#4733 = VECTOR('',#4734,1.);
#4734 = DIRECTION('',(0.,0.,1.));
#4735 = PCURVE('',#2982,#4736);
#4736 = DEFINITIONAL_REPRESENTATION('',(#4737),#4740);
#4737 = B_SPLINE_CURVE_WITH_KNOTS('',1,(#4738,#4739),.UNSPECIFIED.,.F.,
  .F.,(2,2),(-5.999999999062E-07,1.4000006),.PIECEWISE_BEZIER_KNOTS.);
#4738 = CARTESIAN_POINT('',(17.05,5.999999999062E-07));
#4739 = CARTESIAN_POINT('',(17.05,-1.4000006));
#4740 = ( GEOMETRIC_REPRESENTATION_CONTEXT(2) 
PARAMETRIC_REPRESENTATION_CONTEXT() REPRESENTATION_CONTEXT('2D SPACE',''
  ) );
#4741 = PCURVE('',#2956,#4742);
#4742 = DEFINITIONAL_REPRESENTATION('',(#4743),#4746);
#4743 = B_SPLINE_CURVE_WITH_KNOTS('',1,(#4744,#4745),.UNSPECIFIED.,.F.,
  .F.,(2,2),(-5.999999999062E-07,1.4000006),.PIECEWISE_BEZIER_KNOTS.);
#4744 = CARTESIAN_POINT('',(1.679879405045,-5.999999999062E-07));
#4745 = CARTESIAN_POINT('',(1.679879405045,1.4000006));
#4746 = ( GEOMETRIC_REPRESENTATION_CONTEXT(2) 
PARAMETRIC_REPRESENTATION_CONTEXT() REPRESENTATION_CONTEXT('2D SPACE',''
  ) );
#4747 = ADVANCED_FACE('',(#4748),#2956,.T.);
#4748 = FACE_BOUND('',#4749,.T.);
#4749 = EDGE_LOOP('',(#4750,#4751,#4752,#4753));
#4750 = ORIENTED_EDGE('',*,*,#4474,.F.);
#4751 = ORIENTED_EDGE('',*,*,#4729,.F.);
#4752 = ORIENTED_EDGE('',*,*,#2939,.T.);
#4753 = ORIENTED_EDGE('',*,*,#4754,.T.);
#4754 = EDGE_CURVE('',#2912,#4452,#4755,.T.);
#4755 = SURFACE_CURVE('',#4756,(#4760,#4766),.PCURVE_S1.);
#4756 = LINE('',#4757,#4758);
#4757 = CARTESIAN_POINT('',(-2.299208361167,16.894263550446,9.05));
#4758 = VECTOR('',#4759,1.);
#4759 = DIRECTION('',(0.,0.,1.));
#4760 = PCURVE('',#2956,#4761);
#4761 = DEFINITIONAL_REPRESENTATION('',(#4762),#4765);
#4762 = B_SPLINE_CURVE_WITH_KNOTS('',1,(#4763,#4764),.UNSPECIFIED.,.F.,
  .F.,(2,2),(-5.999999999062E-07,1.4000006),.PIECEWISE_BEZIER_KNOTS.);
#4763 = CARTESIAN_POINT('',(1.706059343824,-5.999999999062E-07));
#4764 = CARTESIAN_POINT('',(1.706059343824,1.4000006));
#4765 = ( GEOMETRIC_REPRESENTATION_CONTEXT(2) 
PARAMETRIC_REPRESENTATION_CONTEXT() REPRESENTATION_CONTEXT('2D SPACE',''
  ) );
#4766 = PCURVE('',#2927,#4767);
#4767 = DEFINITIONAL_REPRESENTATION('',(#4768),#4771);
#4768 = B_SPLINE_CURVE_WITH_KNOTS('',1,(#4769,#4770),.UNSPECIFIED.,.F.,
  .F.,(2,2),(-5.999999999062E-07,1.4000006),.PIECEWISE_BEZIER_KNOTS.);
#4769 = CARTESIAN_POINT('',(2.,5.999999999062E-07));
#4770 = CARTESIAN_POINT('',(2.,-1.4000006));
#4771 = ( GEOMETRIC_REPRESENTATION_CONTEXT(2) 
PARAMETRIC_REPRESENTATION_CONTEXT() REPRESENTATION_CONTEXT('2D SPACE',''
  ) );
#4772 = ADVANCED_FACE('',(#4773),#2927,.F.);
#4773 = FACE_BOUND('',#4774,.F.);
#4774 = EDGE_LOOP('',(#4775,#4776,#4777,#4778));
#4775 = ORIENTED_EDGE('',*,*,#2911,.F.);
#4776 = ORIENTED_EDGE('',*,*,#4754,.T.);
#4777 = ORIENTED_EDGE('',*,*,#4451,.T.);
#4778 = ORIENTED_EDGE('',*,*,#4779,.F.);
#4779 = EDGE_CURVE('',#2879,#4428,#4780,.T.);
#4780 = SURFACE_CURVE('',#4781,(#4785,#4791),.PCURVE_S1.);
#4781 = LINE('',#4782,#4783);
#4782 = CARTESIAN_POINT('',(-2.272238175112,16.696090370969,9.05));
#4783 = VECTOR('',#4784,1.);
#4784 = DIRECTION('',(0.,0.,1.));
#4785 = PCURVE('',#2927,#4786);
#4786 = DEFINITIONAL_REPRESENTATION('',(#4787),#4790);
#4787 = B_SPLINE_CURVE_WITH_KNOTS('',1,(#4788,#4789),.UNSPECIFIED.,.F.,
  .F.,(2,2),(-2.399999999625E-06,1.54),.PIECEWISE_BEZIER_KNOTS.);
#4788 = CARTESIAN_POINT('',(2.2,2.399999999625E-06));
#4789 = CARTESIAN_POINT('',(2.2,-1.54));
#4790 = ( GEOMETRIC_REPRESENTATION_CONTEXT(2) 
PARAMETRIC_REPRESENTATION_CONTEXT() REPRESENTATION_CONTEXT('2D SPACE',''
  ) );
#4791 = PCURVE('',#2899,#4792);
#4792 = DEFINITIONAL_REPRESENTATION('',(#4793),#4796);
#4793 = B_SPLINE_CURVE_WITH_KNOTS('',1,(#4794,#4795),.UNSPECIFIED.,.F.,
  .F.,(2,2),(-2.399999999625E-06,1.54),.PIECEWISE_BEZIER_KNOTS.);
#4794 = CARTESIAN_POINT('',(1.706059343824,-2.399999999625E-06));
#4795 = CARTESIAN_POINT('',(1.706059343824,1.54));
#4796 = ( GEOMETRIC_REPRESENTATION_CONTEXT(2) 
PARAMETRIC_REPRESENTATION_CONTEXT() REPRESENTATION_CONTEXT('2D SPACE',''
  ) );
#4797 = ADVANCED_FACE('',(#4798),#2899,.T.);
#4798 = FACE_BOUND('',#4799,.T.);
#4799 = EDGE_LOOP('',(#4800,#4801,#4802,#4803));
#4800 = ORIENTED_EDGE('',*,*,#4427,.F.);
#4801 = ORIENTED_EDGE('',*,*,#4779,.F.);
#4802 = ORIENTED_EDGE('',*,*,#2878,.F.);
#4803 = ORIENTED_EDGE('',*,*,#4804,.T.);
#4804 = EDGE_CURVE('',#2851,#4405,#4805,.T.);
#4805 = SURFACE_CURVE('',#4806,(#4810,#4816),.PCURVE_S1.);
#4806 = LINE('',#4807,#4808);
#4807 = CARTESIAN_POINT('',(-6.312121099058,15.62304794945,9.05));
#4808 = VECTOR('',#4809,1.);
#4809 = DIRECTION('',(0.,0.,1.));
#4810 = PCURVE('',#2899,#4811);
#4811 = DEFINITIONAL_REPRESENTATION('',(#4812),#4815);
#4812 = B_SPLINE_CURVE_WITH_KNOTS('',1,(#4813,#4814),.UNSPECIFIED.,.F.,
  .F.,(2,2),(-5.999999999062E-07,1.4000006),.PIECEWISE_BEZIER_KNOTS.);
#4813 = CARTESIAN_POINT('',(1.954768762234,-5.999999999062E-07));
#4814 = CARTESIAN_POINT('',(1.954768762234,1.4000006));
#4815 = ( GEOMETRIC_REPRESENTATION_CONTEXT(2) 
PARAMETRIC_REPRESENTATION_CONTEXT() REPRESENTATION_CONTEXT('2D SPACE',''
  ) );
#4816 = PCURVE('',#2866,#4817);
#4817 = DEFINITIONAL_REPRESENTATION('',(#4818),#4821);
#4818 = B_SPLINE_CURVE_WITH_KNOTS('',1,(#4819,#4820),.UNSPECIFIED.,.F.,
  .F.,(2,2),(-5.999999999062E-07,1.4000006),.PIECEWISE_BEZIER_KNOTS.);
#4819 = CARTESIAN_POINT('',(3.95,5.999999999062E-07));
#4820 = CARTESIAN_POINT('',(3.95,-1.4000006));
#4821 = ( GEOMETRIC_REPRESENTATION_CONTEXT(2) 
PARAMETRIC_REPRESENTATION_CONTEXT() REPRESENTATION_CONTEXT('2D SPACE',''
  ) );
#4822 = ADVANCED_FACE('',(#4823),#2866,.T.);
#4823 = FACE_BOUND('',#4824,.T.);
#4824 = EDGE_LOOP('',(#4825,#4826,#4827,#4828,#4829));
#4825 = ORIENTED_EDGE('',*,*,#3685,.F.);
#4826 = ORIENTED_EDGE('',*,*,#4679,.T.);
#4827 = ORIENTED_EDGE('',*,*,#4404,.T.);
#4828 = ORIENTED_EDGE('',*,*,#4804,.F.);
#4829 = ORIENTED_EDGE('',*,*,#2850,.F.);
#4830 = ADVANCED_FACE('',(#4831),#3026,.T.);
#4831 = FACE_BOUND('',#4832,.T.);
#4832 = EDGE_LOOP('',(#4833,#4834,#4856,#4857));
#4833 = ORIENTED_EDGE('',*,*,#4049,.T.);
#4834 = ORIENTED_EDGE('',*,*,#4835,.F.);
#4835 = EDGE_CURVE('',#3011,#4052,#4836,.T.);
#4836 = SURFACE_CURVE('',#4837,(#4842,#4849),.PCURVE_S1.);
#4837 = CIRCLE('',#4838,17.8);
#4838 = AXIS2_PLACEMENT_3D('',#4839,#4840,#4841);
#4839 = CARTESIAN_POINT('',(0.,0.,9.05));
#4840 = DIRECTION('',(0.,-0.,1.));
#4841 = DIRECTION('',(0.390731128489,0.920504853452,0.));
#4842 = PCURVE('',#3026,#4843);
#4843 = DEFINITIONAL_REPRESENTATION('',(#4844),#4848);
#4844 = CIRCLE('',#4845,17.8);
#4845 = AXIS2_PLACEMENT_2D('',#4846,#4847);
#4846 = CARTESIAN_POINT('',(0.,0.));
#4847 = DIRECTION('',(0.390731128489,0.920504853452));
#4848 = ( GEOMETRIC_REPRESENTATION_CONTEXT(2) 
PARAMETRIC_REPRESENTATION_CONTEXT() REPRESENTATION_CONTEXT('2D SPACE',''
  ) );
#4849 = PCURVE('',#3465,#4850);
#4850 = DEFINITIONAL_REPRESENTATION('',(#4851),#4855);
#4851 = LINE('',#4852,#4853);
#4852 = CARTESIAN_POINT('',(1.169370598836,0.));
#4853 = VECTOR('',#4854,1.);
#4854 = DIRECTION('',(1.,0.));
#4855 = ( GEOMETRIC_REPRESENTATION_CONTEXT(2) 
PARAMETRIC_REPRESENTATION_CONTEXT() REPRESENTATION_CONTEXT('2D SPACE',''
  ) );
#4856 = ORIENTED_EDGE('',*,*,#3008,.F.);
#4857 = ORIENTED_EDGE('',*,*,#4858,.T.);
#4858 = EDGE_CURVE('',#3009,#4050,#4859,.T.);
#4859 = SURFACE_CURVE('',#4860,(#4864,#4871),.PCURVE_S1.);
#4860 = LINE('',#4861,#4862);
#4861 = CARTESIAN_POINT('',(-4.,-20.2,9.05));
#4862 = VECTOR('',#4863,1.);
#4863 = DIRECTION('',(1.,0.,-0.));
#4864 = PCURVE('',#3026,#4865);
#4865 = DEFINITIONAL_REPRESENTATION('',(#4866),#4870);
#4866 = LINE('',#4867,#4868);
#4867 = CARTESIAN_POINT('',(-4.,-20.2));
#4868 = VECTOR('',#4869,1.);
#4869 = DIRECTION('',(1.,0.));
#4870 = ( GEOMETRIC_REPRESENTATION_CONTEXT(2) 
PARAMETRIC_REPRESENTATION_CONTEXT() REPRESENTATION_CONTEXT('2D SPACE',''
  ) );
#4871 = PCURVE('',#3054,#4872);
#4872 = DEFINITIONAL_REPRESENTATION('',(#4873),#4877);
#4873 = LINE('',#4874,#4875);
#4874 = CARTESIAN_POINT('',(9.5,0.));
#4875 = VECTOR('',#4876,1.);
#4876 = DIRECTION('',(0.,1.));
#4877 = ( GEOMETRIC_REPRESENTATION_CONTEXT(2) 
PARAMETRIC_REPRESENTATION_CONTEXT() REPRESENTATION_CONTEXT('2D SPACE',''
  ) );
#4878 = ADVANCED_FACE('',(#4879),#3054,.F.);
#4879 = FACE_BOUND('',#4880,.F.);
#4880 = EDGE_LOOP('',(#4881,#4882,#4883,#4884));
#4881 = ORIENTED_EDGE('',*,*,#3165,.F.);
#4882 = ORIENTED_EDGE('',*,*,#3038,.T.);
#4883 = ORIENTED_EDGE('',*,*,#4858,.T.);
#4884 = ORIENTED_EDGE('',*,*,#4073,.T.);
#4885 = ADVANCED_FACE('',(#4886),#3131,.F.);
#4886 = FACE_BOUND('',#4887,.F.);
#4887 = EDGE_LOOP('',(#4888,#4889,#4890,#4891));
#4888 = ORIENTED_EDGE('',*,*,#3806,.F.);
#4889 = ORIENTED_EDGE('',*,*,#3112,.T.);
#4890 = ORIENTED_EDGE('',*,*,#4165,.T.);
#4891 = ORIENTED_EDGE('',*,*,#4892,.F.);
#4892 = EDGE_CURVE('',#3781,#4166,#4893,.T.);
#4893 = SURFACE_CURVE('',#4894,(#4899,#4906),.PCURVE_S1.);
#4894 = CIRCLE('',#4895,15.62);
#4895 = AXIS2_PLACEMENT_3D('',#4896,#4897,#4898);
#4896 = CARTESIAN_POINT('',(0.,0.,-0.1));
#4897 = DIRECTION('',(0.,0.,1.));
#4898 = DIRECTION('',(-0.903334283114,-0.428937259923,0.));
#4899 = PCURVE('',#3131,#4900);
#4900 = DEFINITIONAL_REPRESENTATION('',(#4901),#4905);
#4901 = LINE('',#4902,#4903);
#4902 = CARTESIAN_POINT('',(3.584908637674,0.35));
#4903 = VECTOR('',#4904,1.);
#4904 = DIRECTION('',(1.,0.));
#4905 = ( GEOMETRIC_REPRESENTATION_CONTEXT(2) 
PARAMETRIC_REPRESENTATION_CONTEXT() REPRESENTATION_CONTEXT('2D SPACE',''
  ) );
#4906 = PCURVE('',#3795,#4907);
#4907 = DEFINITIONAL_REPRESENTATION('',(#4908),#4912);
#4908 = CIRCLE('',#4909,15.62);
#4909 = AXIS2_PLACEMENT_2D('',#4910,#4911);
#4910 = CARTESIAN_POINT('',(0.,0.));
#4911 = DIRECTION('',(-0.903334283114,-0.428937259923));
#4912 = ( GEOMETRIC_REPRESENTATION_CONTEXT(2) 
PARAMETRIC_REPRESENTATION_CONTEXT() REPRESENTATION_CONTEXT('2D SPACE',''
  ) );
#4913 = ADVANCED_FACE('',(#4914),#3387,.F.);
#4914 = FACE_BOUND('',#4915,.F.);
#4915 = EDGE_LOOP('',(#4916,#4917,#4940,#4961));
#4916 = ORIENTED_EDGE('',*,*,#3372,.T.);
#4917 = ORIENTED_EDGE('',*,*,#4918,.T.);
#4918 = EDGE_CURVE('',#3347,#4919,#4921,.T.);
#4919 = VERTEX_POINT('',#4920);
#4920 = CARTESIAN_POINT('',(-3.8,-17.05,6.15));
#4921 = SURFACE_CURVE('',#4922,(#4926,#4933),.PCURVE_S1.);
#4922 = LINE('',#4923,#4924);
#4923 = CARTESIAN_POINT('',(-3.8,-17.05,-1.45));
#4924 = VECTOR('',#4925,1.);
#4925 = DIRECTION('',(0.,0.,1.));
#4926 = PCURVE('',#3387,#4927);
#4927 = DEFINITIONAL_REPRESENTATION('',(#4928),#4932);
#4928 = LINE('',#4929,#4930);
#4929 = CARTESIAN_POINT('',(0.,0.));
#4930 = VECTOR('',#4931,1.);
#4931 = DIRECTION('',(1.,0.));
#4932 = ( GEOMETRIC_REPRESENTATION_CONTEXT(2) 
PARAMETRIC_REPRESENTATION_CONTEXT() REPRESENTATION_CONTEXT('2D SPACE',''
  ) );
#4933 = PCURVE('',#3361,#4934);
#4934 = DEFINITIONAL_REPRESENTATION('',(#4935),#4939);
#4935 = LINE('',#4936,#4937);
#4936 = CARTESIAN_POINT('',(0.,-2.1));
#4937 = VECTOR('',#4938,1.);
#4938 = DIRECTION('',(1.,0.));
#4939 = ( GEOMETRIC_REPRESENTATION_CONTEXT(2) 
PARAMETRIC_REPRESENTATION_CONTEXT() REPRESENTATION_CONTEXT('2D SPACE',''
  ) );
#4940 = ORIENTED_EDGE('',*,*,#4941,.T.);
#4941 = EDGE_CURVE('',#4919,#4117,#4942,.T.);
#4942 = SURFACE_CURVE('',#4943,(#4947,#4954),.PCURVE_S1.);
#4943 = LINE('',#4944,#4945);
#4944 = CARTESIAN_POINT('',(-3.8,-17.05,6.15));
#4945 = VECTOR('',#4946,1.);
#4946 = DIRECTION('',(1.,0.,-0.));
#4947 = PCURVE('',#3387,#4948);
#4948 = DEFINITIONAL_REPRESENTATION('',(#4949),#4953);
#4949 = LINE('',#4950,#4951);
#4950 = CARTESIAN_POINT('',(7.6,0.));
#4951 = VECTOR('',#4952,1.);
#4952 = DIRECTION('',(0.,1.));
#4953 = ( GEOMETRIC_REPRESENTATION_CONTEXT(2) 
PARAMETRIC_REPRESENTATION_CONTEXT() REPRESENTATION_CONTEXT('2D SPACE',''
  ) );
#4954 = PCURVE('',#4132,#4955);
#4955 = DEFINITIONAL_REPRESENTATION('',(#4956),#4960);
#4956 = LINE('',#4957,#4958);
#4957 = CARTESIAN_POINT('',(0.,2.1));
#4958 = VECTOR('',#4959,1.);
#4959 = DIRECTION('',(1.,0.));
#4960 = ( GEOMETRIC_REPRESENTATION_CONTEXT(2) 
PARAMETRIC_REPRESENTATION_CONTEXT() REPRESENTATION_CONTEXT('2D SPACE',''
  ) );
#4961 = ORIENTED_EDGE('',*,*,#4144,.F.);
#4962 = ADVANCED_FACE('',(#4963),#3361,.T.);
#4963 = FACE_BOUND('',#4964,.T.);
#4964 = EDGE_LOOP('',(#4965,#4988,#4989,#4990));
#4965 = ORIENTED_EDGE('',*,*,#4966,.F.);
#4966 = EDGE_CURVE('',#3321,#4967,#4969,.T.);
#4967 = VERTEX_POINT('',#4968);
#4968 = CARTESIAN_POINT('',(-3.8,-19.15,6.15));
#4969 = SURFACE_CURVE('',#4970,(#4974,#4981),.PCURVE_S1.);
#4970 = LINE('',#4971,#4972);
#4971 = CARTESIAN_POINT('',(-3.8,-19.15,-1.45));
#4972 = VECTOR('',#4973,1.);
#4973 = DIRECTION('',(0.,0.,1.));
#4974 = PCURVE('',#3361,#4975);
#4975 = DEFINITIONAL_REPRESENTATION('',(#4976),#4980);
#4976 = LINE('',#4977,#4978);
#4977 = CARTESIAN_POINT('',(0.,0.));
#4978 = VECTOR('',#4979,1.);
#4979 = DIRECTION('',(1.,0.));
#4980 = ( GEOMETRIC_REPRESENTATION_CONTEXT(2) 
PARAMETRIC_REPRESENTATION_CONTEXT() REPRESENTATION_CONTEXT('2D SPACE',''
  ) );
#4981 = PCURVE('',#3335,#4982);
#4982 = DEFINITIONAL_REPRESENTATION('',(#4983),#4987);
#4983 = LINE('',#4984,#4985);
#4984 = CARTESIAN_POINT('',(0.,0.));
#4985 = VECTOR('',#4986,1.);
#4986 = DIRECTION('',(1.,0.));
#4987 = ( GEOMETRIC_REPRESENTATION_CONTEXT(2) 
PARAMETRIC_REPRESENTATION_CONTEXT() REPRESENTATION_CONTEXT('2D SPACE',''
  ) );
#4988 = ORIENTED_EDGE('',*,*,#3346,.T.);
#4989 = ORIENTED_EDGE('',*,*,#4918,.T.);
#4990 = ORIENTED_EDGE('',*,*,#4991,.F.);
#4991 = EDGE_CURVE('',#4967,#4919,#4992,.T.);
#4992 = SURFACE_CURVE('',#4993,(#4997,#5004),.PCURVE_S1.);
#4993 = LINE('',#4994,#4995);
#4994 = CARTESIAN_POINT('',(-3.8,-19.15,6.15));
#4995 = VECTOR('',#4996,1.);
#4996 = DIRECTION('',(-0.,1.,0.));
#4997 = PCURVE('',#3361,#4998);
#4998 = DEFINITIONAL_REPRESENTATION('',(#4999),#5003);
#4999 = LINE('',#5000,#5001);
#5000 = CARTESIAN_POINT('',(7.6,0.));
#5001 = VECTOR('',#5002,1.);
#5002 = DIRECTION('',(0.,-1.));
#5003 = ( GEOMETRIC_REPRESENTATION_CONTEXT(2) 
PARAMETRIC_REPRESENTATION_CONTEXT() REPRESENTATION_CONTEXT('2D SPACE',''
  ) );
#5004 = PCURVE('',#4132,#5005);
#5005 = DEFINITIONAL_REPRESENTATION('',(#5006),#5010);
#5006 = LINE('',#5007,#5008);
#5007 = CARTESIAN_POINT('',(0.,0.));
#5008 = VECTOR('',#5009,1.);
#5009 = DIRECTION('',(0.,1.));
#5010 = ( GEOMETRIC_REPRESENTATION_CONTEXT(2) 
PARAMETRIC_REPRESENTATION_CONTEXT() REPRESENTATION_CONTEXT('2D SPACE',''
  ) );
#5011 = ADVANCED_FACE('',(#5012),#3335,.T.);
#5012 = FACE_BOUND('',#5013,.T.);
#5013 = EDGE_LOOP('',(#5014,#5036,#5037,#5038));
#5014 = ORIENTED_EDGE('',*,*,#5015,.F.);
#5015 = EDGE_CURVE('',#3292,#5016,#5018,.T.);
#5016 = VERTEX_POINT('',#5017);
#5017 = CARTESIAN_POINT('',(-3.1,-19.15,6.15));
#5018 = SURFACE_CURVE('',#5019,(#5023,#5030),.PCURVE_S1.);
#5019 = LINE('',#5020,#5021);
#5020 = CARTESIAN_POINT('',(-3.1,-19.15,-1.45));
#5021 = VECTOR('',#5022,1.);
#5022 = DIRECTION('',(0.,0.,1.));
#5023 = PCURVE('',#3335,#5024);
#5024 = DEFINITIONAL_REPRESENTATION('',(#5025),#5029);
#5025 = LINE('',#5026,#5027);
#5026 = CARTESIAN_POINT('',(0.,0.7));
#5027 = VECTOR('',#5028,1.);
#5028 = DIRECTION('',(1.,0.));
#5029 = ( GEOMETRIC_REPRESENTATION_CONTEXT(2) 
PARAMETRIC_REPRESENTATION_CONTEXT() REPRESENTATION_CONTEXT('2D SPACE',''
  ) );
#5030 = PCURVE('',#3308,#5031);
#5031 = DEFINITIONAL_REPRESENTATION('',(#5032),#5035);
#5032 = B_SPLINE_CURVE_WITH_KNOTS('',1,(#5033,#5034),.UNSPECIFIED.,.F.,
  .F.,(2,2),(-5.999999999062E-07,7.6000006),.PIECEWISE_BEZIER_KNOTS.);
#5033 = CARTESIAN_POINT('',(3.14159265359,-5.999999999062E-07));
#5034 = CARTESIAN_POINT('',(3.14159265359,7.6000006));
#5035 = ( GEOMETRIC_REPRESENTATION_CONTEXT(2) 
PARAMETRIC_REPRESENTATION_CONTEXT() REPRESENTATION_CONTEXT('2D SPACE',''
  ) );
#5036 = ORIENTED_EDGE('',*,*,#3320,.T.);
#5037 = ORIENTED_EDGE('',*,*,#4966,.T.);
#5038 = ORIENTED_EDGE('',*,*,#5039,.T.);
#5039 = EDGE_CURVE('',#4967,#5016,#5040,.T.);
#5040 = SURFACE_CURVE('',#5041,(#5045,#5052),.PCURVE_S1.);
#5041 = LINE('',#5042,#5043);
#5042 = CARTESIAN_POINT('',(-3.8,-19.15,6.15));
#5043 = VECTOR('',#5044,1.);
#5044 = DIRECTION('',(1.,0.,-0.));
#5045 = PCURVE('',#3335,#5046);
#5046 = DEFINITIONAL_REPRESENTATION('',(#5047),#5051);
#5047 = LINE('',#5048,#5049);
#5048 = CARTESIAN_POINT('',(7.6,0.));
#5049 = VECTOR('',#5050,1.);
#5050 = DIRECTION('',(0.,1.));
#5051 = ( GEOMETRIC_REPRESENTATION_CONTEXT(2) 
PARAMETRIC_REPRESENTATION_CONTEXT() REPRESENTATION_CONTEXT('2D SPACE',''
  ) );
#5052 = PCURVE('',#4132,#5053);
#5053 = DEFINITIONAL_REPRESENTATION('',(#5054),#5058);
#5054 = LINE('',#5055,#5056);
#5055 = CARTESIAN_POINT('',(0.,0.));
#5056 = VECTOR('',#5057,1.);
#5057 = DIRECTION('',(1.,0.));
#5058 = ( GEOMETRIC_REPRESENTATION_CONTEXT(2) 
PARAMETRIC_REPRESENTATION_CONTEXT() REPRESENTATION_CONTEXT('2D SPACE',''
  ) );
#5059 = ADVANCED_FACE('',(#5060),#3308,.F.);
#5060 = FACE_BOUND('',#5061,.F.);
#5061 = EDGE_LOOP('',(#5062,#5086,#5087,#5088));
#5062 = ORIENTED_EDGE('',*,*,#5063,.F.);
#5063 = EDGE_CURVE('',#5016,#5064,#5066,.T.);
#5064 = VERTEX_POINT('',#5065);
#5065 = CARTESIAN_POINT('',(-3.019615242271,-19.45,6.15));
#5066 = SURFACE_CURVE('',#5067,(#5072,#5079),.PCURVE_S1.);
#5067 = CIRCLE('',#5068,0.6);
#5068 = AXIS2_PLACEMENT_3D('',#5069,#5070,#5071);
#5069 = CARTESIAN_POINT('',(-2.5,-19.15,6.15));
#5070 = DIRECTION('',(0.,0.,1.));
#5071 = DIRECTION('',(1.,0.,-0.));
#5072 = PCURVE('',#3308,#5073);
#5073 = DEFINITIONAL_REPRESENTATION('',(#5074),#5078);
#5074 = LINE('',#5075,#5076);
#5075 = CARTESIAN_POINT('',(0.,7.6));
#5076 = VECTOR('',#5077,1.);
#5077 = DIRECTION('',(1.,0.));
#5078 = ( GEOMETRIC_REPRESENTATION_CONTEXT(2) 
PARAMETRIC_REPRESENTATION_CONTEXT() REPRESENTATION_CONTEXT('2D SPACE',''
  ) );
#5079 = PCURVE('',#4132,#5080);
#5080 = DEFINITIONAL_REPRESENTATION('',(#5081),#5085);
#5081 = CIRCLE('',#5082,0.6);
#5082 = AXIS2_PLACEMENT_2D('',#5083,#5084);
#5083 = CARTESIAN_POINT('',(1.3,0.));
#5084 = DIRECTION('',(1.,0.));
#5085 = ( GEOMETRIC_REPRESENTATION_CONTEXT(2) 
PARAMETRIC_REPRESENTATION_CONTEXT() REPRESENTATION_CONTEXT('2D SPACE',''
  ) );
#5086 = ORIENTED_EDGE('',*,*,#5015,.F.);
#5087 = ORIENTED_EDGE('',*,*,#3291,.T.);
#5088 = ORIENTED_EDGE('',*,*,#5089,.T.);
#5089 = EDGE_CURVE('',#3266,#5064,#5090,.T.);
#5090 = SURFACE_CURVE('',#5091,(#5095,#5101),.PCURVE_S1.);
#5091 = LINE('',#5092,#5093);
#5092 = CARTESIAN_POINT('',(-3.019615242271,-19.45,-1.45));
#5093 = VECTOR('',#5094,1.);
#5094 = DIRECTION('',(0.,0.,1.));
#5095 = PCURVE('',#3308,#5096);
#5096 = DEFINITIONAL_REPRESENTATION('',(#5097),#5100);
#5097 = B_SPLINE_CURVE_WITH_KNOTS('',1,(#5098,#5099),.UNSPECIFIED.,.F.,
  .F.,(2,2),(-5.999999999062E-07,7.6000006),.PIECEWISE_BEZIER_KNOTS.);
#5098 = CARTESIAN_POINT('',(3.665191429188,-5.999999999062E-07));
#5099 = CARTESIAN_POINT('',(3.665191429188,7.6000006));
#5100 = ( GEOMETRIC_REPRESENTATION_CONTEXT(2) 
PARAMETRIC_REPRESENTATION_CONTEXT() REPRESENTATION_CONTEXT('2D SPACE',''
  ) );
#5101 = PCURVE('',#3280,#5102);
#5102 = DEFINITIONAL_REPRESENTATION('',(#5103),#5106);
#5103 = B_SPLINE_CURVE_WITH_KNOTS('',1,(#5104,#5105),.UNSPECIFIED.,.F.,
  .F.,(2,2),(-5.999999999062E-07,7.6000006),.PIECEWISE_BEZIER_KNOTS.);
#5104 = CARTESIAN_POINT('',(-5.999999999062E-07,0.480384757729));
#5105 = CARTESIAN_POINT('',(7.6000006,0.480384757729));
#5106 = ( GEOMETRIC_REPRESENTATION_CONTEXT(2) 
PARAMETRIC_REPRESENTATION_CONTEXT() REPRESENTATION_CONTEXT('2D SPACE',''
  ) );
#5107 = ADVANCED_FACE('',(#5108),#3280,.T.);
#5108 = FACE_BOUND('',#5109,.T.);
#5109 = EDGE_LOOP('',(#5110,#5111,#5112,#5135));
#5110 = ORIENTED_EDGE('',*,*,#3265,.T.);
#5111 = ORIENTED_EDGE('',*,*,#5089,.T.);
#5112 = ORIENTED_EDGE('',*,*,#5113,.T.);
#5113 = EDGE_CURVE('',#5064,#5114,#5116,.T.);
#5114 = VERTEX_POINT('',#5115);
#5115 = CARTESIAN_POINT('',(-1.980384757729,-19.45,6.15));
#5116 = SURFACE_CURVE('',#5117,(#5121,#5128),.PCURVE_S1.);
#5117 = LINE('',#5118,#5119);
#5118 = CARTESIAN_POINT('',(-3.5,-19.45,6.15));
#5119 = VECTOR('',#5120,1.);
#5120 = DIRECTION('',(1.,0.,-0.));
#5121 = PCURVE('',#3280,#5122);
#5122 = DEFINITIONAL_REPRESENTATION('',(#5123),#5127);
#5123 = LINE('',#5124,#5125);
#5124 = CARTESIAN_POINT('',(7.6,0.));
#5125 = VECTOR('',#5126,1.);
#5126 = DIRECTION('',(0.,1.));
#5127 = ( GEOMETRIC_REPRESENTATION_CONTEXT(2) 
PARAMETRIC_REPRESENTATION_CONTEXT() REPRESENTATION_CONTEXT('2D SPACE',''
  ) );
#5128 = PCURVE('',#4132,#5129);
#5129 = DEFINITIONAL_REPRESENTATION('',(#5130),#5134);
#5130 = LINE('',#5131,#5132);
#5131 = CARTESIAN_POINT('',(0.3,-0.3));
#5132 = VECTOR('',#5133,1.);
#5133 = DIRECTION('',(1.,0.));
#5134 = ( GEOMETRIC_REPRESENTATION_CONTEXT(2) 
PARAMETRIC_REPRESENTATION_CONTEXT() REPRESENTATION_CONTEXT('2D SPACE',''
  ) );
#5135 = ORIENTED_EDGE('',*,*,#5136,.F.);
#5136 = EDGE_CURVE('',#3237,#5114,#5137,.T.);
#5137 = SURFACE_CURVE('',#5138,(#5142,#5148),.PCURVE_S1.);
#5138 = LINE('',#5139,#5140);
#5139 = CARTESIAN_POINT('',(-1.980384757729,-19.45,-1.45));
#5140 = VECTOR('',#5141,1.);
#5141 = DIRECTION('',(0.,0.,1.));
#5142 = PCURVE('',#3280,#5143);
#5143 = DEFINITIONAL_REPRESENTATION('',(#5144),#5147);
#5144 = B_SPLINE_CURVE_WITH_KNOTS('',1,(#5145,#5146),.UNSPECIFIED.,.F.,
  .F.,(2,2),(-5.999999999062E-07,7.6000006),.PIECEWISE_BEZIER_KNOTS.);
#5145 = CARTESIAN_POINT('',(-5.999999999062E-07,1.519615242271));
#5146 = CARTESIAN_POINT('',(7.6000006,1.519615242271));
#5147 = ( GEOMETRIC_REPRESENTATION_CONTEXT(2) 
PARAMETRIC_REPRESENTATION_CONTEXT() REPRESENTATION_CONTEXT('2D SPACE',''
  ) );
#5148 = PCURVE('',#3253,#5149);
#5149 = DEFINITIONAL_REPRESENTATION('',(#5150),#5153);
#5150 = B_SPLINE_CURVE_WITH_KNOTS('',1,(#5151,#5152),.UNSPECIFIED.,.F.,
  .F.,(2,2),(-5.999999999062E-07,7.6000006),.PIECEWISE_BEZIER_KNOTS.);
#5151 = CARTESIAN_POINT('',(5.759586531581,-5.999999999062E-07));
#5152 = CARTESIAN_POINT('',(5.759586531581,7.6000006));
#5153 = ( GEOMETRIC_REPRESENTATION_CONTEXT(2) 
PARAMETRIC_REPRESENTATION_CONTEXT() REPRESENTATION_CONTEXT('2D SPACE',''
  ) );
#5154 = ADVANCED_FACE('',(#5155),#3253,.F.);
#5155 = FACE_BOUND('',#5156,.F.);
#5156 = EDGE_LOOP('',(#5157,#5158,#5181,#5203));
#5157 = ORIENTED_EDGE('',*,*,#3236,.T.);
#5158 = ORIENTED_EDGE('',*,*,#5159,.T.);
#5159 = EDGE_CURVE('',#3211,#5160,#5162,.T.);
#5160 = VERTEX_POINT('',#5161);
#5161 = CARTESIAN_POINT('',(-1.9,-19.15,6.15));
#5162 = SURFACE_CURVE('',#5163,(#5167,#5174),.PCURVE_S1.);
#5163 = LINE('',#5164,#5165);
#5164 = CARTESIAN_POINT('',(-1.9,-19.15,-1.45));
#5165 = VECTOR('',#5166,1.);
#5166 = DIRECTION('',(0.,0.,1.));
#5167 = PCURVE('',#3253,#5168);
#5168 = DEFINITIONAL_REPRESENTATION('',(#5169),#5173);
#5169 = LINE('',#5170,#5171);
#5170 = CARTESIAN_POINT('',(6.28318530718,-0.));
#5171 = VECTOR('',#5172,1.);
#5172 = DIRECTION('',(0.,1.));
#5173 = ( GEOMETRIC_REPRESENTATION_CONTEXT(2) 
PARAMETRIC_REPRESENTATION_CONTEXT() REPRESENTATION_CONTEXT('2D SPACE',''
  ) );
#5174 = PCURVE('',#3225,#5175);
#5175 = DEFINITIONAL_REPRESENTATION('',(#5176),#5180);
#5176 = LINE('',#5177,#5178);
#5177 = CARTESIAN_POINT('',(0.,1.9));
#5178 = VECTOR('',#5179,1.);
#5179 = DIRECTION('',(1.,0.));
#5180 = ( GEOMETRIC_REPRESENTATION_CONTEXT(2) 
PARAMETRIC_REPRESENTATION_CONTEXT() REPRESENTATION_CONTEXT('2D SPACE',''
  ) );
#5181 = ORIENTED_EDGE('',*,*,#5182,.F.);
#5182 = EDGE_CURVE('',#5114,#5160,#5183,.T.);
#5183 = SURFACE_CURVE('',#5184,(#5189,#5196),.PCURVE_S1.);
#5184 = CIRCLE('',#5185,0.6);
#5185 = AXIS2_PLACEMENT_3D('',#5186,#5187,#5188);
#5186 = CARTESIAN_POINT('',(-2.5,-19.15,6.15));
#5187 = DIRECTION('',(0.,0.,1.));
#5188 = DIRECTION('',(1.,0.,-0.));
#5189 = PCURVE('',#3253,#5190);
#5190 = DEFINITIONAL_REPRESENTATION('',(#5191),#5195);
#5191 = LINE('',#5192,#5193);
#5192 = CARTESIAN_POINT('',(0.,7.6));
#5193 = VECTOR('',#5194,1.);
#5194 = DIRECTION('',(1.,0.));
#5195 = ( GEOMETRIC_REPRESENTATION_CONTEXT(2) 
PARAMETRIC_REPRESENTATION_CONTEXT() REPRESENTATION_CONTEXT('2D SPACE',''
  ) );
#5196 = PCURVE('',#4132,#5197);
#5197 = DEFINITIONAL_REPRESENTATION('',(#5198),#5202);
#5198 = CIRCLE('',#5199,0.6);
#5199 = AXIS2_PLACEMENT_2D('',#5200,#5201);
#5200 = CARTESIAN_POINT('',(1.3,0.));
#5201 = DIRECTION('',(1.,0.));
#5202 = ( GEOMETRIC_REPRESENTATION_CONTEXT(2) 
PARAMETRIC_REPRESENTATION_CONTEXT() REPRESENTATION_CONTEXT('2D SPACE',''
  ) );
#5203 = ORIENTED_EDGE('',*,*,#5136,.F.);
#5204 = ADVANCED_FACE('',(#5205),#3225,.T.);
#5205 = FACE_BOUND('',#5206,.T.);
#5206 = EDGE_LOOP('',(#5207,#5208,#5209,#5210));
#5207 = ORIENTED_EDGE('',*,*,#4094,.F.);
#5208 = ORIENTED_EDGE('',*,*,#3210,.T.);
#5209 = ORIENTED_EDGE('',*,*,#5159,.T.);
#5210 = ORIENTED_EDGE('',*,*,#5211,.T.);
#5211 = EDGE_CURVE('',#5160,#4095,#5212,.T.);
#5212 = SURFACE_CURVE('',#5213,(#5217,#5224),.PCURVE_S1.);
#5213 = LINE('',#5214,#5215);
#5214 = CARTESIAN_POINT('',(-3.8,-19.15,6.15));
#5215 = VECTOR('',#5216,1.);
#5216 = DIRECTION('',(1.,0.,-0.));
#5217 = PCURVE('',#3225,#5218);
#5218 = DEFINITIONAL_REPRESENTATION('',(#5219),#5223);
#5219 = LINE('',#5220,#5221);
#5220 = CARTESIAN_POINT('',(7.6,0.));
#5221 = VECTOR('',#5222,1.);
#5222 = DIRECTION('',(0.,1.));
#5223 = ( GEOMETRIC_REPRESENTATION_CONTEXT(2) 
PARAMETRIC_REPRESENTATION_CONTEXT() REPRESENTATION_CONTEXT('2D SPACE',''
  ) );
#5224 = PCURVE('',#4132,#5225);
#5225 = DEFINITIONAL_REPRESENTATION('',(#5226),#5230);
#5226 = LINE('',#5227,#5228);
#5227 = CARTESIAN_POINT('',(0.,0.));
#5228 = VECTOR('',#5229,1.);
#5229 = DIRECTION('',(1.,0.));
#5230 = ( GEOMETRIC_REPRESENTATION_CONTEXT(2) 
PARAMETRIC_REPRESENTATION_CONTEXT() REPRESENTATION_CONTEXT('2D SPACE',''
  ) );
#5231 = ADVANCED_FACE('',(#5232),#3465,.T.);
#5232 = FACE_BOUND('',#5233,.T.);
#5233 = EDGE_LOOP('',(#5234,#5255,#5284,#5303,#5304,#5305,#5306));
#5234 = ORIENTED_EDGE('',*,*,#5235,.F.);
#5235 = EDGE_CURVE('',#5236,#4623,#5238,.T.);
#5236 = VERTEX_POINT('',#5237);
#5237 = CARTESIAN_POINT('',(-17.66732149921,-2.169274312612,10.45));
#5238 = SURFACE_CURVE('',#5239,(#5243,#5249),.PCURVE_S1.);
#5239 = LINE('',#5240,#5241);
#5240 = CARTESIAN_POINT('',(-17.66732149921,-2.169274312612,9.05));
#5241 = VECTOR('',#5242,1.);
#5242 = DIRECTION('',(0.,0.,1.));
#5243 = PCURVE('',#3465,#5244);
#5244 = DEFINITIONAL_REPRESENTATION('',(#5245),#5248);
#5245 = B_SPLINE_CURVE_WITH_KNOTS('',1,(#5246,#5247),.UNSPECIFIED.,.F.,
  .F.,(2,2),(-5.999999999062E-07,2.4000006),.PIECEWISE_BEZIER_KNOTS.);
#5246 = CARTESIAN_POINT('',(3.263765701229,-5.999999999062E-07));
#5247 = CARTESIAN_POINT('',(3.263765701229,2.4000006));
#5248 = ( GEOMETRIC_REPRESENTATION_CONTEXT(2) 
PARAMETRIC_REPRESENTATION_CONTEXT() REPRESENTATION_CONTEXT('2D SPACE',''
  ) );
#5249 = PCURVE('',#4637,#5250);
#5250 = DEFINITIONAL_REPRESENTATION('',(#5251),#5254);
#5251 = B_SPLINE_CURVE_WITH_KNOTS('',1,(#5252,#5253),.UNSPECIFIED.,.F.,
  .F.,(2,2),(-5.999999999062E-07,2.4000006),.PIECEWISE_BEZIER_KNOTS.);
#5252 = CARTESIAN_POINT('',(3.,5.999999999062E-07));
#5253 = CARTESIAN_POINT('',(3.,-2.4000006));
#5254 = ( GEOMETRIC_REPRESENTATION_CONTEXT(2) 
PARAMETRIC_REPRESENTATION_CONTEXT() REPRESENTATION_CONTEXT('2D SPACE',''
  ) );
#5255 = ORIENTED_EDGE('',*,*,#5256,.T.);
#5256 = EDGE_CURVE('',#5236,#5257,#5259,.T.);
#5257 = VERTEX_POINT('',#5258);
#5258 = CARTESIAN_POINT('',(-10.95877426079,-14.0265914142,10.45));
#5259 = SURFACE_CURVE('',#5260,(#5265,#5272),.PCURVE_S1.);
#5260 = CIRCLE('',#5261,17.8);
#5261 = AXIS2_PLACEMENT_3D('',#5262,#5263,#5264);
#5262 = CARTESIAN_POINT('',(0.,0.,10.45));
#5263 = DIRECTION('',(0.,0.,1.));
#5264 = DIRECTION('',(1.,0.,-0.));
#5265 = PCURVE('',#3465,#5266);
#5266 = DEFINITIONAL_REPRESENTATION('',(#5267),#5271);
#5267 = LINE('',#5268,#5269);
#5268 = CARTESIAN_POINT('',(0.,1.4));
#5269 = VECTOR('',#5270,1.);
#5270 = DIRECTION('',(1.,0.));
#5271 = ( GEOMETRIC_REPRESENTATION_CONTEXT(2) 
PARAMETRIC_REPRESENTATION_CONTEXT() REPRESENTATION_CONTEXT('2D SPACE',''
  ) );
#5272 = PCURVE('',#5273,#5278);
#5273 = PLANE('',#5274);
#5274 = AXIS2_PLACEMENT_3D('',#5275,#5276,#5277);
#5275 = CARTESIAN_POINT('',(-11.76243296691,-4.872159261402,10.45));
#5276 = DIRECTION('',(0.,0.,1.));
#5277 = DIRECTION('',(1.,0.,-0.));
#5278 = DEFINITIONAL_REPRESENTATION('',(#5279),#5283);
#5279 = CIRCLE('',#5280,17.8);
#5280 = AXIS2_PLACEMENT_2D('',#5281,#5282);
#5281 = CARTESIAN_POINT('',(11.762432966918,4.872159261402));
#5282 = DIRECTION('',(1.,0.));
#5283 = ( GEOMETRIC_REPRESENTATION_CONTEXT(2) 
PARAMETRIC_REPRESENTATION_CONTEXT() REPRESENTATION_CONTEXT('2D SPACE',''
  ) );
#5284 = ORIENTED_EDGE('',*,*,#5285,.F.);
#5285 = EDGE_CURVE('',#3423,#5257,#5286,.T.);
#5286 = SURFACE_CURVE('',#5287,(#5291,#5297),.PCURVE_S1.);
#5287 = LINE('',#5288,#5289);
#5288 = CARTESIAN_POINT('',(-10.95877426079,-14.0265914142,9.05));
#5289 = VECTOR('',#5290,1.);
#5290 = DIRECTION('',(0.,0.,1.));
#5291 = PCURVE('',#3465,#5292);
#5292 = DEFINITIONAL_REPRESENTATION('',(#5293),#5296);
#5293 = B_SPLINE_CURVE_WITH_KNOTS('',1,(#5294,#5295),.UNSPECIFIED.,.F.,
  .F.,(2,2),(-5.999999999062E-07,1.54),.PIECEWISE_BEZIER_KNOTS.);
#5294 = CARTESIAN_POINT('',(4.049163864627,-5.999999999062E-07));
#5295 = CARTESIAN_POINT('',(4.049163864627,1.54));
#5296 = ( GEOMETRIC_REPRESENTATION_CONTEXT(2) 
PARAMETRIC_REPRESENTATION_CONTEXT() REPRESENTATION_CONTEXT('2D SPACE',''
  ) );
#5297 = PCURVE('',#3438,#5298);
#5298 = DEFINITIONAL_REPRESENTATION('',(#5299),#5302);
#5299 = B_SPLINE_CURVE_WITH_KNOTS('',1,(#5300,#5301),.UNSPECIFIED.,.F.,
  .F.,(2,2),(-5.999999999062E-07,1.54),.PIECEWISE_BEZIER_KNOTS.);
#5300 = CARTESIAN_POINT('',(3.,5.999999999062E-07));
#5301 = CARTESIAN_POINT('',(3.,-1.54));
#5302 = ( GEOMETRIC_REPRESENTATION_CONTEXT(2) 
PARAMETRIC_REPRESENTATION_CONTEXT() REPRESENTATION_CONTEXT('2D SPACE',''
  ) );
#5303 = ORIENTED_EDGE('',*,*,#3450,.T.);
#5304 = ORIENTED_EDGE('',*,*,#4835,.T.);
#5305 = ORIENTED_EDGE('',*,*,#4276,.T.);
#5306 = ORIENTED_EDGE('',*,*,#4648,.T.);
#5307 = ADVANCED_FACE('',(#5308),#3438,.T.);
#5308 = FACE_BOUND('',#5309,.T.);
#5309 = EDGE_LOOP('',(#5310,#5311,#5312,#5335,#5354));
#5310 = ORIENTED_EDGE('',*,*,#3422,.F.);
#5311 = ORIENTED_EDGE('',*,*,#5285,.T.);
#5312 = ORIENTED_EDGE('',*,*,#5313,.T.);
#5313 = EDGE_CURVE('',#5257,#5314,#5316,.T.);
#5314 = VERTEX_POINT('',#5315);
#5315 = CARTESIAN_POINT('',(-10.37389585923,-13.27798119827,10.45));
#5316 = SURFACE_CURVE('',#5317,(#5321,#5328),.PCURVE_S1.);
#5317 = LINE('',#5318,#5319);
#5318 = CARTESIAN_POINT('',(-12.80575868677,-16.39062367502,10.45));
#5319 = VECTOR('',#5320,1.);
#5320 = DIRECTION('',(0.615661475326,0.788010753607,0.));
#5321 = PCURVE('',#3438,#5322);
#5322 = DEFINITIONAL_REPRESENTATION('',(#5323),#5327);
#5323 = LINE('',#5324,#5325);
#5324 = CARTESIAN_POINT('',(0.,-1.4));
#5325 = VECTOR('',#5326,1.);
#5326 = DIRECTION('',(1.,0.));
#5327 = ( GEOMETRIC_REPRESENTATION_CONTEXT(2) 
PARAMETRIC_REPRESENTATION_CONTEXT() REPRESENTATION_CONTEXT('2D SPACE',''
  ) );
#5328 = PCURVE('',#5273,#5329);
#5329 = DEFINITIONAL_REPRESENTATION('',(#5330),#5334);
#5330 = LINE('',#5331,#5332);
#5331 = CARTESIAN_POINT('',(-1.043325719855,-11.51846441361));
#5332 = VECTOR('',#5333,1.);
#5333 = DIRECTION('',(0.615661475326,0.788010753607));
#5334 = ( GEOMETRIC_REPRESENTATION_CONTEXT(2) 
PARAMETRIC_REPRESENTATION_CONTEXT() REPRESENTATION_CONTEXT('2D SPACE',''
  ) );
#5335 = ORIENTED_EDGE('',*,*,#5336,.F.);
#5336 = EDGE_CURVE('',#3483,#5314,#5337,.T.);
#5337 = SURFACE_CURVE('',#5338,(#5342,#5348),.PCURVE_S1.);
#5338 = LINE('',#5339,#5340);
#5339 = CARTESIAN_POINT('',(-10.37389585923,-13.27798119827,9.05));
#5340 = VECTOR('',#5341,1.);
#5341 = DIRECTION('',(0.,0.,1.));
#5342 = PCURVE('',#3438,#5343);
#5343 = DEFINITIONAL_REPRESENTATION('',(#5344),#5347);
#5344 = B_SPLINE_CURVE_WITH_KNOTS('',1,(#5345,#5346),.UNSPECIFIED.,.F.,
  .F.,(2,2),(-5.999999999062E-07,1.4000006),.PIECEWISE_BEZIER_KNOTS.);
#5345 = CARTESIAN_POINT('',(3.95,5.999999999062E-07));
#5346 = CARTESIAN_POINT('',(3.95,-1.4000006));
#5347 = ( GEOMETRIC_REPRESENTATION_CONTEXT(2) 
PARAMETRIC_REPRESENTATION_CONTEXT() REPRESENTATION_CONTEXT('2D SPACE',''
  ) );
#5348 = PCURVE('',#3526,#5349);
#5349 = DEFINITIONAL_REPRESENTATION('',(#5350),#5353);
#5350 = B_SPLINE_CURVE_WITH_KNOTS('',1,(#5351,#5352),.UNSPECIFIED.,.F.,
  .F.,(2,2),(-5.999999999062E-07,1.4000006),.PIECEWISE_BEZIER_KNOTS.);
#5351 = CARTESIAN_POINT('',(4.049163864627,-5.999999999062E-07));
#5352 = CARTESIAN_POINT('',(4.049163864627,1.4000006));
#5353 = ( GEOMETRIC_REPRESENTATION_CONTEXT(2) 
PARAMETRIC_REPRESENTATION_CONTEXT() REPRESENTATION_CONTEXT('2D SPACE',''
  ) );
#5354 = ORIENTED_EDGE('',*,*,#3482,.F.);
#5355 = ADVANCED_FACE('',(#5356),#3670,.T.);
#5356 = FACE_BOUND('',#5357,.T.);
#5357 = EDGE_LOOP('',(#5358,#5359,#5380,#5381,#5382));
#5358 = ORIENTED_EDGE('',*,*,#3656,.F.);
#5359 = ORIENTED_EDGE('',*,*,#5360,.T.);
#5360 = EDGE_CURVE('',#3624,#4577,#5361,.T.);
#5361 = SURFACE_CURVE('',#5362,(#5366,#5373),.PCURVE_S1.);
#5362 = LINE('',#5363,#5364);
#5363 = CARTESIAN_POINT('',(-16.72440265515,2.053498436377,9.05));
#5364 = VECTOR('',#5365,1.);
#5365 = DIRECTION('',(-1.036208156317E-14,-6.013708050053E-14,1.));
#5366 = PCURVE('',#3670,#5367);
#5367 = DEFINITIONAL_REPRESENTATION('',(#5368),#5372);
#5368 = LINE('',#5369,#5370);
#5369 = CARTESIAN_POINT('',(16.85,0.));
#5370 = VECTOR('',#5371,1.);
#5371 = DIRECTION('',(2.955977663614E-15,-1.));
#5372 = ( GEOMETRIC_REPRESENTATION_CONTEXT(2) 
PARAMETRIC_REPRESENTATION_CONTEXT() REPRESENTATION_CONTEXT('2D SPACE',''
  ) );
#5373 = PCURVE('',#3644,#5374);
#5374 = DEFINITIONAL_REPRESENTATION('',(#5375),#5379);
#5375 = LINE('',#5376,#5377);
#5376 = CARTESIAN_POINT('',(3.01941960595,0.));
#5377 = VECTOR('',#5378,1.);
#5378 = DIRECTION('',(0.,1.));
#5379 = ( GEOMETRIC_REPRESENTATION_CONTEXT(2) 
PARAMETRIC_REPRESENTATION_CONTEXT() REPRESENTATION_CONTEXT('2D SPACE',''
  ) );
#5380 = ORIENTED_EDGE('',*,*,#4576,.F.);
#5381 = ORIENTED_EDGE('',*,*,#4699,.F.);
#5382 = ORIENTED_EDGE('',*,*,#3732,.F.);
#5383 = ADVANCED_FACE('',(#5384),#3644,.T.);
#5384 = FACE_BOUND('',#5385,.T.);
#5385 = EDGE_LOOP('',(#5386,#5387,#5388,#5389,#5410,#5434));
#5386 = ORIENTED_EDGE('',*,*,#4598,.F.);
#5387 = ORIENTED_EDGE('',*,*,#5360,.F.);
#5388 = ORIENTED_EDGE('',*,*,#3623,.F.);
#5389 = ORIENTED_EDGE('',*,*,#5390,.T.);
#5390 = EDGE_CURVE('',#3596,#5391,#5393,.T.);
#5391 = VERTEX_POINT('',#5392);
#5392 = CARTESIAN_POINT('',(-13.5885915819,-9.963567574927,10.45));
#5393 = SURFACE_CURVE('',#5394,(#5398,#5404),.PCURVE_S1.);
#5394 = LINE('',#5395,#5396);
#5395 = CARTESIAN_POINT('',(-13.5885915819,-9.963567574926,9.05));
#5396 = VECTOR('',#5397,1.);
#5397 = DIRECTION('',(0.,0.,1.));
#5398 = PCURVE('',#3644,#5399);
#5399 = DEFINITIONAL_REPRESENTATION('',(#5400),#5403);
#5400 = B_SPLINE_CURVE_WITH_KNOTS('',1,(#5401,#5402),.UNSPECIFIED.,.F.,
  .F.,(2,2),(-2.399999999625E-06,1.54),.PIECEWISE_BEZIER_KNOTS.);
#5401 = CARTESIAN_POINT('',(3.774274507438,-2.399999999625E-06));
#5402 = CARTESIAN_POINT('',(3.774274507438,1.54));
#5403 = ( GEOMETRIC_REPRESENTATION_CONTEXT(2) 
PARAMETRIC_REPRESENTATION_CONTEXT() REPRESENTATION_CONTEXT('2D SPACE',''
  ) );
#5404 = PCURVE('',#3611,#5405);
#5405 = DEFINITIONAL_REPRESENTATION('',(#5406),#5409);
#5406 = B_SPLINE_CURVE_WITH_KNOTS('',1,(#5407,#5408),.UNSPECIFIED.,.F.,
  .F.,(2,2),(-2.399999999625E-06,1.54),.PIECEWISE_BEZIER_KNOTS.);
#5407 = CARTESIAN_POINT('',(16.85,2.399999999625E-06));
#5408 = CARTESIAN_POINT('',(16.85,-1.54));
#5409 = ( GEOMETRIC_REPRESENTATION_CONTEXT(2) 
PARAMETRIC_REPRESENTATION_CONTEXT() REPRESENTATION_CONTEXT('2D SPACE',''
  ) );
#5410 = ORIENTED_EDGE('',*,*,#5411,.F.);
#5411 = EDGE_CURVE('',#5412,#5391,#5414,.T.);
#5412 = VERTEX_POINT('',#5413);
#5413 = CARTESIAN_POINT('',(-16.72440265515,-2.053498436377,10.45));
#5414 = SURFACE_CURVE('',#5415,(#5420,#5427),.PCURVE_S1.);
#5415 = CIRCLE('',#5416,16.85);
#5416 = AXIS2_PLACEMENT_3D('',#5417,#5418,#5419);
#5417 = CARTESIAN_POINT('',(0.,0.,10.45));
#5418 = DIRECTION('',(0.,0.,1.));
#5419 = DIRECTION('',(1.,0.,-0.));
#5420 = PCURVE('',#3644,#5421);
#5421 = DEFINITIONAL_REPRESENTATION('',(#5422),#5426);
#5422 = LINE('',#5423,#5424);
#5423 = CARTESIAN_POINT('',(0.,1.4));
#5424 = VECTOR('',#5425,1.);
#5425 = DIRECTION('',(1.,0.));
#5426 = ( GEOMETRIC_REPRESENTATION_CONTEXT(2) 
PARAMETRIC_REPRESENTATION_CONTEXT() REPRESENTATION_CONTEXT('2D SPACE',''
  ) );
#5427 = PCURVE('',#5273,#5428);
#5428 = DEFINITIONAL_REPRESENTATION('',(#5429),#5433);
#5429 = CIRCLE('',#5430,16.85);
#5430 = AXIS2_PLACEMENT_2D('',#5431,#5432);
#5431 = CARTESIAN_POINT('',(11.762432966918,4.872159261402));
#5432 = DIRECTION('',(1.,0.));
#5433 = ( GEOMETRIC_REPRESENTATION_CONTEXT(2) 
PARAMETRIC_REPRESENTATION_CONTEXT() REPRESENTATION_CONTEXT('2D SPACE',''
  ) );
#5434 = ORIENTED_EDGE('',*,*,#5435,.T.);
#5435 = EDGE_CURVE('',#5412,#4599,#5436,.T.);
#5436 = SURFACE_CURVE('',#5437,(#5441,#5447),.PCURVE_S1.);
#5437 = LINE('',#5438,#5439);
#5438 = CARTESIAN_POINT('',(-16.72440265515,-2.053498436377,9.05));
#5439 = VECTOR('',#5440,1.);
#5440 = DIRECTION('',(0.,0.,1.));
#5441 = PCURVE('',#3644,#5442);
#5442 = DEFINITIONAL_REPRESENTATION('',(#5443),#5446);
#5443 = B_SPLINE_CURVE_WITH_KNOTS('',1,(#5444,#5445),.UNSPECIFIED.,.F.,
  .F.,(2,2),(-5.999999999062E-07,3.4000006),.PIECEWISE_BEZIER_KNOTS.);
#5444 = CARTESIAN_POINT('',(3.263765701229,-5.999999999062E-07));
#5445 = CARTESIAN_POINT('',(3.263765701229,3.4000006));
#5446 = ( GEOMETRIC_REPRESENTATION_CONTEXT(2) 
PARAMETRIC_REPRESENTATION_CONTEXT() REPRESENTATION_CONTEXT('2D SPACE',''
  ) );
#5447 = PCURVE('',#4637,#5448);
#5448 = DEFINITIONAL_REPRESENTATION('',(#5449),#5452);
#5449 = B_SPLINE_CURVE_WITH_KNOTS('',1,(#5450,#5451),.UNSPECIFIED.,.F.,
  .F.,(2,2),(-5.999999999062E-07,3.4000006),.PIECEWISE_BEZIER_KNOTS.);
#5450 = CARTESIAN_POINT('',(3.95,5.999999999062E-07));
#5451 = CARTESIAN_POINT('',(3.95,-3.4000006));
#5452 = ( GEOMETRIC_REPRESENTATION_CONTEXT(2) 
PARAMETRIC_REPRESENTATION_CONTEXT() REPRESENTATION_CONTEXT('2D SPACE',''
  ) );
#5453 = ADVANCED_FACE('',(#5454),#3611,.F.);
#5454 = FACE_BOUND('',#5455,.F.);
#5455 = EDGE_LOOP('',(#5456,#5457,#5458,#5481));
#5456 = ORIENTED_EDGE('',*,*,#3595,.F.);
#5457 = ORIENTED_EDGE('',*,*,#5390,.T.);
#5458 = ORIENTED_EDGE('',*,*,#5459,.T.);
#5459 = EDGE_CURVE('',#5391,#5460,#5462,.T.);
#5460 = VERTEX_POINT('',#5461);
#5461 = CARTESIAN_POINT('',(-13.74988050276,-10.08182950459,10.45));
#5462 = SURFACE_CURVE('',#5463,(#5467,#5474),.PCURVE_S1.);
#5463 = LINE('',#5464,#5465);
#5464 = CARTESIAN_POINT('',(0.,0.,10.45));
#5465 = VECTOR('',#5466,1.);
#5466 = DIRECTION('',(-0.806444604267,-0.591309648364,0.));
#5467 = PCURVE('',#3611,#5468);
#5468 = DEFINITIONAL_REPRESENTATION('',(#5469),#5473);
#5469 = LINE('',#5470,#5471);
#5470 = CARTESIAN_POINT('',(0.,-1.4));
#5471 = VECTOR('',#5472,1.);
#5472 = DIRECTION('',(1.,0.));
#5473 = ( GEOMETRIC_REPRESENTATION_CONTEXT(2) 
PARAMETRIC_REPRESENTATION_CONTEXT() REPRESENTATION_CONTEXT('2D SPACE',''
  ) );
#5474 = PCURVE('',#5273,#5475);
#5475 = DEFINITIONAL_REPRESENTATION('',(#5476),#5480);
#5476 = LINE('',#5477,#5478);
#5477 = CARTESIAN_POINT('',(11.762432966918,4.872159261402));
#5478 = VECTOR('',#5479,1.);
#5479 = DIRECTION('',(-0.806444604267,-0.591309648364));
#5480 = ( GEOMETRIC_REPRESENTATION_CONTEXT(2) 
PARAMETRIC_REPRESENTATION_CONTEXT() REPRESENTATION_CONTEXT('2D SPACE',''
  ) );
#5481 = ORIENTED_EDGE('',*,*,#5482,.F.);
#5482 = EDGE_CURVE('',#3567,#5460,#5483,.T.);
#5483 = SURFACE_CURVE('',#5484,(#5488,#5494),.PCURVE_S1.);
#5484 = LINE('',#5485,#5486);
#5485 = CARTESIAN_POINT('',(-13.74988050276,-10.08182950459,9.05));
#5486 = VECTOR('',#5487,1.);
#5487 = DIRECTION('',(0.,0.,1.));
#5488 = PCURVE('',#3611,#5489);
#5489 = DEFINITIONAL_REPRESENTATION('',(#5490),#5493);
#5490 = B_SPLINE_CURVE_WITH_KNOTS('',1,(#5491,#5492),.UNSPECIFIED.,.F.,
  .F.,(2,2),(-5.999999999062E-07,1.4000006),.PIECEWISE_BEZIER_KNOTS.);
#5491 = CARTESIAN_POINT('',(17.05,5.999999999062E-07));
#5492 = CARTESIAN_POINT('',(17.05,-1.4000006));
#5493 = ( GEOMETRIC_REPRESENTATION_CONTEXT(2) 
PARAMETRIC_REPRESENTATION_CONTEXT() REPRESENTATION_CONTEXT('2D SPACE',''
  ) );
#5494 = PCURVE('',#3583,#5495);
#5495 = DEFINITIONAL_REPRESENTATION('',(#5496),#5499);
#5496 = B_SPLINE_CURVE_WITH_KNOTS('',1,(#5497,#5498),.UNSPECIFIED.,.F.,
  .F.,(2,2),(-5.999999999062E-07,1.4000006),.PIECEWISE_BEZIER_KNOTS.);
#5497 = CARTESIAN_POINT('',(3.774274507438,-5.999999999062E-07));
#5498 = CARTESIAN_POINT('',(3.774274507438,1.4000006));
#5499 = ( GEOMETRIC_REPRESENTATION_CONTEXT(2) 
PARAMETRIC_REPRESENTATION_CONTEXT() REPRESENTATION_CONTEXT('2D SPACE',''
  ) );
#5500 = ADVANCED_FACE('',(#5501),#3583,.T.);
#5501 = FACE_BOUND('',#5502,.T.);
#5502 = EDGE_LOOP('',(#5503,#5527,#5528,#5529));
#5503 = ORIENTED_EDGE('',*,*,#5504,.F.);
#5504 = EDGE_CURVE('',#5460,#5505,#5507,.T.);
#5505 = VERTEX_POINT('',#5506);
#5506 = CARTESIAN_POINT('',(-13.48125723233,-10.43830462458,10.45));
#5507 = SURFACE_CURVE('',#5508,(#5513,#5520),.PCURVE_S1.);
#5508 = CIRCLE('',#5509,17.05);
#5509 = AXIS2_PLACEMENT_3D('',#5510,#5511,#5512);
#5510 = CARTESIAN_POINT('',(0.,0.,10.45));
#5511 = DIRECTION('',(0.,0.,1.));
#5512 = DIRECTION('',(1.,0.,-0.));
#5513 = PCURVE('',#3583,#5514);
#5514 = DEFINITIONAL_REPRESENTATION('',(#5515),#5519);
#5515 = LINE('',#5516,#5517);
#5516 = CARTESIAN_POINT('',(0.,1.4));
#5517 = VECTOR('',#5518,1.);
#5518 = DIRECTION('',(1.,0.));
#5519 = ( GEOMETRIC_REPRESENTATION_CONTEXT(2) 
PARAMETRIC_REPRESENTATION_CONTEXT() REPRESENTATION_CONTEXT('2D SPACE',''
  ) );
#5520 = PCURVE('',#5273,#5521);
#5521 = DEFINITIONAL_REPRESENTATION('',(#5522),#5526);
#5522 = CIRCLE('',#5523,17.05);
#5523 = AXIS2_PLACEMENT_2D('',#5524,#5525);
#5524 = CARTESIAN_POINT('',(11.762432966918,4.872159261402));
#5525 = DIRECTION('',(1.,0.));
#5526 = ( GEOMETRIC_REPRESENTATION_CONTEXT(2) 
PARAMETRIC_REPRESENTATION_CONTEXT() REPRESENTATION_CONTEXT('2D SPACE',''
  ) );
#5527 = ORIENTED_EDGE('',*,*,#5482,.F.);
#5528 = ORIENTED_EDGE('',*,*,#3566,.T.);
#5529 = ORIENTED_EDGE('',*,*,#5530,.T.);
#5530 = EDGE_CURVE('',#3539,#5505,#5531,.T.);
#5531 = SURFACE_CURVE('',#5532,(#5536,#5542),.PCURVE_S1.);
#5532 = LINE('',#5533,#5534);
#5533 = CARTESIAN_POINT('',(-13.48125723233,-10.43830462458,9.05));
#5534 = VECTOR('',#5535,1.);
#5535 = DIRECTION('',(0.,0.,1.));
#5536 = PCURVE('',#3583,#5537);
#5537 = DEFINITIONAL_REPRESENTATION('',(#5538),#5541);
#5538 = B_SPLINE_CURVE_WITH_KNOTS('',1,(#5539,#5540),.UNSPECIFIED.,.F.,
  .F.,(2,2),(-5.999999999062E-07,1.4000006),.PIECEWISE_BEZIER_KNOTS.);
#5539 = CARTESIAN_POINT('',(3.800454446218,-5.999999999062E-07));
#5540 = CARTESIAN_POINT('',(3.800454446218,1.4000006));
#5541 = ( GEOMETRIC_REPRESENTATION_CONTEXT(2) 
PARAMETRIC_REPRESENTATION_CONTEXT() REPRESENTATION_CONTEXT('2D SPACE',''
  ) );
#5542 = PCURVE('',#3554,#5543);
#5543 = DEFINITIONAL_REPRESENTATION('',(#5544),#5547);
#5544 = B_SPLINE_CURVE_WITH_KNOTS('',1,(#5545,#5546),.UNSPECIFIED.,.F.,
  .F.,(2,2),(-5.999999999062E-07,1.4000006),.PIECEWISE_BEZIER_KNOTS.);
#5545 = CARTESIAN_POINT('',(2.,5.999999999062E-07));
#5546 = CARTESIAN_POINT('',(2.,-1.4000006));
#5547 = ( GEOMETRIC_REPRESENTATION_CONTEXT(2) 
PARAMETRIC_REPRESENTATION_CONTEXT() REPRESENTATION_CONTEXT('2D SPACE',''
  ) );
#5548 = ADVANCED_FACE('',(#5549),#3554,.F.);
#5549 = FACE_BOUND('',#5550,.F.);
#5550 = EDGE_LOOP('',(#5551,#5552,#5553,#5576));
#5551 = ORIENTED_EDGE('',*,*,#3538,.F.);
#5552 = ORIENTED_EDGE('',*,*,#5530,.T.);
#5553 = ORIENTED_EDGE('',*,*,#5554,.T.);
#5554 = EDGE_CURVE('',#5505,#5555,#5557,.T.);
#5555 = VERTEX_POINT('',#5556);
#5556 = CARTESIAN_POINT('',(-13.32311931758,-10.31586116858,10.45));
#5557 = SURFACE_CURVE('',#5558,(#5562,#5569),.PCURVE_S1.);
#5558 = LINE('',#5559,#5560);
#5559 = CARTESIAN_POINT('',(-15.06263637982,-11.66273918465,10.45));
#5560 = VECTOR('',#5561,1.);
#5561 = DIRECTION('',(0.790689573744,0.612217280034,0.));
#5562 = PCURVE('',#3554,#5563);
#5563 = DEFINITIONAL_REPRESENTATION('',(#5564),#5568);
#5564 = LINE('',#5565,#5566);
#5565 = CARTESIAN_POINT('',(0.,-1.4));
#5566 = VECTOR('',#5567,1.);
#5567 = DIRECTION('',(1.,0.));
#5568 = ( GEOMETRIC_REPRESENTATION_CONTEXT(2) 
PARAMETRIC_REPRESENTATION_CONTEXT() REPRESENTATION_CONTEXT('2D SPACE',''
  ) );
#5569 = PCURVE('',#5273,#5570);
#5570 = DEFINITIONAL_REPRESENTATION('',(#5571),#5575);
#5571 = LINE('',#5572,#5573);
#5572 = CARTESIAN_POINT('',(-3.300203412902,-6.790579923254));
#5573 = VECTOR('',#5574,1.);
#5574 = DIRECTION('',(0.790689573744,0.612217280034));
#5575 = ( GEOMETRIC_REPRESENTATION_CONTEXT(2) 
PARAMETRIC_REPRESENTATION_CONTEXT() REPRESENTATION_CONTEXT('2D SPACE',''
  ) );
#5576 = ORIENTED_EDGE('',*,*,#5577,.F.);
#5577 = EDGE_CURVE('',#3506,#5555,#5578,.T.);
#5578 = SURFACE_CURVE('',#5579,(#5583,#5589),.PCURVE_S1.);
#5579 = LINE('',#5580,#5581);
#5580 = CARTESIAN_POINT('',(-13.32311931758,-10.31586116858,9.05));
#5581 = VECTOR('',#5582,1.);
#5582 = DIRECTION('',(0.,0.,1.));
#5583 = PCURVE('',#3554,#5584);
#5584 = DEFINITIONAL_REPRESENTATION('',(#5585),#5588);
#5585 = B_SPLINE_CURVE_WITH_KNOTS('',1,(#5586,#5587),.UNSPECIFIED.,.F.,
  .F.,(2,2),(-2.399999999625E-06,1.54),.PIECEWISE_BEZIER_KNOTS.);
#5586 = CARTESIAN_POINT('',(2.2,2.399999999625E-06));
#5587 = CARTESIAN_POINT('',(2.2,-1.54));
#5588 = ( GEOMETRIC_REPRESENTATION_CONTEXT(2) 
PARAMETRIC_REPRESENTATION_CONTEXT() REPRESENTATION_CONTEXT('2D SPACE',''
  ) );
#5589 = PCURVE('',#3526,#5590);
#5590 = DEFINITIONAL_REPRESENTATION('',(#5591),#5594);
#5591 = B_SPLINE_CURVE_WITH_KNOTS('',1,(#5592,#5593),.UNSPECIFIED.,.F.,
  .F.,(2,2),(-2.399999999625E-06,1.54),.PIECEWISE_BEZIER_KNOTS.);
#5592 = CARTESIAN_POINT('',(3.800454446218,-2.399999999625E-06));
#5593 = CARTESIAN_POINT('',(3.800454446218,1.54));
#5594 = ( GEOMETRIC_REPRESENTATION_CONTEXT(2) 
PARAMETRIC_REPRESENTATION_CONTEXT() REPRESENTATION_CONTEXT('2D SPACE',''
  ) );
#5595 = ADVANCED_FACE('',(#5596),#3526,.T.);
#5596 = FACE_BOUND('',#5597,.T.);
#5597 = EDGE_LOOP('',(#5598,#5599,#5600,#5601));
#5598 = ORIENTED_EDGE('',*,*,#5577,.F.);
#5599 = ORIENTED_EDGE('',*,*,#3505,.F.);
#5600 = ORIENTED_EDGE('',*,*,#5336,.T.);
#5601 = ORIENTED_EDGE('',*,*,#5602,.F.);
#5602 = EDGE_CURVE('',#5555,#5314,#5603,.T.);
#5603 = SURFACE_CURVE('',#5604,(#5609,#5616),.PCURVE_S1.);
#5604 = CIRCLE('',#5605,16.85);
#5605 = AXIS2_PLACEMENT_3D('',#5606,#5607,#5608);
#5606 = CARTESIAN_POINT('',(0.,0.,10.45));
#5607 = DIRECTION('',(0.,0.,1.));
#5608 = DIRECTION('',(1.,0.,-0.));
#5609 = PCURVE('',#3526,#5610);
#5610 = DEFINITIONAL_REPRESENTATION('',(#5611),#5615);
#5611 = LINE('',#5612,#5613);
#5612 = CARTESIAN_POINT('',(0.,1.4));
#5613 = VECTOR('',#5614,1.);
#5614 = DIRECTION('',(1.,0.));
#5615 = ( GEOMETRIC_REPRESENTATION_CONTEXT(2) 
PARAMETRIC_REPRESENTATION_CONTEXT() REPRESENTATION_CONTEXT('2D SPACE',''
  ) );
#5616 = PCURVE('',#5273,#5617);
#5617 = DEFINITIONAL_REPRESENTATION('',(#5618),#5622);
#5618 = CIRCLE('',#5619,16.85);
#5619 = AXIS2_PLACEMENT_2D('',#5620,#5621);
#5620 = CARTESIAN_POINT('',(11.762432966918,4.872159261402));
#5621 = DIRECTION('',(1.,0.));
#5622 = ( GEOMETRIC_REPRESENTATION_CONTEXT(2) 
PARAMETRIC_REPRESENTATION_CONTEXT() REPRESENTATION_CONTEXT('2D SPACE',''
  ) );
#5623 = ADVANCED_FACE('',(#5624),#3795,.T.);
#5624 = FACE_BOUND('',#5625,.T.);
#5625 = EDGE_LOOP('',(#5626,#5627,#5628,#5629));
#5626 = ORIENTED_EDGE('',*,*,#3780,.T.);
#5627 = ORIENTED_EDGE('',*,*,#4300,.T.);
#5628 = ORIENTED_EDGE('',*,*,#4187,.T.);
#5629 = ORIENTED_EDGE('',*,*,#4892,.F.);
#5630 = ADVANCED_FACE('',(#5631),#4132,.F.);
#5631 = FACE_BOUND('',#5632,.F.);
#5632 = EDGE_LOOP('',(#5633,#5634,#5635,#5636,#5637,#5638,#5639,#5640));
#5633 = ORIENTED_EDGE('',*,*,#4941,.F.);
#5634 = ORIENTED_EDGE('',*,*,#4991,.F.);
#5635 = ORIENTED_EDGE('',*,*,#5039,.T.);
#5636 = ORIENTED_EDGE('',*,*,#5063,.T.);
#5637 = ORIENTED_EDGE('',*,*,#5113,.T.);
#5638 = ORIENTED_EDGE('',*,*,#5182,.T.);
#5639 = ORIENTED_EDGE('',*,*,#5211,.T.);
#5640 = ORIENTED_EDGE('',*,*,#4116,.F.);
#5641 = ADVANCED_FACE('',(#5642),#4637,.T.);
#5642 = FACE_BOUND('',#5643,.T.);
#5643 = EDGE_LOOP('',(#5644,#5663,#5664,#5665));
#5644 = ORIENTED_EDGE('',*,*,#5645,.F.);
#5645 = EDGE_CURVE('',#5236,#5412,#5646,.T.);
#5646 = SURFACE_CURVE('',#5647,(#5651,#5657),.PCURVE_S1.);
#5647 = LINE('',#5648,#5649);
#5648 = CARTESIAN_POINT('',(-16.41101832944,-2.015019679551,10.45));
#5649 = VECTOR('',#5650,1.);
#5650 = DIRECTION('',(0.992546151641,0.121869343405,-0.));
#5651 = PCURVE('',#4637,#5652);
#5652 = DEFINITIONAL_REPRESENTATION('',(#5653),#5656);
#5653 = B_SPLINE_CURVE_WITH_KNOTS('',1,(#5654,#5655),.UNSPECIFIED.,.F.,
  .F.,(2,2),(-1.265737787297,-0.315737787297),.PIECEWISE_BEZIER_KNOTS.);
#5654 = CARTESIAN_POINT('',(3.,-1.4));
#5655 = CARTESIAN_POINT('',(3.95,-1.4));
#5656 = ( GEOMETRIC_REPRESENTATION_CONTEXT(2) 
PARAMETRIC_REPRESENTATION_CONTEXT() REPRESENTATION_CONTEXT('2D SPACE',''
  ) );
#5657 = PCURVE('',#5273,#5658);
#5658 = DEFINITIONAL_REPRESENTATION('',(#5659),#5662);
#5659 = B_SPLINE_CURVE_WITH_KNOTS('',1,(#5660,#5661),.UNSPECIFIED.,.F.,
  .F.,(2,2),(-1.265737787297,-0.315737787297),.PIECEWISE_BEZIER_KNOTS.);
#5660 = CARTESIAN_POINT('',(-5.904888532297,2.70288494879));
#5661 = CARTESIAN_POINT('',(-4.961969688238,2.818660825025));
#5662 = ( GEOMETRIC_REPRESENTATION_CONTEXT(2) 
PARAMETRIC_REPRESENTATION_CONTEXT() REPRESENTATION_CONTEXT('2D SPACE',''
  ) );
#5663 = ORIENTED_EDGE('',*,*,#5235,.T.);
#5664 = ORIENTED_EDGE('',*,*,#4622,.F.);
#5665 = ORIENTED_EDGE('',*,*,#5435,.F.);
#5666 = ADVANCED_FACE('',(#5667),#5273,.F.);
#5667 = FACE_BOUND('',#5668,.F.);
#5668 = EDGE_LOOP('',(#5669,#5670,#5671,#5672,#5673,#5674,#5675,#5676));
#5669 = ORIENTED_EDGE('',*,*,#5411,.F.);
#5670 = ORIENTED_EDGE('',*,*,#5645,.F.);
#5671 = ORIENTED_EDGE('',*,*,#5256,.T.);
#5672 = ORIENTED_EDGE('',*,*,#5313,.T.);
#5673 = ORIENTED_EDGE('',*,*,#5602,.F.);
#5674 = ORIENTED_EDGE('',*,*,#5554,.F.);
#5675 = ORIENTED_EDGE('',*,*,#5504,.F.);
#5676 = ORIENTED_EDGE('',*,*,#5459,.F.);
#5677 = ( GEOMETRIC_REPRESENTATION_CONTEXT(3) 
GLOBAL_UNCERTAINTY_ASSIGNED_CONTEXT((#5681)) 
GLOBAL_UNIT_ASSIGNED_CONTEXT((#5678,#5679,#5680)) REPRESENTATION_CONTEXT
('Context #1','3D Context with UNIT and UNCERTAINTY') );
#5678 = ( LENGTH_UNIT() NAMED_UNIT(*) SI_UNIT(.MILLI.,.METRE.) );
#5679 = ( NAMED_UNIT(*) PLANE_ANGLE_UNIT() SI_UNIT($,.RADIAN.) );
#5680 = ( NAMED_UNIT(*) SI_UNIT($,.STERADIAN.) SOLID_ANGLE_UNIT() );
#5681 = UNCERTAINTY_MEASURE_WITH_UNIT(LENGTH_MEASURE(1.E-07),#5678,
  'distance_accuracy_value','confusion accuracy');
#5682 = PRODUCT_RELATED_PRODUCT_CATEGORY('part',$,(#7));
ENDSEC;
END-ISO-10303-21;
