ISO-10303-21;
HEADER;
FILE_DESCRIPTION(('Open CASCADE Model'),'2;1');
FILE_NAME('Open CASCADE Shape Model','2026-09-24T15:22:10',('Author'),(
    'Open CASCADE'),'Open CASCADE STEP processor 8.0','build123d',
  'Unknown');
FILE_SCHEMA(('AUTOMOTIVE_DESIGN { 1 0 10303 214 1 1 1 1 }'));
ENDSEC;
DATA;
#1 = APPLICATION_PROTOCOL_DEFINITION('international standard',
  'automotive_design',2000,#2);
#2 = APPLICATION_CONTEXT(
  'core data for automotive mechanical design processes');
#3 = SHAPE_DEFINITION_REPRESENTATION(#4,#10);
#4 = PRODUCT_DEFINITION_SHAPE('','',#5);
#5 = PRODUCT_DEFINITION('design','',#6,#9);
#6 = PRODUCT_DEFINITION_FORMATION('','',#7);
#7 = PRODUCT('COMPOUND','COMPOUND','',(#8));
#8 = PRODUCT_CONTEXT('',#2,'mechanical');
#9 = PRODUCT_DEFINITION_CONTEXT('part definition',#2,'design');
#10 = ADVANCED_BREP_SHAPE_REPRESENTATION('',(#11,#15),#3123);
#11 = AXIS2_PLACEMENT_3D('',#12,#13,#14);
#12 = CARTESIAN_POINT('',(0.,0.,0.));
#13 = DIRECTION('',(0.,0.,1.));
#14 = DIRECTION('',(1.,0.,-0.));
#15 = MANIFOLD_SOLID_BREP('',#16);
#16 = CLOSED_SHELL('',(#17,#105,#140,#476,#531,#630,#703,#1022,#1119,
    #1188,#1261,#1580,#1677,#1746,#1819,#2148,#2225,#2260,#2468,#2514,
    #2541,#2567,#2591,#2641,#2686,#2716,#2723,#2750,#2776,#2800,#2850,
    #2895,#2925,#2932,#2940,#2990,#3035,#3083,#3089,#3096));
#17 = ADVANCED_FACE('',(#18),#31,.T.);
#18 = FACE_BOUND('',#19,.T.);
#19 = EDGE_LOOP('',(#20,#54,#77,#104));
#20 = ORIENTED_EDGE('',*,*,#21,.F.);
#21 = EDGE_CURVE('',#22,#22,#24,.T.);
#22 = VERTEX_POINT('',#23);
#23 = CARTESIAN_POINT('',(15.97,-3.911521876477E-15,6.45));
#24 = SURFACE_CURVE('',#25,(#30,#42),.PCURVE_S1.);
#25 = CIRCLE('',#26,15.97);
#26 = AXIS2_PLACEMENT_3D('',#27,#28,#29);
#27 = CARTESIAN_POINT('',(0.,0.,6.45));
#28 = DIRECTION('',(0.,0.,1.));
#29 = DIRECTION('',(1.,0.,-0.));
#30 = PCURVE('',#31,#36);
#31 = CYLINDRICAL_SURFACE('',#32,15.97);
#32 = AXIS2_PLACEMENT_3D('',#33,#34,#35);
#33 = CARTESIAN_POINT('',(0.,0.,0.2));
#34 = DIRECTION('',(0.,0.,1.));
#35 = DIRECTION('',(1.,0.,-0.));
#36 = DEFINITIONAL_REPRESENTATION('',(#37),#41);
#37 = LINE('',#38,#39);
#38 = CARTESIAN_POINT('',(0.,6.25));
#39 = VECTOR('',#40,1.);
#40 = DIRECTION('',(1.,0.));
#41 = ( GEOMETRIC_REPRESENTATION_CONTEXT(2) 
PARAMETRIC_REPRESENTATION_CONTEXT() REPRESENTATION_CONTEXT('2D SPACE',''
  ) );
#42 = PCURVE('',#43,#48);
#43 = PLANE('',#44);
#44 = AXIS2_PLACEMENT_3D('',#45,#46,#47);
#45 = CARTESIAN_POINT('',(0.,0.,6.45));
#46 = DIRECTION('',(0.,0.,1.));
#47 = DIRECTION('',(1.,0.,-0.));
#48 = DEFINITIONAL_REPRESENTATION('',(#49),#53);
#49 = CIRCLE('',#50,15.97);
#50 = AXIS2_PLACEMENT_2D('',#51,#52);
#51 = CARTESIAN_POINT('',(0.,0.));
#52 = DIRECTION('',(1.,0.));
#53 = ( GEOMETRIC_REPRESENTATION_CONTEXT(2) 
PARAMETRIC_REPRESENTATION_CONTEXT() REPRESENTATION_CONTEXT('2D SPACE',''
  ) );
#54 = ORIENTED_EDGE('',*,*,#55,.F.);
#55 = EDGE_CURVE('',#56,#22,#58,.T.);
#56 = VERTEX_POINT('',#57);
#57 = CARTESIAN_POINT('',(15.97,-3.911521876477E-15,0.2));
#58 = SEAM_CURVE('',#59,(#63,#70),.PCURVE_S1.);
#59 = LINE('',#60,#61);
#60 = CARTESIAN_POINT('',(15.97,-3.911521876477E-15,0.2));
#61 = VECTOR('',#62,1.);
#62 = DIRECTION('',(0.,0.,1.));
#63 = PCURVE('',#31,#64);
#64 = DEFINITIONAL_REPRESENTATION('',(#65),#69);
#65 = LINE('',#66,#67);
#66 = CARTESIAN_POINT('',(6.28318530718,-0.));
#67 = VECTOR('',#68,1.);
#68 = DIRECTION('',(0.,1.));
#69 = ( GEOMETRIC_REPRESENTATION_CONTEXT(2) 
PARAMETRIC_REPRESENTATION_CONTEXT() REPRESENTATION_CONTEXT('2D SPACE',''
  ) );
#70 = PCURVE('',#31,#71);
#71 = DEFINITIONAL_REPRESENTATION('',(#72),#76);
#72 = LINE('',#73,#74);
#73 = CARTESIAN_POINT('',(0.,-0.));
#74 = VECTOR('',#75,1.);
#75 = DIRECTION('',(0.,1.));
#76 = ( GEOMETRIC_REPRESENTATION_CONTEXT(2) 
PARAMETRIC_REPRESENTATION_CONTEXT() REPRESENTATION_CONTEXT('2D SPACE',''
  ) );
#77 = ORIENTED_EDGE('',*,*,#78,.T.);
#78 = EDGE_CURVE('',#56,#56,#79,.T.);
#79 = SURFACE_CURVE('',#80,(#85,#92),.PCURVE_S1.);
#80 = CIRCLE('',#81,15.97);
#81 = AXIS2_PLACEMENT_3D('',#82,#83,#84);
#82 = CARTESIAN_POINT('',(0.,0.,0.2));
#83 = DIRECTION('',(0.,0.,1.));
#84 = DIRECTION('',(1.,0.,-0.));
#85 = PCURVE('',#31,#86);
#86 = DEFINITIONAL_REPRESENTATION('',(#87),#91);
#87 = LINE('',#88,#89);
#88 = CARTESIAN_POINT('',(0.,0.));
#89 = VECTOR('',#90,1.);
#90 = DIRECTION('',(1.,0.));
#91 = ( GEOMETRIC_REPRESENTATION_CONTEXT(2) 
PARAMETRIC_REPRESENTATION_CONTEXT() REPRESENTATION_CONTEXT('2D SPACE',''
  ) );
#92 = PCURVE('',#93,#98);
#93 = PLANE('',#94);
#94 = AXIS2_PLACEMENT_3D('',#95,#96,#97);
#95 = CARTESIAN_POINT('',(0.,0.,0.2));
#96 = DIRECTION('',(0.,0.,1.));
#97 = DIRECTION('',(1.,0.,-0.));
#98 = DEFINITIONAL_REPRESENTATION('',(#99),#103);
#99 = CIRCLE('',#100,15.97);
#100 = AXIS2_PLACEMENT_2D('',#101,#102);
#101 = CARTESIAN_POINT('',(0.,0.));
#102 = DIRECTION('',(1.,0.));
#103 = ( GEOMETRIC_REPRESENTATION_CONTEXT(2) 
PARAMETRIC_REPRESENTATION_CONTEXT() REPRESENTATION_CONTEXT('2D SPACE',''
  ) );
#104 = ORIENTED_EDGE('',*,*,#55,.T.);
#105 = ADVANCED_FACE('',(#106,#109),#43,.T.);
#106 = FACE_BOUND('',#107,.T.);
#107 = EDGE_LOOP('',(#108));
#108 = ORIENTED_EDGE('',*,*,#21,.T.);
#109 = FACE_BOUND('',#110,.T.);
#110 = EDGE_LOOP('',(#111));
#111 = ORIENTED_EDGE('',*,*,#112,.F.);
#112 = EDGE_CURVE('',#113,#113,#115,.T.);
#113 = VERTEX_POINT('',#114);
#114 = CARTESIAN_POINT('',(13.8,-3.380025165647E-15,6.45));
#115 = SURFACE_CURVE('',#116,(#121,#128),.PCURVE_S1.);
#116 = CIRCLE('',#117,13.8);
#117 = AXIS2_PLACEMENT_3D('',#118,#119,#120);
#118 = CARTESIAN_POINT('',(0.,0.,6.45));
#119 = DIRECTION('',(0.,0.,1.));
#120 = DIRECTION('',(1.,0.,-0.));
#121 = PCURVE('',#43,#122);
#122 = DEFINITIONAL_REPRESENTATION('',(#123),#127);
#123 = CIRCLE('',#124,13.8);
#124 = AXIS2_PLACEMENT_2D('',#125,#126);
#125 = CARTESIAN_POINT('',(0.,0.));
#126 = DIRECTION('',(1.,0.));
#127 = ( GEOMETRIC_REPRESENTATION_CONTEXT(2) 
PARAMETRIC_REPRESENTATION_CONTEXT() REPRESENTATION_CONTEXT('2D SPACE',''
  ) );
#128 = PCURVE('',#129,#134);
#129 = CYLINDRICAL_SURFACE('',#130,13.8);
#130 = AXIS2_PLACEMENT_3D('',#131,#132,#133);
#131 = CARTESIAN_POINT('',(0.,0.,0.2));
#132 = DIRECTION('',(0.,0.,1.));
#133 = DIRECTION('',(1.,0.,-0.));
#134 = DEFINITIONAL_REPRESENTATION('',(#135),#139);
#135 = LINE('',#136,#137);
#136 = CARTESIAN_POINT('',(0.,6.25));
#137 = VECTOR('',#138,1.);
#138 = DIRECTION('',(1.,0.));
#139 = ( GEOMETRIC_REPRESENTATION_CONTEXT(2) 
PARAMETRIC_REPRESENTATION_CONTEXT() REPRESENTATION_CONTEXT('2D SPACE',''
  ) );
#140 = ADVANCED_FACE('',(#141,#144),#93,.F.);
#141 = FACE_BOUND('',#142,.F.);
#142 = EDGE_LOOP('',(#143));
#143 = ORIENTED_EDGE('',*,*,#78,.T.);
#144 = FACE_BOUND('',#145,.F.);
#145 = EDGE_LOOP('',(#146,#177,#203,#232,#258,#287,#313,#342,#368,#397,
    #423,#452));
#146 = ORIENTED_EDGE('',*,*,#147,.F.);
#147 = EDGE_CURVE('',#148,#150,#152,.T.);
#148 = VERTEX_POINT('',#149);
#149 = CARTESIAN_POINT('',(11.304298211188,7.915354821644,0.2));
#150 = VERTEX_POINT('',#151);
#151 = CARTESIAN_POINT('',(3.338522159275,13.390081022609,0.2));
#152 = SURFACE_CURVE('',#153,(#158,#165),.PCURVE_S1.);
#153 = CIRCLE('',#154,13.8);
#154 = AXIS2_PLACEMENT_3D('',#155,#156,#157);
#155 = CARTESIAN_POINT('',(0.,0.,0.2));
#156 = DIRECTION('',(0.,0.,1.));
#157 = DIRECTION('',(1.,0.,-0.));
#158 = PCURVE('',#93,#159);
#159 = DEFINITIONAL_REPRESENTATION('',(#160),#164);
#160 = CIRCLE('',#161,13.8);
#161 = AXIS2_PLACEMENT_2D('',#162,#163);
#162 = CARTESIAN_POINT('',(0.,0.));
#163 = DIRECTION('',(1.,0.));
#164 = ( GEOMETRIC_REPRESENTATION_CONTEXT(2) 
PARAMETRIC_REPRESENTATION_CONTEXT() REPRESENTATION_CONTEXT('2D SPACE',''
  ) );
#165 = PCURVE('',#166,#171);
#166 = CYLINDRICAL_SURFACE('',#167,13.8);
#167 = AXIS2_PLACEMENT_3D('',#168,#169,#170);
#168 = CARTESIAN_POINT('',(0.,0.,0.2));
#169 = DIRECTION('',(0.,0.,1.));
#170 = DIRECTION('',(1.,0.,-0.));
#171 = DEFINITIONAL_REPRESENTATION('',(#172),#176);
#172 = LINE('',#173,#174);
#173 = CARTESIAN_POINT('',(0.,0.));
#174 = VECTOR('',#175,1.);
#175 = DIRECTION('',(1.,0.));
#176 = ( GEOMETRIC_REPRESENTATION_CONTEXT(2) 
PARAMETRIC_REPRESENTATION_CONTEXT() REPRESENTATION_CONTEXT('2D SPACE',''
  ) );
#177 = ORIENTED_EDGE('',*,*,#178,.T.);
#178 = EDGE_CURVE('',#148,#179,#181,.T.);
#179 = VERTEX_POINT('',#180);
#180 = CARTESIAN_POINT('',(12.000577448834,8.402894792543,0.2));
#181 = SURFACE_CURVE('',#182,(#186,#192),.PCURVE_S1.);
#182 = LINE('',#183,#184);
#183 = CARTESIAN_POINT('',(6.819440768706,4.775023832622,0.2));
#184 = VECTOR('',#185,1.);
#185 = DIRECTION('',(0.819152044289,0.573576436351,-0.));
#186 = PCURVE('',#93,#187);
#187 = DEFINITIONAL_REPRESENTATION('',(#188),#191);
#188 = B_SPLINE_CURVE_WITH_KNOTS('',1,(#189,#190),.UNSPECIFIED.,.F.,.F.,
  (2,2),(4.675,6.325),.PIECEWISE_BEZIER_KNOTS.);
#189 = CARTESIAN_POINT('',(10.648976575757,7.456493672564));
#190 = CARTESIAN_POINT('',(12.000577448834,8.402894792543));
#191 = ( GEOMETRIC_REPRESENTATION_CONTEXT(2) 
PARAMETRIC_REPRESENTATION_CONTEXT() REPRESENTATION_CONTEXT('2D SPACE',''
  ) );
#192 = PCURVE('',#193,#198);
#193 = PLANE('',#194);
#194 = AXIS2_PLACEMENT_3D('',#195,#196,#197);
#195 = CARTESIAN_POINT('',(13.638881537412,9.550047665245,-0.3));
#196 = DIRECTION('',(0.573576436351,-0.819152044289,0.));
#197 = DIRECTION('',(-0.819152044289,-0.573576436351,0.));
#198 = DEFINITIONAL_REPRESENTATION('',(#199),#202);
#199 = B_SPLINE_CURVE_WITH_KNOTS('',1,(#200,#201),.UNSPECIFIED.,.F.,.F.,
  (2,2),(4.675,6.325),.PIECEWISE_BEZIER_KNOTS.);
#200 = CARTESIAN_POINT('',(3.65,-0.5));
#201 = CARTESIAN_POINT('',(2.,-0.5));
#202 = ( GEOMETRIC_REPRESENTATION_CONTEXT(2) 
PARAMETRIC_REPRESENTATION_CONTEXT() REPRESENTATION_CONTEXT('2D SPACE',''
  ) );
#203 = ORIENTED_EDGE('',*,*,#204,.F.);
#204 = EDGE_CURVE('',#205,#179,#207,.T.);
#205 = VERTEX_POINT('',#206);
#206 = CARTESIAN_POINT('',(10.538328074961,-10.17674512722,0.2));
#207 = SURFACE_CURVE('',#208,(#213,#220),.PCURVE_S1.);
#208 = CIRCLE('',#209,14.65);
#209 = AXIS2_PLACEMENT_3D('',#210,#211,#212);
#210 = CARTESIAN_POINT('',(0.,0.,0.2));
#211 = DIRECTION('',(0.,0.,1.));
#212 = DIRECTION('',(1.,0.,-0.));
#213 = PCURVE('',#93,#214);
#214 = DEFINITIONAL_REPRESENTATION('',(#215),#219);
#215 = CIRCLE('',#216,14.65);
#216 = AXIS2_PLACEMENT_2D('',#217,#218);
#217 = CARTESIAN_POINT('',(0.,0.));
#218 = DIRECTION('',(1.,0.));
#219 = ( GEOMETRIC_REPRESENTATION_CONTEXT(2) 
PARAMETRIC_REPRESENTATION_CONTEXT() REPRESENTATION_CONTEXT('2D SPACE',''
  ) );
#220 = PCURVE('',#221,#226);
#221 = CYLINDRICAL_SURFACE('',#222,14.65);
#222 = AXIS2_PLACEMENT_3D('',#223,#224,#225);
#223 = CARTESIAN_POINT('',(0.,0.,-0.3));
#224 = DIRECTION('',(0.,0.,1.));
#225 = DIRECTION('',(1.,0.,-0.));
#226 = DEFINITIONAL_REPRESENTATION('',(#227),#231);
#227 = LINE('',#228,#229);
#228 = CARTESIAN_POINT('',(0.,0.5));
#229 = VECTOR('',#230,1.);
#230 = DIRECTION('',(1.,0.));
#231 = ( GEOMETRIC_REPRESENTATION_CONTEXT(2) 
PARAMETRIC_REPRESENTATION_CONTEXT() REPRESENTATION_CONTEXT('2D SPACE',''
  ) );
#232 = ORIENTED_EDGE('',*,*,#233,.T.);
#233 = EDGE_CURVE('',#205,#234,#236,.T.);
#234 = VERTEX_POINT('',#235);
#235 = CARTESIAN_POINT('',(9.926889244673,-9.586285512334,0.2));
#236 = SURFACE_CURVE('',#237,(#241,#247),.PCURVE_S1.);
#237 = LINE('',#238,#239);
#238 = CARTESIAN_POINT('',(0.,0.,0.2));
#239 = VECTOR('',#240,1.);
#240 = DIRECTION('',(-0.719339800339,0.694658370459,0.));
#241 = PCURVE('',#93,#242);
#242 = DEFINITIONAL_REPRESENTATION('',(#243),#246);
#243 = B_SPLINE_CURVE_WITH_KNOTS('',1,(#244,#245),.UNSPECIFIED.,.F.,.F.,
  (2,2),(-14.65,-13.),.PIECEWISE_BEZIER_KNOTS.);
#244 = CARTESIAN_POINT('',(10.538328074961,-10.17674512722));
#245 = CARTESIAN_POINT('',(9.351417404402,-9.030558815967));
#246 = ( GEOMETRIC_REPRESENTATION_CONTEXT(2) 
PARAMETRIC_REPRESENTATION_CONTEXT() REPRESENTATION_CONTEXT('2D SPACE',''
  ) );
#247 = PCURVE('',#248,#253);
#248 = PLANE('',#249);
#249 = AXIS2_PLACEMENT_3D('',#250,#251,#252);
#250 = CARTESIAN_POINT('',(0.,0.,-0.3));
#251 = DIRECTION('',(0.694658370459,0.719339800339,-0.));
#252 = DIRECTION('',(0.719339800339,-0.694658370459,0.));
#253 = DEFINITIONAL_REPRESENTATION('',(#254),#257);
#254 = B_SPLINE_CURVE_WITH_KNOTS('',1,(#255,#256),.UNSPECIFIED.,.F.,.F.,
  (2,2),(-14.65,-13.),.PIECEWISE_BEZIER_KNOTS.);
#255 = CARTESIAN_POINT('',(14.65,-0.5));
#256 = CARTESIAN_POINT('',(13.,-0.5));
#257 = ( GEOMETRIC_REPRESENTATION_CONTEXT(2) 
PARAMETRIC_REPRESENTATION_CONTEXT() REPRESENTATION_CONTEXT('2D SPACE',''
  ) );
#258 = ORIENTED_EDGE('',*,*,#259,.F.);
#259 = EDGE_CURVE('',#260,#234,#262,.T.);
#260 = VERTEX_POINT('',#261);
#261 = CARTESIAN_POINT('',(1.202749249918,-13.74748683366,0.2));
#262 = SURFACE_CURVE('',#263,(#268,#275),.PCURVE_S1.);
#263 = CIRCLE('',#264,13.8);
#264 = AXIS2_PLACEMENT_3D('',#265,#266,#267);
#265 = CARTESIAN_POINT('',(0.,0.,0.2));
#266 = DIRECTION('',(0.,0.,1.));
#267 = DIRECTION('',(1.,0.,-0.));
#268 = PCURVE('',#93,#269);
#269 = DEFINITIONAL_REPRESENTATION('',(#270),#274);
#270 = CIRCLE('',#271,13.8);
#271 = AXIS2_PLACEMENT_2D('',#272,#273);
#272 = CARTESIAN_POINT('',(0.,0.));
#273 = DIRECTION('',(1.,0.));
#274 = ( GEOMETRIC_REPRESENTATION_CONTEXT(2) 
PARAMETRIC_REPRESENTATION_CONTEXT() REPRESENTATION_CONTEXT('2D SPACE',''
  ) );
#275 = PCURVE('',#276,#281);
#276 = CYLINDRICAL_SURFACE('',#277,13.8);
#277 = AXIS2_PLACEMENT_3D('',#278,#279,#280);
#278 = CARTESIAN_POINT('',(0.,0.,0.2));
#279 = DIRECTION('',(0.,0.,1.));
#280 = DIRECTION('',(1.,0.,-0.));
#281 = DEFINITIONAL_REPRESENTATION('',(#282),#286);
#282 = LINE('',#283,#284);
#283 = CARTESIAN_POINT('',(0.,0.));
#284 = VECTOR('',#285,1.);
#285 = DIRECTION('',(1.,0.));
#286 = ( GEOMETRIC_REPRESENTATION_CONTEXT(2) 
PARAMETRIC_REPRESENTATION_CONTEXT() REPRESENTATION_CONTEXT('2D SPACE',''
  ) );
#287 = ORIENTED_EDGE('',*,*,#288,.T.);
#288 = EDGE_CURVE('',#260,#289,#291,.T.);
#289 = VERTEX_POINT('',#290);
#290 = CARTESIAN_POINT('',(1.276831631253,-14.59425232704,0.2));
#291 = SURFACE_CURVE('',#292,(#296,#302),.PCURVE_S1.);
#292 = LINE('',#293,#294);
#293 = CARTESIAN_POINT('',(0.725571558374,-8.293320861614,0.2));
#294 = VECTOR('',#295,1.);
#295 = DIRECTION('',(8.715574274766E-02,-0.996194698092,0.));
#296 = PCURVE('',#93,#297);
#297 = DEFINITIONAL_REPRESENTATION('',(#298),#301);
#298 = B_SPLINE_CURVE_WITH_KNOTS('',1,(#299,#300),.UNSPECIFIED.,.F.,.F.,
  (2,2),(4.675,6.325),.PIECEWISE_BEZIER_KNOTS.);
#299 = CARTESIAN_POINT('',(1.13302465572,-12.95053107519));
#300 = CARTESIAN_POINT('',(1.276831631253,-14.59425232704));
#301 = ( GEOMETRIC_REPRESENTATION_CONTEXT(2) 
PARAMETRIC_REPRESENTATION_CONTEXT() REPRESENTATION_CONTEXT('2D SPACE',''
  ) );
#302 = PCURVE('',#303,#308);
#303 = PLANE('',#304);
#304 = AXIS2_PLACEMENT_3D('',#305,#306,#307);
#305 = CARTESIAN_POINT('',(1.451143116749,-16.58664172322,-0.3));
#306 = DIRECTION('',(-0.996194698092,-8.715574274766E-02,0.));
#307 = DIRECTION('',(-8.715574274766E-02,0.996194698092,0.));
#308 = DEFINITIONAL_REPRESENTATION('',(#309),#312);
#309 = B_SPLINE_CURVE_WITH_KNOTS('',1,(#310,#311),.UNSPECIFIED.,.F.,.F.,
  (2,2),(4.675,6.325),.PIECEWISE_BEZIER_KNOTS.);
#310 = CARTESIAN_POINT('',(3.65,-0.5));
#311 = CARTESIAN_POINT('',(2.,-0.5));
#312 = ( GEOMETRIC_REPRESENTATION_CONTEXT(2) 
PARAMETRIC_REPRESENTATION_CONTEXT() REPRESENTATION_CONTEXT('2D SPACE',''
  ) );
#313 = ORIENTED_EDGE('',*,*,#314,.F.);
#314 = EDGE_CURVE('',#315,#289,#317,.T.);
#315 = VERTEX_POINT('',#316);
#316 = CARTESIAN_POINT('',(-14.08248384549,-4.038087262719,0.2));
#317 = SURFACE_CURVE('',#318,(#323,#330),.PCURVE_S1.);
#318 = CIRCLE('',#319,14.65);
#319 = AXIS2_PLACEMENT_3D('',#320,#321,#322);
#320 = CARTESIAN_POINT('',(0.,0.,0.2));
#321 = DIRECTION('',(0.,0.,1.));
#322 = DIRECTION('',(1.,0.,-0.));
#323 = PCURVE('',#93,#324);
#324 = DEFINITIONAL_REPRESENTATION('',(#325),#329);
#325 = CIRCLE('',#326,14.65);
#326 = AXIS2_PLACEMENT_2D('',#327,#328);
#327 = CARTESIAN_POINT('',(0.,0.));
#328 = DIRECTION('',(1.,0.));
#329 = ( GEOMETRIC_REPRESENTATION_CONTEXT(2) 
PARAMETRIC_REPRESENTATION_CONTEXT() REPRESENTATION_CONTEXT('2D SPACE',''
  ) );
#330 = PCURVE('',#331,#336);
#331 = CYLINDRICAL_SURFACE('',#332,14.65);
#332 = AXIS2_PLACEMENT_3D('',#333,#334,#335);
#333 = CARTESIAN_POINT('',(0.,0.,-0.3));
#334 = DIRECTION('',(0.,0.,1.));
#335 = DIRECTION('',(1.,0.,-0.));
#336 = DEFINITIONAL_REPRESENTATION('',(#337),#341);
#337 = LINE('',#338,#339);
#338 = CARTESIAN_POINT('',(0.,0.5));
#339 = VECTOR('',#340,1.);
#340 = DIRECTION('',(1.,0.));
#341 = ( GEOMETRIC_REPRESENTATION_CONTEXT(2) 
PARAMETRIC_REPRESENTATION_CONTEXT() REPRESENTATION_CONTEXT('2D SPACE',''
  ) );
#342 = ORIENTED_EDGE('',*,*,#343,.T.);
#343 = EDGE_CURVE('',#315,#344,#346,.T.);
#344 = VERTEX_POINT('',#345);
#345 = CARTESIAN_POINT('',(-13.26541140394,-3.803795510275,0.2));
#346 = SURFACE_CURVE('',#347,(#351,#357),.PCURVE_S1.);
#347 = LINE('',#348,#349);
#348 = CARTESIAN_POINT('',(0.,0.,0.2));
#349 = VECTOR('',#350,1.);
#350 = DIRECTION('',(0.961261695938,0.275637355817,-0.));
#351 = PCURVE('',#93,#352);
#352 = DEFINITIONAL_REPRESENTATION('',(#353),#356);
#353 = B_SPLINE_CURVE_WITH_KNOTS('',1,(#354,#355),.UNSPECIFIED.,.F.,.F.,
  (2,2),(-14.65,-13.),.PIECEWISE_BEZIER_KNOTS.);
#354 = CARTESIAN_POINT('',(-14.08248384549,-4.038087262719));
#355 = CARTESIAN_POINT('',(-12.49640204719,-3.583285625621));
#356 = ( GEOMETRIC_REPRESENTATION_CONTEXT(2) 
PARAMETRIC_REPRESENTATION_CONTEXT() REPRESENTATION_CONTEXT('2D SPACE',''
  ) );
#357 = PCURVE('',#358,#363);
#358 = PLANE('',#359);
#359 = AXIS2_PLACEMENT_3D('',#360,#361,#362);
#360 = CARTESIAN_POINT('',(0.,0.,-0.3));
#361 = DIRECTION('',(0.275637355817,-0.961261695938,0.));
#362 = DIRECTION('',(-0.961261695938,-0.275637355817,0.));
#363 = DEFINITIONAL_REPRESENTATION('',(#364),#367);
#364 = B_SPLINE_CURVE_WITH_KNOTS('',1,(#365,#366),.UNSPECIFIED.,.F.,.F.,
  (2,2),(-14.65,-13.),.PIECEWISE_BEZIER_KNOTS.);
#365 = CARTESIAN_POINT('',(14.65,-0.5));
#366 = CARTESIAN_POINT('',(13.,-0.5));
#367 = ( GEOMETRIC_REPRESENTATION_CONTEXT(2) 
PARAMETRIC_REPRESENTATION_CONTEXT() REPRESENTATION_CONTEXT('2D SPACE',''
  ) );
#368 = ORIENTED_EDGE('',*,*,#369,.F.);
#369 = EDGE_CURVE('',#370,#344,#372,.T.);
#370 = VERTEX_POINT('',#371);
#371 = CARTESIAN_POINT('',(-12.5070474611,5.832132012022,0.2));
#372 = SURFACE_CURVE('',#373,(#378,#385),.PCURVE_S1.);
#373 = CIRCLE('',#374,13.8);
#374 = AXIS2_PLACEMENT_3D('',#375,#376,#377);
#375 = CARTESIAN_POINT('',(0.,0.,0.2));
#376 = DIRECTION('',(0.,0.,1.));
#377 = DIRECTION('',(1.,0.,-0.));
#378 = PCURVE('',#93,#379);
#379 = DEFINITIONAL_REPRESENTATION('',(#380),#384);
#380 = CIRCLE('',#381,13.8);
#381 = AXIS2_PLACEMENT_2D('',#382,#383);
#382 = CARTESIAN_POINT('',(0.,0.));
#383 = DIRECTION('',(1.,0.));
#384 = ( GEOMETRIC_REPRESENTATION_CONTEXT(2) 
PARAMETRIC_REPRESENTATION_CONTEXT() REPRESENTATION_CONTEXT('2D SPACE',''
  ) );
#385 = PCURVE('',#386,#391);
#386 = CYLINDRICAL_SURFACE('',#387,13.8);
#387 = AXIS2_PLACEMENT_3D('',#388,#389,#390);
#388 = CARTESIAN_POINT('',(0.,0.,0.2));
#389 = DIRECTION('',(0.,0.,1.));
#390 = DIRECTION('',(1.,0.,-0.));
#391 = DEFINITIONAL_REPRESENTATION('',(#392),#396);
#392 = LINE('',#393,#394);
#393 = CARTESIAN_POINT('',(0.,0.));
#394 = VECTOR('',#395,1.);
#395 = DIRECTION('',(1.,0.));
#396 = ( GEOMETRIC_REPRESENTATION_CONTEXT(2) 
PARAMETRIC_REPRESENTATION_CONTEXT() REPRESENTATION_CONTEXT('2D SPACE',''
  ) );
#397 = ORIENTED_EDGE('',*,*,#398,.T.);
#398 = EDGE_CURVE('',#370,#399,#401,.T.);
#399 = VERTEX_POINT('',#400);
#400 = CARTESIAN_POINT('',(-13.27740908008,6.191357534501,0.2));
#401 = SURFACE_CURVE('',#402,(#406,#412),.PCURVE_S1.);
#402 = LINE('',#403,#404);
#403 = CARTESIAN_POINT('',(-7.54501232708,3.518297028991,0.2));
#404 = VECTOR('',#405,1.);
#405 = DIRECTION('',(-0.906307787037,0.422618261741,0.));
#406 = PCURVE('',#93,#407);
#407 = DEFINITIONAL_REPRESENTATION('',(#408),#411);
#408 = B_SPLINE_CURVE_WITH_KNOTS('',1,(#409,#410),.UNSPECIFIED.,.F.,.F.,
  (2,2),(4.675,6.325),.PIECEWISE_BEZIER_KNOTS.);
#409 = CARTESIAN_POINT('',(-11.78200123147,5.494037402629));
#410 = CARTESIAN_POINT('',(-13.27740908008,6.191357534501));
#411 = ( GEOMETRIC_REPRESENTATION_CONTEXT(2) 
PARAMETRIC_REPRESENTATION_CONTEXT() REPRESENTATION_CONTEXT('2D SPACE',''
  ) );
#412 = PCURVE('',#413,#418);
#413 = PLANE('',#414);
#414 = AXIS2_PLACEMENT_3D('',#415,#416,#417);
#415 = CARTESIAN_POINT('',(-15.09002465416,7.036594057983,-0.3));
#416 = DIRECTION('',(0.422618261741,0.906307787037,-0.));
#417 = DIRECTION('',(0.906307787037,-0.422618261741,0.));
#418 = DEFINITIONAL_REPRESENTATION('',(#419),#422);
#419 = B_SPLINE_CURVE_WITH_KNOTS('',1,(#420,#421),.UNSPECIFIED.,.F.,.F.,
  (2,2),(4.675,6.325),.PIECEWISE_BEZIER_KNOTS.);
#420 = CARTESIAN_POINT('',(3.65,-0.5));
#421 = CARTESIAN_POINT('',(2.,-0.5));
#422 = ( GEOMETRIC_REPRESENTATION_CONTEXT(2) 
PARAMETRIC_REPRESENTATION_CONTEXT() REPRESENTATION_CONTEXT('2D SPACE',''
  ) );
#423 = ORIENTED_EDGE('',*,*,#424,.F.);
#424 = EDGE_CURVE('',#425,#399,#427,.T.);
#425 = VERTEX_POINT('',#426);
#426 = CARTESIAN_POINT('',(3.544155770535,14.214832389943,0.2));
#427 = SURFACE_CURVE('',#428,(#433,#440),.PCURVE_S1.);
#428 = CIRCLE('',#429,14.65);
#429 = AXIS2_PLACEMENT_3D('',#430,#431,#432);
#430 = CARTESIAN_POINT('',(0.,0.,0.2));
#431 = DIRECTION('',(0.,0.,1.));
#432 = DIRECTION('',(1.,0.,-0.));
#433 = PCURVE('',#93,#434);
#434 = DEFINITIONAL_REPRESENTATION('',(#435),#439);
#435 = CIRCLE('',#436,14.65);
#436 = AXIS2_PLACEMENT_2D('',#437,#438);
#437 = CARTESIAN_POINT('',(0.,0.));
#438 = DIRECTION('',(1.,0.));
#439 = ( GEOMETRIC_REPRESENTATION_CONTEXT(2) 
PARAMETRIC_REPRESENTATION_CONTEXT() REPRESENTATION_CONTEXT('2D SPACE',''
  ) );
#440 = PCURVE('',#441,#446);
#441 = CYLINDRICAL_SURFACE('',#442,14.65);
#442 = AXIS2_PLACEMENT_3D('',#443,#444,#445);
#443 = CARTESIAN_POINT('',(0.,0.,-0.3));
#444 = DIRECTION('',(0.,0.,1.));
#445 = DIRECTION('',(1.,0.,-0.));
#446 = DEFINITIONAL_REPRESENTATION('',(#447),#451);
#447 = LINE('',#448,#449);
#448 = CARTESIAN_POINT('',(0.,0.5));
#449 = VECTOR('',#450,1.);
#450 = DIRECTION('',(1.,0.));
#451 = ( GEOMETRIC_REPRESENTATION_CONTEXT(2) 
PARAMETRIC_REPRESENTATION_CONTEXT() REPRESENTATION_CONTEXT('2D SPACE',''
  ) );
#452 = ORIENTED_EDGE('',*,*,#453,.T.);
#453 = EDGE_CURVE('',#425,#150,#454,.T.);
#454 = SURFACE_CURVE('',#455,(#459,#465),.PCURVE_S1.);
#455 = LINE('',#456,#457);
#456 = CARTESIAN_POINT('',(0.,0.,0.2));
#457 = VECTOR('',#458,1.);
#458 = DIRECTION('',(-0.2419218956,-0.970295726276,0.));
#459 = PCURVE('',#93,#460);
#460 = DEFINITIONAL_REPRESENTATION('',(#461),#464);
#461 = B_SPLINE_CURVE_WITH_KNOTS('',1,(#462,#463),.UNSPECIFIED.,.F.,.F.,
  (2,2),(-14.65,-13.),.PIECEWISE_BEZIER_KNOTS.);
#462 = CARTESIAN_POINT('',(3.544155770535,14.214832389943));
#463 = CARTESIAN_POINT('',(3.144984642796,12.613844441588));
#464 = ( GEOMETRIC_REPRESENTATION_CONTEXT(2) 
PARAMETRIC_REPRESENTATION_CONTEXT() REPRESENTATION_CONTEXT('2D SPACE',''
  ) );
#465 = PCURVE('',#466,#471);
#466 = PLANE('',#467);
#467 = AXIS2_PLACEMENT_3D('',#468,#469,#470);
#468 = CARTESIAN_POINT('',(0.,0.,-0.3));
#469 = DIRECTION('',(-0.970295726276,0.2419218956,0.));
#470 = DIRECTION('',(0.2419218956,0.970295726276,0.));
#471 = DEFINITIONAL_REPRESENTATION('',(#472),#475);
#472 = B_SPLINE_CURVE_WITH_KNOTS('',1,(#473,#474),.UNSPECIFIED.,.F.,.F.,
  (2,2),(-14.65,-13.),.PIECEWISE_BEZIER_KNOTS.);
#473 = CARTESIAN_POINT('',(14.65,-0.5));
#474 = CARTESIAN_POINT('',(13.,-0.5));
#475 = ( GEOMETRIC_REPRESENTATION_CONTEXT(2) 
PARAMETRIC_REPRESENTATION_CONTEXT() REPRESENTATION_CONTEXT('2D SPACE',''
  ) );
#476 = ADVANCED_FACE('',(#477),#129,.F.);
#477 = FACE_BOUND('',#478,.F.);
#478 = EDGE_LOOP('',(#479,#508,#529,#530));
#479 = ORIENTED_EDGE('',*,*,#480,.T.);
#480 = EDGE_CURVE('',#481,#481,#483,.T.);
#481 = VERTEX_POINT('',#482);
#482 = CARTESIAN_POINT('',(13.8,-3.380025165647E-15,5.9375));
#483 = SURFACE_CURVE('',#484,(#489,#496),.PCURVE_S1.);
#484 = CIRCLE('',#485,13.8);
#485 = AXIS2_PLACEMENT_3D('',#486,#487,#488);
#486 = CARTESIAN_POINT('',(0.,0.,5.9375));
#487 = DIRECTION('',(0.,0.,1.));
#488 = DIRECTION('',(1.,0.,-0.));
#489 = PCURVE('',#129,#490);
#490 = DEFINITIONAL_REPRESENTATION('',(#491),#495);
#491 = LINE('',#492,#493);
#492 = CARTESIAN_POINT('',(0.,5.7375));
#493 = VECTOR('',#494,1.);
#494 = DIRECTION('',(1.,0.));
#495 = ( GEOMETRIC_REPRESENTATION_CONTEXT(2) 
PARAMETRIC_REPRESENTATION_CONTEXT() REPRESENTATION_CONTEXT('2D SPACE',''
  ) );
#496 = PCURVE('',#497,#502);
#497 = PLANE('',#498);
#498 = AXIS2_PLACEMENT_3D('',#499,#500,#501);
#499 = CARTESIAN_POINT('',(0.,0.,5.9375));
#500 = DIRECTION('',(0.,0.,1.));
#501 = DIRECTION('',(1.,0.,-0.));
#502 = DEFINITIONAL_REPRESENTATION('',(#503),#507);
#503 = CIRCLE('',#504,13.8);
#504 = AXIS2_PLACEMENT_2D('',#505,#506);
#505 = CARTESIAN_POINT('',(0.,0.));
#506 = DIRECTION('',(1.,0.));
#507 = ( GEOMETRIC_REPRESENTATION_CONTEXT(2) 
PARAMETRIC_REPRESENTATION_CONTEXT() REPRESENTATION_CONTEXT('2D SPACE',''
  ) );
#508 = ORIENTED_EDGE('',*,*,#509,.T.);
#509 = EDGE_CURVE('',#481,#113,#510,.T.);
#510 = SEAM_CURVE('',#511,(#515,#522),.PCURVE_S1.);
#511 = LINE('',#512,#513);
#512 = CARTESIAN_POINT('',(13.8,-3.380025165647E-15,0.2));
#513 = VECTOR('',#514,1.);
#514 = DIRECTION('',(0.,0.,1.));
#515 = PCURVE('',#129,#516);
#516 = DEFINITIONAL_REPRESENTATION('',(#517),#521);
#517 = LINE('',#518,#519);
#518 = CARTESIAN_POINT('',(0.,-0.));
#519 = VECTOR('',#520,1.);
#520 = DIRECTION('',(0.,1.));
#521 = ( GEOMETRIC_REPRESENTATION_CONTEXT(2) 
PARAMETRIC_REPRESENTATION_CONTEXT() REPRESENTATION_CONTEXT('2D SPACE',''
  ) );
#522 = PCURVE('',#129,#523);
#523 = DEFINITIONAL_REPRESENTATION('',(#524),#528);
#524 = LINE('',#525,#526);
#525 = CARTESIAN_POINT('',(6.28318530718,-0.));
#526 = VECTOR('',#527,1.);
#527 = DIRECTION('',(0.,1.));
#528 = ( GEOMETRIC_REPRESENTATION_CONTEXT(2) 
PARAMETRIC_REPRESENTATION_CONTEXT() REPRESENTATION_CONTEXT('2D SPACE',''
  ) );
#529 = ORIENTED_EDGE('',*,*,#112,.F.);
#530 = ORIENTED_EDGE('',*,*,#509,.F.);
#531 = ADVANCED_FACE('',(#532),#166,.F.);
#532 = FACE_BOUND('',#533,.F.);
#533 = EDGE_LOOP('',(#534,#565,#591,#610,#611));
#534 = ORIENTED_EDGE('',*,*,#535,.F.);
#535 = EDGE_CURVE('',#536,#538,#540,.T.);
#536 = VERTEX_POINT('',#537);
#537 = CARTESIAN_POINT('',(11.304298211188,7.915354821644,2.637323655924
    ));
#538 = VERTEX_POINT('',#539);
#539 = CARTESIAN_POINT('',(3.338522159275,13.390081022609,2.637323655924
    ));
#540 = SURFACE_CURVE('',#541,(#546,#553),.PCURVE_S1.);
#541 = CIRCLE('',#542,13.8);
#542 = AXIS2_PLACEMENT_3D('',#543,#544,#545);
#543 = CARTESIAN_POINT('',(0.,0.,2.637323655924));
#544 = DIRECTION('',(0.,0.,1.));
#545 = DIRECTION('',(0.,-1.,0.));
#546 = PCURVE('',#166,#547);
#547 = DEFINITIONAL_REPRESENTATION('',(#548),#552);
#548 = LINE('',#549,#550);
#549 = CARTESIAN_POINT('',(-1.570796326795,2.437323655924));
#550 = VECTOR('',#551,1.);
#551 = DIRECTION('',(1.,0.));
#552 = ( GEOMETRIC_REPRESENTATION_CONTEXT(2) 
PARAMETRIC_REPRESENTATION_CONTEXT() REPRESENTATION_CONTEXT('2D SPACE',''
  ) );
#553 = PCURVE('',#554,#559);
#554 = CONICAL_SURFACE('',#555,13.75,0.698131700798);
#555 = AXIS2_PLACEMENT_3D('',#556,#557,#558);
#556 = CARTESIAN_POINT('',(0.,0.,2.577735976294));
#557 = DIRECTION('',(0.,0.,1.));
#558 = DIRECTION('',(1.,0.,-0.));
#559 = DEFINITIONAL_REPRESENTATION('',(#560),#564);
#560 = LINE('',#561,#562);
#561 = CARTESIAN_POINT('',(-1.570796326795,5.958767962971E-02));
#562 = VECTOR('',#563,1.);
#563 = DIRECTION('',(1.,0.));
#564 = ( GEOMETRIC_REPRESENTATION_CONTEXT(2) 
PARAMETRIC_REPRESENTATION_CONTEXT() REPRESENTATION_CONTEXT('2D SPACE',''
  ) );
#565 = ORIENTED_EDGE('',*,*,#566,.F.);
#566 = EDGE_CURVE('',#567,#536,#569,.T.);
#567 = VERTEX_POINT('',#568);
#568 = CARTESIAN_POINT('',(11.304298211227,7.915354821588,2.220000001416
    ));
#569 = SURFACE_CURVE('',#570,(#574,#580),.PCURVE_S1.);
#570 = LINE('',#571,#572);
#571 = CARTESIAN_POINT('',(11.304298211188,7.915354821644,0.2));
#572 = VECTOR('',#573,1.);
#573 = DIRECTION('',(0.,0.,1.));
#574 = PCURVE('',#166,#575);
#575 = DEFINITIONAL_REPRESENTATION('',(#576),#579);
#576 = B_SPLINE_CURVE_WITH_KNOTS('',1,(#577,#578),.UNSPECIFIED.,.F.,.F.,
  (2,2),(-5.999999999895E-07,3.57),.PIECEWISE_BEZIER_KNOTS.);
#577 = CARTESIAN_POINT('',(0.610865238198,-5.999999999895E-07));
#578 = CARTESIAN_POINT('',(0.610865238198,3.57));
#579 = ( GEOMETRIC_REPRESENTATION_CONTEXT(2) 
PARAMETRIC_REPRESENTATION_CONTEXT() REPRESENTATION_CONTEXT('2D SPACE',''
  ) );
#580 = PCURVE('',#581,#586);
#581 = PLANE('',#582);
#582 = AXIS2_PLACEMENT_3D('',#583,#584,#585);
#583 = CARTESIAN_POINT('',(13.638881537412,9.550047665245,-0.3));
#584 = DIRECTION('',(0.573576436351,-0.819152044289,0.));
#585 = DIRECTION('',(-0.819152044289,-0.573576436351,0.));
#586 = DEFINITIONAL_REPRESENTATION('',(#587),#590);
#587 = B_SPLINE_CURVE_WITH_KNOTS('',1,(#588,#589),.UNSPECIFIED.,.F.,.F.,
  (2,2),(-5.999999999895E-07,3.57),.PIECEWISE_BEZIER_KNOTS.);
#588 = CARTESIAN_POINT('',(2.85,-0.4999994));
#589 = CARTESIAN_POINT('',(2.85,-4.07));
#590 = ( GEOMETRIC_REPRESENTATION_CONTEXT(2) 
PARAMETRIC_REPRESENTATION_CONTEXT() REPRESENTATION_CONTEXT('2D SPACE',''
  ) );
#591 = ORIENTED_EDGE('',*,*,#592,.F.);
#592 = EDGE_CURVE('',#148,#567,#593,.T.);
#593 = SURFACE_CURVE('',#594,(#598,#604),.PCURVE_S1.);
#594 = LINE('',#595,#596);
#595 = CARTESIAN_POINT('',(11.304298211188,7.915354821644,0.2));
#596 = VECTOR('',#597,1.);
#597 = DIRECTION('',(0.,0.,1.));
#598 = PCURVE('',#166,#599);
#599 = DEFINITIONAL_REPRESENTATION('',(#600),#603);
#600 = B_SPLINE_CURVE_WITH_KNOTS('',1,(#601,#602),.UNSPECIFIED.,.F.,.F.,
  (2,2),(-5.999999999895E-07,3.57),.PIECEWISE_BEZIER_KNOTS.);
#601 = CARTESIAN_POINT('',(0.610865238198,-5.999999999895E-07));
#602 = CARTESIAN_POINT('',(0.610865238198,3.57));
#603 = ( GEOMETRIC_REPRESENTATION_CONTEXT(2) 
PARAMETRIC_REPRESENTATION_CONTEXT() REPRESENTATION_CONTEXT('2D SPACE',''
  ) );
#604 = PCURVE('',#193,#605);
#605 = DEFINITIONAL_REPRESENTATION('',(#606),#609);
#606 = B_SPLINE_CURVE_WITH_KNOTS('',1,(#607,#608),.UNSPECIFIED.,.F.,.F.,
  (2,2),(-5.999999999895E-07,3.57),.PIECEWISE_BEZIER_KNOTS.);
#607 = CARTESIAN_POINT('',(2.85,-0.4999994));
#608 = CARTESIAN_POINT('',(2.85,-4.07));
#609 = ( GEOMETRIC_REPRESENTATION_CONTEXT(2) 
PARAMETRIC_REPRESENTATION_CONTEXT() REPRESENTATION_CONTEXT('2D SPACE',''
  ) );
#610 = ORIENTED_EDGE('',*,*,#147,.T.);
#611 = ORIENTED_EDGE('',*,*,#612,.T.);
#612 = EDGE_CURVE('',#150,#538,#613,.T.);
#613 = SURFACE_CURVE('',#614,(#618,#624),.PCURVE_S1.);
#614 = LINE('',#615,#616);
#615 = CARTESIAN_POINT('',(3.338522159275,13.390081022609,0.2));
#616 = VECTOR('',#617,1.);
#617 = DIRECTION('',(0.,0.,1.));
#618 = PCURVE('',#166,#619);
#619 = DEFINITIONAL_REPRESENTATION('',(#620),#623);
#620 = B_SPLINE_CURVE_WITH_KNOTS('',1,(#621,#622),.UNSPECIFIED.,.F.,.F.,
  (2,2),(-5.999999999895E-07,3.57),.PIECEWISE_BEZIER_KNOTS.);
#621 = CARTESIAN_POINT('',(1.326450231516,-5.999999999895E-07));
#622 = CARTESIAN_POINT('',(1.326450231516,3.57));
#623 = ( GEOMETRIC_REPRESENTATION_CONTEXT(2) 
PARAMETRIC_REPRESENTATION_CONTEXT() REPRESENTATION_CONTEXT('2D SPACE',''
  ) );
#624 = PCURVE('',#466,#625);
#625 = DEFINITIONAL_REPRESENTATION('',(#626),#629);
#626 = B_SPLINE_CURVE_WITH_KNOTS('',1,(#627,#628),.UNSPECIFIED.,.F.,.F.,
  (2,2),(-5.999999999895E-07,3.57),.PIECEWISE_BEZIER_KNOTS.);
#627 = CARTESIAN_POINT('',(13.8,-0.4999994));
#628 = CARTESIAN_POINT('',(13.8,-4.07));
#629 = ( GEOMETRIC_REPRESENTATION_CONTEXT(2) 
PARAMETRIC_REPRESENTATION_CONTEXT() REPRESENTATION_CONTEXT('2D SPACE',''
  ) );
#630 = ADVANCED_FACE('',(#631),#466,.T.);
#631 = FACE_BOUND('',#632,.T.);
#632 = EDGE_LOOP('',(#633,#654,#655,#656,#677));
#633 = ORIENTED_EDGE('',*,*,#634,.F.);
#634 = EDGE_CURVE('',#425,#635,#637,.T.);
#635 = VERTEX_POINT('',#636);
#636 = CARTESIAN_POINT('',(3.544155770536,14.214832389943,3.4));
#637 = SURFACE_CURVE('',#638,(#642,#648),.PCURVE_S1.);
#638 = LINE('',#639,#640);
#639 = CARTESIAN_POINT('',(3.544155770535,14.214832389943,-0.3));
#640 = VECTOR('',#641,1.);
#641 = DIRECTION('',(0.,0.,1.));
#642 = PCURVE('',#466,#643);
#643 = DEFINITIONAL_REPRESENTATION('',(#644),#647);
#644 = B_SPLINE_CURVE_WITH_KNOTS('',1,(#645,#646),.UNSPECIFIED.,.F.,.F.,
  (2,2),(-6.000000000173E-07,3.7000006),.PIECEWISE_BEZIER_KNOTS.);
#645 = CARTESIAN_POINT('',(14.65,6.000000000173E-07));
#646 = CARTESIAN_POINT('',(14.65,-3.7000006));
#647 = ( GEOMETRIC_REPRESENTATION_CONTEXT(2) 
PARAMETRIC_REPRESENTATION_CONTEXT() REPRESENTATION_CONTEXT('2D SPACE',''
  ) );
#648 = PCURVE('',#441,#649);
#649 = DEFINITIONAL_REPRESENTATION('',(#650),#653);
#650 = B_SPLINE_CURVE_WITH_KNOTS('',1,(#651,#652),.UNSPECIFIED.,.F.,.F.,
  (2,2),(-6.000000000173E-07,3.7000006),.PIECEWISE_BEZIER_KNOTS.);
#651 = CARTESIAN_POINT('',(1.326450231516,-6.000000000173E-07));
#652 = CARTESIAN_POINT('',(1.326450231516,3.7000006));
#653 = ( GEOMETRIC_REPRESENTATION_CONTEXT(2) 
PARAMETRIC_REPRESENTATION_CONTEXT() REPRESENTATION_CONTEXT('2D SPACE',''
  ) );
#654 = ORIENTED_EDGE('',*,*,#453,.T.);
#655 = ORIENTED_EDGE('',*,*,#612,.T.);
#656 = ORIENTED_EDGE('',*,*,#657,.T.);
#657 = EDGE_CURVE('',#538,#658,#660,.T.);
#658 = VERTEX_POINT('',#659);
#659 = CARTESIAN_POINT('',(3.493342843714,14.011032871873,3.4));
#660 = SURFACE_CURVE('',#661,(#665,#671),.PCURVE_S1.);
#661 = LINE('',#662,#663);
#662 = CARTESIAN_POINT('',(0.,0.,-13.80887592187));
#663 = VECTOR('',#664,1.);
#664 = DIRECTION('',(0.155504397003,0.623694070582,0.766044443119));
#665 = PCURVE('',#466,#666);
#666 = DEFINITIONAL_REPRESENTATION('',(#667),#670);
#667 = B_SPLINE_CURVE_WITH_KNOTS('',1,(#668,#669),.UNSPECIFIED.,.F.,.F.,
  (2,2),(21.391202619331,22.882322402218),.PIECEWISE_BEZIER_KNOTS.);
#668 = CARTESIAN_POINT('',(13.75,-2.877735976294));
#669 = CARTESIAN_POINT('',(14.708473320998,-4.02));
#670 = ( GEOMETRIC_REPRESENTATION_CONTEXT(2) 
PARAMETRIC_REPRESENTATION_CONTEXT() REPRESENTATION_CONTEXT('2D SPACE',''
  ) );
#671 = PCURVE('',#554,#672);
#672 = DEFINITIONAL_REPRESENTATION('',(#673),#676);
#673 = B_SPLINE_CURVE_WITH_KNOTS('',1,(#674,#675),.UNSPECIFIED.,.F.,.F.,
  (2,2),(21.391202619331,22.882322402218),.PIECEWISE_BEZIER_KNOTS.);
#674 = CARTESIAN_POINT('',(1.326450231516,0.));
#675 = CARTESIAN_POINT('',(1.326450231516,1.142264023706));
#676 = ( GEOMETRIC_REPRESENTATION_CONTEXT(2) 
PARAMETRIC_REPRESENTATION_CONTEXT() REPRESENTATION_CONTEXT('2D SPACE',''
  ) );
#677 = ORIENTED_EDGE('',*,*,#678,.T.);
#678 = EDGE_CURVE('',#658,#635,#679,.T.);
#679 = SURFACE_CURVE('',#680,(#684,#691),.PCURVE_S1.);
#680 = LINE('',#681,#682);
#681 = CARTESIAN_POINT('',(0.,0.,3.4));
#682 = VECTOR('',#683,1.);
#683 = DIRECTION('',(0.2419218956,0.970295726276,0.));
#684 = PCURVE('',#466,#685);
#685 = DEFINITIONAL_REPRESENTATION('',(#686),#690);
#686 = LINE('',#687,#688);
#687 = CARTESIAN_POINT('',(0.,-3.7));
#688 = VECTOR('',#689,1.);
#689 = DIRECTION('',(1.,0.));
#690 = ( GEOMETRIC_REPRESENTATION_CONTEXT(2) 
PARAMETRIC_REPRESENTATION_CONTEXT() REPRESENTATION_CONTEXT('2D SPACE',''
  ) );
#691 = PCURVE('',#692,#697);
#692 = PLANE('',#693);
#693 = AXIS2_PLACEMENT_3D('',#694,#695,#696);
#694 = CARTESIAN_POINT('',(-4.333841548315,9.086087757583,3.4));
#695 = DIRECTION('',(0.,0.,1.));
#696 = DIRECTION('',(1.,0.,-0.));
#697 = DEFINITIONAL_REPRESENTATION('',(#698),#702);
#698 = LINE('',#699,#700);
#699 = CARTESIAN_POINT('',(4.333841548315,-9.086087757583));
#700 = VECTOR('',#701,1.);
#701 = DIRECTION('',(0.2419218956,0.970295726276));
#702 = ( GEOMETRIC_REPRESENTATION_CONTEXT(2) 
PARAMETRIC_REPRESENTATION_CONTEXT() REPRESENTATION_CONTEXT('2D SPACE',''
  ) );
#703 = ADVANCED_FACE('',(#704),#441,.F.);
#704 = FACE_BOUND('',#705,.F.);
#705 = EDGE_LOOP('',(#706,#730,#731,#732,#753,#824,#856,#966,#998));
#706 = ORIENTED_EDGE('',*,*,#707,.F.);
#707 = EDGE_CURVE('',#635,#708,#710,.T.);
#708 = VERTEX_POINT('',#709);
#709 = CARTESIAN_POINT('',(-13.27740908008,6.191357534501,3.4));
#710 = SURFACE_CURVE('',#711,(#716,#723),.PCURVE_S1.);
#711 = CIRCLE('',#712,14.65);
#712 = AXIS2_PLACEMENT_3D('',#713,#714,#715);
#713 = CARTESIAN_POINT('',(0.,0.,3.4));
#714 = DIRECTION('',(0.,0.,1.));
#715 = DIRECTION('',(1.,0.,-0.));
#716 = PCURVE('',#441,#717);
#717 = DEFINITIONAL_REPRESENTATION('',(#718),#722);
#718 = LINE('',#719,#720);
#719 = CARTESIAN_POINT('',(0.,3.7));
#720 = VECTOR('',#721,1.);
#721 = DIRECTION('',(1.,0.));
#722 = ( GEOMETRIC_REPRESENTATION_CONTEXT(2) 
PARAMETRIC_REPRESENTATION_CONTEXT() REPRESENTATION_CONTEXT('2D SPACE',''
  ) );
#723 = PCURVE('',#692,#724);
#724 = DEFINITIONAL_REPRESENTATION('',(#725),#729);
#725 = CIRCLE('',#726,14.65);
#726 = AXIS2_PLACEMENT_2D('',#727,#728);
#727 = CARTESIAN_POINT('',(4.333841548315,-9.086087757583));
#728 = DIRECTION('',(1.,0.));
#729 = ( GEOMETRIC_REPRESENTATION_CONTEXT(2) 
PARAMETRIC_REPRESENTATION_CONTEXT() REPRESENTATION_CONTEXT('2D SPACE',''
  ) );
#730 = ORIENTED_EDGE('',*,*,#634,.F.);
#731 = ORIENTED_EDGE('',*,*,#424,.T.);
#732 = ORIENTED_EDGE('',*,*,#733,.T.);
#733 = EDGE_CURVE('',#399,#734,#736,.T.);
#734 = VERTEX_POINT('',#735);
#735 = CARTESIAN_POINT('',(-13.27740908008,6.191357534501,1.218900173232
    ));
#736 = SURFACE_CURVE('',#737,(#741,#747),.PCURVE_S1.);
#737 = LINE('',#738,#739);
#738 = CARTESIAN_POINT('',(-13.27740908008,6.191357534501,-0.3));
#739 = VECTOR('',#740,1.);
#740 = DIRECTION('',(0.,0.,1.));
#741 = PCURVE('',#441,#742);
#742 = DEFINITIONAL_REPRESENTATION('',(#743),#746);
#743 = B_SPLINE_CURVE_WITH_KNOTS('',1,(#744,#745),.UNSPECIFIED.,.F.,.F.,
  (2,2),(-6.000000000173E-07,3.7000006),.PIECEWISE_BEZIER_KNOTS.);
#744 = CARTESIAN_POINT('',(2.705260340591,-6.000000000173E-07));
#745 = CARTESIAN_POINT('',(2.705260340591,3.7000006));
#746 = ( GEOMETRIC_REPRESENTATION_CONTEXT(2) 
PARAMETRIC_REPRESENTATION_CONTEXT() REPRESENTATION_CONTEXT('2D SPACE',''
  ) );
#747 = PCURVE('',#413,#748);
#748 = DEFINITIONAL_REPRESENTATION('',(#749),#752);
#749 = B_SPLINE_CURVE_WITH_KNOTS('',1,(#750,#751),.UNSPECIFIED.,.F.,.F.,
  (2,2),(-6.000000000173E-07,3.7000006),.PIECEWISE_BEZIER_KNOTS.);
#750 = CARTESIAN_POINT('',(2.,6.000000000173E-07));
#751 = CARTESIAN_POINT('',(2.,-3.7000006));
#752 = ( GEOMETRIC_REPRESENTATION_CONTEXT(2) 
PARAMETRIC_REPRESENTATION_CONTEXT() REPRESENTATION_CONTEXT('2D SPACE',''
  ) );
#753 = ORIENTED_EDGE('',*,*,#754,.F.);
#754 = EDGE_CURVE('',#755,#734,#757,.T.);
#755 = VERTEX_POINT('',#756);
#756 = CARTESIAN_POINT('',(-3.590898069285,14.203096530546,
    0.609161958376));
#757 = SURFACE_CURVE('',#758,(#773,#791),.PCURVE_S1.);
#758 = B_SPLINE_CURVE_WITH_KNOTS('',4,(#759,#760,#761,#762,#763,#764,
    #765,#766,#767,#768,#769,#770,#771,#772),.UNSPECIFIED.,.F.,.F.,(5,3,
    3,3,5),(0.,0.250927509293,0.500851003726,0.75077449359,1.),
  .UNSPECIFIED.);
#759 = CARTESIAN_POINT('',(-3.590898069285,14.203096530546,
    0.609161958376));
#760 = CARTESIAN_POINT('',(-4.381049155283,14.003326571717,0.64741191612
    ));
#761 = CARTESIAN_POINT('',(-5.156389947591,13.744943550422,
    0.685661995285));
#762 = CARTESIAN_POINT('',(-5.910364636542,13.429606719777,0.72391202486
    ));
#763 = CARTESIAN_POINT('',(-7.360615496984,12.692627046307,
    0.800258849309));
#764 = CARTESIAN_POINT('',(-8.057125043053,12.271407203779,
    0.838355890778));
#765 = CARTESIAN_POINT('',(-8.720516642811,11.799747085496,
    0.876452988196));
#766 = CARTESIAN_POINT('',(-9.970771169155,10.764068193181,
    0.952646926634));
#767 = CARTESIAN_POINT('',(-10.5576466128,10.20003905318,0.990744024168)
  );
#768 = CARTESIAN_POINT('',(-11.1011260105,9.5940837554,1.028841066246));
#769 = CARTESIAN_POINT('',(-12.09173982436,8.310691571458,1.1049284478)
  );
#770 = CARTESIAN_POINT('',(-12.53914891124,7.633446306336,1.142919030386
    ));
#771 = CARTESIAN_POINT('',(-12.93530583181,6.925000317943,1.180909659022
    ));
#772 = CARTESIAN_POINT('',(-13.27740908008,6.191357534501,1.218900173232
    ));
#773 = PCURVE('',#441,#774);
#774 = DEFINITIONAL_REPRESENTATION('',(#775),#790);
#775 = B_SPLINE_CURVE_WITH_KNOTS('',4,(#776,#777,#778,#779,#780,#781,
    #782,#783,#784,#785,#786,#787,#788,#789),.UNSPECIFIED.,.F.,.F.,(5,3,
    3,3,5),(0.,0.250927509293,0.500851003726,0.75077449359,1.),
  .UNSPECIFIED.);
#776 = CARTESIAN_POINT('',(1.818432053541,0.909161958376));
#777 = CARTESIAN_POINT('',(1.874064364727,0.94741191612));
#778 = CARTESIAN_POINT('',(1.929696863093,0.985661995285));
#779 = CARTESIAN_POINT('',(1.985329362226,1.02391202486));
#780 = CARTESIAN_POINT('',(2.096371388577,1.100258849309));
#781 = CARTESIAN_POINT('',(2.151781286168,1.138355890778));
#782 = CARTESIAN_POINT('',(2.207191182861,1.176452988196));
#783 = CARTESIAN_POINT('',(2.318010608692,1.252646926634));
#784 = CARTESIAN_POINT('',(2.37342050436,1.290744024168));
#785 = CARTESIAN_POINT('',(2.428830400916,1.328841066246));
#786 = CARTESIAN_POINT('',(2.53949508078,1.4049284478));
#787 = CARTESIAN_POINT('',(2.594750228164,1.442919030386));
#788 = CARTESIAN_POINT('',(2.650005374881,1.480909659022));
#789 = CARTESIAN_POINT('',(2.705260340591,1.518900173232));
#790 = ( GEOMETRIC_REPRESENTATION_CONTEXT(2) 
PARAMETRIC_REPRESENTATION_CONTEXT() REPRESENTATION_CONTEXT('2D SPACE',''
  ) );
#791 = PCURVE('',#792,#807);
#792 = B_SPLINE_SURFACE_WITH_KNOTS('',1,6,(
    (#793,#794,#795,#796,#797,#798,#799)
    ,(#800,#801,#802,#803,#804,#805,#806
    )),.UNSPECIFIED.,.F.,.F.,.F.,(2,2),(7,7),(0.,0.9),(0.,1.080210122553
    ),.PIECEWISE_BEZIER_KNOTS.);
#793 = CARTESIAN_POINT('',(-3.385283634859,13.378422077291,
    0.609161958376));
#794 = CARTESIAN_POINT('',(-5.370012499158,12.876205128366,
    0.711161963956));
#795 = CARTESIAN_POINT('',(-7.265334938552,12.02065968281,0.813161942742
    ));
#796 = CARTESIAN_POINT('',(-8.992648919632,10.831663230811,0.91516195895
    ));
#797 = CARTESIAN_POINT('',(-10.47909253257,9.352538088363,1.017161975594
    ));
#798 = CARTESIAN_POINT('',(-11.66868023466,7.646933694986,1.119161954189
    ));
#799 = CARTESIAN_POINT('',(-12.52741470605,5.788454306824,1.221161959792
    ));
#800 = CARTESIAN_POINT('',(-3.603013340899,14.25168823094,0.609161958376
    ));
#801 = CARTESIAN_POINT('',(-5.717293849406,13.717170429299,
    0.711161952773));
#802 = CARTESIAN_POINT('',(-7.736417597879,12.80626088798,0.813161974178
    ));
#803 = CARTESIAN_POINT('',(-9.57665193987,11.540115544933,0.915161957533
    ));
#804 = CARTESIAN_POINT('',(-11.16037322204,9.964865409031,1.017161941326
    ));
#805 = CARTESIAN_POINT('',(-12.42793022892,8.148298252795,1.11916196254)
  );
#806 = CARTESIAN_POINT('',(-13.34309171444,6.168810742267,1.22116195696)
  );
#807 = DEFINITIONAL_REPRESENTATION('',(#808),#823);
#808 = B_SPLINE_CURVE_WITH_KNOTS('',4,(#809,#810,#811,#812,#813,#814,
    #815,#816,#817,#818,#819,#820,#821,#822),.UNSPECIFIED.,.F.,.F.,(5,3,
    3,3,5),(0.,0.250927509293,0.500851003726,0.75077449359,1.),
  .UNSPECIFIED.);
#809 = CARTESIAN_POINT('',(0.849920731301,0.));
#810 = CARTESIAN_POINT('',(0.849920736003,6.751306137174E-02));
#811 = CARTESIAN_POINT('',(0.849920872069,0.135026330516));
#812 = CARTESIAN_POINT('',(0.849921142226,0.202539513085));
#813 = CARTESIAN_POINT('',(0.849921157827,0.337295414107));
#814 = CARTESIAN_POINT('',(0.849920953798,0.404538567957));
#815 = CARTESIAN_POINT('',(0.84992076867,0.471781822422));
#816 = CARTESIAN_POINT('',(0.849920770715,0.606267878656));
#817 = CARTESIAN_POINT('',(0.849920957712,0.673511133338));
#818 = CARTESIAN_POINT('',(0.849921167067,0.740754288292));
#819 = CARTESIAN_POINT('',(0.849921155504,0.875052259894));
#820 = CARTESIAN_POINT('',(0.849920893312,0.942107505803));
#821 = CARTESIAN_POINT('',(0.849920730577,1.009162832041));
#822 = CARTESIAN_POINT('',(0.849920734199,1.076217962485));
#823 = ( GEOMETRIC_REPRESENTATION_CONTEXT(2) 
PARAMETRIC_REPRESENTATION_CONTEXT() REPRESENTATION_CONTEXT('2D SPACE',''
  ) );
#824 = ORIENTED_EDGE('',*,*,#825,.T.);
#825 = EDGE_CURVE('',#755,#826,#828,.T.);
#826 = VERTEX_POINT('',#827);
#827 = CARTESIAN_POINT('',(-3.496771695098,14.226562751148,
    2.619716692904));
#828 = SURFACE_CURVE('',#829,(#834,#844),.PCURVE_S1.);
#829 = ELLIPSE('',#830,303.98596734882,14.65);
#830 = AXIS2_PLACEMENT_3D('',#831,#832,#833);
#831 = CARTESIAN_POINT('',(0.,0.,1.608000000002));
#832 = DIRECTION('',(0.96916828303,0.241640792427,-4.819301406499E-02));
#833 = DIRECTION('',(4.676147558361E-02,1.165894531726E-02,
    0.998838041624));
#834 = PCURVE('',#441,#835);
#835 = DEFINITIONAL_REPRESENTATION('',(#836),#843);
#836 = B_SPLINE_CURVE_WITH_KNOTS('',5,(#837,#838,#839,#840,#841,#842),
  .UNSPECIFIED.,.F.,.F.,(6,6),(4.708417543784,4.716599174193),
  .PIECEWISE_BEZIER_KNOTS.);
#837 = CARTESIAN_POINT('',(1.819113858675,0.702144960006));
#838 = CARTESIAN_POINT('',(1.817477532593,1.19898322722));
#839 = CARTESIAN_POINT('',(1.815841206511,1.695825530376));
#840 = CARTESIAN_POINT('',(1.814204880429,2.192669097979));
#841 = CARTESIAN_POINT('',(1.812568554347,2.689511158499));
#842 = CARTESIAN_POINT('',(1.810932228265,3.186348940442));
#843 = ( GEOMETRIC_REPRESENTATION_CONTEXT(2) 
PARAMETRIC_REPRESENTATION_CONTEXT() REPRESENTATION_CONTEXT('2D SPACE',''
  ) );
#844 = PCURVE('',#845,#850);
#845 = PLANE('',#846);
#846 = AXIS2_PLACEMENT_3D('',#847,#848,#849);
#847 = CARTESIAN_POINT('',(-3.474115060052,13.912635422484,1.50130653696
    ));
#848 = DIRECTION('',(0.96916828303,0.241640792427,-4.819301406499E-02));
#849 = DIRECTION('',(-4.676147558361E-02,-1.165894531726E-02,
    -0.998838041624));
#850 = DEFINITIONAL_REPRESENTATION('',(#851),#855);
#851 = ELLIPSE('',#852,303.98596734882,14.65);
#852 = AXIS2_PLACEMENT_2D('',#853,#854);
#853 = CARTESIAN_POINT('',(-0.106817580625,-14.33983519253));
#854 = DIRECTION('',(-1.,-3.687134093727E-16));
#855 = ( GEOMETRIC_REPRESENTATION_CONTEXT(2) 
PARAMETRIC_REPRESENTATION_CONTEXT() REPRESENTATION_CONTEXT('2D SPACE',''
  ) );
#856 = ORIENTED_EDGE('',*,*,#857,.T.);
#857 = EDGE_CURVE('',#826,#858,#860,.T.);
#858 = VERTEX_POINT('',#859);
#859 = CARTESIAN_POINT('',(-13.25670551814,6.235564032644,3.231716687848
    ));
#860 = SURFACE_CURVE('',#861,(#889,#920),.PCURVE_S1.);
#861 = B_SPLINE_CURVE_WITH_KNOTS('',6,(#862,#863,#864,#865,#866,#867,
    #868,#869,#870,#871,#872,#873,#874,#875,#876,#877,#878,#879,#880,
    #881,#882,#883,#884,#885,#886,#887,#888),.UNSPECIFIED.,.F.,.F.,(7,5,
    5,5,5,7),(0.,0.253000431931,0.281934695307,0.381934950908,
    0.690886928899,1.),.UNSPECIFIED.);
#862 = CARTESIAN_POINT('',(-3.496771695098,14.226562751148,
    2.619716692904));
#863 = CARTESIAN_POINT('',(-4.030741018962,14.095317498841,
    2.645522658659));
#864 = CARTESIAN_POINT('',(-4.558802432127,13.940021278386,
    2.671328750461));
#865 = CARTESIAN_POINT('',(-5.079594584202,13.761009082401,
    2.697134924652));
#866 = CARTESIAN_POINT('',(-5.591792406643,13.558714192061,
    2.722941117434));
#867 = CARTESIAN_POINT('',(-6.094107112745,13.333668177092,
    2.748747244865));
#868 = CARTESIAN_POINT('',(-6.641459639326,13.058233737646,
    2.777504487886));
#869 = CARTESIAN_POINT('',(-6.697487477985,13.029677231905,
    2.780455771897));
#870 = CARTESIAN_POINT('',(-6.753367850434,13.000832316132,
    2.783407054917));
#871 = CARTESIAN_POINT('',(-6.809098901746,12.971699943789,2.78635833698
    ));
#872 = CARTESIAN_POINT('',(-6.864678785261,12.942281084222,
    2.789309618129));
#873 = CARTESIAN_POINT('',(-7.111667542965,12.809914916145,
    2.802460874126));
#874 = CARTESIAN_POINT('',(-7.301401831691,12.703842840284,
    2.812660839937));
#875 = CARTESIAN_POINT('',(-7.489232575931,12.594401201264,
    2.822860798425));
#876 = CARTESIAN_POINT('',(-7.675085128749,12.481632901385,
    2.833060752596));
#877 = CARTESIAN_POINT('',(-7.858886149109,12.365583039061,
    2.843260705891));
#878 = CARTESIAN_POINT('',(-8.601858251086,11.877769170982,
    2.884973548369));
#879 = CARTESIAN_POINT('',(-9.142891375262,11.478362758689,
    2.916486903623));
#880 = CARTESIAN_POINT('',(-9.661522340944,11.049482873098,
    2.947999887735));
#881 = CARTESIAN_POINT('',(-10.15576910289,10.592715807957,
    2.979513068179));
#882 = CARTESIAN_POINT('',(-10.62379510553,10.109814211091,
    3.011026727766));
#883 = CARTESIAN_POINT('',(-11.50428253359,9.095346036078,3.074069383941
    ));
#884 = CARTESIAN_POINT('',(-11.91672716623,8.56374003435,3.105599251232)
  );
#885 = CARTESIAN_POINT('',(-12.29957617849,8.009829117351,3.137128438331
    ));
#886 = CARTESIAN_POINT('',(-12.65135054133,7.435681489979,3.168657370184
    ));
#887 = CARTESIAN_POINT('',(-12.97075678638,6.843486284813,3.200187250264
    ));
#888 = CARTESIAN_POINT('',(-13.25670551814,6.235564032644,3.231716687848
    ));
#889 = PCURVE('',#441,#890);
#890 = DEFINITIONAL_REPRESENTATION('',(#891),#919);
#891 = B_SPLINE_CURVE_WITH_KNOTS('',6,(#892,#893,#894,#895,#896,#897,
    #898,#899,#900,#901,#902,#903,#904,#905,#906,#907,#908,#909,#910,
    #911,#912,#913,#914,#915,#916,#917,#918),.UNSPECIFIED.,.F.,.F.,(7,5,
    5,5,5,7),(0.,0.253000431931,0.281934695307,0.381934950908,
    0.690886928899,1.),.UNSPECIFIED.);
#892 = CARTESIAN_POINT('',(1.81181037515,2.919716692904));
#893 = CARTESIAN_POINT('',(1.849343638329,2.945522658659));
#894 = CARTESIAN_POINT('',(1.886876980496,2.971328750461));
#895 = CARTESIAN_POINT('',(1.924410362137,2.997134924652));
#896 = CARTESIAN_POINT('',(1.961943743777,3.022941117434));
#897 = CARTESIAN_POINT('',(1.999477085985,3.048747244865));
#898 = CARTESIAN_POINT('',(2.041302821599,3.077504487886));
#899 = CARTESIAN_POINT('',(2.045595293838,3.080455771897));
#900 = CARTESIAN_POINT('',(2.049887766085,3.083407054917));
#901 = CARTESIAN_POINT('',(2.054180238335,3.08635833698));
#902 = CARTESIAN_POINT('',(2.058472710588,3.089309618129));
#903 = CARTESIAN_POINT('',(2.077600477494,3.102460874126));
#904 = CARTESIAN_POINT('',(2.092435772953,3.112660839937));
#905 = CARTESIAN_POINT('',(2.107271068819,3.122860798425));
#906 = CARTESIAN_POINT('',(2.122106364687,3.133060752596));
#907 = CARTESIAN_POINT('',(2.136941660152,3.143260705891));
#908 = CARTESIAN_POINT('',(2.197610773939,3.184973548369));
#909 = CARTESIAN_POINT('',(2.24344522928,3.216486903623));
#910 = CARTESIAN_POINT('',(2.289278940708,3.247999887735));
#911 = CARTESIAN_POINT('',(2.335112651077,3.279513068179));
#912 = CARTESIAN_POINT('',(2.380947104786,3.311026727766));
#913 = CARTESIAN_POINT('',(2.472638639203,3.374069383941));
#914 = CARTESIAN_POINT('',(2.51849699502,3.405599251232));
#915 = CARTESIAN_POINT('',(2.56435460724,3.437128438331));
#916 = CARTESIAN_POINT('',(2.610212220997,3.468657370184));
#917 = CARTESIAN_POINT('',(2.656070576521,3.500187250264));
#918 = CARTESIAN_POINT('',(2.701928293684,3.531716687848));
#919 = ( GEOMETRIC_REPRESENTATION_CONTEXT(2) 
PARAMETRIC_REPRESENTATION_CONTEXT() REPRESENTATION_CONTEXT('2D SPACE',''
  ) );
#920 = PCURVE('',#921,#936);
#921 = B_SPLINE_SURFACE_WITH_KNOTS('',1,6,(
    (#922,#923,#924,#925,#926,#927,#928)
    ,(#929,#930,#931,#932,#933,#934,#935
    )),.UNSPECIFIED.,.F.,.F.,.F.,(2,2),(7,7),(0.,1.400151444174),(0.,
    1.080210122553),.PIECEWISE_BEZIER_KNOTS.);
#922 = CARTESIAN_POINT('',(-3.506096524446,14.275852307228,
    2.679331942073));
#923 = CARTESIAN_POINT('',(-5.623961852592,13.755712429848,
    2.781331936493));
#924 = CARTESIAN_POINT('',(-7.6492299998,12.858542507795,2.8833319577));
#925 = CARTESIAN_POINT('',(-9.498026451949,11.604929399795,
    2.985331941509));
#926 = CARTESIAN_POINT('',(-11.09241598978,10.040475326453,
    3.087331924849));
#927 = CARTESIAN_POINT('',(-12.37228777444,8.232561321187,3.18933194626)
  );
#928 = CARTESIAN_POINT('',(-13.30087900583,6.25933620347,3.291331940657)
  );
#929 = CARTESIAN_POINT('',(-3.338522159275,13.390081022609,1.608));
#930 = CARTESIAN_POINT('',(-5.324980666191,12.894801290349,
    1.710000005592));
#931 = CARTESIAN_POINT('',(-7.223267721655,12.045885085149,
    1.811999984282));
#932 = CARTESIAN_POINT('',(-8.954712842404,10.862935321688,
    1.914000000708));
#933 = CARTESIAN_POINT('',(-10.44630379091,9.389019180466,2.016000017134
    ));
#934 = CARTESIAN_POINT('',(-11.6418332604,7.687589853116,2.117999995825)
  );
#935 = CARTESIAN_POINT('',(-12.50704746107,5.832132012084,2.220000001416
    ));
#936 = DEFINITIONAL_REPRESENTATION('',(#937),#965);
#937 = B_SPLINE_CURVE_WITH_KNOTS('',6,(#938,#939,#940,#941,#942,#943,
    #944,#945,#946,#947,#948,#949,#950,#951,#952,#953,#954,#955,#956,
    #957,#958,#959,#960,#961,#962,#963,#964),.UNSPECIFIED.,.F.,.F.,(7,5,
    5,5,5,7),(0.,0.253000431931,0.281934695307,0.381934950908,
    0.690886928899,1.),.UNSPECIFIED.);
#938 = CARTESIAN_POINT('',(7.791271214847E-02,0.));
#939 = CARTESIAN_POINT('',(7.791271714604E-02,4.554880868711E-02));
#940 = CARTESIAN_POINT('',(7.791262451135E-02,9.109770534116E-02));
#941 = CARTESIAN_POINT('',(7.791244452427E-02,0.13664662832));
#942 = CARTESIAN_POINT('',(7.791222511849E-02,0.182195530795));
#943 = CARTESIAN_POINT('',(7.791205188152E-02,0.227744380756));
#944 = CARTESIAN_POINT('',(7.791204761705E-02,0.278502323671));
#945 = CARTESIAN_POINT('',(7.791204869339E-02,0.283711486602));
#946 = CARTESIAN_POINT('',(7.79120512668E-02,0.288920649815));
#947 = CARTESIAN_POINT('',(7.791205530459E-02,0.294129813324));
#948 = CARTESIAN_POINT('',(7.791206075827E-02,0.29933897714));
#949 = CARTESIAN_POINT('',(7.791209108333E-02,0.322551632098));
#950 = CARTESIAN_POINT('',(7.791213099805E-02,0.340555127696));
#951 = CARTESIAN_POINT('',(7.791218396809E-02,0.358558628102));
#952 = CARTESIAN_POINT('',(7.791224584483E-02,0.376562133019));
#953 = CARTESIAN_POINT('',(7.791231167062E-02,0.394565641816));
#954 = CARTESIAN_POINT('',(7.791257343272E-02,0.468191216916));
#955 = CARTESIAN_POINT('',(7.791275670293E-02,0.523814089434));
#956 = CARTESIAN_POINT('',(7.791277500203E-02,0.579436084468));
#957 = CARTESIAN_POINT('',(7.791252156007E-02,0.63505805873));
#958 = CARTESIAN_POINT('',(7.791227423405E-02,0.690680886048));
#959 = CARTESIAN_POINT('',(7.79120084866E-02,0.801953918462));
#960 = CARTESIAN_POINT('',(7.791199769505E-02,0.857605670695));
#961 = CARTESIAN_POINT('',(7.791218330147E-02,0.913256486588));
#962 = CARTESIAN_POINT('',(7.791270659216E-02,0.968907307513));
#963 = CARTESIAN_POINT('',(7.791271100512E-02,1.024559102378));
#964 = CARTESIAN_POINT('',(7.791271711168E-02,1.080210122553));
#965 = ( GEOMETRIC_REPRESENTATION_CONTEXT(2) 
PARAMETRIC_REPRESENTATION_CONTEXT() REPRESENTATION_CONTEXT('2D SPACE',''
  ) );
#966 = ORIENTED_EDGE('',*,*,#967,.F.);
#967 = EDGE_CURVE('',#968,#858,#970,.T.);
#968 = VERTEX_POINT('',#969);
#969 = CARTESIAN_POINT('',(-13.27740908008,6.191357534501,2.22));
#970 = SURFACE_CURVE('',#971,(#976,#986),.PCURVE_S1.);
#971 = ELLIPSE('',#972,303.98596734883,14.65);
#972 = AXIS2_PLACEMENT_3D('',#973,#974,#975);
#973 = CARTESIAN_POINT('',(0.,0.,2.220000000006));
#974 = DIRECTION('',(0.422127196912,0.905254695112,-4.819301406498E-02)
  );
#975 = DIRECTION('',(2.036724783219E-02,4.367770392786E-02,
    0.998838041624));
#976 = PCURVE('',#441,#977);
#977 = DEFINITIONAL_REPRESENTATION('',(#978),#985);
#978 = B_SPLINE_CURVE_WITH_KNOTS('',5,(#979,#980,#981,#982,#983,#984),
  .UNSPECIFIED.,.F.,.F.,(6,6),(4.712388980385,4.716275271889),
  .PIECEWISE_BEZIER_KNOTS.);
#979 = CARTESIAN_POINT('',(2.705260340591,2.52));
#980 = CARTESIAN_POINT('',(2.70448308229,2.756001074064));
#981 = CARTESIAN_POINT('',(2.703705823989,2.992002148127));
#982 = CARTESIAN_POINT('',(2.702928565688,3.22800292516));
#983 = CARTESIAN_POINT('',(2.702151307387,3.464003108127));
#984 = CARTESIAN_POINT('',(2.701374049086,3.7000024));
#985 = ( GEOMETRIC_REPRESENTATION_CONTEXT(2) 
PARAMETRIC_REPRESENTATION_CONTEXT() REPRESENTATION_CONTEXT('2D SPACE',''
  ) );
#986 = PCURVE('',#987,#992);
#987 = PLANE('',#988);
#988 = AXIS2_PLACEMENT_3D('',#989,#990,#991);
#989 = CARTESIAN_POINT('',(-12.99847987965,6.055610675901,2.113306536677
    ));
#990 = DIRECTION('',(0.422127196912,0.905254695112,-4.819301406498E-02)
  );
#991 = DIRECTION('',(-0.906307787037,0.422618261741,6.891484591409E-19)
  );
#992 = DEFINITIONAL_REPRESENTATION('',(#993),#997);
#993 = ELLIPSE('',#994,303.98596734883,14.65);
#994 = AXIS2_PLACEMENT_2D('',#995,#996);
#995 = CARTESIAN_POINT('',(-14.33983519219,0.106817580912));
#996 = DIRECTION('',(4.489994332616E-18,1.));
#997 = ( GEOMETRIC_REPRESENTATION_CONTEXT(2) 
PARAMETRIC_REPRESENTATION_CONTEXT() REPRESENTATION_CONTEXT('2D SPACE',''
  ) );
#998 = ORIENTED_EDGE('',*,*,#999,.T.);
#999 = EDGE_CURVE('',#968,#708,#1000,.T.);
#1000 = SURFACE_CURVE('',#1001,(#1005,#1011),.PCURVE_S1.);
#1001 = LINE('',#1002,#1003);
#1002 = CARTESIAN_POINT('',(-13.27740908008,6.191357534501,-0.3));
#1003 = VECTOR('',#1004,1.);
#1004 = DIRECTION('',(0.,0.,1.));
#1005 = PCURVE('',#441,#1006);
#1006 = DEFINITIONAL_REPRESENTATION('',(#1007),#1010);
#1007 = B_SPLINE_CURVE_WITH_KNOTS('',1,(#1008,#1009),.UNSPECIFIED.,.F.,
  .F.,(2,2),(-6.000000000173E-07,3.7000006),.PIECEWISE_BEZIER_KNOTS.);
#1008 = CARTESIAN_POINT('',(2.705260340591,-6.000000000173E-07));
#1009 = CARTESIAN_POINT('',(2.705260340591,3.7000006));
#1010 = ( GEOMETRIC_REPRESENTATION_CONTEXT(2) 
PARAMETRIC_REPRESENTATION_CONTEXT() REPRESENTATION_CONTEXT('2D SPACE',''
  ) );
#1011 = PCURVE('',#1012,#1017);
#1012 = PLANE('',#1013);
#1013 = AXIS2_PLACEMENT_3D('',#1014,#1015,#1016);
#1014 = CARTESIAN_POINT('',(-15.09002465416,7.036594057983,-0.3));
#1015 = DIRECTION('',(0.422618261741,0.906307787037,-0.));
#1016 = DIRECTION('',(0.906307787037,-0.422618261741,0.));
#1017 = DEFINITIONAL_REPRESENTATION('',(#1018),#1021);
#1018 = B_SPLINE_CURVE_WITH_KNOTS('',1,(#1019,#1020),.UNSPECIFIED.,.F.,
  .F.,(2,2),(-6.000000000173E-07,3.7000006),.PIECEWISE_BEZIER_KNOTS.);
#1019 = CARTESIAN_POINT('',(2.,6.000000000173E-07));
#1020 = CARTESIAN_POINT('',(2.,-3.7000006));
#1021 = ( GEOMETRIC_REPRESENTATION_CONTEXT(2) 
PARAMETRIC_REPRESENTATION_CONTEXT() REPRESENTATION_CONTEXT('2D SPACE',''
  ) );
#1022 = ADVANCED_FACE('',(#1023),#413,.T.);
#1023 = FACE_BOUND('',#1024,.T.);
#1024 = EDGE_LOOP('',(#1025,#1046,#1047,#1048,#1077));
#1025 = ORIENTED_EDGE('',*,*,#1026,.F.);
#1026 = EDGE_CURVE('',#370,#1027,#1029,.T.);
#1027 = VERTEX_POINT('',#1028);
#1028 = CARTESIAN_POINT('',(-12.50704746107,5.832132012084,
    2.220000001416));
#1029 = SURFACE_CURVE('',#1030,(#1034,#1040),.PCURVE_S1.);
#1030 = LINE('',#1031,#1032);
#1031 = CARTESIAN_POINT('',(-12.5070474611,5.832132012022,0.2));
#1032 = VECTOR('',#1033,1.);
#1033 = DIRECTION('',(0.,0.,1.));
#1034 = PCURVE('',#413,#1035);
#1035 = DEFINITIONAL_REPRESENTATION('',(#1036),#1039);
#1036 = B_SPLINE_CURVE_WITH_KNOTS('',1,(#1037,#1038),.UNSPECIFIED.,.F.,
  .F.,(2,2),(-5.999999999895E-07,3.57),.PIECEWISE_BEZIER_KNOTS.);
#1037 = CARTESIAN_POINT('',(2.85,-0.4999994));
#1038 = CARTESIAN_POINT('',(2.85,-4.07));
#1039 = ( GEOMETRIC_REPRESENTATION_CONTEXT(2) 
PARAMETRIC_REPRESENTATION_CONTEXT() REPRESENTATION_CONTEXT('2D SPACE',''
  ) );
#1040 = PCURVE('',#386,#1041);
#1041 = DEFINITIONAL_REPRESENTATION('',(#1042),#1045);
#1042 = B_SPLINE_CURVE_WITH_KNOTS('',1,(#1043,#1044),.UNSPECIFIED.,.F.,
  .F.,(2,2),(-5.999999999895E-07,3.57),.PIECEWISE_BEZIER_KNOTS.);
#1043 = CARTESIAN_POINT('',(2.705260340591,-5.999999999895E-07));
#1044 = CARTESIAN_POINT('',(2.705260340591,3.57));
#1045 = ( GEOMETRIC_REPRESENTATION_CONTEXT(2) 
PARAMETRIC_REPRESENTATION_CONTEXT() REPRESENTATION_CONTEXT('2D SPACE',''
  ) );
#1046 = ORIENTED_EDGE('',*,*,#398,.T.);
#1047 = ORIENTED_EDGE('',*,*,#733,.T.);
#1048 = ORIENTED_EDGE('',*,*,#1049,.T.);
#1049 = EDGE_CURVE('',#734,#1050,#1052,.T.);
#1050 = VERTEX_POINT('',#1051);
#1051 = CARTESIAN_POINT('',(-12.50712372493,5.832167574428,
    1.218760876989));
#1052 = SURFACE_CURVE('',#1053,(#1059,#1068),.PCURVE_S1.);
#1053 = B_SPLINE_CURVE_WITH_KNOTS('',4,(#1054,#1055,#1056,#1057,#1058),
  .UNSPECIFIED.,.F.,.F.,(5,5),(0.,1.),.PIECEWISE_BEZIER_KNOTS.);
#1054 = CARTESIAN_POINT('',(-13.27740908008,6.191357534501,
    1.218900173232));
#1055 = CARTESIAN_POINT('',(-13.0848377086,6.101560029238,1.218867369524
    ));
#1056 = CARTESIAN_POINT('',(-12.89226635764,6.011762533543,
    1.218833296911));
#1057 = CARTESIAN_POINT('',(-12.69969502898,5.921965048251,
    1.218797845832));
#1058 = CARTESIAN_POINT('',(-12.50712372493,5.832167574428,
    1.218760876989));
#1059 = PCURVE('',#413,#1060);
#1060 = DEFINITIONAL_REPRESENTATION('',(#1061),#1067);
#1061 = B_SPLINE_CURVE_WITH_KNOTS('',4,(#1062,#1063,#1064,#1065,#1066),
  .UNSPECIFIED.,.F.,.F.,(5,5),(0.,1.),.PIECEWISE_BEZIER_KNOTS.);
#1062 = CARTESIAN_POINT('',(2.,-1.518900173232));
#1063 = CARTESIAN_POINT('',(2.212478999117,-1.518867369524));
#1064 = CARTESIAN_POINT('',(2.424957975594,-1.518833296911));
#1065 = CARTESIAN_POINT('',(2.637436927455,-1.518797845832));
#1066 = CARTESIAN_POINT('',(2.849915852177,-1.518760876989));
#1067 = ( GEOMETRIC_REPRESENTATION_CONTEXT(2) 
PARAMETRIC_REPRESENTATION_CONTEXT() REPRESENTATION_CONTEXT('2D SPACE',''
  ) );
#1068 = PCURVE('',#792,#1069);
#1069 = DEFINITIONAL_REPRESENTATION('',(#1070),#1076);
#1070 = B_SPLINE_CURVE_WITH_KNOTS('',4,(#1071,#1072,#1073,#1074,#1075),
  .UNSPECIFIED.,.F.,.F.,(5,5),(0.,1.),.PIECEWISE_BEZIER_KNOTS.);
#1071 = CARTESIAN_POINT('',(0.849920734198,1.076217962481));
#1072 = CARTESIAN_POINT('',(0.637440585384,1.076160061238));
#1073 = CARTESIAN_POINT('',(0.424960414737,1.076099920326));
#1074 = CARTESIAN_POINT('',(0.212480220395,1.076037346346));
#1075 = CARTESIAN_POINT('',(0.,1.075972093447));
#1076 = ( GEOMETRIC_REPRESENTATION_CONTEXT(2) 
PARAMETRIC_REPRESENTATION_CONTEXT() REPRESENTATION_CONTEXT('2D SPACE',''
  ) );
#1077 = ORIENTED_EDGE('',*,*,#1078,.T.);
#1078 = EDGE_CURVE('',#1050,#1027,#1079,.T.);
#1079 = SURFACE_CURVE('',#1080,(#1086,#1095),.PCURVE_S1.);
#1080 = B_SPLINE_CURVE_WITH_KNOTS('',4,(#1081,#1082,#1083,#1084,#1085),
  .UNSPECIFIED.,.F.,.F.,(5,5),(0.,1.),.PIECEWISE_BEZIER_KNOTS.);
#1081 = CARTESIAN_POINT('',(-12.50712372493,5.832167574428,
    1.218760876989));
#1082 = CARTESIAN_POINT('',(-12.50708559242,5.832149792949,
    1.469070654496));
#1083 = CARTESIAN_POINT('',(-12.50706017083,5.832137938666,
    1.719380435605));
#1084 = CARTESIAN_POINT('',(-12.50704746039,5.832132011689,
    1.969690218508));
#1085 = CARTESIAN_POINT('',(-12.5070474611,5.832132012022,2.220000001416
    ));
#1086 = PCURVE('',#413,#1087);
#1087 = DEFINITIONAL_REPRESENTATION('',(#1088),#1094);
#1088 = B_SPLINE_CURVE_WITH_KNOTS('',4,(#1089,#1090,#1091,#1092,#1093),
  .UNSPECIFIED.,.F.,.F.,(5,5),(0.,1.),.PIECEWISE_BEZIER_KNOTS.);
#1089 = CARTESIAN_POINT('',(2.849915852177,-1.518760876989));
#1090 = CARTESIAN_POINT('',(2.849957926741,-1.769070654496));
#1091 = CARTESIAN_POINT('',(2.849985976366,-2.019380435605));
#1092 = CARTESIAN_POINT('',(2.850000000788,-2.269690218508));
#1093 = CARTESIAN_POINT('',(2.85,-2.520000001416));
#1094 = ( GEOMETRIC_REPRESENTATION_CONTEXT(2) 
PARAMETRIC_REPRESENTATION_CONTEXT() REPRESENTATION_CONTEXT('2D SPACE',''
  ) );
#1095 = PCURVE('',#1096,#1111);
#1096 = B_SPLINE_SURFACE_WITH_KNOTS('',1,6,(
    (#1097,#1098,#1099,#1100,#1101,#1102,#1103)
    ,(#1104,#1105,#1106,#1107,#1108,#1109,#1110
  )),.UNSPECIFIED.,.F.,.F.,.F.,(2,2),(7,7),(0.,1.),(0.,1.080210122553),
  .PIECEWISE_BEZIER_KNOTS.);
#1097 = CARTESIAN_POINT('',(-3.338522159275,13.390081022609,1.608));
#1098 = CARTESIAN_POINT('',(-5.324980666191,12.894801290349,
    1.710000005592));
#1099 = CARTESIAN_POINT('',(-7.223267721655,12.045885085149,
    1.811999984282));
#1100 = CARTESIAN_POINT('',(-8.954712842404,10.862935321688,
    1.914000000708));
#1101 = CARTESIAN_POINT('',(-10.44630379091,9.389019180466,
    2.016000017134));
#1102 = CARTESIAN_POINT('',(-11.6418332604,7.687589853116,2.117999995825
    ));
#1103 = CARTESIAN_POINT('',(-12.50704746107,5.832132012084,
    2.220000001416));
#1104 = CARTESIAN_POINT('',(-3.385283634859,13.378422077291,
    0.609161958376));
#1105 = CARTESIAN_POINT('',(-5.370012499158,12.876205128366,
    0.711161963956));
#1106 = CARTESIAN_POINT('',(-7.265334938552,12.02065968281,
    0.813161942742));
#1107 = CARTESIAN_POINT('',(-8.992648919632,10.831663230811,
    0.91516195895));
#1108 = CARTESIAN_POINT('',(-10.47909253257,9.352538088363,
    1.017161975594));
#1109 = CARTESIAN_POINT('',(-11.66868023466,7.646933694986,
    1.119161954189));
#1110 = CARTESIAN_POINT('',(-12.52741470605,5.788454306824,
    1.221161959792));
#1111 = DEFINITIONAL_REPRESENTATION('',(#1112),#1118);
#1112 = B_SPLINE_CURVE_WITH_KNOTS('',4,(#1113,#1114,#1115,#1116,#1117),
  .UNSPECIFIED.,.F.,.F.,(5,5),(0.,1.),.PIECEWISE_BEZIER_KNOTS.);
#1113 = CARTESIAN_POINT('',(1.,1.075972093447));
#1114 = CARTESIAN_POINT('',(0.74999999872,1.077031592114));
#1115 = CARTESIAN_POINT('',(0.499999998722,1.0780910994));
#1116 = CARTESIAN_POINT('',(0.249999999359,1.079150610969));
#1117 = CARTESIAN_POINT('',(0.,1.080210122553));
#1118 = ( GEOMETRIC_REPRESENTATION_CONTEXT(2) 
PARAMETRIC_REPRESENTATION_CONTEXT() REPRESENTATION_CONTEXT('2D SPACE',''
  ) );
#1119 = ADVANCED_FACE('',(#1120),#386,.F.);
#1120 = FACE_BOUND('',#1121,.F.);
#1121 = EDGE_LOOP('',(#1122,#1143,#1167,#1186,#1187));
#1122 = ORIENTED_EDGE('',*,*,#1123,.T.);
#1123 = EDGE_CURVE('',#344,#1124,#1126,.T.);
#1124 = VERTEX_POINT('',#1125);
#1125 = CARTESIAN_POINT('',(-13.26541140394,-3.803795510275,
    2.637323655924));
#1126 = SURFACE_CURVE('',#1127,(#1131,#1137),.PCURVE_S1.);
#1127 = LINE('',#1128,#1129);
#1128 = CARTESIAN_POINT('',(-13.26541140394,-3.803795510275,0.2));
#1129 = VECTOR('',#1130,1.);
#1130 = DIRECTION('',(0.,0.,1.));
#1131 = PCURVE('',#386,#1132);
#1132 = DEFINITIONAL_REPRESENTATION('',(#1133),#1136);
#1133 = B_SPLINE_CURVE_WITH_KNOTS('',1,(#1134,#1135),.UNSPECIFIED.,.F.,
  .F.,(2,2),(-5.999999999895E-07,3.57),.PIECEWISE_BEZIER_KNOTS.);
#1134 = CARTESIAN_POINT('',(3.420845333909,-5.999999999895E-07));
#1135 = CARTESIAN_POINT('',(3.420845333909,3.57));
#1136 = ( GEOMETRIC_REPRESENTATION_CONTEXT(2) 
PARAMETRIC_REPRESENTATION_CONTEXT() REPRESENTATION_CONTEXT('2D SPACE',''
  ) );
#1137 = PCURVE('',#358,#1138);
#1138 = DEFINITIONAL_REPRESENTATION('',(#1139),#1142);
#1139 = B_SPLINE_CURVE_WITH_KNOTS('',1,(#1140,#1141),.UNSPECIFIED.,.F.,
  .F.,(2,2),(-5.999999999895E-07,3.57),.PIECEWISE_BEZIER_KNOTS.);
#1140 = CARTESIAN_POINT('',(13.8,-0.4999994));
#1141 = CARTESIAN_POINT('',(13.8,-4.07));
#1142 = ( GEOMETRIC_REPRESENTATION_CONTEXT(2) 
PARAMETRIC_REPRESENTATION_CONTEXT() REPRESENTATION_CONTEXT('2D SPACE',''
  ) );
#1143 = ORIENTED_EDGE('',*,*,#1144,.F.);
#1144 = EDGE_CURVE('',#1145,#1124,#1147,.T.);
#1145 = VERTEX_POINT('',#1146);
#1146 = CARTESIAN_POINT('',(-12.5070474611,5.832132012022,2.637323655924
    ));
#1147 = SURFACE_CURVE('',#1148,(#1153,#1160),.PCURVE_S1.);
#1148 = CIRCLE('',#1149,13.8);
#1149 = AXIS2_PLACEMENT_3D('',#1150,#1151,#1152);
#1150 = CARTESIAN_POINT('',(0.,0.,2.637323655924));
#1151 = DIRECTION('',(0.,0.,1.));
#1152 = DIRECTION('',(0.,-1.,0.));
#1153 = PCURVE('',#386,#1154);
#1154 = DEFINITIONAL_REPRESENTATION('',(#1155),#1159);
#1155 = LINE('',#1156,#1157);
#1156 = CARTESIAN_POINT('',(-1.570796326795,2.437323655924));
#1157 = VECTOR('',#1158,1.);
#1158 = DIRECTION('',(1.,0.));
#1159 = ( GEOMETRIC_REPRESENTATION_CONTEXT(2) 
PARAMETRIC_REPRESENTATION_CONTEXT() REPRESENTATION_CONTEXT('2D SPACE',''
  ) );
#1160 = PCURVE('',#554,#1161);
#1161 = DEFINITIONAL_REPRESENTATION('',(#1162),#1166);
#1162 = LINE('',#1163,#1164);
#1163 = CARTESIAN_POINT('',(-1.570796326795,5.958767962971E-02));
#1164 = VECTOR('',#1165,1.);
#1165 = DIRECTION('',(1.,0.));
#1166 = ( GEOMETRIC_REPRESENTATION_CONTEXT(2) 
PARAMETRIC_REPRESENTATION_CONTEXT() REPRESENTATION_CONTEXT('2D SPACE',''
  ) );
#1167 = ORIENTED_EDGE('',*,*,#1168,.F.);
#1168 = EDGE_CURVE('',#1027,#1145,#1169,.T.);
#1169 = SURFACE_CURVE('',#1170,(#1174,#1180),.PCURVE_S1.);
#1170 = LINE('',#1171,#1172);
#1171 = CARTESIAN_POINT('',(-12.5070474611,5.832132012022,0.2));
#1172 = VECTOR('',#1173,1.);
#1173 = DIRECTION('',(0.,0.,1.));
#1174 = PCURVE('',#386,#1175);
#1175 = DEFINITIONAL_REPRESENTATION('',(#1176),#1179);
#1176 = B_SPLINE_CURVE_WITH_KNOTS('',1,(#1177,#1178),.UNSPECIFIED.,.F.,
  .F.,(2,2),(-5.999999999895E-07,3.57),.PIECEWISE_BEZIER_KNOTS.);
#1177 = CARTESIAN_POINT('',(2.705260340591,-5.999999999895E-07));
#1178 = CARTESIAN_POINT('',(2.705260340591,3.57));
#1179 = ( GEOMETRIC_REPRESENTATION_CONTEXT(2) 
PARAMETRIC_REPRESENTATION_CONTEXT() REPRESENTATION_CONTEXT('2D SPACE',''
  ) );
#1180 = PCURVE('',#1012,#1181);
#1181 = DEFINITIONAL_REPRESENTATION('',(#1182),#1185);
#1182 = B_SPLINE_CURVE_WITH_KNOTS('',1,(#1183,#1184),.UNSPECIFIED.,.F.,
  .F.,(2,2),(-5.999999999895E-07,3.57),.PIECEWISE_BEZIER_KNOTS.);
#1183 = CARTESIAN_POINT('',(2.85,-0.4999994));
#1184 = CARTESIAN_POINT('',(2.85,-4.07));
#1185 = ( GEOMETRIC_REPRESENTATION_CONTEXT(2) 
PARAMETRIC_REPRESENTATION_CONTEXT() REPRESENTATION_CONTEXT('2D SPACE',''
  ) );
#1186 = ORIENTED_EDGE('',*,*,#1026,.F.);
#1187 = ORIENTED_EDGE('',*,*,#369,.T.);
#1188 = ADVANCED_FACE('',(#1189),#358,.T.);
#1189 = FACE_BOUND('',#1190,.T.);
#1190 = EDGE_LOOP('',(#1191,#1212,#1213,#1214,#1235));
#1191 = ORIENTED_EDGE('',*,*,#1192,.F.);
#1192 = EDGE_CURVE('',#315,#1193,#1195,.T.);
#1193 = VERTEX_POINT('',#1194);
#1194 = CARTESIAN_POINT('',(-14.08248384549,-4.038087262719,3.4));
#1195 = SURFACE_CURVE('',#1196,(#1200,#1206),.PCURVE_S1.);
#1196 = LINE('',#1197,#1198);
#1197 = CARTESIAN_POINT('',(-14.08248384549,-4.038087262719,-0.3));
#1198 = VECTOR('',#1199,1.);
#1199 = DIRECTION('',(0.,0.,1.));
#1200 = PCURVE('',#358,#1201);
#1201 = DEFINITIONAL_REPRESENTATION('',(#1202),#1205);
#1202 = B_SPLINE_CURVE_WITH_KNOTS('',1,(#1203,#1204),.UNSPECIFIED.,.F.,
  .F.,(2,2),(-6.000000000173E-07,3.7000006),.PIECEWISE_BEZIER_KNOTS.);
#1203 = CARTESIAN_POINT('',(14.65,6.000000000173E-07));
#1204 = CARTESIAN_POINT('',(14.65,-3.7000006));
#1205 = ( GEOMETRIC_REPRESENTATION_CONTEXT(2) 
PARAMETRIC_REPRESENTATION_CONTEXT() REPRESENTATION_CONTEXT('2D SPACE',''
  ) );
#1206 = PCURVE('',#331,#1207);
#1207 = DEFINITIONAL_REPRESENTATION('',(#1208),#1211);
#1208 = B_SPLINE_CURVE_WITH_KNOTS('',1,(#1209,#1210),.UNSPECIFIED.,.F.,
  .F.,(2,2),(-6.000000000173E-07,3.7000006),.PIECEWISE_BEZIER_KNOTS.);
#1209 = CARTESIAN_POINT('',(3.420845333909,-6.000000000173E-07));
#1210 = CARTESIAN_POINT('',(3.420845333909,3.7000006));
#1211 = ( GEOMETRIC_REPRESENTATION_CONTEXT(2) 
PARAMETRIC_REPRESENTATION_CONTEXT() REPRESENTATION_CONTEXT('2D SPACE',''
  ) );
#1212 = ORIENTED_EDGE('',*,*,#343,.T.);
#1213 = ORIENTED_EDGE('',*,*,#1123,.T.);
#1214 = ORIENTED_EDGE('',*,*,#1215,.T.);
#1215 = EDGE_CURVE('',#1124,#1216,#1218,.T.);
#1216 = VERTEX_POINT('',#1217);
#1217 = CARTESIAN_POINT('',(-13.88058182215,-3.980192789151,3.4));
#1218 = SURFACE_CURVE('',#1219,(#1223,#1229),.PCURVE_S1.);
#1219 = LINE('',#1220,#1221);
#1220 = CARTESIAN_POINT('',(0.,0.,-13.80887592187));
#1221 = VECTOR('',#1222,1.);
#1222 = DIRECTION('',(-0.617887107815,-0.177176277086,0.766044443119));
#1223 = PCURVE('',#358,#1224);
#1224 = DEFINITIONAL_REPRESENTATION('',(#1225),#1228);
#1225 = B_SPLINE_CURVE_WITH_KNOTS('',1,(#1226,#1227),.UNSPECIFIED.,.F.,
  .F.,(2,2),(21.391202619331,22.882322402218),.PIECEWISE_BEZIER_KNOTS.);
#1226 = CARTESIAN_POINT('',(13.75,-2.877735976294));
#1227 = CARTESIAN_POINT('',(14.708473320998,-4.02));
#1228 = ( GEOMETRIC_REPRESENTATION_CONTEXT(2) 
PARAMETRIC_REPRESENTATION_CONTEXT() REPRESENTATION_CONTEXT('2D SPACE',''
  ) );
#1229 = PCURVE('',#554,#1230);
#1230 = DEFINITIONAL_REPRESENTATION('',(#1231),#1234);
#1231 = B_SPLINE_CURVE_WITH_KNOTS('',1,(#1232,#1233),.UNSPECIFIED.,.F.,
  .F.,(2,2),(21.391202619331,22.882322402218),.PIECEWISE_BEZIER_KNOTS.);
#1232 = CARTESIAN_POINT('',(3.420845333909,0.));
#1233 = CARTESIAN_POINT('',(3.420845333909,1.142264023706));
#1234 = ( GEOMETRIC_REPRESENTATION_CONTEXT(2) 
PARAMETRIC_REPRESENTATION_CONTEXT() REPRESENTATION_CONTEXT('2D SPACE',''
  ) );
#1235 = ORIENTED_EDGE('',*,*,#1236,.T.);
#1236 = EDGE_CURVE('',#1216,#1193,#1237,.T.);
#1237 = SURFACE_CURVE('',#1238,(#1242,#1249),.PCURVE_S1.);
#1238 = LINE('',#1239,#1240);
#1239 = CARTESIAN_POINT('',(0.,0.,3.4));
#1240 = VECTOR('',#1241,1.);
#1241 = DIRECTION('',(-0.961261695938,-0.275637355817,0.));
#1242 = PCURVE('',#358,#1243);
#1243 = DEFINITIONAL_REPRESENTATION('',(#1244),#1248);
#1244 = LINE('',#1245,#1246);
#1245 = CARTESIAN_POINT('',(0.,-3.7));
#1246 = VECTOR('',#1247,1.);
#1247 = DIRECTION('',(1.,0.));
#1248 = ( GEOMETRIC_REPRESENTATION_CONTEXT(2) 
PARAMETRIC_REPRESENTATION_CONTEXT() REPRESENTATION_CONTEXT('2D SPACE',''
  ) );
#1249 = PCURVE('',#1250,#1255);
#1250 = PLANE('',#1251);
#1251 = AXIS2_PLACEMENT_3D('',#1252,#1253,#1254);
#1252 = CARTESIAN_POINT('',(-5.701862044924,-8.296260755609,3.4));
#1253 = DIRECTION('',(0.,0.,1.));
#1254 = DIRECTION('',(1.,0.,-0.));
#1255 = DEFINITIONAL_REPRESENTATION('',(#1256),#1260);
#1256 = LINE('',#1257,#1258);
#1257 = CARTESIAN_POINT('',(5.701862044924,8.296260755609));
#1258 = VECTOR('',#1259,1.);
#1259 = DIRECTION('',(-0.961261695938,-0.275637355817));
#1260 = ( GEOMETRIC_REPRESENTATION_CONTEXT(2) 
PARAMETRIC_REPRESENTATION_CONTEXT() REPRESENTATION_CONTEXT('2D SPACE',''
  ) );
#1261 = ADVANCED_FACE('',(#1262),#331,.F.);
#1262 = FACE_BOUND('',#1263,.F.);
#1263 = EDGE_LOOP('',(#1264,#1288,#1289,#1290,#1311,#1382,#1414,#1524,
    #1556));
#1264 = ORIENTED_EDGE('',*,*,#1265,.F.);
#1265 = EDGE_CURVE('',#1193,#1266,#1268,.T.);
#1266 = VERTEX_POINT('',#1267);
#1267 = CARTESIAN_POINT('',(1.276831631253,-14.59425232704,3.4));
#1268 = SURFACE_CURVE('',#1269,(#1274,#1281),.PCURVE_S1.);
#1269 = CIRCLE('',#1270,14.65);
#1270 = AXIS2_PLACEMENT_3D('',#1271,#1272,#1273);
#1271 = CARTESIAN_POINT('',(0.,0.,3.4));
#1272 = DIRECTION('',(0.,0.,1.));
#1273 = DIRECTION('',(1.,0.,-0.));
#1274 = PCURVE('',#331,#1275);
#1275 = DEFINITIONAL_REPRESENTATION('',(#1276),#1280);
#1276 = LINE('',#1277,#1278);
#1277 = CARTESIAN_POINT('',(0.,3.7));
#1278 = VECTOR('',#1279,1.);
#1279 = DIRECTION('',(1.,0.));
#1280 = ( GEOMETRIC_REPRESENTATION_CONTEXT(2) 
PARAMETRIC_REPRESENTATION_CONTEXT() REPRESENTATION_CONTEXT('2D SPACE',''
  ) );
#1281 = PCURVE('',#1250,#1282);
#1282 = DEFINITIONAL_REPRESENTATION('',(#1283),#1287);
#1283 = CIRCLE('',#1284,14.65);
#1284 = AXIS2_PLACEMENT_2D('',#1285,#1286);
#1285 = CARTESIAN_POINT('',(5.701862044924,8.296260755609));
#1286 = DIRECTION('',(1.,0.));
#1287 = ( GEOMETRIC_REPRESENTATION_CONTEXT(2) 
PARAMETRIC_REPRESENTATION_CONTEXT() REPRESENTATION_CONTEXT('2D SPACE',''
  ) );
#1288 = ORIENTED_EDGE('',*,*,#1192,.F.);
#1289 = ORIENTED_EDGE('',*,*,#314,.T.);
#1290 = ORIENTED_EDGE('',*,*,#1291,.T.);
#1291 = EDGE_CURVE('',#289,#1292,#1294,.T.);
#1292 = VERTEX_POINT('',#1293);
#1293 = CARTESIAN_POINT('',(1.276831631253,-14.59425232704,
    1.218900173232));
#1294 = SURFACE_CURVE('',#1295,(#1299,#1305),.PCURVE_S1.);
#1295 = LINE('',#1296,#1297);
#1296 = CARTESIAN_POINT('',(1.276831631253,-14.59425232704,-0.3));
#1297 = VECTOR('',#1298,1.);
#1298 = DIRECTION('',(0.,0.,1.));
#1299 = PCURVE('',#331,#1300);
#1300 = DEFINITIONAL_REPRESENTATION('',(#1301),#1304);
#1301 = B_SPLINE_CURVE_WITH_KNOTS('',1,(#1302,#1303),.UNSPECIFIED.,.F.,
  .F.,(2,2),(-6.000000000173E-07,3.7000006),.PIECEWISE_BEZIER_KNOTS.);
#1302 = CARTESIAN_POINT('',(4.799655442984,-6.000000000173E-07));
#1303 = CARTESIAN_POINT('',(4.799655442984,3.7000006));
#1304 = ( GEOMETRIC_REPRESENTATION_CONTEXT(2) 
PARAMETRIC_REPRESENTATION_CONTEXT() REPRESENTATION_CONTEXT('2D SPACE',''
  ) );
#1305 = PCURVE('',#303,#1306);
#1306 = DEFINITIONAL_REPRESENTATION('',(#1307),#1310);
#1307 = B_SPLINE_CURVE_WITH_KNOTS('',1,(#1308,#1309),.UNSPECIFIED.,.F.,
  .F.,(2,2),(-6.000000000173E-07,3.7000006),.PIECEWISE_BEZIER_KNOTS.);
#1308 = CARTESIAN_POINT('',(2.,6.000000000173E-07));
#1309 = CARTESIAN_POINT('',(2.,-3.7000006));
#1310 = ( GEOMETRIC_REPRESENTATION_CONTEXT(2) 
PARAMETRIC_REPRESENTATION_CONTEXT() REPRESENTATION_CONTEXT('2D SPACE',''
  ) );
#1311 = ORIENTED_EDGE('',*,*,#1312,.F.);
#1312 = EDGE_CURVE('',#1313,#1292,#1315,.T.);
#1313 = VERTEX_POINT('',#1314);
#1314 = CARTESIAN_POINT('',(-10.50479337321,-10.21135721567,
    0.609161958376));
#1315 = SURFACE_CURVE('',#1316,(#1331,#1349),.PCURVE_S1.);
#1316 = B_SPLINE_CURVE_WITH_KNOTS('',4,(#1317,#1318,#1319,#1320,#1321,
    #1322,#1323,#1324,#1325,#1326,#1327,#1328,#1329,#1330),
  .UNSPECIFIED.,.F.,.F.,(5,3,3,3,5),(0.,0.250927509293,0.500851003726,
    0.75077449359,1.),.UNSPECIFIED.);
#1317 = CARTESIAN_POINT('',(-10.50479337321,-10.21135721567,
    0.609161958376));
#1318 = CARTESIAN_POINT('',(-9.936711970955,-10.79576314956,
    0.64741191612));
#1319 = CARTESIAN_POINT('',(-9.325275314453,-11.33803646164,
    0.685661995285));
#1320 = CARTESIAN_POINT('',(-8.67519826389,-11.83332928076,0.72391202486
    ));
#1321 = CARTESIAN_POINT('',(-7.311829714371,-12.72079353103,
    0.800258849309));
#1322 = CARTESIAN_POINT('',(-6.59878785713,-13.11337857064,
    0.838355890778));
#1323 = CARTESIAN_POINT('',(-5.858622412865,-13.45206248954,
    0.876452988196));
#1324 = CARTESIAN_POINT('',(-4.336570918786,-14.0169752244,
    0.952646926634));
#1325 = CARTESIAN_POINT('',(-3.554669633246,-14.24320969745,
    0.990744024168));
#1326 = CARTESIAN_POINT('',(-2.75815725296,-14.4108990134,1.028841066246
    ));
#1327 = CARTESIAN_POINT('',(-1.151400111718,-14.62709964958,1.1049284478
    ));
#1328 = CARTESIAN_POINT('',(-0.34118396409,-14.67594465214,
    1.142919030386));
#1329 = CARTESIAN_POINT('',(0.470426719356,-14.66480361504,
    1.180909659022));
#1330 = CARTESIAN_POINT('',(1.276831631253,-14.59425232704,
    1.218900173232));
#1331 = PCURVE('',#331,#1332);
#1332 = DEFINITIONAL_REPRESENTATION('',(#1333),#1348);
#1333 = B_SPLINE_CURVE_WITH_KNOTS('',4,(#1334,#1335,#1336,#1337,#1338,
    #1339,#1340,#1341,#1342,#1343,#1344,#1345,#1346,#1347),
  .UNSPECIFIED.,.F.,.F.,(5,3,3,3,5),(0.,0.250927509293,0.500851003726,
    0.75077449359,1.),.UNSPECIFIED.);
#1334 = CARTESIAN_POINT('',(3.912827155934,0.909161958376));
#1335 = CARTESIAN_POINT('',(3.96845946712,0.94741191612));
#1336 = CARTESIAN_POINT('',(4.024091965486,0.985661995285));
#1337 = CARTESIAN_POINT('',(4.079724464619,1.02391202486));
#1338 = CARTESIAN_POINT('',(4.190766490971,1.100258849309));
#1339 = CARTESIAN_POINT('',(4.246176388561,1.138355890778));
#1340 = CARTESIAN_POINT('',(4.301586285255,1.176452988196));
#1341 = CARTESIAN_POINT('',(4.412405711086,1.252646926634));
#1342 = CARTESIAN_POINT('',(4.467815606753,1.290744024168));
#1343 = CARTESIAN_POINT('',(4.523225503309,1.328841066246));
#1344 = CARTESIAN_POINT('',(4.633890183174,1.4049284478));
#1345 = CARTESIAN_POINT('',(4.689145330558,1.442919030386));
#1346 = CARTESIAN_POINT('',(4.744400477274,1.480909659022));
#1347 = CARTESIAN_POINT('',(4.799655442984,1.518900173232));
#1348 = ( GEOMETRIC_REPRESENTATION_CONTEXT(2) 
PARAMETRIC_REPRESENTATION_CONTEXT() REPRESENTATION_CONTEXT('2D SPACE',''
  ) );
#1349 = PCURVE('',#1350,#1365);
#1350 = B_SPLINE_SURFACE_WITH_KNOTS('',1,6,(
    (#1351,#1352,#1353,#1354,#1355,#1356,#1357)
    ,(#1358,#1359,#1360,#1361,#1362,#1363,#1364
  )),.UNSPECIFIED.,.F.,.F.,.F.,(2,2),(7,7),(0.,0.9),(0.,1.080210122553),
  .PIECEWISE_BEZIER_KNOTS.);
#1351 = CARTESIAN_POINT('',(-9.893411564055,-9.620952665449,
    0.609161958376));
#1352 = CARTESIAN_POINT('',(-8.466114495925,-11.08866980709,
    0.711161963956));
#1353 = CARTESIAN_POINT('',(-6.777529186284,-12.30229446519,
    0.813161942742));
#1354 = CARTESIAN_POINT('',(-4.884171063304,-13.20369402712,
    0.91516195895));
#1355 = CARTESIAN_POINT('',(-2.859989308095,-13.751429386,1.017161975594
    ));
#1356 = CARTESIAN_POINT('',(-0.788098723578,-13.92884035935,
    1.119161954189));
#1357 = CARTESIAN_POINT('',(1.250758874672,-13.74328653259,
    1.221161959792));
#1358 = CARTESIAN_POINT('',(-10.54081738436,-10.24614519886,
    0.609161958376));
#1359 = CARTESIAN_POINT('',(-9.020771135111,-11.80990692913,
    0.711161952773));
#1360 = CARTESIAN_POINT('',(-7.222338457542,-13.10306461803,
    0.813161974178));
#1361 = CARTESIAN_POINT('',(-5.205707254585,-14.06368163559,
    0.915161957533));
#1362 = CARTESIAN_POINT('',(-3.049639978489,-14.64759943052,
    1.017161941326));
#1363 = CARTESIAN_POINT('',(-0.842668170072,-14.8370524211,1.11916196254
    ));
#1364 = CARTESIAN_POINT('',(1.329199043281,-14.63986176086,1.22116195696
    ));
#1365 = DEFINITIONAL_REPRESENTATION('',(#1366),#1381);
#1366 = B_SPLINE_CURVE_WITH_KNOTS('',4,(#1367,#1368,#1369,#1370,#1371,
    #1372,#1373,#1374,#1375,#1376,#1377,#1378,#1379,#1380),
  .UNSPECIFIED.,.F.,.F.,(5,3,3,3,5),(0.,0.250927509293,0.500851003726,
    0.75077449359,1.),.UNSPECIFIED.);
#1367 = CARTESIAN_POINT('',(0.849920731301,0.));
#1368 = CARTESIAN_POINT('',(0.849920736003,6.751306137175E-02));
#1369 = CARTESIAN_POINT('',(0.849920872069,0.135026330516));
#1370 = CARTESIAN_POINT('',(0.849921142226,0.202539513085));
#1371 = CARTESIAN_POINT('',(0.849921157827,0.337295414107));
#1372 = CARTESIAN_POINT('',(0.849920953798,0.404538567957));
#1373 = CARTESIAN_POINT('',(0.84992076867,0.471781822422));
#1374 = CARTESIAN_POINT('',(0.849920770715,0.606267878656));
#1375 = CARTESIAN_POINT('',(0.849920957712,0.673511133338));
#1376 = CARTESIAN_POINT('',(0.849921167067,0.740754288292));
#1377 = CARTESIAN_POINT('',(0.849921155504,0.875052259894));
#1378 = CARTESIAN_POINT('',(0.849920893312,0.942107505803));
#1379 = CARTESIAN_POINT('',(0.849920730577,1.009162832041));
#1380 = CARTESIAN_POINT('',(0.849920734199,1.076217962485));
#1381 = ( GEOMETRIC_REPRESENTATION_CONTEXT(2) 
PARAMETRIC_REPRESENTATION_CONTEXT() REPRESENTATION_CONTEXT('2D SPACE',''
  ) );
#1382 = ORIENTED_EDGE('',*,*,#1383,.T.);
#1383 = EDGE_CURVE('',#1313,#1384,#1386,.T.);
#1384 = VERTEX_POINT('',#1385);
#1385 = CARTESIAN_POINT('',(-10.57217890347,-10.14157449476,
    2.619716692904));
#1386 = SURFACE_CURVE('',#1387,(#1392,#1402),.PCURVE_S1.);
#1387 = ELLIPSE('',#1388,303.98596734882,14.65);
#1388 = AXIS2_PLACEMENT_3D('',#1389,#1390,#1391);
#1389 = CARTESIAN_POINT('',(0.,0.,1.608000000002));
#1390 = DIRECTION('',(-0.693851206347,0.718503957432,-4.819301406499E-02
    ));
#1391 = DIRECTION('',(-3.347768061789E-02,3.466715311522E-02,
    0.998838041624));
#1392 = PCURVE('',#331,#1393);
#1393 = DEFINITIONAL_REPRESENTATION('',(#1394),#1401);
#1394 = B_SPLINE_CURVE_WITH_KNOTS('',5,(#1395,#1396,#1397,#1398,#1399,
    #1400),.UNSPECIFIED.,.F.,.F.,(6,6),(4.708417543784,4.716599174193),
  .PIECEWISE_BEZIER_KNOTS.);
#1395 = CARTESIAN_POINT('',(3.913508961068,0.702144960006));
#1396 = CARTESIAN_POINT('',(3.911872634986,1.19898322722));
#1397 = CARTESIAN_POINT('',(3.910236308904,1.695825530376));
#1398 = CARTESIAN_POINT('',(3.908599982822,2.19266909798));
#1399 = CARTESIAN_POINT('',(3.90696365674,2.689511158499));
#1400 = CARTESIAN_POINT('',(3.905327330659,3.186348940442));
#1401 = ( GEOMETRIC_REPRESENTATION_CONTEXT(2) 
PARAMETRIC_REPRESENTATION_CONTEXT() REPRESENTATION_CONTEXT('2D SPACE',''
  ) );
#1402 = PCURVE('',#1403,#1408);
#1403 = PLANE('',#1404);
#1404 = AXIS2_PLACEMENT_3D('',#1405,#1406,#1407);
#1405 = CARTESIAN_POINT('',(-10.31163817943,-9.964989608918,
    1.50130653696));
#1406 = DIRECTION('',(-0.693851206347,0.718503957432,-4.819301406499E-02
    ));
#1407 = DIRECTION('',(3.347768061789E-02,-3.466715311522E-02,
    -0.998838041624));
#1408 = DEFINITIONAL_REPRESENTATION('',(#1409),#1413);
#1409 = ELLIPSE('',#1410,303.98596734882,14.65);
#1410 = AXIS2_PLACEMENT_2D('',#1411,#1412);
#1411 = CARTESIAN_POINT('',(-0.106817580625,-14.33983519253));
#1412 = DIRECTION('',(-1.,-3.66957388744E-16));
#1413 = ( GEOMETRIC_REPRESENTATION_CONTEXT(2) 
PARAMETRIC_REPRESENTATION_CONTEXT() REPRESENTATION_CONTEXT('2D SPACE',''
  ) );
#1414 = ORIENTED_EDGE('',*,*,#1415,.T.);
#1415 = EDGE_CURVE('',#1384,#1416,#1418,.T.);
#1416 = VERTEX_POINT('',#1417);
#1417 = CARTESIAN_POINT('',(1.228195899878,-14.59842576552,
    3.231716687848));
#1418 = SURFACE_CURVE('',#1419,(#1447,#1478),.PCURVE_S1.);
#1419 = B_SPLINE_CURVE_WITH_KNOTS('',6,(#1420,#1421,#1422,#1423,#1424,
    #1425,#1426,#1427,#1428,#1429,#1430,#1431,#1432,#1433,#1434,#1435,
    #1436,#1437,#1438,#1439,#1440,#1441,#1442,#1443,#1444,#1445,#1446),
  .UNSPECIFIED.,.F.,.F.,(7,5,5,5,5,7),(0.,0.253000427165,0.281934632048,
    0.38293488754,0.690886853577,1.),.UNSPECIFIED.);
#1420 = CARTESIAN_POINT('',(-10.57217890347,-10.14157449476,
    2.619716692904));
#1421 = CARTESIAN_POINT('',(-10.19153251892,-10.53838286791,
    2.645522658659));
#1422 = CARTESIAN_POINT('',(-9.793011340314,-10.91804935624,
    2.671328750461));
#1423 = CARTESIAN_POINT('',(-9.377586154967,-11.27956249204,
    2.697134924652));
#1424 = CARTESIAN_POINT('',(-8.946294729656,-11.62199137287,
    2.722941117434));
#1425 = CARTESIAN_POINT('',(-8.500241810621,-11.94448566156,
    2.748747244865));
#1426 = CARTESIAN_POINT('',(-7.988032430972,-12.28078956556,
    2.777504481976));
#1427 = CARTESIAN_POINT('',(-7.935287958218,-12.31503277625,
    2.780455760076));
#1428 = CARTESIAN_POINT('',(-7.882367448856,-12.34900407353,
    2.783407037185));
#1429 = CARTESIAN_POINT('',(-7.829272656061,-12.38270232772,
    2.786358313337));
#1430 = CARTESIAN_POINT('',(-7.776005342631,-12.41612642426,
    2.789309588575));
#1431 = CARTESIAN_POINT('',(-7.536031729005,-12.56498748948,
    2.802562838342));
#1432 = CARTESIAN_POINT('',(-7.347415596273,-12.6773457542,
    2.812864803643));
#1433 = CARTESIAN_POINT('',(-7.156794332031,-12.78630325669,
    2.823166761518));
#1434 = CARTESIAN_POINT('',(-6.964244684141,-12.89181551588,
    2.833468715063));
#1435 = CARTESIAN_POINT('',(-6.769844699093,-12.99384037078,
    2.843770667821));
#1436 = CARTESIAN_POINT('',(-5.975544164986,-13.39265932552,
    2.88548351055));
#1437 = CARTESIAN_POINT('',(-5.360941988565,-13.66019380912,
    2.916894860547));
#1438 = CARTESIAN_POINT('',(-4.732131501173,-13.89380243157,
    2.948305847281));
#1439 = CARTESIAN_POINT('',(-4.09145513166,-14.09257211277,2.97971702754
    ));
#1440 = CARTESIAN_POINT('',(-3.44132564397,-14.25579635326,
    3.011128678762));
#1441 = CARTESIAN_POINT('',(-2.12466033167,-14.51067382449,
    3.074069342554));
#1442 = CARTESIAN_POINT('',(-1.458053542794,-14.60205841576,
    3.105599218123));
#1443 = CARTESIAN_POINT('',(-0.786927936493,-14.65665997119,
    3.137128413499));
#1444 = CARTESIAN_POINT('',(-0.113814147239,-14.67423171619,
    3.168657353628));
#1445 = CARTESIAN_POINT('',(0.558745244344,-14.6547480405,3.200187241987
    ));
#1446 = CARTESIAN_POINT('',(1.228195899878,-14.59842576552,
    3.231716687848));
#1447 = PCURVE('',#331,#1448);
#1448 = DEFINITIONAL_REPRESENTATION('',(#1449),#1477);
#1449 = B_SPLINE_CURVE_WITH_KNOTS('',6,(#1450,#1451,#1452,#1453,#1454,
    #1455,#1456,#1457,#1458,#1459,#1460,#1461,#1462,#1463,#1464,#1465,
    #1466,#1467,#1468,#1469,#1470,#1471,#1472,#1473,#1474,#1475,#1476),
  .UNSPECIFIED.,.F.,.F.,(7,5,5,5,5,7),(0.,0.253000427165,0.281934632048,
    0.38293488754,0.690886853577,1.),.UNSPECIFIED.);
#1450 = CARTESIAN_POINT('',(3.906205477543,2.919716692904));
#1451 = CARTESIAN_POINT('',(3.943738740722,2.945522658659));
#1452 = CARTESIAN_POINT('',(3.981272082889,2.971328750461));
#1453 = CARTESIAN_POINT('',(4.01880546453,2.997134924652));
#1454 = CARTESIAN_POINT('',(4.056338846171,3.022941117434));
#1455 = CARTESIAN_POINT('',(4.093872188378,3.048747244865));
#1456 = CARTESIAN_POINT('',(4.135697915395,3.077504481976));
#1457 = CARTESIAN_POINT('',(4.139990379038,3.080455760076));
#1458 = CARTESIAN_POINT('',(4.144282842688,3.083407037185));
#1459 = CARTESIAN_POINT('',(4.148575306341,3.086358313337));
#1460 = CARTESIAN_POINT('',(4.152867769997,3.089309588575));
#1461 = CARTESIAN_POINT('',(4.17214388114,3.102562838342));
#1462 = CARTESIAN_POINT('',(4.187127529473,3.112864803643));
#1463 = CARTESIAN_POINT('',(4.202111178232,3.123166761518));
#1464 = CARTESIAN_POINT('',(4.217094826992,3.133468715063));
#1465 = CARTESIAN_POINT('',(4.232078475329,3.143770667821));
#1466 = CARTESIAN_POINT('',(4.292747588462,3.18548351055));
#1467 = CARTESIAN_POINT('',(4.338433680124,3.216894860547));
#1468 = CARTESIAN_POINT('',(4.384119039767,3.248305847281));
#1469 = CARTESIAN_POINT('',(4.429804398368,3.27971702754));
#1470 = CARTESIAN_POINT('',(4.47549048842,3.311128678762));
#1471 = CARTESIAN_POINT('',(4.5670336814,3.374069342554));
#1472 = CARTESIAN_POINT('',(4.612892049257,3.405599218123));
#1473 = CARTESIAN_POINT('',(4.658749673516,3.437128413499));
#1474 = CARTESIAN_POINT('',(4.704607299312,3.468657353628));
#1475 = CARTESIAN_POINT('',(4.750465666875,3.500187241987));
#1476 = CARTESIAN_POINT('',(4.796323396077,3.531716687848));
#1477 = ( GEOMETRIC_REPRESENTATION_CONTEXT(2) 
PARAMETRIC_REPRESENTATION_CONTEXT() REPRESENTATION_CONTEXT('2D SPACE',''
  ) );
#1478 = PCURVE('',#1479,#1494);
#1479 = B_SPLINE_SURFACE_WITH_KNOTS('',1,6,(
    (#1480,#1481,#1482,#1483,#1484,#1485,#1486)
    ,(#1487,#1488,#1489,#1490,#1491,#1492,#1493
  )),.UNSPECIFIED.,.F.,.F.,.F.,(2,2),(7,7),(0.,1.400151444174),(0.,
    1.080210122553),.PIECEWISE_BEZIER_KNOTS.);
#1480 = CARTESIAN_POINT('',(-10.61020249651,-10.1742948119,
    2.679331942073));
#1481 = CARTESIAN_POINT('',(-9.100815485106,-11.74835004918,
    2.781331936493));
#1482 = CARTESIAN_POINT('',(-7.311209467492,-13.05369875311,2.8833319577
    ));
#1483 = CARTESIAN_POINT('',(-5.301150443373,-14.0279968931,
    2.985331941509));
#1484 = CARTESIAN_POINT('',(-3.149098703886,-14.62655169972,
    3.087331924849));
#1485 = CARTESIAN_POINT('',(-0.943463355141,-14.83099617619,
    3.18933194626));
#1486 = CARTESIAN_POINT('',(1.229695339884,-14.64856721344,
    3.291331940657));
#1487 = CARTESIAN_POINT('',(-9.926889244673,-9.586285512334,1.608));
#1488 = CARTESIAN_POINT('',(-8.504735161099,-11.05896917675,
    1.710000005592));
#1489 = CARTESIAN_POINT('',(-6.820408633979,-12.27847588786,
    1.811999984282));
#1490 = CARTESIAN_POINT('',(-4.930221527047,-13.18647646596,
    1.914000000708));
#1491 = CARTESIAN_POINT('',(-2.907977231444,-13.74127404881,
    2.016000017134));
#1492 = CARTESIAN_POINT('',(-0.836731476469,-13.92591827669,
    2.117999995825));
#1493 = CARTESIAN_POINT('',(1.20274924985,-13.74748683367,2.220000001416
    ));
#1494 = DEFINITIONAL_REPRESENTATION('',(#1495),#1523);
#1495 = B_SPLINE_CURVE_WITH_KNOTS('',6,(#1496,#1497,#1498,#1499,#1500,
    #1501,#1502,#1503,#1504,#1505,#1506,#1507,#1508,#1509,#1510,#1511,
    #1512,#1513,#1514,#1515,#1516,#1517,#1518,#1519,#1520,#1521,#1522),
  .UNSPECIFIED.,.F.,.F.,(7,5,5,5,5,7),(0.,0.253000427165,0.281934632048,
    0.38293488754,0.690886853577,1.),.UNSPECIFIED.);
#1496 = CARTESIAN_POINT('',(7.791271214847E-02,0.));
#1497 = CARTESIAN_POINT('',(7.791271714604E-02,4.554880868711E-02));
#1498 = CARTESIAN_POINT('',(7.791262451135E-02,9.109770534116E-02));
#1499 = CARTESIAN_POINT('',(7.791244452428E-02,0.13664662832));
#1500 = CARTESIAN_POINT('',(7.79122251185E-02,0.182195530795));
#1501 = CARTESIAN_POINT('',(7.791205188153E-02,0.227744380756));
#1502 = CARTESIAN_POINT('',(7.791204761706E-02,0.278502313238));
#1503 = CARTESIAN_POINT('',(7.791204869339E-02,0.283711465737));
#1504 = CARTESIAN_POINT('',(7.791205126679E-02,0.288920618517));
#1505 = CARTESIAN_POINT('',(7.791205530457E-02,0.294129771593));
#1506 = CARTESIAN_POINT('',(7.791206075822E-02,0.299338924977));
#1507 = CARTESIAN_POINT('',(7.791209131841E-02,0.322731604274));
#1508 = CARTESIAN_POINT('',(7.791213180553E-02,0.340915134767));
#1509 = CARTESIAN_POINT('',(7.791218556855E-02,0.359098670185));
#1510 = CARTESIAN_POINT('',(7.791224832226E-02,0.377282210207));
#1511 = CARTESIAN_POINT('',(7.79123149526E-02,0.395465754168));
#1512 = CARTESIAN_POINT('',(7.791257637362E-02,0.46909132927));
#1513 = CARTESIAN_POINT('',(7.791275694359E-02,0.52453415384));
#1514 = CARTESIAN_POINT('',(7.791277251958E-02,0.579976114792));
#1515 = CARTESIAN_POINT('',(7.791251996942E-02,0.6354180549));
#1516 = CARTESIAN_POINT('',(7.791227380445E-02,0.690860833995));
#1517 = CARTESIAN_POINT('',(7.791200848663E-02,0.801953845412));
#1518 = CARTESIAN_POINT('',(7.791199769484E-02,0.857605612256));
#1519 = CARTESIAN_POINT('',(7.791218330109E-02,0.913256442758));
#1520 = CARTESIAN_POINT('',(7.791270659215E-02,0.968907278292));
#1521 = CARTESIAN_POINT('',(7.791271100512E-02,1.024559087768));
#1522 = CARTESIAN_POINT('',(7.791271711168E-02,1.080210122553));
#1523 = ( GEOMETRIC_REPRESENTATION_CONTEXT(2) 
PARAMETRIC_REPRESENTATION_CONTEXT() REPRESENTATION_CONTEXT('2D SPACE',''
  ) );
#1524 = ORIENTED_EDGE('',*,*,#1525,.F.);
#1525 = EDGE_CURVE('',#1526,#1416,#1528,.T.);
#1526 = VERTEX_POINT('',#1527);
#1527 = CARTESIAN_POINT('',(1.276831631253,-14.59425232704,2.22));
#1528 = SURFACE_CURVE('',#1529,(#1534,#1544),.PCURVE_S1.);
#1529 = ELLIPSE('',#1530,303.98596734883,14.65);
#1530 = AXIS2_PLACEMENT_3D('',#1531,#1532,#1533);
#1531 = CARTESIAN_POINT('',(0.,0.,2.220000000006));
#1532 = DIRECTION('',(-0.995037161318,-8.705447140234E-02,
    -4.819301406498E-02));
#1533 = DIRECTION('',(-4.80096250966E-02,-4.200297936081E-03,
    0.998838041624));
#1534 = PCURVE('',#331,#1535);
#1535 = DEFINITIONAL_REPRESENTATION('',(#1536),#1543);
#1536 = B_SPLINE_CURVE_WITH_KNOTS('',5,(#1537,#1538,#1539,#1540,#1541,
    #1542),.UNSPECIFIED.,.F.,.F.,(6,6),(4.712388980385,4.716275271889),
  .PIECEWISE_BEZIER_KNOTS.);
#1537 = CARTESIAN_POINT('',(4.799655442984,2.519999999997));
#1538 = CARTESIAN_POINT('',(4.798878184683,2.756001074061));
#1539 = CARTESIAN_POINT('',(4.798100926383,2.992002148125));
#1540 = CARTESIAN_POINT('',(4.797323668082,3.228002925159));
#1541 = CARTESIAN_POINT('',(4.796546409781,3.464003108126));
#1542 = CARTESIAN_POINT('',(4.79576915148,3.7000024));
#1543 = ( GEOMETRIC_REPRESENTATION_CONTEXT(2) 
PARAMETRIC_REPRESENTATION_CONTEXT() REPRESENTATION_CONTEXT('2D SPACE',''
  ) );
#1544 = PCURVE('',#1545,#1550);
#1545 = PLANE('',#1546);
#1546 = AXIS2_PLACEMENT_3D('',#1547,#1548,#1549);
#1547 = CARTESIAN_POINT('',(1.254927259068,-14.28481912431,
    2.113306536677));
#1548 = DIRECTION('',(-0.995037161318,-8.705447140234E-02,
    -4.819301406498E-02));
#1549 = DIRECTION('',(8.715574274764E-02,-0.996194698092,
    6.891484591409E-19));
#1550 = DEFINITIONAL_REPRESENTATION('',(#1551),#1555);
#1551 = ELLIPSE('',#1552,303.98596734883,14.65);
#1552 = AXIS2_PLACEMENT_2D('',#1553,#1554);
#1553 = CARTESIAN_POINT('',(-14.33983519219,0.106817580912));
#1554 = DIRECTION('',(-5.864344655914E-19,1.));
#1555 = ( GEOMETRIC_REPRESENTATION_CONTEXT(2) 
PARAMETRIC_REPRESENTATION_CONTEXT() REPRESENTATION_CONTEXT('2D SPACE',''
  ) );
#1556 = ORIENTED_EDGE('',*,*,#1557,.T.);
#1557 = EDGE_CURVE('',#1526,#1266,#1558,.T.);
#1558 = SURFACE_CURVE('',#1559,(#1563,#1569),.PCURVE_S1.);
#1559 = LINE('',#1560,#1561);
#1560 = CARTESIAN_POINT('',(1.276831631253,-14.59425232704,-0.3));
#1561 = VECTOR('',#1562,1.);
#1562 = DIRECTION('',(0.,0.,1.));
#1563 = PCURVE('',#331,#1564);
#1564 = DEFINITIONAL_REPRESENTATION('',(#1565),#1568);
#1565 = B_SPLINE_CURVE_WITH_KNOTS('',1,(#1566,#1567),.UNSPECIFIED.,.F.,
  .F.,(2,2),(-6.000000000173E-07,3.7000006),.PIECEWISE_BEZIER_KNOTS.);
#1566 = CARTESIAN_POINT('',(4.799655442984,-6.000000000173E-07));
#1567 = CARTESIAN_POINT('',(4.799655442984,3.7000006));
#1568 = ( GEOMETRIC_REPRESENTATION_CONTEXT(2) 
PARAMETRIC_REPRESENTATION_CONTEXT() REPRESENTATION_CONTEXT('2D SPACE',''
  ) );
#1569 = PCURVE('',#1570,#1575);
#1570 = PLANE('',#1571);
#1571 = AXIS2_PLACEMENT_3D('',#1572,#1573,#1574);
#1572 = CARTESIAN_POINT('',(1.451143116749,-16.58664172322,-0.3));
#1573 = DIRECTION('',(-0.996194698092,-8.715574274766E-02,0.));
#1574 = DIRECTION('',(-8.715574274766E-02,0.996194698092,0.));
#1575 = DEFINITIONAL_REPRESENTATION('',(#1576),#1579);
#1576 = B_SPLINE_CURVE_WITH_KNOTS('',1,(#1577,#1578),.UNSPECIFIED.,.F.,
  .F.,(2,2),(-6.000000000173E-07,3.7000006),.PIECEWISE_BEZIER_KNOTS.);
#1577 = CARTESIAN_POINT('',(2.,6.000000000173E-07));
#1578 = CARTESIAN_POINT('',(2.,-3.7000006));
#1579 = ( GEOMETRIC_REPRESENTATION_CONTEXT(2) 
PARAMETRIC_REPRESENTATION_CONTEXT() REPRESENTATION_CONTEXT('2D SPACE',''
  ) );
#1580 = ADVANCED_FACE('',(#1581),#303,.T.);
#1581 = FACE_BOUND('',#1582,.T.);
#1582 = EDGE_LOOP('',(#1583,#1604,#1605,#1606,#1635));
#1583 = ORIENTED_EDGE('',*,*,#1584,.F.);
#1584 = EDGE_CURVE('',#260,#1585,#1587,.T.);
#1585 = VERTEX_POINT('',#1586);
#1586 = CARTESIAN_POINT('',(1.20274924985,-13.74748683367,2.220000001416
    ));
#1587 = SURFACE_CURVE('',#1588,(#1592,#1598),.PCURVE_S1.);
#1588 = LINE('',#1589,#1590);
#1589 = CARTESIAN_POINT('',(1.202749249918,-13.74748683366,0.2));
#1590 = VECTOR('',#1591,1.);
#1591 = DIRECTION('',(0.,0.,1.));
#1592 = PCURVE('',#303,#1593);
#1593 = DEFINITIONAL_REPRESENTATION('',(#1594),#1597);
#1594 = B_SPLINE_CURVE_WITH_KNOTS('',1,(#1595,#1596),.UNSPECIFIED.,.F.,
  .F.,(2,2),(-5.999999999895E-07,3.57),.PIECEWISE_BEZIER_KNOTS.);
#1595 = CARTESIAN_POINT('',(2.85,-0.4999994));
#1596 = CARTESIAN_POINT('',(2.85,-4.07));
#1597 = ( GEOMETRIC_REPRESENTATION_CONTEXT(2) 
PARAMETRIC_REPRESENTATION_CONTEXT() REPRESENTATION_CONTEXT('2D SPACE',''
  ) );
#1598 = PCURVE('',#276,#1599);
#1599 = DEFINITIONAL_REPRESENTATION('',(#1600),#1603);
#1600 = B_SPLINE_CURVE_WITH_KNOTS('',1,(#1601,#1602),.UNSPECIFIED.,.F.,
  .F.,(2,2),(-5.999999999895E-07,3.57),.PIECEWISE_BEZIER_KNOTS.);
#1601 = CARTESIAN_POINT('',(4.799655442984,-5.999999999895E-07));
#1602 = CARTESIAN_POINT('',(4.799655442984,3.57));
#1603 = ( GEOMETRIC_REPRESENTATION_CONTEXT(2) 
PARAMETRIC_REPRESENTATION_CONTEXT() REPRESENTATION_CONTEXT('2D SPACE',''
  ) );
#1604 = ORIENTED_EDGE('',*,*,#288,.T.);
#1605 = ORIENTED_EDGE('',*,*,#1291,.T.);
#1606 = ORIENTED_EDGE('',*,*,#1607,.T.);
#1607 = EDGE_CURVE('',#1292,#1608,#1610,.T.);
#1608 = VERTEX_POINT('',#1609);
#1609 = CARTESIAN_POINT('',(1.202756583884,-13.74757066128,
    1.218760876989));
#1610 = SURFACE_CURVE('',#1611,(#1617,#1626),.PCURVE_S1.);
#1611 = B_SPLINE_CURVE_WITH_KNOTS('',4,(#1612,#1613,#1614,#1615,#1616),
  .UNSPECIFIED.,.F.,.F.,(5,5),(0.,1.),.PIECEWISE_BEZIER_KNOTS.);
#1612 = CARTESIAN_POINT('',(1.276831631253,-14.59425232704,
    1.218900173232));
#1613 = CARTESIAN_POINT('',(1.258312866267,-14.38258187466,
    1.218867369524));
#1614 = CARTESIAN_POINT('',(1.239794103254,-14.17091144484,
    1.218833296911));
#1615 = CARTESIAN_POINT('',(1.221275342386,-13.95924103954,
    1.218797845832));
#1616 = CARTESIAN_POINT('',(1.202756583884,-13.74757066128,
    1.218760876989));
#1617 = PCURVE('',#303,#1618);
#1618 = DEFINITIONAL_REPRESENTATION('',(#1619),#1625);
#1619 = B_SPLINE_CURVE_WITH_KNOTS('',4,(#1620,#1621,#1622,#1623,#1624),
  .UNSPECIFIED.,.F.,.F.,(5,5),(0.,1.),.PIECEWISE_BEZIER_KNOTS.);
#1620 = CARTESIAN_POINT('',(2.,-1.518900173232));
#1621 = CARTESIAN_POINT('',(2.212478999117,-1.518867369524));
#1622 = CARTESIAN_POINT('',(2.424957975594,-1.518833296911));
#1623 = CARTESIAN_POINT('',(2.637436927455,-1.518797845832));
#1624 = CARTESIAN_POINT('',(2.849915852177,-1.518760876989));
#1625 = ( GEOMETRIC_REPRESENTATION_CONTEXT(2) 
PARAMETRIC_REPRESENTATION_CONTEXT() REPRESENTATION_CONTEXT('2D SPACE',''
  ) );
#1626 = PCURVE('',#1350,#1627);
#1627 = DEFINITIONAL_REPRESENTATION('',(#1628),#1634);
#1628 = B_SPLINE_CURVE_WITH_KNOTS('',4,(#1629,#1630,#1631,#1632,#1633),
  .UNSPECIFIED.,.F.,.F.,(5,5),(0.,1.),.PIECEWISE_BEZIER_KNOTS.);
#1629 = CARTESIAN_POINT('',(0.849920734198,1.076217962481));
#1630 = CARTESIAN_POINT('',(0.637440585384,1.076160061238));
#1631 = CARTESIAN_POINT('',(0.424960414737,1.076099920326));
#1632 = CARTESIAN_POINT('',(0.212480220395,1.076037346346));
#1633 = CARTESIAN_POINT('',(0.,1.075972093447));
#1634 = ( GEOMETRIC_REPRESENTATION_CONTEXT(2) 
PARAMETRIC_REPRESENTATION_CONTEXT() REPRESENTATION_CONTEXT('2D SPACE',''
  ) );
#1635 = ORIENTED_EDGE('',*,*,#1636,.T.);
#1636 = EDGE_CURVE('',#1608,#1585,#1637,.T.);
#1637 = SURFACE_CURVE('',#1638,(#1644,#1653),.PCURVE_S1.);
#1638 = B_SPLINE_CURVE_WITH_KNOTS('',4,(#1639,#1640,#1641,#1642,#1643),
  .UNSPECIFIED.,.F.,.F.,(5,5),(0.,1.),.PIECEWISE_BEZIER_KNOTS.);
#1639 = CARTESIAN_POINT('',(1.202756583884,-13.74757066128,
    1.218760876989));
#1640 = CARTESIAN_POINT('',(1.202752916844,-13.74752874682,
    1.469070654496));
#1641 = CARTESIAN_POINT('',(1.202750472158,-13.74750080393,
    1.719380435605));
#1642 = CARTESIAN_POINT('',(1.202749249849,-13.74748683288,
    1.969690218508));
#1643 = CARTESIAN_POINT('',(1.202749249918,-13.74748683366,
    2.220000001416));
#1644 = PCURVE('',#303,#1645);
#1645 = DEFINITIONAL_REPRESENTATION('',(#1646),#1652);
#1646 = B_SPLINE_CURVE_WITH_KNOTS('',4,(#1647,#1648,#1649,#1650,#1651),
  .UNSPECIFIED.,.F.,.F.,(5,5),(0.,1.),.PIECEWISE_BEZIER_KNOTS.);
#1647 = CARTESIAN_POINT('',(2.849915852177,-1.518760876989));
#1648 = CARTESIAN_POINT('',(2.849957926741,-1.769070654496));
#1649 = CARTESIAN_POINT('',(2.849985976366,-2.019380435605));
#1650 = CARTESIAN_POINT('',(2.850000000788,-2.269690218508));
#1651 = CARTESIAN_POINT('',(2.85,-2.520000001416));
#1652 = ( GEOMETRIC_REPRESENTATION_CONTEXT(2) 
PARAMETRIC_REPRESENTATION_CONTEXT() REPRESENTATION_CONTEXT('2D SPACE',''
  ) );
#1653 = PCURVE('',#1654,#1669);
#1654 = B_SPLINE_SURFACE_WITH_KNOTS('',1,6,(
    (#1655,#1656,#1657,#1658,#1659,#1660,#1661)
    ,(#1662,#1663,#1664,#1665,#1666,#1667,#1668
  )),.UNSPECIFIED.,.F.,.F.,.F.,(2,2),(7,7),(0.,1.),(0.,1.080210122553),
  .PIECEWISE_BEZIER_KNOTS.);
#1655 = CARTESIAN_POINT('',(-9.926889244673,-9.586285512334,1.608));
#1656 = CARTESIAN_POINT('',(-8.504735161099,-11.05896917675,
    1.710000005592));
#1657 = CARTESIAN_POINT('',(-6.820408633979,-12.27847588786,
    1.811999984282));
#1658 = CARTESIAN_POINT('',(-4.930221527047,-13.18647646596,
    1.914000000708));
#1659 = CARTESIAN_POINT('',(-2.907977231444,-13.74127404881,
    2.016000017134));
#1660 = CARTESIAN_POINT('',(-0.836731476469,-13.92591827669,
    2.117999995825));
#1661 = CARTESIAN_POINT('',(1.20274924985,-13.74748683367,2.220000001416
    ));
#1662 = CARTESIAN_POINT('',(-9.893411564055,-9.620952665449,
    0.609161958376));
#1663 = CARTESIAN_POINT('',(-8.466114495925,-11.08866980709,
    0.711161963956));
#1664 = CARTESIAN_POINT('',(-6.777529186284,-12.30229446519,
    0.813161942742));
#1665 = CARTESIAN_POINT('',(-4.884171063304,-13.20369402712,
    0.91516195895));
#1666 = CARTESIAN_POINT('',(-2.859989308095,-13.751429386,1.017161975594
    ));
#1667 = CARTESIAN_POINT('',(-0.788098723578,-13.92884035935,
    1.119161954189));
#1668 = CARTESIAN_POINT('',(1.250758874672,-13.74328653259,
    1.221161959792));
#1669 = DEFINITIONAL_REPRESENTATION('',(#1670),#1676);
#1670 = B_SPLINE_CURVE_WITH_KNOTS('',4,(#1671,#1672,#1673,#1674,#1675),
  .UNSPECIFIED.,.F.,.F.,(5,5),(0.,1.),.PIECEWISE_BEZIER_KNOTS.);
#1671 = CARTESIAN_POINT('',(1.,1.075972093447));
#1672 = CARTESIAN_POINT('',(0.74999999872,1.077031592114));
#1673 = CARTESIAN_POINT('',(0.499999998722,1.0780910994));
#1674 = CARTESIAN_POINT('',(0.249999999359,1.079150610969));
#1675 = CARTESIAN_POINT('',(0.,1.080210122553));
#1676 = ( GEOMETRIC_REPRESENTATION_CONTEXT(2) 
PARAMETRIC_REPRESENTATION_CONTEXT() REPRESENTATION_CONTEXT('2D SPACE',''
  ) );
#1677 = ADVANCED_FACE('',(#1678),#276,.F.);
#1678 = FACE_BOUND('',#1679,.F.);
#1679 = EDGE_LOOP('',(#1680,#1701,#1725,#1744,#1745));
#1680 = ORIENTED_EDGE('',*,*,#1681,.T.);
#1681 = EDGE_CURVE('',#234,#1682,#1684,.T.);
#1682 = VERTEX_POINT('',#1683);
#1683 = CARTESIAN_POINT('',(9.926889244673,-9.586285512334,
    2.637323655924));
#1684 = SURFACE_CURVE('',#1685,(#1689,#1695),.PCURVE_S1.);
#1685 = LINE('',#1686,#1687);
#1686 = CARTESIAN_POINT('',(9.926889244673,-9.586285512334,0.2));
#1687 = VECTOR('',#1688,1.);
#1688 = DIRECTION('',(0.,0.,1.));
#1689 = PCURVE('',#276,#1690);
#1690 = DEFINITIONAL_REPRESENTATION('',(#1691),#1694);
#1691 = B_SPLINE_CURVE_WITH_KNOTS('',1,(#1692,#1693),.UNSPECIFIED.,.F.,
  .F.,(2,2),(-5.999999999895E-07,3.57),.PIECEWISE_BEZIER_KNOTS.);
#1692 = CARTESIAN_POINT('',(5.515240436302,-5.999999999895E-07));
#1693 = CARTESIAN_POINT('',(5.515240436302,3.57));
#1694 = ( GEOMETRIC_REPRESENTATION_CONTEXT(2) 
PARAMETRIC_REPRESENTATION_CONTEXT() REPRESENTATION_CONTEXT('2D SPACE',''
  ) );
#1695 = PCURVE('',#248,#1696);
#1696 = DEFINITIONAL_REPRESENTATION('',(#1697),#1700);
#1697 = B_SPLINE_CURVE_WITH_KNOTS('',1,(#1698,#1699),.UNSPECIFIED.,.F.,
  .F.,(2,2),(-5.999999999895E-07,3.57),.PIECEWISE_BEZIER_KNOTS.);
#1698 = CARTESIAN_POINT('',(13.8,-0.4999994));
#1699 = CARTESIAN_POINT('',(13.8,-4.07));
#1700 = ( GEOMETRIC_REPRESENTATION_CONTEXT(2) 
PARAMETRIC_REPRESENTATION_CONTEXT() REPRESENTATION_CONTEXT('2D SPACE',''
  ) );
#1701 = ORIENTED_EDGE('',*,*,#1702,.F.);
#1702 = EDGE_CURVE('',#1703,#1682,#1705,.T.);
#1703 = VERTEX_POINT('',#1704);
#1704 = CARTESIAN_POINT('',(1.202749249918,-13.74748683366,
    2.637323655924));
#1705 = SURFACE_CURVE('',#1706,(#1711,#1718),.PCURVE_S1.);
#1706 = CIRCLE('',#1707,13.8);
#1707 = AXIS2_PLACEMENT_3D('',#1708,#1709,#1710);
#1708 = CARTESIAN_POINT('',(0.,0.,2.637323655924));
#1709 = DIRECTION('',(0.,0.,1.));
#1710 = DIRECTION('',(0.,-1.,0.));
#1711 = PCURVE('',#276,#1712);
#1712 = DEFINITIONAL_REPRESENTATION('',(#1713),#1717);
#1713 = LINE('',#1714,#1715);
#1714 = CARTESIAN_POINT('',(-1.570796326795,2.437323655924));
#1715 = VECTOR('',#1716,1.);
#1716 = DIRECTION('',(1.,0.));
#1717 = ( GEOMETRIC_REPRESENTATION_CONTEXT(2) 
PARAMETRIC_REPRESENTATION_CONTEXT() REPRESENTATION_CONTEXT('2D SPACE',''
  ) );
#1718 = PCURVE('',#554,#1719);
#1719 = DEFINITIONAL_REPRESENTATION('',(#1720),#1724);
#1720 = LINE('',#1721,#1722);
#1721 = CARTESIAN_POINT('',(-1.570796326795,5.958767962971E-02));
#1722 = VECTOR('',#1723,1.);
#1723 = DIRECTION('',(1.,0.));
#1724 = ( GEOMETRIC_REPRESENTATION_CONTEXT(2) 
PARAMETRIC_REPRESENTATION_CONTEXT() REPRESENTATION_CONTEXT('2D SPACE',''
  ) );
#1725 = ORIENTED_EDGE('',*,*,#1726,.F.);
#1726 = EDGE_CURVE('',#1585,#1703,#1727,.T.);
#1727 = SURFACE_CURVE('',#1728,(#1732,#1738),.PCURVE_S1.);
#1728 = LINE('',#1729,#1730);
#1729 = CARTESIAN_POINT('',(1.202749249918,-13.74748683366,0.2));
#1730 = VECTOR('',#1731,1.);
#1731 = DIRECTION('',(0.,0.,1.));
#1732 = PCURVE('',#276,#1733);
#1733 = DEFINITIONAL_REPRESENTATION('',(#1734),#1737);
#1734 = B_SPLINE_CURVE_WITH_KNOTS('',1,(#1735,#1736),.UNSPECIFIED.,.F.,
  .F.,(2,2),(-5.999999999895E-07,3.57),.PIECEWISE_BEZIER_KNOTS.);
#1735 = CARTESIAN_POINT('',(4.799655442984,-5.999999999895E-07));
#1736 = CARTESIAN_POINT('',(4.799655442984,3.57));
#1737 = ( GEOMETRIC_REPRESENTATION_CONTEXT(2) 
PARAMETRIC_REPRESENTATION_CONTEXT() REPRESENTATION_CONTEXT('2D SPACE',''
  ) );
#1738 = PCURVE('',#1570,#1739);
#1739 = DEFINITIONAL_REPRESENTATION('',(#1740),#1743);
#1740 = B_SPLINE_CURVE_WITH_KNOTS('',1,(#1741,#1742),.UNSPECIFIED.,.F.,
  .F.,(2,2),(-5.999999999895E-07,3.57),.PIECEWISE_BEZIER_KNOTS.);
#1741 = CARTESIAN_POINT('',(2.85,-0.4999994));
#1742 = CARTESIAN_POINT('',(2.85,-4.07));
#1743 = ( GEOMETRIC_REPRESENTATION_CONTEXT(2) 
PARAMETRIC_REPRESENTATION_CONTEXT() REPRESENTATION_CONTEXT('2D SPACE',''
  ) );
#1744 = ORIENTED_EDGE('',*,*,#1584,.F.);
#1745 = ORIENTED_EDGE('',*,*,#259,.T.);
#1746 = ADVANCED_FACE('',(#1747),#248,.T.);
#1747 = FACE_BOUND('',#1748,.T.);
#1748 = EDGE_LOOP('',(#1749,#1770,#1771,#1772,#1793));
#1749 = ORIENTED_EDGE('',*,*,#1750,.F.);
#1750 = EDGE_CURVE('',#205,#1751,#1753,.T.);
#1751 = VERTEX_POINT('',#1752);
#1752 = CARTESIAN_POINT('',(10.538328074961,-10.17674512722,3.4));
#1753 = SURFACE_CURVE('',#1754,(#1758,#1764),.PCURVE_S1.);
#1754 = LINE('',#1755,#1756);
#1755 = CARTESIAN_POINT('',(10.538328074961,-10.17674512722,-0.3));
#1756 = VECTOR('',#1757,1.);
#1757 = DIRECTION('',(0.,0.,1.));
#1758 = PCURVE('',#248,#1759);
#1759 = DEFINITIONAL_REPRESENTATION('',(#1760),#1763);
#1760 = B_SPLINE_CURVE_WITH_KNOTS('',1,(#1761,#1762),.UNSPECIFIED.,.F.,
  .F.,(2,2),(-6.000000000173E-07,3.7000006),.PIECEWISE_BEZIER_KNOTS.);
#1761 = CARTESIAN_POINT('',(14.65,6.000000000173E-07));
#1762 = CARTESIAN_POINT('',(14.65,-3.7000006));
#1763 = ( GEOMETRIC_REPRESENTATION_CONTEXT(2) 
PARAMETRIC_REPRESENTATION_CONTEXT() REPRESENTATION_CONTEXT('2D SPACE',''
  ) );
#1764 = PCURVE('',#221,#1765);
#1765 = DEFINITIONAL_REPRESENTATION('',(#1766),#1769);
#1766 = B_SPLINE_CURVE_WITH_KNOTS('',1,(#1767,#1768),.UNSPECIFIED.,.F.,
  .F.,(2,2),(0.,3.7),.PIECEWISE_BEZIER_KNOTS.);
#1767 = CARTESIAN_POINT('',(5.515240436302,0.));
#1768 = CARTESIAN_POINT('',(5.515240436302,3.7));
#1769 = ( GEOMETRIC_REPRESENTATION_CONTEXT(2) 
PARAMETRIC_REPRESENTATION_CONTEXT() REPRESENTATION_CONTEXT('2D SPACE',''
  ) );
#1770 = ORIENTED_EDGE('',*,*,#233,.T.);
#1771 = ORIENTED_EDGE('',*,*,#1681,.T.);
#1772 = ORIENTED_EDGE('',*,*,#1773,.T.);
#1773 = EDGE_CURVE('',#1682,#1774,#1776,.T.);
#1774 = VERTEX_POINT('',#1775);
#1775 = CARTESIAN_POINT('',(10.387238978444,-10.03084008272,3.4));
#1776 = SURFACE_CURVE('',#1777,(#1781,#1787),.PCURVE_S1.);
#1777 = LINE('',#1778,#1779);
#1778 = CARTESIAN_POINT('',(0.,0.,-13.80887592187));
#1779 = VECTOR('',#1780,1.);
#1780 = DIRECTION('',(0.462382710812,-0.446517793496,0.766044443119));
#1781 = PCURVE('',#248,#1782);
#1782 = DEFINITIONAL_REPRESENTATION('',(#1783),#1786);
#1783 = B_SPLINE_CURVE_WITH_KNOTS('',1,(#1784,#1785),.UNSPECIFIED.,.F.,
  .F.,(2,2),(21.391202619331,22.882322402218),.PIECEWISE_BEZIER_KNOTS.);
#1784 = CARTESIAN_POINT('',(13.75,-2.877735976294));
#1785 = CARTESIAN_POINT('',(14.708473320998,-4.02));
#1786 = ( GEOMETRIC_REPRESENTATION_CONTEXT(2) 
PARAMETRIC_REPRESENTATION_CONTEXT() REPRESENTATION_CONTEXT('2D SPACE',''
  ) );
#1787 = PCURVE('',#554,#1788);
#1788 = DEFINITIONAL_REPRESENTATION('',(#1789),#1792);
#1789 = B_SPLINE_CURVE_WITH_KNOTS('',1,(#1790,#1791),.UNSPECIFIED.,.F.,
  .F.,(2,2),(21.391202619331,22.882322402218),.PIECEWISE_BEZIER_KNOTS.);
#1790 = CARTESIAN_POINT('',(5.515240436302,-2.721536571638E-15));
#1791 = CARTESIAN_POINT('',(5.515240436302,1.142264023706));
#1792 = ( GEOMETRIC_REPRESENTATION_CONTEXT(2) 
PARAMETRIC_REPRESENTATION_CONTEXT() REPRESENTATION_CONTEXT('2D SPACE',''
  ) );
#1793 = ORIENTED_EDGE('',*,*,#1794,.T.);
#1794 = EDGE_CURVE('',#1774,#1751,#1795,.T.);
#1795 = SURFACE_CURVE('',#1796,(#1800,#1807),.PCURVE_S1.);
#1796 = LINE('',#1797,#1798);
#1797 = CARTESIAN_POINT('',(0.,0.,3.4));
#1798 = VECTOR('',#1799,1.);
#1799 = DIRECTION('',(0.719339800339,-0.694658370459,0.));
#1800 = PCURVE('',#248,#1801);
#1801 = DEFINITIONAL_REPRESENTATION('',(#1802),#1806);
#1802 = LINE('',#1803,#1804);
#1803 = CARTESIAN_POINT('',(0.,-3.7));
#1804 = VECTOR('',#1805,1.);
#1805 = DIRECTION('',(1.,0.));
#1806 = ( GEOMETRIC_REPRESENTATION_CONTEXT(2) 
PARAMETRIC_REPRESENTATION_CONTEXT() REPRESENTATION_CONTEXT('2D SPACE',''
  ) );
#1807 = PCURVE('',#1808,#1813);
#1808 = PLANE('',#1809);
#1809 = AXIS2_PLACEMENT_3D('',#1810,#1811,#1812);
#1810 = CARTESIAN_POINT('',(10.035703593239,-0.789827001974,3.4));
#1811 = DIRECTION('',(0.,0.,1.));
#1812 = DIRECTION('',(1.,0.,-0.));
#1813 = DEFINITIONAL_REPRESENTATION('',(#1814),#1818);
#1814 = LINE('',#1815,#1816);
#1815 = CARTESIAN_POINT('',(-10.03570359323,0.789827001974));
#1816 = VECTOR('',#1817,1.);
#1817 = DIRECTION('',(0.719339800339,-0.694658370459));
#1818 = ( GEOMETRIC_REPRESENTATION_CONTEXT(2) 
PARAMETRIC_REPRESENTATION_CONTEXT() REPRESENTATION_CONTEXT('2D SPACE',''
  ) );
#1819 = ADVANCED_FACE('',(#1820),#221,.F.);
#1820 = FACE_BOUND('',#1821,.F.);
#1821 = EDGE_LOOP('',(#1822,#1823,#1824,#1845,#1941,#1973,#2069,#2101,
    #2122));
#1822 = ORIENTED_EDGE('',*,*,#1750,.F.);
#1823 = ORIENTED_EDGE('',*,*,#204,.T.);
#1824 = ORIENTED_EDGE('',*,*,#1825,.T.);
#1825 = EDGE_CURVE('',#179,#1826,#1828,.T.);
#1826 = VERTEX_POINT('',#1827);
#1827 = CARTESIAN_POINT('',(12.000577448834,8.402894792543,
    1.218900173232));
#1828 = SURFACE_CURVE('',#1829,(#1833,#1839),.PCURVE_S1.);
#1829 = LINE('',#1830,#1831);
#1830 = CARTESIAN_POINT('',(12.000577448834,8.402894792543,-0.3));
#1831 = VECTOR('',#1832,1.);
#1832 = DIRECTION('',(0.,0.,1.));
#1833 = PCURVE('',#221,#1834);
#1834 = DEFINITIONAL_REPRESENTATION('',(#1835),#1838);
#1835 = B_SPLINE_CURVE_WITH_KNOTS('',1,(#1836,#1837),.UNSPECIFIED.,.F.,
  .F.,(2,2),(0.,3.7),.PIECEWISE_BEZIER_KNOTS.);
#1836 = CARTESIAN_POINT('',(6.894050545378,0.));
#1837 = CARTESIAN_POINT('',(6.894050545378,3.7));
#1838 = ( GEOMETRIC_REPRESENTATION_CONTEXT(2) 
PARAMETRIC_REPRESENTATION_CONTEXT() REPRESENTATION_CONTEXT('2D SPACE',''
  ) );
#1839 = PCURVE('',#193,#1840);
#1840 = DEFINITIONAL_REPRESENTATION('',(#1841),#1844);
#1841 = B_SPLINE_CURVE_WITH_KNOTS('',1,(#1842,#1843),.UNSPECIFIED.,.F.,
  .F.,(2,2),(-6.000000000173E-07,3.7000006),.PIECEWISE_BEZIER_KNOTS.);
#1842 = CARTESIAN_POINT('',(2.,6.000000000173E-07));
#1843 = CARTESIAN_POINT('',(2.,-3.7000006));
#1844 = ( GEOMETRIC_REPRESENTATION_CONTEXT(2) 
PARAMETRIC_REPRESENTATION_CONTEXT() REPRESENTATION_CONTEXT('2D SPACE',''
  ) );
#1845 = ORIENTED_EDGE('',*,*,#1846,.F.);
#1846 = EDGE_CURVE('',#1847,#1826,#1849,.T.);
#1847 = VERTEX_POINT('',#1848);
#1848 = CARTESIAN_POINT('',(14.095691442498,-3.991739314872,
    0.609161958376));
#1849 = SURFACE_CURVE('',#1850,(#1868,#1897),.PCURVE_S1.);
#1850 = B_SPLINE_CURVE_WITH_KNOTS('',6,(#1851,#1852,#1853,#1854,#1855,
    #1856,#1857,#1858,#1859,#1860,#1861,#1862,#1863,#1864,#1865,#1866,
    #1867),.UNSPECIFIED.,.F.,.F.,(7,5,5,7),(0.,1.,2.109472121712,
    3.213571926589),.UNSPECIFIED.);
#1851 = CARTESIAN_POINT('',(14.095691442498,-3.991739314872,
    0.609161958376));
#1852 = CARTESIAN_POINT('',(14.279286148461,-3.34342685717,
    0.640784868927));
#1853 = CARTESIAN_POINT('',(14.427101532911,-2.684972193853,
    0.672408227185));
#1854 = CARTESIAN_POINT('',(14.538430959575,-2.018863475452,
    0.704031025505));
#1855 = CARTESIAN_POINT('',(14.612810968013,-1.347623815571,
    0.735653821393));
#1856 = CARTESIAN_POINT('',(14.65,-0.673807138025,0.7672771554));
#1857 = CARTESIAN_POINT('',(14.65,0.747570235049,0.833984804572));
#1858 = CARTESIAN_POINT('',(14.604222961439,1.495156461967,
    0.869070316628));
#1859 = CARTESIAN_POINT('',(14.512665279975,2.239219671099,
    0.904154991949));
#1860 = CARTESIAN_POINT('',(14.375694855311,2.97627595677,0.939239674953
    ));
#1861 = CARTESIAN_POINT('',(14.194010991345,3.702892548885,
    0.974325202315));
#1862 = CARTESIAN_POINT('',(13.744447747168,5.125048118119,
    1.044324819796));
#1863 = CARTESIAN_POINT('',(13.476980522811,5.820750540426,
    1.079240385282));
#1864 = CARTESIAN_POINT('',(13.167329992212,6.499477002711,1.11415506998
    ));
#1865 = CARTESIAN_POINT('',(12.816875081369,7.158062168603,
    1.149069745102));
#1866 = CARTESIAN_POINT('',(12.427289827434,7.793486359592,
    1.183985323786));
#1867 = CARTESIAN_POINT('',(12.000577448834,8.402894792543,
    1.218900173232));
#1868 = PCURVE('',#221,#1869);
#1869 = DEFINITIONAL_REPRESENTATION('',(#1870),#1896);
#1870 = B_SPLINE_CURVE_WITH_KNOTS('',3,(#1871,#1872,#1873,#1874,#1875,
    #1876,#1877,#1878,#1879,#1880,#1881,#1882,#1883,#1884,#1885,#1886,
    #1887,#1888,#1889,#1890,#1891,#1892,#1893,#1894,#1895),
  .UNSPECIFIED.,.F.,.F.,(4,1,1,1,1,1,1,1,1,1,1,1,1,1,1,1,1,1,1,1,1,1,4),
  (0.,0.146071451209,0.292142902417,0.438214353626,0.584285804834,
    0.730357256043,0.876428707252,1.02250015846,1.168571609669,
    1.314643060877,1.460714512086,1.606785963294,1.752857414503,
    1.898928865712,2.04500031692,2.191071768129,2.337143219337,
    2.483214670546,2.629286121755,2.775357572963,2.921429024172,
    3.06750047538,3.213571926589),.QUASI_UNIFORM_KNOTS.);
#1871 = CARTESIAN_POINT('',(6.007222258327,0.909161958376));
#1872 = CARTESIAN_POINT('',(6.020658999364,0.918400381096));
#1873 = CARTESIAN_POINT('',(6.047532543804,0.936877267422));
#1874 = CARTESIAN_POINT('',(6.087842941745,0.964592645541));
#1875 = CARTESIAN_POINT('',(6.1281532476,0.992307949319));
#1876 = CARTESIAN_POINT('',(6.168463524449,1.020023227078));
#1877 = CARTESIAN_POINT('',(6.208773836101,1.047738529863));
#1878 = CARTESIAN_POINT('',(6.249084265576,1.075453921182));
#1879 = CARTESIAN_POINT('',(6.289394464985,1.103169166405));
#1880 = CARTESIAN_POINT('',(6.329704883653,1.130884577003));
#1881 = CARTESIAN_POINT('',(6.370015392146,1.158600064936));
#1882 = CARTESIAN_POINT('',(6.410325784582,1.186315484147));
#1883 = CARTESIAN_POINT('',(6.450636116805,1.214030867829));
#1884 = CARTESIAN_POINT('',(6.490946486353,1.24174627779));
#1885 = CARTESIAN_POINT('',(6.531256953706,1.269461749745));
#1886 = CARTESIAN_POINT('',(6.571567469581,1.297177243156));
#1887 = CARTESIAN_POINT('',(6.611877629584,1.324892477264));
#1888 = CARTESIAN_POINT('',(6.652188163014,1.352607953483));
#1889 = CARTESIAN_POINT('',(6.692498608539,1.380323357011));
#1890 = CARTESIAN_POINT('',(6.732808966071,1.408038691403));
#1891 = CARTESIAN_POINT('',(6.77311929896,1.435754007326));
#1892 = CARTESIAN_POINT('',(6.813429702277,1.463469377604));
#1893 = CARTESIAN_POINT('',(6.853740214707,1.491184833603));
#1894 = CARTESIAN_POINT('',(6.880613801195,1.509661748446));
#1895 = CARTESIAN_POINT('',(6.894050545378,1.518900173232));
#1896 = ( GEOMETRIC_REPRESENTATION_CONTEXT(2) 
PARAMETRIC_REPRESENTATION_CONTEXT() REPRESENTATION_CONTEXT('2D SPACE',''
  ) );
#1897 = PCURVE('',#1898,#1913);
#1898 = B_SPLINE_SURFACE_WITH_KNOTS('',1,6,(
    (#1899,#1900,#1901,#1902,#1903,#1904,#1905)
    ,(#1906,#1907,#1908,#1909,#1910,#1911,#1912
  )),.UNSPECIFIED.,.F.,.F.,.F.,(2,2),(7,7),(0.,0.9),(0.,1.080210122553),
  .PIECEWISE_BEZIER_KNOTS.);
#1899 = CARTESIAN_POINT('',(13.278695198915,-3.757469411842,
    0.609161958376));
#1900 = CARTESIAN_POINT('',(13.836126995083,-1.787535321272,
    0.711161963956));
#1901 = CARTESIAN_POINT('',(14.042864124837,0.281634782384,
    0.813161942742));
#1902 = CARTESIAN_POINT('',(13.876819982936,2.37203079631,0.91516195895)
  );
#1903 = CARTESIAN_POINT('',(13.339081840672,4.398891297638,
    1.017161975594));
#1904 = CARTESIAN_POINT('',(12.456778958247,6.281906664368,
    1.119161954189));
#1905 = CARTESIAN_POINT('',(11.276655831382,7.954832225773,
    1.221161959792));
#1906 = CARTESIAN_POINT('',(14.143830725259,-4.005543032077,
    0.609161958376));
#1907 = CARTESIAN_POINT('',(14.738064984516,-1.907263500163,
    0.711161952773));
#1908 = CARTESIAN_POINT('',(14.958756055421,0.296803730058,
    0.813161974178));
#1909 = CARTESIAN_POINT('',(14.782359194454,2.523566090662,
    0.915161957533));
#1910 = CARTESIAN_POINT('',(14.210013200538,4.682734021495,
    1.017161941326));
#1911 = CARTESIAN_POINT('',(13.270598398995,6.68875416831,1.11916196254)
  );
#1912 = CARTESIAN_POINT('',(12.013892671164,8.471051018601,1.22116195696
    ));
#1913 = DEFINITIONAL_REPRESENTATION('',(#1914),#1940);
#1914 = B_SPLINE_CURVE_WITH_KNOTS('',3,(#1915,#1916,#1917,#1918,#1919,
    #1920,#1921,#1922,#1923,#1924,#1925,#1926,#1927,#1928,#1929,#1930,
    #1931,#1932,#1933,#1934,#1935,#1936,#1937,#1938,#1939),
  .UNSPECIFIED.,.F.,.F.,(4,1,1,1,1,1,1,1,1,1,1,1,1,1,1,1,1,1,1,1,1,1,4),
  (0.,0.146071451209,0.292142902417,0.438214353626,0.584285804834,
    0.730357256043,0.876428707252,1.02250015846,1.168571609669,
    1.314643060877,1.460714512086,1.606785963294,1.752857414503,
    1.898928865712,2.04500031692,2.191071768129,2.337143219337,
    2.483214670546,2.629286121755,2.775357572963,2.921429024172,
    3.06750047538,3.213571926589),.QUASI_UNIFORM_KNOTS.);
#1915 = CARTESIAN_POINT('',(0.849920731301,0.));
#1916 = CARTESIAN_POINT('',(0.849920726128,1.630627182563E-02));
#1917 = CARTESIAN_POINT('',(0.849920740337,4.891888644197E-02));
#1918 = CARTESIAN_POINT('',(0.849920817101,9.783789205244E-02));
#1919 = CARTESIAN_POINT('',(0.849920946239,0.146756766046));
#1920 = CARTESIAN_POINT('',(0.849921071686,0.195675594448));
#1921 = CARTESIAN_POINT('',(0.849921149574,0.2445944666));
#1922 = CARTESIAN_POINT('',(0.849921155855,0.293513495337));
#1923 = CARTESIAN_POINT('',(0.849921095088,0.342432267453));
#1924 = CARTESIAN_POINT('',(0.849920989782,0.391351332628));
#1925 = CARTESIAN_POINT('',(0.849920877396,0.440270533037));
#1926 = CARTESIAN_POINT('',(0.849920791161,0.489189613325));
#1927 = CARTESIAN_POINT('',(0.849920758863,0.538108632137));
#1928 = CARTESIAN_POINT('',(0.84992079077,0.587027696735));
#1929 = CARTESIAN_POINT('',(0.849920876232,0.635946869321));
#1930 = CARTESIAN_POINT('',(0.849920991161,0.684866080715));
#1931 = CARTESIAN_POINT('',(0.849921099417,0.733784834296));
#1932 = CARTESIAN_POINT('',(0.849921165407,0.782704013925));
#1933 = CARTESIAN_POINT('',(0.849921163304,0.831623063717));
#1934 = CARTESIAN_POINT('',(0.849921087406,0.880541992206));
#1935 = CARTESIAN_POINT('',(0.849920961022,0.92946088821));
#1936 = CARTESIAN_POINT('',(0.849920826861,0.978379879166));
#1937 = CARTESIAN_POINT('',(0.849920742494,1.02729902197));
#1938 = CARTESIAN_POINT('',(0.849920727346,1.059911686917));
#1939 = CARTESIAN_POINT('',(0.849920734198,1.076217962485));
#1940 = ( GEOMETRIC_REPRESENTATION_CONTEXT(2) 
PARAMETRIC_REPRESENTATION_CONTEXT() REPRESENTATION_CONTEXT('2D SPACE',''
  ) );
#1941 = ORIENTED_EDGE('',*,*,#1942,.T.);
#1942 = EDGE_CURVE('',#1847,#1943,#1945,.T.);
#1943 = VERTEX_POINT('',#1944);
#1944 = CARTESIAN_POINT('',(14.068950598577,-4.084988256384,
    2.619716692904));
#1945 = SURFACE_CURVE('',#1946,(#1951,#1961),.PCURVE_S1.);
#1946 = ELLIPSE('',#1947,303.98596734882,14.65);
#1947 = AXIS2_PLACEMENT_3D('',#1948,#1949,#1950);
#1948 = CARTESIAN_POINT('',(0.,0.,1.608000000002));
#1949 = DIRECTION('',(-0.275317076683,-0.960144749859,
    -4.819301406499E-02));
#1950 = DIRECTION('',(-1.328379496572E-02,-4.632609843249E-02,
    0.998838041624));
#1951 = PCURVE('',#221,#1952);
#1952 = DEFINITIONAL_REPRESENTATION('',(#1953),#1960);
#1953 = B_SPLINE_CURVE_WITH_KNOTS('',5,(#1954,#1955,#1956,#1957,#1958,
    #1959),.UNSPECIFIED.,.F.,.F.,(6,6),(4.708417543784,4.716599174193),
  .PIECEWISE_BEZIER_KNOTS.);
#1954 = CARTESIAN_POINT('',(6.007904063461,0.702144960006));
#1955 = CARTESIAN_POINT('',(6.006267737379,1.19898322722));
#1956 = CARTESIAN_POINT('',(6.004631411298,1.695825530376));
#1957 = CARTESIAN_POINT('',(6.002995085216,2.19266909798));
#1958 = CARTESIAN_POINT('',(6.001358759134,2.689511158499));
#1959 = CARTESIAN_POINT('',(5.999722433052,3.186348940442));
#1960 = ( GEOMETRIC_REPRESENTATION_CONTEXT(2) 
PARAMETRIC_REPRESENTATION_CONTEXT() REPRESENTATION_CONTEXT('2D SPACE',''
  ) );
#1961 = PCURVE('',#1962,#1967);
#1962 = PLANE('',#1963);
#1963 = AXIS2_PLACEMENT_3D('',#1964,#1965,#1966);
#1964 = CARTESIAN_POINT('',(13.785753239489,-3.947645813567,
    1.50130653696));
#1965 = DIRECTION('',(-0.275317076683,-0.960144749859,
    -4.819301406499E-02));
#1966 = DIRECTION('',(1.328379496572E-02,4.632609843249E-02,
    -0.998838041624));
#1967 = DEFINITIONAL_REPRESENTATION('',(#1968),#1972);
#1968 = ELLIPSE('',#1969,303.98596734882,14.65);
#1969 = AXIS2_PLACEMENT_2D('',#1970,#1971);
#1970 = CARTESIAN_POINT('',(-0.106817580625,-14.33983519253));
#1971 = DIRECTION('',(-1.,-3.650722692391E-16));
#1972 = ( GEOMETRIC_REPRESENTATION_CONTEXT(2) 
PARAMETRIC_REPRESENTATION_CONTEXT() REPRESENTATION_CONTEXT('2D SPACE',''
  ) );
#1973 = ORIENTED_EDGE('',*,*,#1974,.F.);
#1974 = EDGE_CURVE('',#1975,#1943,#1977,.T.);
#1975 = VERTEX_POINT('',#1976);
#1976 = CARTESIAN_POINT('',(12.028509618266,8.36286173288,3.231716687848
    ));
#1977 = SURFACE_CURVE('',#1978,(#1996,#2025),.PCURVE_S1.);
#1978 = B_SPLINE_CURVE_WITH_KNOTS('',6,(#1979,#1980,#1981,#1982,#1983,
    #1984,#1985,#1986,#1987,#1988,#1989,#1990,#1991,#1992,#1993,#1994,
    #1995),.UNSPECIFIED.,.F.,.F.,(7,5,5,7),(0.,0.501242045467,1.,
    1.465135299331),.UNSPECIFIED.);
#1979 = CARTESIAN_POINT('',(12.028509618266,8.36286173288,3.231716687848
    ));
#1980 = CARTESIAN_POINT('',(12.452951940065,7.752375907187,
    3.196821337926));
#1981 = CARTESIAN_POINT('',(12.840222187467,7.116027103345,
    3.161925260646));
#1982 = CARTESIAN_POINT('',(13.188330051945,6.456671904061,
    3.127030604688));
#1983 = CARTESIAN_POINT('',(13.4956141144,5.777330454483,3.09213547761)
  );
#1984 = CARTESIAN_POINT('',(13.760707979627,5.081167198659,
    3.057239322447));
#1985 = CARTESIAN_POINT('',(14.203344617593,3.665362165501,2.98762121866
    ));
#1986 = CARTESIAN_POINT('',(14.381323906901,2.94582462502,2.952897844884
    ));
#1987 = CARTESIAN_POINT('',(14.515487276347,2.21616608093,2.918175362577
    ));
#1988 = CARTESIAN_POINT('',(14.605163556152,1.479715397252,
    2.883453198201));
#1989 = CARTESIAN_POINT('',(14.65,0.739850101103,2.848730262797));
#1990 = CARTESIAN_POINT('',(14.65,-0.68997475651,2.78162639568));
#1991 = CARTESIAN_POINT('',(14.611004897763,-1.379960239932,
    2.749244256518));
#1992 = CARTESIAN_POINT('',(14.533012452702,-2.067178104636,
    2.716862565695));
#1993 = CARTESIAN_POINT('',(14.416288559986,-2.748886774217,
    2.684480568603));
#1994 = CARTESIAN_POINT('',(14.261342321239,-3.422379340072,
    2.652098371921));
#1995 = CARTESIAN_POINT('',(14.068950598577,-4.084988256384,
    2.619716692904));
#1996 = PCURVE('',#221,#1997);
#1997 = DEFINITIONAL_REPRESENTATION('',(#1998),#2024);
#1998 = B_SPLINE_CURVE_WITH_KNOTS('',3,(#1999,#2000,#2001,#2002,#2003,
    #2004,#2005,#2006,#2007,#2008,#2009,#2010,#2011,#2012,#2013,#2014,
    #2015,#2016,#2017,#2018,#2019,#2020,#2021,#2022,#2023),
  .UNSPECIFIED.,.F.,.F.,(4,1,1,1,1,1,1,1,1,1,1,1,1,1,1,1,1,1,1,1,1,1,4),
  (0.,6.659705906049E-02,0.133194118121,0.199791177181,0.266388236242,
    0.332985295302,0.399582354363,0.466179413423,0.532776472484,
    0.599373531544,0.665970590605,0.732567649665,0.799164708726,
    0.865761767786,0.932358826847,0.998955885907,1.065552944968,
    1.132150004028,1.198747063089,1.265344122149,1.33194118121,
    1.39853824027,1.465135299331),.QUASI_UNIFORM_KNOTS.);
#1999 = CARTESIAN_POINT('',(6.89071849847,3.531716687848));
#2000 = CARTESIAN_POINT('',(6.877231911731,3.522443988314));
#2001 = CARTESIAN_POINT('',(6.850258639987,3.503898552018));
#2002 = CARTESIAN_POINT('',(6.80979859956,3.476080378388));
#2003 = CARTESIAN_POINT('',(6.769338669208,3.448262354993));
#2004 = CARTESIAN_POINT('',(6.728878808672,3.420444382005));
#2005 = CARTESIAN_POINT('',(6.688418922285,3.392626331606));
#2006 = CARTESIAN_POINT('',(6.647958945886,3.364808123866));
#2007 = CARTESIAN_POINT('',(6.607498890195,3.336989769987));
#2008 = CARTESIAN_POINT('',(6.56703920475,3.309171604675));
#2009 = CARTESIAN_POINT('',(6.526579166281,3.281353172417));
#2010 = CARTESIAN_POINT('',(6.486119190706,3.253534805767));
#2011 = CARTESIAN_POINT('',(6.445659307979,3.225716562576));
#2012 = CARTESIAN_POINT('',(6.405199452546,3.197898414624));
#2013 = CARTESIAN_POINT('',(6.364739534267,3.170080293777));
#2014 = CARTESIAN_POINT('',(6.324279489931,3.142262130563));
#2015 = CARTESIAN_POINT('',(6.28381962614,3.114444096756));
#2016 = CARTESIAN_POINT('',(6.243359831045,3.086626070686));
#2017 = CARTESIAN_POINT('',(6.202899864539,3.058807857525));
#2018 = CARTESIAN_POINT('',(6.162440016016,3.03098964562));
#2019 = CARTESIAN_POINT('',(6.121980202376,3.003171399218));
#2020 = CARTESIAN_POINT('',(6.081520351556,2.975353116991));
#2021 = CARTESIAN_POINT('',(6.041060402726,2.947534822482));
#2022 = CARTESIAN_POINT('',(6.014087164313,2.92898937699));
#2023 = CARTESIAN_POINT('',(6.000600579937,2.919716692904));
#2024 = ( GEOMETRIC_REPRESENTATION_CONTEXT(2) 
PARAMETRIC_REPRESENTATION_CONTEXT() REPRESENTATION_CONTEXT('2D SPACE',''
  ) );
#2025 = PCURVE('',#2026,#2041);
#2026 = B_SPLINE_SURFACE_WITH_KNOTS('',1,6,(
    (#2027,#2028,#2029,#2030,#2031,#2032,#2033)
    ,(#2034,#2035,#2036,#2037,#2038,#2039,#2040
  )),.UNSPECIFIED.,.F.,.F.,.F.,(2,2),(7,7),(0.,1.400151444174),(0.,
    1.080210122553),.PIECEWISE_BEZIER_KNOTS.);
#2027 = CARTESIAN_POINT('',(14.116299020957,-4.101557495324,
    2.679331942073));
#2028 = CARTESIAN_POINT('',(14.724777337697,-2.007362380665,
    2.781331936493));
#2029 = CARTESIAN_POINT('',(14.960439467292,0.19515624532,2.8833319577)
  );
#2030 = CARTESIAN_POINT('',(14.799176895322,2.423067493307,
    2.985331941509));
#2031 = CARTESIAN_POINT('',(14.241514693673,4.586076373274,
    3.087331924849));
#2032 = CARTESIAN_POINT('',(13.315751129581,6.598434855004,3.18933194626
    ));
#2033 = CARTESIAN_POINT('',(12.071183665948,8.389231009979,
    3.291331940657));
#2034 = CARTESIAN_POINT('',(13.265411403949,-3.803795510275,1.608));
#2035 = CARTESIAN_POINT('',(13.82971582729,-1.835832113592,
    1.710000005592));
#2036 = CARTESIAN_POINT('',(14.043676355634,0.232590802715,
    1.811999984282));
#2037 = CARTESIAN_POINT('',(13.884934369451,2.323541144273,
    1.914000000708));
#2038 = CARTESIAN_POINT('',(13.354281022362,4.352254868351,
    2.016000017134));
#2039 = CARTESIAN_POINT('',(12.478564736878,6.238328423579,
    2.117999995825));
#2040 = CARTESIAN_POINT('',(11.304298211227,7.915354821588,
    2.220000001416));
#2041 = DEFINITIONAL_REPRESENTATION('',(#2042),#2068);
#2042 = B_SPLINE_CURVE_WITH_KNOTS('',3,(#2043,#2044,#2045,#2046,#2047,
    #2048,#2049,#2050,#2051,#2052,#2053,#2054,#2055,#2056,#2057,#2058,
    #2059,#2060,#2061,#2062,#2063,#2064,#2065,#2066,#2067),
  .UNSPECIFIED.,.F.,.F.,(4,1,1,1,1,1,1,1,1,1,1,1,1,1,1,1,1,1,1,1,1,1,4),
  (0.,6.659705906049E-02,0.133194118121,0.199791177181,0.266388236242,
    0.332985295302,0.399582354363,0.466179413423,0.532776472484,
    0.599373531544,0.665970590605,0.732567649665,0.799164708726,
    0.865761767786,0.932358826847,0.998955885907,1.065552944968,
    1.132150004028,1.198747063089,1.265344122149,1.33194118121,
    1.39853824027,1.465135299331),.QUASI_UNIFORM_KNOTS.);
#2043 = CARTESIAN_POINT('',(7.791271711168E-02,1.080210122553));
#2044 = CARTESIAN_POINT('',(7.791272459686E-02,1.063843360018));
#2045 = CARTESIAN_POINT('',(7.791270197505E-02,1.031109720588));
#2046 = CARTESIAN_POINT('',(7.791258261255E-02,0.982009115614));
#2047 = CARTESIAN_POINT('',(7.791238105987E-02,0.932908664464));
#2048 = CARTESIAN_POINT('',(7.791218493133E-02,0.883808308368));
#2049 = CARTESIAN_POINT('',(7.791206455488E-02,0.834707918952));
#2050 = CARTESIAN_POINT('',(7.791205810849E-02,0.785607406048));
#2051 = CARTESIAN_POINT('',(7.791215565619E-02,0.7365067737));
#2052 = CARTESIAN_POINT('',(7.791231975279E-02,0.687406563238));
#2053 = CARTESIAN_POINT('',(7.791249587444E-02,0.638305898001));
#2054 = CARTESIAN_POINT('',(7.791262749409E-02,0.589205288603));
#2055 = CARTESIAN_POINT('',(7.791267413174E-02,0.540104780849));
#2056 = CARTESIAN_POINT('',(7.791262064841E-02,0.491004306503));
#2057 = CARTESIAN_POINT('',(7.791248320609E-02,0.441903767404));
#2058 = CARTESIAN_POINT('',(7.791230353715E-02,0.392803096061));
#2059 = CARTESIAN_POINT('',(7.791213572214E-02,0.343702670106));
#2060 = CARTESIAN_POINT('',(7.791203906044E-02,0.294602354548));
#2061 = CARTESIAN_POINT('',(7.791204924423E-02,0.245501853588));
#2062 = CARTESIAN_POINT('',(7.791217378255E-02,0.196401509402));
#2063 = CARTESIAN_POINT('',(7.791237516478E-02,0.147301209055));
#2064 = CARTESIAN_POINT('',(7.791258254942E-02,9.820085322884E-02));
#2065 = CARTESIAN_POINT('',(7.791270449433E-02,4.910035871388E-02));
#2066 = CARTESIAN_POINT('',(7.791272351283E-02,1.636675961281E-02));
#2067 = CARTESIAN_POINT('',(7.791271214847E-02,0.));
#2068 = ( GEOMETRIC_REPRESENTATION_CONTEXT(2) 
PARAMETRIC_REPRESENTATION_CONTEXT() REPRESENTATION_CONTEXT('2D SPACE',''
  ) );
#2069 = ORIENTED_EDGE('',*,*,#2070,.F.);
#2070 = EDGE_CURVE('',#2071,#1975,#2073,.T.);
#2071 = VERTEX_POINT('',#2072);
#2072 = CARTESIAN_POINT('',(12.000577448834,8.402894792543,2.22));
#2073 = SURFACE_CURVE('',#2074,(#2079,#2089),.PCURVE_S1.);
#2074 = ELLIPSE('',#2075,303.98596734883,14.65);
#2075 = AXIS2_PLACEMENT_3D('',#2076,#2077,#2078);
#2076 = CARTESIAN_POINT('',(0.,0.,2.220000000006));
#2077 = DIRECTION('',(0.572909964407,-0.81820022371,-4.819301406498E-02)
  );
#2078 = DIRECTION('',(2.764237726441E-02,-3.947740599178E-02,
    0.998838041624));
#2079 = PCURVE('',#221,#2080);
#2080 = DEFINITIONAL_REPRESENTATION('',(#2081),#2088);
#2081 = B_SPLINE_CURVE_WITH_KNOTS('',5,(#2082,#2083,#2084,#2085,#2086,
    #2087),.UNSPECIFIED.,.F.,.F.,(6,6),(4.712388980385,4.716275271889),
  .PIECEWISE_BEZIER_KNOTS.);
#2082 = CARTESIAN_POINT('',(6.894050545378,2.519999999995));
#2083 = CARTESIAN_POINT('',(6.893273287077,2.75600107406));
#2084 = CARTESIAN_POINT('',(6.892496028776,2.992002148125));
#2085 = CARTESIAN_POINT('',(6.891718770475,3.228002925158));
#2086 = CARTESIAN_POINT('',(6.890941512174,3.464003108126));
#2087 = CARTESIAN_POINT('',(6.890164253873,3.7000024));
#2088 = ( GEOMETRIC_REPRESENTATION_CONTEXT(2) 
PARAMETRIC_REPRESENTATION_CONTEXT() REPRESENTATION_CONTEXT('2D SPACE',''
  ) );
#2089 = PCURVE('',#2090,#2095);
#2090 = PLANE('',#2091);
#2091 = AXIS2_PLACEMENT_3D('',#2092,#2093,#2094);
#2092 = CARTESIAN_POINT('',(11.743552620584,8.229208448409,
    2.113306536677));
#2093 = DIRECTION('',(0.572909964407,-0.81820022371,-4.819301406498E-02)
  );
#2094 = DIRECTION('',(0.819152044289,0.573576436351,6.891484591409E-19)
  );
#2095 = DEFINITIONAL_REPRESENTATION('',(#2096),#2100);
#2096 = ELLIPSE('',#2097,303.98596734883,14.65);
#2097 = AXIS2_PLACEMENT_2D('',#2098,#2099);
#2098 = CARTESIAN_POINT('',(-14.33983519219,0.106817580912));
#2099 = DIRECTION('',(1.661163632874E-18,1.));
#2100 = ( GEOMETRIC_REPRESENTATION_CONTEXT(2) 
PARAMETRIC_REPRESENTATION_CONTEXT() REPRESENTATION_CONTEXT('2D SPACE',''
  ) );
#2101 = ORIENTED_EDGE('',*,*,#2102,.T.);
#2102 = EDGE_CURVE('',#2071,#2103,#2105,.T.);
#2103 = VERTEX_POINT('',#2104);
#2104 = CARTESIAN_POINT('',(12.000577448834,8.402894792543,3.4));
#2105 = SURFACE_CURVE('',#2106,(#2110,#2116),.PCURVE_S1.);
#2106 = LINE('',#2107,#2108);
#2107 = CARTESIAN_POINT('',(12.000577448834,8.402894792543,-0.3));
#2108 = VECTOR('',#2109,1.);
#2109 = DIRECTION('',(0.,0.,1.));
#2110 = PCURVE('',#221,#2111);
#2111 = DEFINITIONAL_REPRESENTATION('',(#2112),#2115);
#2112 = B_SPLINE_CURVE_WITH_KNOTS('',1,(#2113,#2114),.UNSPECIFIED.,.F.,
  .F.,(2,2),(0.,3.7),.PIECEWISE_BEZIER_KNOTS.);
#2113 = CARTESIAN_POINT('',(6.894050545378,0.));
#2114 = CARTESIAN_POINT('',(6.894050545378,3.7));
#2115 = ( GEOMETRIC_REPRESENTATION_CONTEXT(2) 
PARAMETRIC_REPRESENTATION_CONTEXT() REPRESENTATION_CONTEXT('2D SPACE',''
  ) );
#2116 = PCURVE('',#581,#2117);
#2117 = DEFINITIONAL_REPRESENTATION('',(#2118),#2121);
#2118 = B_SPLINE_CURVE_WITH_KNOTS('',1,(#2119,#2120),.UNSPECIFIED.,.F.,
  .F.,(2,2),(-6.000000000173E-07,3.7000006),.PIECEWISE_BEZIER_KNOTS.);
#2119 = CARTESIAN_POINT('',(2.,6.000000000173E-07));
#2120 = CARTESIAN_POINT('',(2.,-3.7000006));
#2121 = ( GEOMETRIC_REPRESENTATION_CONTEXT(2) 
PARAMETRIC_REPRESENTATION_CONTEXT() REPRESENTATION_CONTEXT('2D SPACE',''
  ) );
#2122 = ORIENTED_EDGE('',*,*,#2123,.T.);
#2123 = EDGE_CURVE('',#2103,#1751,#2124,.T.);
#2124 = SURFACE_CURVE('',#2125,(#2130,#2137),.PCURVE_S1.);
#2125 = CIRCLE('',#2126,14.65);
#2126 = AXIS2_PLACEMENT_3D('',#2127,#2128,#2129);
#2127 = CARTESIAN_POINT('',(0.,0.,3.4));
#2128 = DIRECTION('',(0.,0.,-1.));
#2129 = DIRECTION('',(0.819152044289,0.573576436351,0.));
#2130 = PCURVE('',#221,#2131);
#2131 = DEFINITIONAL_REPRESENTATION('',(#2132),#2136);
#2132 = LINE('',#2133,#2134);
#2133 = CARTESIAN_POINT('',(6.894050545378,3.7));
#2134 = VECTOR('',#2135,1.);
#2135 = DIRECTION('',(-1.,-0.));
#2136 = ( GEOMETRIC_REPRESENTATION_CONTEXT(2) 
PARAMETRIC_REPRESENTATION_CONTEXT() REPRESENTATION_CONTEXT('2D SPACE',''
  ) );
#2137 = PCURVE('',#1808,#2138);
#2138 = DEFINITIONAL_REPRESENTATION('',(#2139),#2147);
#2139 = ( BOUNDED_CURVE() B_SPLINE_CURVE(2,(#2140,#2141,#2142,#2143,
#2144,#2145,#2146),.UNSPECIFIED.,.T.,.F.) B_SPLINE_CURVE_WITH_KNOTS((1,2
    ,2,2,2,1),(-2.094395102393,0.,2.094395102393,4.188790204786,
6.28318530718,8.377580409573),.UNSPECIFIED.) CURVE() 
GEOMETRIC_REPRESENTATION_ITEM() RATIONAL_B_SPLINE_CURVE((1.,0.5,1.,0.5,
1.,0.5,1.)) REPRESENTATION_ITEM('') );
#2140 = CARTESIAN_POINT('',(1.964873855594,9.192721794517));
#2141 = CARTESIAN_POINT('',(16.519114566935,-11.59288806702));
#2142 = CARTESIAN_POINT('',(-8.758871961986,-13.80442532507));
#2143 = CARTESIAN_POINT('',(-34.0368584909,-16.01596258311));
#2144 = CARTESIAN_POINT('',(-23.31311267332,6.981184536475));
#2145 = CARTESIAN_POINT('',(-12.58936685574,29.978331656062));
#2146 = CARTESIAN_POINT('',(1.964873855594,9.192721794517));
#2147 = ( GEOMETRIC_REPRESENTATION_CONTEXT(2) 
PARAMETRIC_REPRESENTATION_CONTEXT() REPRESENTATION_CONTEXT('2D SPACE',''
  ) );
#2148 = ADVANCED_FACE('',(#2149),#193,.T.);
#2149 = FACE_BOUND('',#2150,.T.);
#2150 = EDGE_LOOP('',(#2151,#2152,#2153,#2154,#2183));
#2151 = ORIENTED_EDGE('',*,*,#592,.F.);
#2152 = ORIENTED_EDGE('',*,*,#178,.T.);
#2153 = ORIENTED_EDGE('',*,*,#1825,.T.);
#2154 = ORIENTED_EDGE('',*,*,#2155,.T.);
#2155 = EDGE_CURVE('',#1826,#2156,#2158,.T.);
#2156 = VERTEX_POINT('',#2157);
#2157 = CARTESIAN_POINT('',(11.30436714105,7.915403086853,1.218760876989
    ));
#2158 = SURFACE_CURVE('',#2159,(#2165,#2174),.PCURVE_S1.);
#2159 = B_SPLINE_CURVE_WITH_KNOTS('',4,(#2160,#2161,#2162,#2163,#2164),
  .UNSPECIFIED.,.F.,.F.,(5,5),(0.,1.),.PIECEWISE_BEZIER_KNOTS.);
#2160 = CARTESIAN_POINT('',(12.000577448834,8.402894792543,
    1.218900173232));
#2161 = CARTESIAN_POINT('',(11.826524842339,8.28102184543,1.218867369524
    ));
#2162 = CARTESIAN_POINT('',(11.652472254389,8.159148911302,
    1.218833296911));
#2163 = CARTESIAN_POINT('',(11.478419686603,8.037275991294,
    1.218797845832));
#2164 = CARTESIAN_POINT('',(11.30436714105,7.915403086853,1.218760876989
    ));
#2165 = PCURVE('',#193,#2166);
#2166 = DEFINITIONAL_REPRESENTATION('',(#2167),#2173);
#2167 = B_SPLINE_CURVE_WITH_KNOTS('',4,(#2168,#2169,#2170,#2171,#2172),
  .UNSPECIFIED.,.F.,.F.,(5,5),(0.,1.),.PIECEWISE_BEZIER_KNOTS.);
#2168 = CARTESIAN_POINT('',(2.,-1.518900173232));
#2169 = CARTESIAN_POINT('',(2.212478999117,-1.518867369524));
#2170 = CARTESIAN_POINT('',(2.424957975594,-1.518833296911));
#2171 = CARTESIAN_POINT('',(2.637436927455,-1.518797845832));
#2172 = CARTESIAN_POINT('',(2.849915852177,-1.518760876989));
#2173 = ( GEOMETRIC_REPRESENTATION_CONTEXT(2) 
PARAMETRIC_REPRESENTATION_CONTEXT() REPRESENTATION_CONTEXT('2D SPACE',''
  ) );
#2174 = PCURVE('',#1898,#2175);
#2175 = DEFINITIONAL_REPRESENTATION('',(#2176),#2182);
#2176 = B_SPLINE_CURVE_WITH_KNOTS('',4,(#2177,#2178,#2179,#2180,#2181),
  .UNSPECIFIED.,.F.,.F.,(5,5),(0.,1.),.PIECEWISE_BEZIER_KNOTS.);
#2177 = CARTESIAN_POINT('',(0.849920734198,1.076217962481));
#2178 = CARTESIAN_POINT('',(0.637440585384,1.076160061238));
#2179 = CARTESIAN_POINT('',(0.424960414737,1.076099920326));
#2180 = CARTESIAN_POINT('',(0.212480220395,1.076037346346));
#2181 = CARTESIAN_POINT('',(0.,1.075972093447));
#2182 = ( GEOMETRIC_REPRESENTATION_CONTEXT(2) 
PARAMETRIC_REPRESENTATION_CONTEXT() REPRESENTATION_CONTEXT('2D SPACE',''
  ) );
#2183 = ORIENTED_EDGE('',*,*,#2184,.T.);
#2184 = EDGE_CURVE('',#2156,#567,#2185,.T.);
#2185 = SURFACE_CURVE('',#2186,(#2192,#2201),.PCURVE_S1.);
#2186 = B_SPLINE_CURVE_WITH_KNOTS('',4,(#2187,#2188,#2189,#2190,#2191),
  .UNSPECIFIED.,.F.,.F.,(5,5),(0.,1.),.PIECEWISE_BEZIER_KNOTS.);
#2187 = CARTESIAN_POINT('',(11.30436714105,7.915403086853,1.218760876989
    ));
#2188 = CARTESIAN_POINT('',(11.304332675584,7.915378953874,
    1.469070654496));
#2189 = CARTESIAN_POINT('',(11.304309698677,7.915362865271,
    1.719380435605));
#2190 = CARTESIAN_POINT('',(11.304298210543,7.915354821193,
    1.969690218508));
#2191 = CARTESIAN_POINT('',(11.304298211188,7.915354821644,
    2.220000001416));
#2192 = PCURVE('',#193,#2193);
#2193 = DEFINITIONAL_REPRESENTATION('',(#2194),#2200);
#2194 = B_SPLINE_CURVE_WITH_KNOTS('',4,(#2195,#2196,#2197,#2198,#2199),
  .UNSPECIFIED.,.F.,.F.,(5,5),(0.,1.),.PIECEWISE_BEZIER_KNOTS.);
#2195 = CARTESIAN_POINT('',(2.849915852177,-1.518760876989));
#2196 = CARTESIAN_POINT('',(2.849957926741,-1.769070654496));
#2197 = CARTESIAN_POINT('',(2.849985976366,-2.019380435605));
#2198 = CARTESIAN_POINT('',(2.850000000788,-2.269690218508));
#2199 = CARTESIAN_POINT('',(2.85,-2.520000001416));
#2200 = ( GEOMETRIC_REPRESENTATION_CONTEXT(2) 
PARAMETRIC_REPRESENTATION_CONTEXT() REPRESENTATION_CONTEXT('2D SPACE',''
  ) );
#2201 = PCURVE('',#2202,#2217);
#2202 = B_SPLINE_SURFACE_WITH_KNOTS('',1,6,(
    (#2203,#2204,#2205,#2206,#2207,#2208,#2209)
    ,(#2210,#2211,#2212,#2213,#2214,#2215,#2216
  )),.UNSPECIFIED.,.F.,.F.,.F.,(2,2),(7,7),(0.,1.),(0.,1.080210122553),
  .PIECEWISE_BEZIER_KNOTS.);
#2203 = CARTESIAN_POINT('',(13.265411403949,-3.803795510275,1.608));
#2204 = CARTESIAN_POINT('',(13.82971582729,-1.835832113592,
    1.710000005592));
#2205 = CARTESIAN_POINT('',(14.043676355634,0.232590802715,
    1.811999984282));
#2206 = CARTESIAN_POINT('',(13.884934369451,2.323541144273,
    1.914000000708));
#2207 = CARTESIAN_POINT('',(13.354281022362,4.352254868351,
    2.016000017134));
#2208 = CARTESIAN_POINT('',(12.478564736878,6.238328423579,
    2.117999995825));
#2209 = CARTESIAN_POINT('',(11.304298211227,7.915354821588,
    2.220000001416));
#2210 = CARTESIAN_POINT('',(13.278695198915,-3.757469411842,
    0.609161958376));
#2211 = CARTESIAN_POINT('',(13.836126995083,-1.787535321272,
    0.711161963956));
#2212 = CARTESIAN_POINT('',(14.042864124837,0.281634782384,
    0.813161942742));
#2213 = CARTESIAN_POINT('',(13.876819982936,2.37203079631,0.91516195895)
  );
#2214 = CARTESIAN_POINT('',(13.339081840672,4.398891297638,
    1.017161975594));
#2215 = CARTESIAN_POINT('',(12.456778958247,6.281906664368,
    1.119161954189));
#2216 = CARTESIAN_POINT('',(11.276655831382,7.954832225773,
    1.221161959792));
#2217 = DEFINITIONAL_REPRESENTATION('',(#2218),#2224);
#2218 = B_SPLINE_CURVE_WITH_KNOTS('',4,(#2219,#2220,#2221,#2222,#2223),
  .UNSPECIFIED.,.F.,.F.,(5,5),(0.,1.),.PIECEWISE_BEZIER_KNOTS.);
#2219 = CARTESIAN_POINT('',(1.,1.075972093447));
#2220 = CARTESIAN_POINT('',(0.74999999872,1.077031592114));
#2221 = CARTESIAN_POINT('',(0.499999998722,1.0780910994));
#2222 = CARTESIAN_POINT('',(0.249999999359,1.079150610969));
#2223 = CARTESIAN_POINT('',(0.,1.080210122553));
#2224 = ( GEOMETRIC_REPRESENTATION_CONTEXT(2) 
PARAMETRIC_REPRESENTATION_CONTEXT() REPRESENTATION_CONTEXT('2D SPACE',''
  ) );
#2225 = ADVANCED_FACE('',(#2226,#2257),#497,.F.);
#2226 = FACE_BOUND('',#2227,.F.);
#2227 = EDGE_LOOP('',(#2228));
#2228 = ORIENTED_EDGE('',*,*,#2229,.T.);
#2229 = EDGE_CURVE('',#2230,#2230,#2232,.T.);
#2230 = VERTEX_POINT('',#2231);
#2231 = CARTESIAN_POINT('',(14.87,0.,5.9375));
#2232 = SURFACE_CURVE('',#2233,(#2238,#2245),.PCURVE_S1.);
#2233 = CIRCLE('',#2234,14.87);
#2234 = AXIS2_PLACEMENT_3D('',#2235,#2236,#2237);
#2235 = CARTESIAN_POINT('',(0.,0.,5.9375));
#2236 = DIRECTION('',(0.,0.,1.));
#2237 = DIRECTION('',(1.,0.,-0.));
#2238 = PCURVE('',#497,#2239);
#2239 = DEFINITIONAL_REPRESENTATION('',(#2240),#2244);
#2240 = CIRCLE('',#2241,14.87);
#2241 = AXIS2_PLACEMENT_2D('',#2242,#2243);
#2242 = CARTESIAN_POINT('',(0.,0.));
#2243 = DIRECTION('',(1.,0.));
#2244 = ( GEOMETRIC_REPRESENTATION_CONTEXT(2) 
PARAMETRIC_REPRESENTATION_CONTEXT() REPRESENTATION_CONTEXT('2D SPACE',''
  ) );
#2245 = PCURVE('',#2246,#2251);
#2246 = CYLINDRICAL_SURFACE('',#2247,14.87);
#2247 = AXIS2_PLACEMENT_3D('',#2248,#2249,#2250);
#2248 = CARTESIAN_POINT('',(0.,0.,3.9125));
#2249 = DIRECTION('',(0.,0.,1.));
#2250 = DIRECTION('',(1.,0.,-0.));
#2251 = DEFINITIONAL_REPRESENTATION('',(#2252),#2256);
#2252 = LINE('',#2253,#2254);
#2253 = CARTESIAN_POINT('',(0.,2.025));
#2254 = VECTOR('',#2255,1.);
#2255 = DIRECTION('',(1.,0.));
#2256 = ( GEOMETRIC_REPRESENTATION_CONTEXT(2) 
PARAMETRIC_REPRESENTATION_CONTEXT() REPRESENTATION_CONTEXT('2D SPACE',''
  ) );
#2257 = FACE_BOUND('',#2258,.F.);
#2258 = EDGE_LOOP('',(#2259));
#2259 = ORIENTED_EDGE('',*,*,#480,.F.);
#2260 = ADVANCED_FACE('',(#2261),#554,.F.);
#2261 = FACE_BOUND('',#2262,.F.);
#2262 = EDGE_LOOP('',(#2263,#2287,#2310,#2332,#2333,#2357,#2376,#2377,
    #2378,#2402,#2421,#2422,#2423,#2447,#2466,#2467));
#2263 = ORIENTED_EDGE('',*,*,#2264,.T.);
#2264 = EDGE_CURVE('',#1774,#2265,#2267,.T.);
#2265 = VERTEX_POINT('',#2266);
#2266 = CARTESIAN_POINT('',(14.439961439022,0.,3.4));
#2267 = SURFACE_CURVE('',#2268,(#2273,#2280),.PCURVE_S1.);
#2268 = CIRCLE('',#2269,14.439961439022);
#2269 = AXIS2_PLACEMENT_3D('',#2270,#2271,#2272);
#2270 = CARTESIAN_POINT('',(0.,0.,3.4));
#2271 = DIRECTION('',(0.,0.,1.));
#2272 = DIRECTION('',(1.,0.,-0.));
#2273 = PCURVE('',#554,#2274);
#2274 = DEFINITIONAL_REPRESENTATION('',(#2275),#2279);
#2275 = LINE('',#2276,#2277);
#2276 = CARTESIAN_POINT('',(0.,0.822264023706));
#2277 = VECTOR('',#2278,1.);
#2278 = DIRECTION('',(1.,0.));
#2279 = ( GEOMETRIC_REPRESENTATION_CONTEXT(2) 
PARAMETRIC_REPRESENTATION_CONTEXT() REPRESENTATION_CONTEXT('2D SPACE',''
  ) );
#2280 = PCURVE('',#1808,#2281);
#2281 = DEFINITIONAL_REPRESENTATION('',(#2282),#2286);
#2282 = CIRCLE('',#2283,14.439961439022);
#2283 = AXIS2_PLACEMENT_2D('',#2284,#2285);
#2284 = CARTESIAN_POINT('',(-10.03570359323,0.789827001974));
#2285 = DIRECTION('',(1.,0.));
#2286 = ( GEOMETRIC_REPRESENTATION_CONTEXT(2) 
PARAMETRIC_REPRESENTATION_CONTEXT() REPRESENTATION_CONTEXT('2D SPACE',''
  ) );
#2287 = ORIENTED_EDGE('',*,*,#2288,.T.);
#2288 = EDGE_CURVE('',#2265,#2289,#2291,.T.);
#2289 = VERTEX_POINT('',#2290);
#2290 = CARTESIAN_POINT('',(14.87,0.,3.9125));
#2291 = SEAM_CURVE('',#2292,(#2296,#2303),.PCURVE_S1.);
#2292 = LINE('',#2293,#2294);
#2293 = CARTESIAN_POINT('',(13.75,0.,2.577735976294));
#2294 = VECTOR('',#2295,1.);
#2295 = DIRECTION('',(0.642787609687,0.,0.766044443119));
#2296 = PCURVE('',#554,#2297);
#2297 = DEFINITIONAL_REPRESENTATION('',(#2298),#2302);
#2298 = LINE('',#2299,#2300);
#2299 = CARTESIAN_POINT('',(0.,0.));
#2300 = VECTOR('',#2301,1.);
#2301 = DIRECTION('',(0.,1.));
#2302 = ( GEOMETRIC_REPRESENTATION_CONTEXT(2) 
PARAMETRIC_REPRESENTATION_CONTEXT() REPRESENTATION_CONTEXT('2D SPACE',''
  ) );
#2303 = PCURVE('',#554,#2304);
#2304 = DEFINITIONAL_REPRESENTATION('',(#2305),#2309);
#2305 = LINE('',#2306,#2307);
#2306 = CARTESIAN_POINT('',(6.28318530718,0.));
#2307 = VECTOR('',#2308,1.);
#2308 = DIRECTION('',(0.,1.));
#2309 = ( GEOMETRIC_REPRESENTATION_CONTEXT(2) 
PARAMETRIC_REPRESENTATION_CONTEXT() REPRESENTATION_CONTEXT('2D SPACE',''
  ) );
#2310 = ORIENTED_EDGE('',*,*,#2311,.F.);
#2311 = EDGE_CURVE('',#2289,#2289,#2312,.T.);
#2312 = SURFACE_CURVE('',#2313,(#2318,#2325),.PCURVE_S1.);
#2313 = CIRCLE('',#2314,14.87);
#2314 = AXIS2_PLACEMENT_3D('',#2315,#2316,#2317);
#2315 = CARTESIAN_POINT('',(0.,0.,3.9125));
#2316 = DIRECTION('',(0.,0.,1.));
#2317 = DIRECTION('',(1.,0.,-0.));
#2318 = PCURVE('',#554,#2319);
#2319 = DEFINITIONAL_REPRESENTATION('',(#2320),#2324);
#2320 = LINE('',#2321,#2322);
#2321 = CARTESIAN_POINT('',(0.,1.334764023706));
#2322 = VECTOR('',#2323,1.);
#2323 = DIRECTION('',(1.,0.));
#2324 = ( GEOMETRIC_REPRESENTATION_CONTEXT(2) 
PARAMETRIC_REPRESENTATION_CONTEXT() REPRESENTATION_CONTEXT('2D SPACE',''
  ) );
#2325 = PCURVE('',#2246,#2326);
#2326 = DEFINITIONAL_REPRESENTATION('',(#2327),#2331);
#2327 = LINE('',#2328,#2329);
#2328 = CARTESIAN_POINT('',(0.,0.));
#2329 = VECTOR('',#2330,1.);
#2330 = DIRECTION('',(1.,0.));
#2331 = ( GEOMETRIC_REPRESENTATION_CONTEXT(2) 
PARAMETRIC_REPRESENTATION_CONTEXT() REPRESENTATION_CONTEXT('2D SPACE',''
  ) );
#2332 = ORIENTED_EDGE('',*,*,#2288,.F.);
#2333 = ORIENTED_EDGE('',*,*,#2334,.T.);
#2334 = EDGE_CURVE('',#2265,#2335,#2337,.T.);
#2335 = VERTEX_POINT('',#2336);
#2336 = CARTESIAN_POINT('',(11.828523932229,8.282421623241,3.4));
#2337 = SURFACE_CURVE('',#2338,(#2343,#2350),.PCURVE_S1.);
#2338 = CIRCLE('',#2339,14.439961439022);
#2339 = AXIS2_PLACEMENT_3D('',#2340,#2341,#2342);
#2340 = CARTESIAN_POINT('',(0.,0.,3.4));
#2341 = DIRECTION('',(0.,0.,1.));
#2342 = DIRECTION('',(1.,0.,-0.));
#2343 = PCURVE('',#554,#2344);
#2344 = DEFINITIONAL_REPRESENTATION('',(#2345),#2349);
#2345 = LINE('',#2346,#2347);
#2346 = CARTESIAN_POINT('',(0.,0.822264023706));
#2347 = VECTOR('',#2348,1.);
#2348 = DIRECTION('',(1.,0.));
#2349 = ( GEOMETRIC_REPRESENTATION_CONTEXT(2) 
PARAMETRIC_REPRESENTATION_CONTEXT() REPRESENTATION_CONTEXT('2D SPACE',''
  ) );
#2350 = PCURVE('',#1808,#2351);
#2351 = DEFINITIONAL_REPRESENTATION('',(#2352),#2356);
#2352 = CIRCLE('',#2353,14.439961439022);
#2353 = AXIS2_PLACEMENT_2D('',#2354,#2355);
#2354 = CARTESIAN_POINT('',(-10.03570359323,0.789827001974));
#2355 = DIRECTION('',(1.,0.));
#2356 = ( GEOMETRIC_REPRESENTATION_CONTEXT(2) 
PARAMETRIC_REPRESENTATION_CONTEXT() REPRESENTATION_CONTEXT('2D SPACE',''
  ) );
#2357 = ORIENTED_EDGE('',*,*,#2358,.F.);
#2358 = EDGE_CURVE('',#536,#2335,#2359,.T.);
#2359 = SURFACE_CURVE('',#2360,(#2364,#2370),.PCURVE_S1.);
#2360 = LINE('',#2361,#2362);
#2361 = CARTESIAN_POINT('',(0.,0.,-13.80887592187));
#2362 = VECTOR('',#2363,1.);
#2363 = DIRECTION('',(0.526540784518,0.368687826495,0.766044443119));
#2364 = PCURVE('',#554,#2365);
#2365 = DEFINITIONAL_REPRESENTATION('',(#2366),#2369);
#2366 = B_SPLINE_CURVE_WITH_KNOTS('',1,(#2367,#2368),.UNSPECIFIED.,.F.,
  .F.,(2,2),(21.391202619331,22.618630129773),.PIECEWISE_BEZIER_KNOTS.);
#2367 = CARTESIAN_POINT('',(0.610865238198,-2.721536571638E-15));
#2368 = CARTESIAN_POINT('',(0.610865238198,0.940264023706));
#2369 = ( GEOMETRIC_REPRESENTATION_CONTEXT(2) 
PARAMETRIC_REPRESENTATION_CONTEXT() REPRESENTATION_CONTEXT('2D SPACE',''
  ) );
#2370 = PCURVE('',#581,#2371);
#2371 = DEFINITIONAL_REPRESENTATION('',(#2372),#2375);
#2372 = B_SPLINE_CURVE_WITH_KNOTS('',1,(#2373,#2374),.UNSPECIFIED.,.F.,
  .F.,(2,2),(21.391202619331,22.618630129773),.PIECEWISE_BEZIER_KNOTS.);
#2373 = CARTESIAN_POINT('',(2.9,-2.877735976294));
#2374 = CARTESIAN_POINT('',(2.111024804499,-3.818));
#2375 = ( GEOMETRIC_REPRESENTATION_CONTEXT(2) 
PARAMETRIC_REPRESENTATION_CONTEXT() REPRESENTATION_CONTEXT('2D SPACE',''
  ) );
#2376 = ORIENTED_EDGE('',*,*,#535,.T.);
#2377 = ORIENTED_EDGE('',*,*,#657,.T.);
#2378 = ORIENTED_EDGE('',*,*,#2379,.T.);
#2379 = EDGE_CURVE('',#658,#2380,#2382,.T.);
#2380 = VERTEX_POINT('',#2381);
#2381 = CARTESIAN_POINT('',(-13.08704949669,6.102591402962,3.4));
#2382 = SURFACE_CURVE('',#2383,(#2388,#2395),.PCURVE_S1.);
#2383 = CIRCLE('',#2384,14.439961439022);
#2384 = AXIS2_PLACEMENT_3D('',#2385,#2386,#2387);
#2385 = CARTESIAN_POINT('',(0.,0.,3.4));
#2386 = DIRECTION('',(0.,0.,1.));
#2387 = DIRECTION('',(1.,0.,-0.));
#2388 = PCURVE('',#554,#2389);
#2389 = DEFINITIONAL_REPRESENTATION('',(#2390),#2394);
#2390 = LINE('',#2391,#2392);
#2391 = CARTESIAN_POINT('',(0.,0.822264023706));
#2392 = VECTOR('',#2393,1.);
#2393 = DIRECTION('',(1.,0.));
#2394 = ( GEOMETRIC_REPRESENTATION_CONTEXT(2) 
PARAMETRIC_REPRESENTATION_CONTEXT() REPRESENTATION_CONTEXT('2D SPACE',''
  ) );
#2395 = PCURVE('',#692,#2396);
#2396 = DEFINITIONAL_REPRESENTATION('',(#2397),#2401);
#2397 = CIRCLE('',#2398,14.439961439022);
#2398 = AXIS2_PLACEMENT_2D('',#2399,#2400);
#2399 = CARTESIAN_POINT('',(4.333841548315,-9.086087757583));
#2400 = DIRECTION('',(1.,0.));
#2401 = ( GEOMETRIC_REPRESENTATION_CONTEXT(2) 
PARAMETRIC_REPRESENTATION_CONTEXT() REPRESENTATION_CONTEXT('2D SPACE',''
  ) );
#2402 = ORIENTED_EDGE('',*,*,#2403,.F.);
#2403 = EDGE_CURVE('',#1145,#2380,#2404,.T.);
#2404 = SURFACE_CURVE('',#2405,(#2409,#2415),.PCURVE_S1.);
#2405 = LINE('',#2406,#2407);
#2406 = CARTESIAN_POINT('',(0.,0.,-13.80887592187));
#2407 = VECTOR('',#2408,1.);
#2408 = DIRECTION('',(-0.58256341607,0.271653782274,0.766044443119));
#2409 = PCURVE('',#554,#2410);
#2410 = DEFINITIONAL_REPRESENTATION('',(#2411),#2414);
#2411 = B_SPLINE_CURVE_WITH_KNOTS('',1,(#2412,#2413),.UNSPECIFIED.,.F.,
  .F.,(2,2),(21.391202619331,22.618630129773),.PIECEWISE_BEZIER_KNOTS.);
#2412 = CARTESIAN_POINT('',(2.705260340591,-2.721536571638E-15));
#2413 = CARTESIAN_POINT('',(2.705260340591,0.940264023706));
#2414 = ( GEOMETRIC_REPRESENTATION_CONTEXT(2) 
PARAMETRIC_REPRESENTATION_CONTEXT() REPRESENTATION_CONTEXT('2D SPACE',''
  ) );
#2415 = PCURVE('',#1012,#2416);
#2416 = DEFINITIONAL_REPRESENTATION('',(#2417),#2420);
#2417 = B_SPLINE_CURVE_WITH_KNOTS('',1,(#2418,#2419),.UNSPECIFIED.,.F.,
  .F.,(2,2),(21.391202619331,22.618630129773),.PIECEWISE_BEZIER_KNOTS.);
#2418 = CARTESIAN_POINT('',(2.9,-2.877735976294));
#2419 = CARTESIAN_POINT('',(2.111024804499,-3.818));
#2420 = ( GEOMETRIC_REPRESENTATION_CONTEXT(2) 
PARAMETRIC_REPRESENTATION_CONTEXT() REPRESENTATION_CONTEXT('2D SPACE',''
  ) );
#2421 = ORIENTED_EDGE('',*,*,#1144,.T.);
#2422 = ORIENTED_EDGE('',*,*,#1215,.T.);
#2423 = ORIENTED_EDGE('',*,*,#2424,.T.);
#2424 = EDGE_CURVE('',#1216,#2425,#2427,.T.);
#2425 = VERTEX_POINT('',#2426);
#2426 = CARTESIAN_POINT('',(1.258525564465,-14.3850130262,3.4));
#2427 = SURFACE_CURVE('',#2428,(#2433,#2440),.PCURVE_S1.);
#2428 = CIRCLE('',#2429,14.439961439022);
#2429 = AXIS2_PLACEMENT_3D('',#2430,#2431,#2432);
#2430 = CARTESIAN_POINT('',(0.,0.,3.4));
#2431 = DIRECTION('',(0.,0.,1.));
#2432 = DIRECTION('',(1.,0.,-0.));
#2433 = PCURVE('',#554,#2434);
#2434 = DEFINITIONAL_REPRESENTATION('',(#2435),#2439);
#2435 = LINE('',#2436,#2437);
#2436 = CARTESIAN_POINT('',(0.,0.822264023706));
#2437 = VECTOR('',#2438,1.);
#2438 = DIRECTION('',(1.,0.));
#2439 = ( GEOMETRIC_REPRESENTATION_CONTEXT(2) 
PARAMETRIC_REPRESENTATION_CONTEXT() REPRESENTATION_CONTEXT('2D SPACE',''
  ) );
#2440 = PCURVE('',#1250,#2441);
#2441 = DEFINITIONAL_REPRESENTATION('',(#2442),#2446);
#2442 = CIRCLE('',#2443,14.439961439022);
#2443 = AXIS2_PLACEMENT_2D('',#2444,#2445);
#2444 = CARTESIAN_POINT('',(5.701862044924,8.296260755609));
#2445 = DIRECTION('',(1.,0.));
#2446 = ( GEOMETRIC_REPRESENTATION_CONTEXT(2) 
PARAMETRIC_REPRESENTATION_CONTEXT() REPRESENTATION_CONTEXT('2D SPACE',''
  ) );
#2447 = ORIENTED_EDGE('',*,*,#2448,.F.);
#2448 = EDGE_CURVE('',#1703,#2425,#2449,.T.);
#2449 = SURFACE_CURVE('',#2450,(#2454,#2460),.PCURVE_S1.);
#2450 = LINE('',#2451,#2452);
#2451 = CARTESIAN_POINT('',(0.,0.,-13.80887592187));
#2452 = VECTOR('',#2453,1.);
#2453 = DIRECTION('',(5.602263155122E-02,-0.640341608769,0.766044443119)
  );
#2454 = PCURVE('',#554,#2455);
#2455 = DEFINITIONAL_REPRESENTATION('',(#2456),#2459);
#2456 = B_SPLINE_CURVE_WITH_KNOTS('',1,(#2457,#2458),.UNSPECIFIED.,.F.,
  .F.,(2,2),(21.391202619331,22.618630129773),.PIECEWISE_BEZIER_KNOTS.);
#2457 = CARTESIAN_POINT('',(4.799655442984,0.));
#2458 = CARTESIAN_POINT('',(4.799655442984,0.940264023706));
#2459 = ( GEOMETRIC_REPRESENTATION_CONTEXT(2) 
PARAMETRIC_REPRESENTATION_CONTEXT() REPRESENTATION_CONTEXT('2D SPACE',''
  ) );
#2460 = PCURVE('',#1570,#2461);
#2461 = DEFINITIONAL_REPRESENTATION('',(#2462),#2465);
#2462 = B_SPLINE_CURVE_WITH_KNOTS('',1,(#2463,#2464),.UNSPECIFIED.,.F.,
  .F.,(2,2),(21.391202619331,22.618630129773),.PIECEWISE_BEZIER_KNOTS.);
#2463 = CARTESIAN_POINT('',(2.9,-2.877735976294));
#2464 = CARTESIAN_POINT('',(2.111024804499,-3.818));
#2465 = ( GEOMETRIC_REPRESENTATION_CONTEXT(2) 
PARAMETRIC_REPRESENTATION_CONTEXT() REPRESENTATION_CONTEXT('2D SPACE',''
  ) );
#2466 = ORIENTED_EDGE('',*,*,#1702,.T.);
#2467 = ORIENTED_EDGE('',*,*,#1773,.T.);
#2468 = ADVANCED_FACE('',(#2469),#581,.T.);
#2469 = FACE_BOUND('',#2470,.T.);
#2470 = EDGE_LOOP('',(#2471,#2472,#2491,#2492,#2513));
#2471 = ORIENTED_EDGE('',*,*,#566,.F.);
#2472 = ORIENTED_EDGE('',*,*,#2473,.T.);
#2473 = EDGE_CURVE('',#567,#2071,#2474,.T.);
#2474 = SURFACE_CURVE('',#2475,(#2479,#2485),.PCURVE_S1.);
#2475 = LINE('',#2476,#2477);
#2476 = CARTESIAN_POINT('',(12.692693424933,8.887519616323,2.22));
#2477 = VECTOR('',#2478,1.);
#2478 = DIRECTION('',(0.819152044289,0.573576436351,-4.533821426829E-13)
  );
#2479 = PCURVE('',#581,#2480);
#2480 = DEFINITIONAL_REPRESENTATION('',(#2481),#2484);
#2481 = B_SPLINE_CURVE_WITH_KNOTS('',1,(#2482,#2483),.UNSPECIFIED.,.F.,
  .F.,(2,2),(-1.694917596098,-0.844917596098),.PIECEWISE_BEZIER_KNOTS.);
#2482 = CARTESIAN_POINT('',(2.85,-2.52));
#2483 = CARTESIAN_POINT('',(2.,-2.52));
#2484 = ( GEOMETRIC_REPRESENTATION_CONTEXT(2) 
PARAMETRIC_REPRESENTATION_CONTEXT() REPRESENTATION_CONTEXT('2D SPACE',''
  ) );
#2485 = PCURVE('',#2090,#2486);
#2486 = DEFINITIONAL_REPRESENTATION('',(#2487),#2490);
#2487 = B_SPLINE_CURVE_WITH_KNOTS('',1,(#2488,#2489),.UNSPECIFIED.,.F.,
  .F.,(2,2),(-1.694917596098,-0.844917596098),.PIECEWISE_BEZIER_KNOTS.);
#2488 = CARTESIAN_POINT('',(-0.539835192195,0.106817580906));
#2489 = CARTESIAN_POINT('',(0.310164807805,0.106817580906));
#2490 = ( GEOMETRIC_REPRESENTATION_CONTEXT(2) 
PARAMETRIC_REPRESENTATION_CONTEXT() REPRESENTATION_CONTEXT('2D SPACE',''
  ) );
#2491 = ORIENTED_EDGE('',*,*,#2102,.T.);
#2492 = ORIENTED_EDGE('',*,*,#2493,.T.);
#2493 = EDGE_CURVE('',#2103,#2335,#2494,.T.);
#2494 = SURFACE_CURVE('',#2495,(#2499,#2506),.PCURVE_S1.);
#2495 = LINE('',#2496,#2497);
#2496 = CARTESIAN_POINT('',(13.638881537412,9.550047665245,3.4));
#2497 = VECTOR('',#2498,1.);
#2498 = DIRECTION('',(-0.819152044289,-0.573576436351,0.));
#2499 = PCURVE('',#581,#2500);
#2500 = DEFINITIONAL_REPRESENTATION('',(#2501),#2505);
#2501 = LINE('',#2502,#2503);
#2502 = CARTESIAN_POINT('',(0.,-3.7));
#2503 = VECTOR('',#2504,1.);
#2504 = DIRECTION('',(1.,0.));
#2505 = ( GEOMETRIC_REPRESENTATION_CONTEXT(2) 
PARAMETRIC_REPRESENTATION_CONTEXT() REPRESENTATION_CONTEXT('2D SPACE',''
  ) );
#2506 = PCURVE('',#1808,#2507);
#2507 = DEFINITIONAL_REPRESENTATION('',(#2508),#2512);
#2508 = LINE('',#2509,#2510);
#2509 = CARTESIAN_POINT('',(3.603177944173,10.339874667219));
#2510 = VECTOR('',#2511,1.);
#2511 = DIRECTION('',(-0.819152044289,-0.573576436351));
#2512 = ( GEOMETRIC_REPRESENTATION_CONTEXT(2) 
PARAMETRIC_REPRESENTATION_CONTEXT() REPRESENTATION_CONTEXT('2D SPACE',''
  ) );
#2513 = ORIENTED_EDGE('',*,*,#2358,.F.);
#2514 = ADVANCED_FACE('',(#2515),#692,.F.);
#2515 = FACE_BOUND('',#2516,.F.);
#2516 = EDGE_LOOP('',(#2517,#2518,#2519,#2520));
#2517 = ORIENTED_EDGE('',*,*,#2379,.F.);
#2518 = ORIENTED_EDGE('',*,*,#678,.T.);
#2519 = ORIENTED_EDGE('',*,*,#707,.T.);
#2520 = ORIENTED_EDGE('',*,*,#2521,.T.);
#2521 = EDGE_CURVE('',#708,#2380,#2522,.T.);
#2522 = SURFACE_CURVE('',#2523,(#2527,#2534),.PCURVE_S1.);
#2523 = LINE('',#2524,#2525);
#2524 = CARTESIAN_POINT('',(-15.09002465416,7.036594057983,3.4));
#2525 = VECTOR('',#2526,1.);
#2526 = DIRECTION('',(0.906307787037,-0.422618261741,0.));
#2527 = PCURVE('',#692,#2528);
#2528 = DEFINITIONAL_REPRESENTATION('',(#2529),#2533);
#2529 = LINE('',#2530,#2531);
#2530 = CARTESIAN_POINT('',(-10.75618310584,-2.0494936996));
#2531 = VECTOR('',#2532,1.);
#2532 = DIRECTION('',(0.906307787037,-0.422618261741));
#2533 = ( GEOMETRIC_REPRESENTATION_CONTEXT(2) 
PARAMETRIC_REPRESENTATION_CONTEXT() REPRESENTATION_CONTEXT('2D SPACE',''
  ) );
#2534 = PCURVE('',#1012,#2535);
#2535 = DEFINITIONAL_REPRESENTATION('',(#2536),#2540);
#2536 = LINE('',#2537,#2538);
#2537 = CARTESIAN_POINT('',(0.,-3.7));
#2538 = VECTOR('',#2539,1.);
#2539 = DIRECTION('',(1.,0.));
#2540 = ( GEOMETRIC_REPRESENTATION_CONTEXT(2) 
PARAMETRIC_REPRESENTATION_CONTEXT() REPRESENTATION_CONTEXT('2D SPACE',''
  ) );
#2541 = ADVANCED_FACE('',(#2542),#1012,.T.);
#2542 = FACE_BOUND('',#2543,.T.);
#2543 = EDGE_LOOP('',(#2544,#2545,#2564,#2565,#2566));
#2544 = ORIENTED_EDGE('',*,*,#1168,.F.);
#2545 = ORIENTED_EDGE('',*,*,#2546,.T.);
#2546 = EDGE_CURVE('',#1027,#968,#2547,.T.);
#2547 = SURFACE_CURVE('',#2548,(#2552,#2558),.PCURVE_S1.);
#2548 = LINE('',#2549,#2550);
#2549 = CARTESIAN_POINT('',(-14.04316447683,6.548435140278,
    2.219999999999));
#2550 = VECTOR('',#2551,1.);
#2551 = DIRECTION('',(-0.906307787037,0.422618261741,-4.524012217382E-13
    ));
#2552 = PCURVE('',#1012,#2553);
#2553 = DEFINITIONAL_REPRESENTATION('',(#2554),#2557);
#2554 = B_SPLINE_CURVE_WITH_KNOTS('',1,(#2555,#2556),.UNSPECIFIED.,.F.,
  .F.,(2,2),(-1.694917596098,-0.844917596098),.PIECEWISE_BEZIER_KNOTS.);
#2555 = CARTESIAN_POINT('',(2.85,-2.52));
#2556 = CARTESIAN_POINT('',(2.,-2.52));
#2557 = ( GEOMETRIC_REPRESENTATION_CONTEXT(2) 
PARAMETRIC_REPRESENTATION_CONTEXT() REPRESENTATION_CONTEXT('2D SPACE',''
  ) );
#2558 = PCURVE('',#987,#2559);
#2559 = DEFINITIONAL_REPRESENTATION('',(#2560),#2563);
#2560 = B_SPLINE_CURVE_WITH_KNOTS('',1,(#2561,#2562),.UNSPECIFIED.,.F.,
  .F.,(2,2),(-1.694917596098,-0.844917596098),.PIECEWISE_BEZIER_KNOTS.);
#2561 = CARTESIAN_POINT('',(-0.539835192195,0.106817580906));
#2562 = CARTESIAN_POINT('',(0.310164807805,0.106817580905));
#2563 = ( GEOMETRIC_REPRESENTATION_CONTEXT(2) 
PARAMETRIC_REPRESENTATION_CONTEXT() REPRESENTATION_CONTEXT('2D SPACE',''
  ) );
#2564 = ORIENTED_EDGE('',*,*,#999,.T.);
#2565 = ORIENTED_EDGE('',*,*,#2521,.T.);
#2566 = ORIENTED_EDGE('',*,*,#2403,.F.);
#2567 = ADVANCED_FACE('',(#2568),#987,.F.);
#2568 = FACE_BOUND('',#2569,.F.);
#2569 = EDGE_LOOP('',(#2570,#2589,#2590));
#2570 = ORIENTED_EDGE('',*,*,#2571,.T.);
#2571 = EDGE_CURVE('',#858,#1027,#2572,.T.);
#2572 = SURFACE_CURVE('',#2573,(#2576,#2582),.PCURVE_S1.);
#2573 = B_SPLINE_CURVE_WITH_KNOTS('',1,(#2574,#2575),.UNSPECIFIED.,.F.,
  .F.,(2,2),(0.,1.400151444174),.PIECEWISE_BEZIER_KNOTS.);
#2574 = CARTESIAN_POINT('',(-13.30087900583,6.25933620347,3.291331940657
    ));
#2575 = CARTESIAN_POINT('',(-12.50704746107,5.832132012084,
    2.220000001416));
#2576 = PCURVE('',#987,#2577);
#2577 = DEFINITIONAL_REPRESENTATION('',(#2578),#2581);
#2578 = B_SPLINE_CURVE_WITH_KNOTS('',1,(#2579,#2580),.UNSPECIFIED.,.F.,
  .F.,(2,2),(0.,1.400151444174),.PIECEWISE_BEZIER_KNOTS.);
#2579 = CARTESIAN_POINT('',(0.360164811184,1.179395812823));
#2580 = CARTESIAN_POINT('',(-0.539835192195,0.106817582323));
#2581 = ( GEOMETRIC_REPRESENTATION_CONTEXT(2) 
PARAMETRIC_REPRESENTATION_CONTEXT() REPRESENTATION_CONTEXT('2D SPACE',''
  ) );
#2582 = PCURVE('',#921,#2583);
#2583 = DEFINITIONAL_REPRESENTATION('',(#2584),#2588);
#2584 = LINE('',#2585,#2586);
#2585 = CARTESIAN_POINT('',(0.,1.080210122553));
#2586 = VECTOR('',#2587,1.);
#2587 = DIRECTION('',(1.,0.));
#2588 = ( GEOMETRIC_REPRESENTATION_CONTEXT(2) 
PARAMETRIC_REPRESENTATION_CONTEXT() REPRESENTATION_CONTEXT('2D SPACE',''
  ) );
#2589 = ORIENTED_EDGE('',*,*,#2546,.T.);
#2590 = ORIENTED_EDGE('',*,*,#967,.T.);
#2591 = ADVANCED_FACE('',(#2592),#921,.F.);
#2592 = FACE_BOUND('',#2593,.F.);
#2593 = EDGE_LOOP('',(#2594,#2595,#2616,#2640));
#2594 = ORIENTED_EDGE('',*,*,#857,.F.);
#2595 = ORIENTED_EDGE('',*,*,#2596,.T.);
#2596 = EDGE_CURVE('',#826,#2597,#2599,.T.);
#2597 = VERTEX_POINT('',#2598);
#2598 = CARTESIAN_POINT('',(-3.338522159275,13.390081022609,1.608));
#2599 = SURFACE_CURVE('',#2600,(#2603,#2610),.PCURVE_S1.);
#2600 = B_SPLINE_CURVE_WITH_KNOTS('',1,(#2601,#2602),.UNSPECIFIED.,.F.,
  .F.,(2,2),(0.,1.400151444174),.PIECEWISE_BEZIER_KNOTS.);
#2601 = CARTESIAN_POINT('',(-3.506096524446,14.275852307228,
    2.679331942073));
#2602 = CARTESIAN_POINT('',(-3.338522159275,13.390081022609,1.608));
#2603 = PCURVE('',#921,#2604);
#2604 = DEFINITIONAL_REPRESENTATION('',(#2605),#2609);
#2605 = LINE('',#2606,#2607);
#2606 = CARTESIAN_POINT('',(0.,0.));
#2607 = VECTOR('',#2608,1.);
#2608 = DIRECTION('',(1.,0.));
#2609 = ( GEOMETRIC_REPRESENTATION_CONTEXT(2) 
PARAMETRIC_REPRESENTATION_CONTEXT() REPRESENTATION_CONTEXT('2D SPACE',''
  ) );
#2610 = PCURVE('',#845,#2611);
#2611 = DEFINITIONAL_REPRESENTATION('',(#2612),#2615);
#2612 = B_SPLINE_CURVE_WITH_KNOTS('',1,(#2613,#2614),.UNSPECIFIED.,.F.,
  .F.,(2,2),(0.,1.400151444174),.PIECEWISE_BEZIER_KNOTS.);
#2613 = CARTESIAN_POINT('',(-1.179395813957,0.360164807468));
#2614 = CARTESIAN_POINT('',(-0.106817580623,-0.539835192532));
#2615 = ( GEOMETRIC_REPRESENTATION_CONTEXT(2) 
PARAMETRIC_REPRESENTATION_CONTEXT() REPRESENTATION_CONTEXT('2D SPACE',''
  ) );
#2616 = ORIENTED_EDGE('',*,*,#2617,.T.);
#2617 = EDGE_CURVE('',#2597,#1027,#2618,.T.);
#2618 = SURFACE_CURVE('',#2619,(#2627,#2633),.PCURVE_S1.);
#2619 = B_SPLINE_CURVE_WITH_KNOTS('',6,(#2620,#2621,#2622,#2623,#2624,
    #2625,#2626),.UNSPECIFIED.,.F.,.F.,(7,7),(0.,1.080210122553),
  .PIECEWISE_BEZIER_KNOTS.);
#2620 = CARTESIAN_POINT('',(-3.338522159275,13.390081022609,1.608));
#2621 = CARTESIAN_POINT('',(-5.324980666191,12.894801290349,
    1.710000005592));
#2622 = CARTESIAN_POINT('',(-7.223267721655,12.045885085149,
    1.811999984282));
#2623 = CARTESIAN_POINT('',(-8.954712842404,10.862935321688,
    1.914000000708));
#2624 = CARTESIAN_POINT('',(-10.44630379091,9.389019180466,
    2.016000017134));
#2625 = CARTESIAN_POINT('',(-11.6418332604,7.687589853116,2.117999995825
    ));
#2626 = CARTESIAN_POINT('',(-12.50704746107,5.832132012084,
    2.220000001416));
#2627 = PCURVE('',#921,#2628);
#2628 = DEFINITIONAL_REPRESENTATION('',(#2629),#2632);
#2629 = B_SPLINE_CURVE_WITH_KNOTS('',1,(#2630,#2631),.UNSPECIFIED.,.F.,
  .F.,(2,2),(0.,1.080210122553),.PIECEWISE_BEZIER_KNOTS.);
#2630 = CARTESIAN_POINT('',(1.400151444174,0.));
#2631 = CARTESIAN_POINT('',(1.400151444174,1.080210122553));
#2632 = ( GEOMETRIC_REPRESENTATION_CONTEXT(2) 
PARAMETRIC_REPRESENTATION_CONTEXT() REPRESENTATION_CONTEXT('2D SPACE',''
  ) );
#2633 = PCURVE('',#1096,#2634);
#2634 = DEFINITIONAL_REPRESENTATION('',(#2635),#2639);
#2635 = LINE('',#2636,#2637);
#2636 = CARTESIAN_POINT('',(0.,0.));
#2637 = VECTOR('',#2638,1.);
#2638 = DIRECTION('',(0.,1.));
#2639 = ( GEOMETRIC_REPRESENTATION_CONTEXT(2) 
PARAMETRIC_REPRESENTATION_CONTEXT() REPRESENTATION_CONTEXT('2D SPACE',''
  ) );
#2640 = ORIENTED_EDGE('',*,*,#2571,.F.);
#2641 = ADVANCED_FACE('',(#2642),#845,.T.);
#2642 = FACE_BOUND('',#2643,.T.);
#2643 = EDGE_LOOP('',(#2644,#2645,#2666,#2685));
#2644 = ORIENTED_EDGE('',*,*,#2596,.T.);
#2645 = ORIENTED_EDGE('',*,*,#2646,.T.);
#2646 = EDGE_CURVE('',#2597,#2647,#2649,.T.);
#2647 = VERTEX_POINT('',#2648);
#2648 = CARTESIAN_POINT('',(-3.385283634859,13.378422077291,
    0.609161958376));
#2649 = SURFACE_CURVE('',#2650,(#2653,#2659),.PCURVE_S1.);
#2650 = B_SPLINE_CURVE_WITH_KNOTS('',1,(#2651,#2652),.UNSPECIFIED.,.F.,
  .F.,(2,2),(0.,1.),.PIECEWISE_BEZIER_KNOTS.);
#2651 = CARTESIAN_POINT('',(-3.338522159275,13.390081022609,1.608));
#2652 = CARTESIAN_POINT('',(-3.385283634859,13.378422077291,
    0.609161958376));
#2653 = PCURVE('',#845,#2654);
#2654 = DEFINITIONAL_REPRESENTATION('',(#2655),#2658);
#2655 = B_SPLINE_CURVE_WITH_KNOTS('',1,(#2656,#2657),.UNSPECIFIED.,.F.,
  .F.,(2,2),(0.,1.),.PIECEWISE_BEZIER_KNOTS.);
#2656 = CARTESIAN_POINT('',(-0.106817580623,-0.539835192532));
#2657 = CARTESIAN_POINT('',(0.893182419377,-0.539835192532));
#2658 = ( GEOMETRIC_REPRESENTATION_CONTEXT(2) 
PARAMETRIC_REPRESENTATION_CONTEXT() REPRESENTATION_CONTEXT('2D SPACE',''
  ) );
#2659 = PCURVE('',#1096,#2660);
#2660 = DEFINITIONAL_REPRESENTATION('',(#2661),#2665);
#2661 = LINE('',#2662,#2663);
#2662 = CARTESIAN_POINT('',(0.,0.));
#2663 = VECTOR('',#2664,1.);
#2664 = DIRECTION('',(1.,0.));
#2665 = ( GEOMETRIC_REPRESENTATION_CONTEXT(2) 
PARAMETRIC_REPRESENTATION_CONTEXT() REPRESENTATION_CONTEXT('2D SPACE',''
  ) );
#2666 = ORIENTED_EDGE('',*,*,#2667,.T.);
#2667 = EDGE_CURVE('',#2647,#755,#2668,.T.);
#2668 = SURFACE_CURVE('',#2669,(#2672,#2678),.PCURVE_S1.);
#2669 = B_SPLINE_CURVE_WITH_KNOTS('',1,(#2670,#2671),.UNSPECIFIED.,.F.,
  .F.,(2,2),(0.,0.9),.PIECEWISE_BEZIER_KNOTS.);
#2670 = CARTESIAN_POINT('',(-3.385283634859,13.378422077291,
    0.609161958376));
#2671 = CARTESIAN_POINT('',(-3.603013340899,14.25168823094,
    0.609161958376));
#2672 = PCURVE('',#845,#2673);
#2673 = DEFINITIONAL_REPRESENTATION('',(#2674),#2677);
#2674 = B_SPLINE_CURVE_WITH_KNOTS('',1,(#2675,#2676),.UNSPECIFIED.,.F.,
  .F.,(2,2),(0.,0.9),.PIECEWISE_BEZIER_KNOTS.);
#2675 = CARTESIAN_POINT('',(0.893182419377,-0.539835192532));
#2676 = CARTESIAN_POINT('',(0.893182419377,0.360164807468));
#2677 = ( GEOMETRIC_REPRESENTATION_CONTEXT(2) 
PARAMETRIC_REPRESENTATION_CONTEXT() REPRESENTATION_CONTEXT('2D SPACE',''
  ) );
#2678 = PCURVE('',#792,#2679);
#2679 = DEFINITIONAL_REPRESENTATION('',(#2680),#2684);
#2680 = LINE('',#2681,#2682);
#2681 = CARTESIAN_POINT('',(0.,0.));
#2682 = VECTOR('',#2683,1.);
#2683 = DIRECTION('',(1.,0.));
#2684 = ( GEOMETRIC_REPRESENTATION_CONTEXT(2) 
PARAMETRIC_REPRESENTATION_CONTEXT() REPRESENTATION_CONTEXT('2D SPACE',''
  ) );
#2685 = ORIENTED_EDGE('',*,*,#825,.T.);
#2686 = ADVANCED_FACE('',(#2687),#792,.F.);
#2687 = FACE_BOUND('',#2688,.F.);
#2688 = EDGE_LOOP('',(#2689,#2713,#2714,#2715));
#2689 = ORIENTED_EDGE('',*,*,#2690,.F.);
#2690 = EDGE_CURVE('',#2647,#1050,#2691,.T.);
#2691 = SURFACE_CURVE('',#2692,(#2700,#2706),.PCURVE_S1.);
#2692 = B_SPLINE_CURVE_WITH_KNOTS('',6,(#2693,#2694,#2695,#2696,#2697,
    #2698,#2699),.UNSPECIFIED.,.F.,.F.,(7,7),(0.,1.080210122553),
  .PIECEWISE_BEZIER_KNOTS.);
#2693 = CARTESIAN_POINT('',(-3.385283634859,13.378422077291,
    0.609161958376));
#2694 = CARTESIAN_POINT('',(-5.370012499158,12.876205128366,
    0.711161963956));
#2695 = CARTESIAN_POINT('',(-7.265334938552,12.02065968281,
    0.813161942742));
#2696 = CARTESIAN_POINT('',(-8.992648919632,10.831663230811,
    0.91516195895));
#2697 = CARTESIAN_POINT('',(-10.47909253257,9.352538088363,
    1.017161975594));
#2698 = CARTESIAN_POINT('',(-11.66868023466,7.646933694986,
    1.119161954189));
#2699 = CARTESIAN_POINT('',(-12.52741470605,5.788454306824,
    1.221161959792));
#2700 = PCURVE('',#792,#2701);
#2701 = DEFINITIONAL_REPRESENTATION('',(#2702),#2705);
#2702 = B_SPLINE_CURVE_WITH_KNOTS('',1,(#2703,#2704),.UNSPECIFIED.,.F.,
  .F.,(2,2),(0.,1.080210122553),.PIECEWISE_BEZIER_KNOTS.);
#2703 = CARTESIAN_POINT('',(0.,0.));
#2704 = CARTESIAN_POINT('',(0.,1.080210122553));
#2705 = ( GEOMETRIC_REPRESENTATION_CONTEXT(2) 
PARAMETRIC_REPRESENTATION_CONTEXT() REPRESENTATION_CONTEXT('2D SPACE',''
  ) );
#2706 = PCURVE('',#1096,#2707);
#2707 = DEFINITIONAL_REPRESENTATION('',(#2708),#2712);
#2708 = LINE('',#2709,#2710);
#2709 = CARTESIAN_POINT('',(1.,0.));
#2710 = VECTOR('',#2711,1.);
#2711 = DIRECTION('',(0.,1.));
#2712 = ( GEOMETRIC_REPRESENTATION_CONTEXT(2) 
PARAMETRIC_REPRESENTATION_CONTEXT() REPRESENTATION_CONTEXT('2D SPACE',''
  ) );
#2713 = ORIENTED_EDGE('',*,*,#2667,.T.);
#2714 = ORIENTED_EDGE('',*,*,#754,.T.);
#2715 = ORIENTED_EDGE('',*,*,#1049,.T.);
#2716 = ADVANCED_FACE('',(#2717),#1096,.F.);
#2717 = FACE_BOUND('',#2718,.F.);
#2718 = EDGE_LOOP('',(#2719,#2720,#2721,#2722));
#2719 = ORIENTED_EDGE('',*,*,#2617,.F.);
#2720 = ORIENTED_EDGE('',*,*,#2646,.T.);
#2721 = ORIENTED_EDGE('',*,*,#2690,.T.);
#2722 = ORIENTED_EDGE('',*,*,#1078,.T.);
#2723 = ADVANCED_FACE('',(#2724),#1250,.F.);
#2724 = FACE_BOUND('',#2725,.F.);
#2725 = EDGE_LOOP('',(#2726,#2727,#2728,#2729));
#2726 = ORIENTED_EDGE('',*,*,#2424,.F.);
#2727 = ORIENTED_EDGE('',*,*,#1236,.T.);
#2728 = ORIENTED_EDGE('',*,*,#1265,.T.);
#2729 = ORIENTED_EDGE('',*,*,#2730,.T.);
#2730 = EDGE_CURVE('',#1266,#2425,#2731,.T.);
#2731 = SURFACE_CURVE('',#2732,(#2736,#2743),.PCURVE_S1.);
#2732 = LINE('',#2733,#2734);
#2733 = CARTESIAN_POINT('',(1.451143116749,-16.58664172322,3.4));
#2734 = VECTOR('',#2735,1.);
#2735 = DIRECTION('',(-8.715574274766E-02,0.996194698092,0.));
#2736 = PCURVE('',#1250,#2737);
#2737 = DEFINITIONAL_REPRESENTATION('',(#2738),#2742);
#2738 = LINE('',#2739,#2740);
#2739 = CARTESIAN_POINT('',(7.153005161672,-8.290380967619));
#2740 = VECTOR('',#2741,1.);
#2741 = DIRECTION('',(-8.715574274766E-02,0.996194698092));
#2742 = ( GEOMETRIC_REPRESENTATION_CONTEXT(2) 
PARAMETRIC_REPRESENTATION_CONTEXT() REPRESENTATION_CONTEXT('2D SPACE',''
  ) );
#2743 = PCURVE('',#1570,#2744);
#2744 = DEFINITIONAL_REPRESENTATION('',(#2745),#2749);
#2745 = LINE('',#2746,#2747);
#2746 = CARTESIAN_POINT('',(0.,-3.7));
#2747 = VECTOR('',#2748,1.);
#2748 = DIRECTION('',(1.,0.));
#2749 = ( GEOMETRIC_REPRESENTATION_CONTEXT(2) 
PARAMETRIC_REPRESENTATION_CONTEXT() REPRESENTATION_CONTEXT('2D SPACE',''
  ) );
#2750 = ADVANCED_FACE('',(#2751),#1570,.T.);
#2751 = FACE_BOUND('',#2752,.T.);
#2752 = EDGE_LOOP('',(#2753,#2754,#2773,#2774,#2775));
#2753 = ORIENTED_EDGE('',*,*,#1726,.F.);
#2754 = ORIENTED_EDGE('',*,*,#2755,.T.);
#2755 = EDGE_CURVE('',#1585,#1526,#2756,.T.);
#2756 = SURFACE_CURVE('',#2757,(#2761,#2767),.PCURVE_S1.);
#2757 = LINE('',#2758,#2759);
#2758 = CARTESIAN_POINT('',(1.350471051902,-15.4359547566,2.22));
#2759 = VECTOR('',#2760,1.);
#2760 = DIRECTION('',(8.715574274766E-02,-0.996194698092,
    -4.500152268206E-13));
#2761 = PCURVE('',#1570,#2762);
#2762 = DEFINITIONAL_REPRESENTATION('',(#2763),#2766);
#2763 = B_SPLINE_CURVE_WITH_KNOTS('',1,(#2764,#2765),.UNSPECIFIED.,.F.,
  .F.,(2,2),(-1.694917596098,-0.844917596098),.PIECEWISE_BEZIER_KNOTS.);
#2764 = CARTESIAN_POINT('',(2.85,-2.52));
#2765 = CARTESIAN_POINT('',(2.,-2.52));
#2766 = ( GEOMETRIC_REPRESENTATION_CONTEXT(2) 
PARAMETRIC_REPRESENTATION_CONTEXT() REPRESENTATION_CONTEXT('2D SPACE',''
  ) );
#2767 = PCURVE('',#1545,#2768);
#2768 = DEFINITIONAL_REPRESENTATION('',(#2769),#2772);
#2769 = B_SPLINE_CURVE_WITH_KNOTS('',1,(#2770,#2771),.UNSPECIFIED.,.F.,
  .F.,(2,2),(-1.694917596098,-0.844917596098),.PIECEWISE_BEZIER_KNOTS.);
#2770 = CARTESIAN_POINT('',(-0.539835192195,0.106817580906));
#2771 = CARTESIAN_POINT('',(0.310164807805,0.106817580906));
#2772 = ( GEOMETRIC_REPRESENTATION_CONTEXT(2) 
PARAMETRIC_REPRESENTATION_CONTEXT() REPRESENTATION_CONTEXT('2D SPACE',''
  ) );
#2773 = ORIENTED_EDGE('',*,*,#1557,.T.);
#2774 = ORIENTED_EDGE('',*,*,#2730,.T.);
#2775 = ORIENTED_EDGE('',*,*,#2448,.F.);
#2776 = ADVANCED_FACE('',(#2777),#1545,.F.);
#2777 = FACE_BOUND('',#2778,.F.);
#2778 = EDGE_LOOP('',(#2779,#2798,#2799));
#2779 = ORIENTED_EDGE('',*,*,#2780,.T.);
#2780 = EDGE_CURVE('',#1416,#1585,#2781,.T.);
#2781 = SURFACE_CURVE('',#2782,(#2785,#2791),.PCURVE_S1.);
#2782 = B_SPLINE_CURVE_WITH_KNOTS('',1,(#2783,#2784),.UNSPECIFIED.,.F.,
  .F.,(2,2),(0.,1.400151444174),.PIECEWISE_BEZIER_KNOTS.);
#2783 = CARTESIAN_POINT('',(1.229695339884,-14.64856721344,
    3.291331940657));
#2784 = CARTESIAN_POINT('',(1.20274924985,-13.74748683367,2.220000001416
    ));
#2785 = PCURVE('',#1545,#2786);
#2786 = DEFINITIONAL_REPRESENTATION('',(#2787),#2790);
#2787 = B_SPLINE_CURVE_WITH_KNOTS('',1,(#2788,#2789),.UNSPECIFIED.,.F.,
  .F.,(2,2),(0.,1.400151444174),.PIECEWISE_BEZIER_KNOTS.);
#2788 = CARTESIAN_POINT('',(0.360164811184,1.179395812823));
#2789 = CARTESIAN_POINT('',(-0.539835192195,0.106817582323));
#2790 = ( GEOMETRIC_REPRESENTATION_CONTEXT(2) 
PARAMETRIC_REPRESENTATION_CONTEXT() REPRESENTATION_CONTEXT('2D SPACE',''
  ) );
#2791 = PCURVE('',#1479,#2792);
#2792 = DEFINITIONAL_REPRESENTATION('',(#2793),#2797);
#2793 = LINE('',#2794,#2795);
#2794 = CARTESIAN_POINT('',(0.,1.080210122553));
#2795 = VECTOR('',#2796,1.);
#2796 = DIRECTION('',(1.,0.));
#2797 = ( GEOMETRIC_REPRESENTATION_CONTEXT(2) 
PARAMETRIC_REPRESENTATION_CONTEXT() REPRESENTATION_CONTEXT('2D SPACE',''
  ) );
#2798 = ORIENTED_EDGE('',*,*,#2755,.T.);
#2799 = ORIENTED_EDGE('',*,*,#1525,.T.);
#2800 = ADVANCED_FACE('',(#2801),#1479,.F.);
#2801 = FACE_BOUND('',#2802,.F.);
#2802 = EDGE_LOOP('',(#2803,#2804,#2825,#2849));
#2803 = ORIENTED_EDGE('',*,*,#1415,.F.);
#2804 = ORIENTED_EDGE('',*,*,#2805,.T.);
#2805 = EDGE_CURVE('',#1384,#2806,#2808,.T.);
#2806 = VERTEX_POINT('',#2807);
#2807 = CARTESIAN_POINT('',(-9.926889244673,-9.586285512334,1.608));
#2808 = SURFACE_CURVE('',#2809,(#2812,#2819),.PCURVE_S1.);
#2809 = B_SPLINE_CURVE_WITH_KNOTS('',1,(#2810,#2811),.UNSPECIFIED.,.F.,
  .F.,(2,2),(0.,1.400151444174),.PIECEWISE_BEZIER_KNOTS.);
#2810 = CARTESIAN_POINT('',(-10.61020249651,-10.1742948119,
    2.679331942073));
#2811 = CARTESIAN_POINT('',(-9.926889244673,-9.586285512334,1.608));
#2812 = PCURVE('',#1479,#2813);
#2813 = DEFINITIONAL_REPRESENTATION('',(#2814),#2818);
#2814 = LINE('',#2815,#2816);
#2815 = CARTESIAN_POINT('',(0.,0.));
#2816 = VECTOR('',#2817,1.);
#2817 = DIRECTION('',(1.,0.));
#2818 = ( GEOMETRIC_REPRESENTATION_CONTEXT(2) 
PARAMETRIC_REPRESENTATION_CONTEXT() REPRESENTATION_CONTEXT('2D SPACE',''
  ) );
#2819 = PCURVE('',#1403,#2820);
#2820 = DEFINITIONAL_REPRESENTATION('',(#2821),#2824);
#2821 = B_SPLINE_CURVE_WITH_KNOTS('',1,(#2822,#2823),.UNSPECIFIED.,.F.,
  .F.,(2,2),(0.,1.400151444174),.PIECEWISE_BEZIER_KNOTS.);
#2822 = CARTESIAN_POINT('',(-1.179395813957,0.360164807468));
#2823 = CARTESIAN_POINT('',(-0.106817580623,-0.539835192532));
#2824 = ( GEOMETRIC_REPRESENTATION_CONTEXT(2) 
PARAMETRIC_REPRESENTATION_CONTEXT() REPRESENTATION_CONTEXT('2D SPACE',''
  ) );
#2825 = ORIENTED_EDGE('',*,*,#2826,.T.);
#2826 = EDGE_CURVE('',#2806,#1585,#2827,.T.);
#2827 = SURFACE_CURVE('',#2828,(#2836,#2842),.PCURVE_S1.);
#2828 = B_SPLINE_CURVE_WITH_KNOTS('',6,(#2829,#2830,#2831,#2832,#2833,
    #2834,#2835),.UNSPECIFIED.,.F.,.F.,(7,7),(0.,1.080210122553),
  .PIECEWISE_BEZIER_KNOTS.);
#2829 = CARTESIAN_POINT('',(-9.926889244673,-9.586285512334,1.608));
#2830 = CARTESIAN_POINT('',(-8.504735161099,-11.05896917675,
    1.710000005592));
#2831 = CARTESIAN_POINT('',(-6.820408633979,-12.27847588786,
    1.811999984282));
#2832 = CARTESIAN_POINT('',(-4.930221527047,-13.18647646596,
    1.914000000708));
#2833 = CARTESIAN_POINT('',(-2.907977231444,-13.74127404881,
    2.016000017134));
#2834 = CARTESIAN_POINT('',(-0.836731476469,-13.92591827669,
    2.117999995825));
#2835 = CARTESIAN_POINT('',(1.20274924985,-13.74748683367,2.220000001416
    ));
#2836 = PCURVE('',#1479,#2837);
#2837 = DEFINITIONAL_REPRESENTATION('',(#2838),#2841);
#2838 = B_SPLINE_CURVE_WITH_KNOTS('',1,(#2839,#2840),.UNSPECIFIED.,.F.,
  .F.,(2,2),(0.,1.080210122553),.PIECEWISE_BEZIER_KNOTS.);
#2839 = CARTESIAN_POINT('',(1.400151444174,0.));
#2840 = CARTESIAN_POINT('',(1.400151444174,1.080210122553));
#2841 = ( GEOMETRIC_REPRESENTATION_CONTEXT(2) 
PARAMETRIC_REPRESENTATION_CONTEXT() REPRESENTATION_CONTEXT('2D SPACE',''
  ) );
#2842 = PCURVE('',#1654,#2843);
#2843 = DEFINITIONAL_REPRESENTATION('',(#2844),#2848);
#2844 = LINE('',#2845,#2846);
#2845 = CARTESIAN_POINT('',(0.,0.));
#2846 = VECTOR('',#2847,1.);
#2847 = DIRECTION('',(0.,1.));
#2848 = ( GEOMETRIC_REPRESENTATION_CONTEXT(2) 
PARAMETRIC_REPRESENTATION_CONTEXT() REPRESENTATION_CONTEXT('2D SPACE',''
  ) );
#2849 = ORIENTED_EDGE('',*,*,#2780,.F.);
#2850 = ADVANCED_FACE('',(#2851),#1403,.T.);
#2851 = FACE_BOUND('',#2852,.T.);
#2852 = EDGE_LOOP('',(#2853,#2854,#2875,#2894));
#2853 = ORIENTED_EDGE('',*,*,#2805,.T.);
#2854 = ORIENTED_EDGE('',*,*,#2855,.T.);
#2855 = EDGE_CURVE('',#2806,#2856,#2858,.T.);
#2856 = VERTEX_POINT('',#2857);
#2857 = CARTESIAN_POINT('',(-9.893411564055,-9.620952665449,
    0.609161958376));
#2858 = SURFACE_CURVE('',#2859,(#2862,#2868),.PCURVE_S1.);
#2859 = B_SPLINE_CURVE_WITH_KNOTS('',1,(#2860,#2861),.UNSPECIFIED.,.F.,
  .F.,(2,2),(0.,1.),.PIECEWISE_BEZIER_KNOTS.);
#2860 = CARTESIAN_POINT('',(-9.926889244673,-9.586285512334,1.608));
#2861 = CARTESIAN_POINT('',(-9.893411564055,-9.620952665449,
    0.609161958376));
#2862 = PCURVE('',#1403,#2863);
#2863 = DEFINITIONAL_REPRESENTATION('',(#2864),#2867);
#2864 = B_SPLINE_CURVE_WITH_KNOTS('',1,(#2865,#2866),.UNSPECIFIED.,.F.,
  .F.,(2,2),(0.,1.),.PIECEWISE_BEZIER_KNOTS.);
#2865 = CARTESIAN_POINT('',(-0.106817580623,-0.539835192532));
#2866 = CARTESIAN_POINT('',(0.893182419377,-0.539835192532));
#2867 = ( GEOMETRIC_REPRESENTATION_CONTEXT(2) 
PARAMETRIC_REPRESENTATION_CONTEXT() REPRESENTATION_CONTEXT('2D SPACE',''
  ) );
#2868 = PCURVE('',#1654,#2869);
#2869 = DEFINITIONAL_REPRESENTATION('',(#2870),#2874);
#2870 = LINE('',#2871,#2872);
#2871 = CARTESIAN_POINT('',(0.,0.));
#2872 = VECTOR('',#2873,1.);
#2873 = DIRECTION('',(1.,0.));
#2874 = ( GEOMETRIC_REPRESENTATION_CONTEXT(2) 
PARAMETRIC_REPRESENTATION_CONTEXT() REPRESENTATION_CONTEXT('2D SPACE',''
  ) );
#2875 = ORIENTED_EDGE('',*,*,#2876,.T.);
#2876 = EDGE_CURVE('',#2856,#1313,#2877,.T.);
#2877 = SURFACE_CURVE('',#2878,(#2881,#2887),.PCURVE_S1.);
#2878 = B_SPLINE_CURVE_WITH_KNOTS('',1,(#2879,#2880),.UNSPECIFIED.,.F.,
  .F.,(2,2),(0.,0.9),.PIECEWISE_BEZIER_KNOTS.);
#2879 = CARTESIAN_POINT('',(-9.893411564055,-9.620952665449,
    0.609161958376));
#2880 = CARTESIAN_POINT('',(-10.54081738436,-10.24614519886,
    0.609161958376));
#2881 = PCURVE('',#1403,#2882);
#2882 = DEFINITIONAL_REPRESENTATION('',(#2883),#2886);
#2883 = B_SPLINE_CURVE_WITH_KNOTS('',1,(#2884,#2885),.UNSPECIFIED.,.F.,
  .F.,(2,2),(0.,0.9),.PIECEWISE_BEZIER_KNOTS.);
#2884 = CARTESIAN_POINT('',(0.893182419377,-0.539835192532));
#2885 = CARTESIAN_POINT('',(0.893182419377,0.360164807468));
#2886 = ( GEOMETRIC_REPRESENTATION_CONTEXT(2) 
PARAMETRIC_REPRESENTATION_CONTEXT() REPRESENTATION_CONTEXT('2D SPACE',''
  ) );
#2887 = PCURVE('',#1350,#2888);
#2888 = DEFINITIONAL_REPRESENTATION('',(#2889),#2893);
#2889 = LINE('',#2890,#2891);
#2890 = CARTESIAN_POINT('',(0.,0.));
#2891 = VECTOR('',#2892,1.);
#2892 = DIRECTION('',(1.,0.));
#2893 = ( GEOMETRIC_REPRESENTATION_CONTEXT(2) 
PARAMETRIC_REPRESENTATION_CONTEXT() REPRESENTATION_CONTEXT('2D SPACE',''
  ) );
#2894 = ORIENTED_EDGE('',*,*,#1383,.T.);
#2895 = ADVANCED_FACE('',(#2896),#1350,.F.);
#2896 = FACE_BOUND('',#2897,.F.);
#2897 = EDGE_LOOP('',(#2898,#2922,#2923,#2924));
#2898 = ORIENTED_EDGE('',*,*,#2899,.F.);
#2899 = EDGE_CURVE('',#2856,#1608,#2900,.T.);
#2900 = SURFACE_CURVE('',#2901,(#2909,#2915),.PCURVE_S1.);
#2901 = B_SPLINE_CURVE_WITH_KNOTS('',6,(#2902,#2903,#2904,#2905,#2906,
    #2907,#2908),.UNSPECIFIED.,.F.,.F.,(7,7),(0.,1.080210122553),
  .PIECEWISE_BEZIER_KNOTS.);
#2902 = CARTESIAN_POINT('',(-9.893411564055,-9.620952665449,
    0.609161958376));
#2903 = CARTESIAN_POINT('',(-8.466114495925,-11.08866980709,
    0.711161963956));
#2904 = CARTESIAN_POINT('',(-6.777529186284,-12.30229446519,
    0.813161942742));
#2905 = CARTESIAN_POINT('',(-4.884171063304,-13.20369402712,
    0.91516195895));
#2906 = CARTESIAN_POINT('',(-2.859989308095,-13.751429386,1.017161975594
    ));
#2907 = CARTESIAN_POINT('',(-0.788098723578,-13.92884035935,
    1.119161954189));
#2908 = CARTESIAN_POINT('',(1.250758874672,-13.74328653259,
    1.221161959792));
#2909 = PCURVE('',#1350,#2910);
#2910 = DEFINITIONAL_REPRESENTATION('',(#2911),#2914);
#2911 = B_SPLINE_CURVE_WITH_KNOTS('',1,(#2912,#2913),.UNSPECIFIED.,.F.,
  .F.,(2,2),(0.,1.080210122553),.PIECEWISE_BEZIER_KNOTS.);
#2912 = CARTESIAN_POINT('',(0.,0.));
#2913 = CARTESIAN_POINT('',(0.,1.080210122553));
#2914 = ( GEOMETRIC_REPRESENTATION_CONTEXT(2) 
PARAMETRIC_REPRESENTATION_CONTEXT() REPRESENTATION_CONTEXT('2D SPACE',''
  ) );
#2915 = PCURVE('',#1654,#2916);
#2916 = DEFINITIONAL_REPRESENTATION('',(#2917),#2921);
#2917 = LINE('',#2918,#2919);
#2918 = CARTESIAN_POINT('',(1.,0.));
#2919 = VECTOR('',#2920,1.);
#2920 = DIRECTION('',(0.,1.));
#2921 = ( GEOMETRIC_REPRESENTATION_CONTEXT(2) 
PARAMETRIC_REPRESENTATION_CONTEXT() REPRESENTATION_CONTEXT('2D SPACE',''
  ) );
#2922 = ORIENTED_EDGE('',*,*,#2876,.T.);
#2923 = ORIENTED_EDGE('',*,*,#1312,.T.);
#2924 = ORIENTED_EDGE('',*,*,#1607,.T.);
#2925 = ADVANCED_FACE('',(#2926),#1654,.F.);
#2926 = FACE_BOUND('',#2927,.F.);
#2927 = EDGE_LOOP('',(#2928,#2929,#2930,#2931));
#2928 = ORIENTED_EDGE('',*,*,#2826,.F.);
#2929 = ORIENTED_EDGE('',*,*,#2855,.T.);
#2930 = ORIENTED_EDGE('',*,*,#2899,.T.);
#2931 = ORIENTED_EDGE('',*,*,#1636,.T.);
#2932 = ADVANCED_FACE('',(#2933),#1808,.F.);
#2933 = FACE_BOUND('',#2934,.F.);
#2934 = EDGE_LOOP('',(#2935,#2936,#2937,#2938,#2939));
#2935 = ORIENTED_EDGE('',*,*,#2123,.F.);
#2936 = ORIENTED_EDGE('',*,*,#2493,.T.);
#2937 = ORIENTED_EDGE('',*,*,#2334,.F.);
#2938 = ORIENTED_EDGE('',*,*,#2264,.F.);
#2939 = ORIENTED_EDGE('',*,*,#1794,.T.);
#2940 = ADVANCED_FACE('',(#2941),#1898,.F.);
#2941 = FACE_BOUND('',#2942,.F.);
#2942 = EDGE_LOOP('',(#2943,#2969,#2988,#2989));
#2943 = ORIENTED_EDGE('',*,*,#2944,.F.);
#2944 = EDGE_CURVE('',#2945,#2156,#2947,.T.);
#2945 = VERTEX_POINT('',#2946);
#2946 = CARTESIAN_POINT('',(13.278695198915,-3.757469411842,
    0.609161958376));
#2947 = SURFACE_CURVE('',#2948,(#2956,#2962),.PCURVE_S1.);
#2948 = B_SPLINE_CURVE_WITH_KNOTS('',6,(#2949,#2950,#2951,#2952,#2953,
    #2954,#2955),.UNSPECIFIED.,.F.,.F.,(7,7),(0.,1.080210122553),
  .PIECEWISE_BEZIER_KNOTS.);
#2949 = CARTESIAN_POINT('',(13.278695198915,-3.757469411842,
    0.609161958376));
#2950 = CARTESIAN_POINT('',(13.836126995083,-1.787535321272,
    0.711161963956));
#2951 = CARTESIAN_POINT('',(14.042864124837,0.281634782384,
    0.813161942742));
#2952 = CARTESIAN_POINT('',(13.876819982936,2.37203079631,0.91516195895)
  );
#2953 = CARTESIAN_POINT('',(13.339081840672,4.398891297638,
    1.017161975594));
#2954 = CARTESIAN_POINT('',(12.456778958247,6.281906664368,
    1.119161954189));
#2955 = CARTESIAN_POINT('',(11.276655831382,7.954832225773,
    1.221161959792));
#2956 = PCURVE('',#1898,#2957);
#2957 = DEFINITIONAL_REPRESENTATION('',(#2958),#2961);
#2958 = B_SPLINE_CURVE_WITH_KNOTS('',1,(#2959,#2960),.UNSPECIFIED.,.F.,
  .F.,(2,2),(0.,1.080210122553),.PIECEWISE_BEZIER_KNOTS.);
#2959 = CARTESIAN_POINT('',(0.,0.));
#2960 = CARTESIAN_POINT('',(0.,1.080210122553));
#2961 = ( GEOMETRIC_REPRESENTATION_CONTEXT(2) 
PARAMETRIC_REPRESENTATION_CONTEXT() REPRESENTATION_CONTEXT('2D SPACE',''
  ) );
#2962 = PCURVE('',#2202,#2963);
#2963 = DEFINITIONAL_REPRESENTATION('',(#2964),#2968);
#2964 = LINE('',#2965,#2966);
#2965 = CARTESIAN_POINT('',(1.,0.));
#2966 = VECTOR('',#2967,1.);
#2967 = DIRECTION('',(0.,1.));
#2968 = ( GEOMETRIC_REPRESENTATION_CONTEXT(2) 
PARAMETRIC_REPRESENTATION_CONTEXT() REPRESENTATION_CONTEXT('2D SPACE',''
  ) );
#2969 = ORIENTED_EDGE('',*,*,#2970,.T.);
#2970 = EDGE_CURVE('',#2945,#1847,#2971,.T.);
#2971 = SURFACE_CURVE('',#2972,(#2975,#2982),.PCURVE_S1.);
#2972 = B_SPLINE_CURVE_WITH_KNOTS('',1,(#2973,#2974),.UNSPECIFIED.,.F.,
  .F.,(2,2),(0.,0.9),.PIECEWISE_BEZIER_KNOTS.);
#2973 = CARTESIAN_POINT('',(13.278695198915,-3.757469411842,
    0.609161958376));
#2974 = CARTESIAN_POINT('',(14.143830725259,-4.005543032077,
    0.609161958376));
#2975 = PCURVE('',#1898,#2976);
#2976 = DEFINITIONAL_REPRESENTATION('',(#2977),#2981);
#2977 = LINE('',#2978,#2979);
#2978 = CARTESIAN_POINT('',(0.,0.));
#2979 = VECTOR('',#2980,1.);
#2980 = DIRECTION('',(1.,0.));
#2981 = ( GEOMETRIC_REPRESENTATION_CONTEXT(2) 
PARAMETRIC_REPRESENTATION_CONTEXT() REPRESENTATION_CONTEXT('2D SPACE',''
  ) );
#2982 = PCURVE('',#1962,#2983);
#2983 = DEFINITIONAL_REPRESENTATION('',(#2984),#2987);
#2984 = B_SPLINE_CURVE_WITH_KNOTS('',1,(#2985,#2986),.UNSPECIFIED.,.F.,
  .F.,(2,2),(0.,0.9),.PIECEWISE_BEZIER_KNOTS.);
#2985 = CARTESIAN_POINT('',(0.893182419377,-0.539835192532));
#2986 = CARTESIAN_POINT('',(0.893182419377,0.360164807468));
#2987 = ( GEOMETRIC_REPRESENTATION_CONTEXT(2) 
PARAMETRIC_REPRESENTATION_CONTEXT() REPRESENTATION_CONTEXT('2D SPACE',''
  ) );
#2988 = ORIENTED_EDGE('',*,*,#1846,.T.);
#2989 = ORIENTED_EDGE('',*,*,#2155,.T.);
#2990 = ADVANCED_FACE('',(#2991),#1962,.T.);
#2991 = FACE_BOUND('',#2992,.T.);
#2992 = EDGE_LOOP('',(#2993,#3014,#3033,#3034));
#2993 = ORIENTED_EDGE('',*,*,#2994,.T.);
#2994 = EDGE_CURVE('',#1943,#2995,#2997,.T.);
#2995 = VERTEX_POINT('',#2996);
#2996 = CARTESIAN_POINT('',(13.265411403949,-3.803795510275,1.608));
#2997 = SURFACE_CURVE('',#2998,(#3001,#3007),.PCURVE_S1.);
#2998 = B_SPLINE_CURVE_WITH_KNOTS('',1,(#2999,#3000),.UNSPECIFIED.,.F.,
  .F.,(2,2),(0.,1.400151444174),.PIECEWISE_BEZIER_KNOTS.);
#2999 = CARTESIAN_POINT('',(14.116299020957,-4.101557495324,
    2.679331942073));
#3000 = CARTESIAN_POINT('',(13.265411403949,-3.803795510275,1.608));
#3001 = PCURVE('',#1962,#3002);
#3002 = DEFINITIONAL_REPRESENTATION('',(#3003),#3006);
#3003 = B_SPLINE_CURVE_WITH_KNOTS('',1,(#3004,#3005),.UNSPECIFIED.,.F.,
  .F.,(2,2),(0.,1.400151444174),.PIECEWISE_BEZIER_KNOTS.);
#3004 = CARTESIAN_POINT('',(-1.179395813957,0.360164807468));
#3005 = CARTESIAN_POINT('',(-0.106817580623,-0.539835192532));
#3006 = ( GEOMETRIC_REPRESENTATION_CONTEXT(2) 
PARAMETRIC_REPRESENTATION_CONTEXT() REPRESENTATION_CONTEXT('2D SPACE',''
  ) );
#3007 = PCURVE('',#2026,#3008);
#3008 = DEFINITIONAL_REPRESENTATION('',(#3009),#3013);
#3009 = LINE('',#3010,#3011);
#3010 = CARTESIAN_POINT('',(0.,0.));
#3011 = VECTOR('',#3012,1.);
#3012 = DIRECTION('',(1.,0.));
#3013 = ( GEOMETRIC_REPRESENTATION_CONTEXT(2) 
PARAMETRIC_REPRESENTATION_CONTEXT() REPRESENTATION_CONTEXT('2D SPACE',''
  ) );
#3014 = ORIENTED_EDGE('',*,*,#3015,.T.);
#3015 = EDGE_CURVE('',#2995,#2945,#3016,.T.);
#3016 = SURFACE_CURVE('',#3017,(#3020,#3026),.PCURVE_S1.);
#3017 = B_SPLINE_CURVE_WITH_KNOTS('',1,(#3018,#3019),.UNSPECIFIED.,.F.,
  .F.,(2,2),(0.,1.),.PIECEWISE_BEZIER_KNOTS.);
#3018 = CARTESIAN_POINT('',(13.265411403949,-3.803795510275,1.608));
#3019 = CARTESIAN_POINT('',(13.278695198915,-3.757469411842,
    0.609161958376));
#3020 = PCURVE('',#1962,#3021);
#3021 = DEFINITIONAL_REPRESENTATION('',(#3022),#3025);
#3022 = B_SPLINE_CURVE_WITH_KNOTS('',1,(#3023,#3024),.UNSPECIFIED.,.F.,
  .F.,(2,2),(0.,1.),.PIECEWISE_BEZIER_KNOTS.);
#3023 = CARTESIAN_POINT('',(-0.106817580623,-0.539835192532));
#3024 = CARTESIAN_POINT('',(0.893182419377,-0.539835192532));
#3025 = ( GEOMETRIC_REPRESENTATION_CONTEXT(2) 
PARAMETRIC_REPRESENTATION_CONTEXT() REPRESENTATION_CONTEXT('2D SPACE',''
  ) );
#3026 = PCURVE('',#2202,#3027);
#3027 = DEFINITIONAL_REPRESENTATION('',(#3028),#3032);
#3028 = LINE('',#3029,#3030);
#3029 = CARTESIAN_POINT('',(0.,0.));
#3030 = VECTOR('',#3031,1.);
#3031 = DIRECTION('',(1.,0.));
#3032 = ( GEOMETRIC_REPRESENTATION_CONTEXT(2) 
PARAMETRIC_REPRESENTATION_CONTEXT() REPRESENTATION_CONTEXT('2D SPACE',''
  ) );
#3033 = ORIENTED_EDGE('',*,*,#2970,.T.);
#3034 = ORIENTED_EDGE('',*,*,#1942,.T.);
#3035 = ADVANCED_FACE('',(#3036),#2026,.F.);
#3036 = FACE_BOUND('',#3037,.F.);
#3037 = EDGE_LOOP('',(#3038,#3039,#3040,#3064));
#3038 = ORIENTED_EDGE('',*,*,#1974,.T.);
#3039 = ORIENTED_EDGE('',*,*,#2994,.T.);
#3040 = ORIENTED_EDGE('',*,*,#3041,.T.);
#3041 = EDGE_CURVE('',#2995,#567,#3042,.T.);
#3042 = SURFACE_CURVE('',#3043,(#3051,#3057),.PCURVE_S1.);
#3043 = B_SPLINE_CURVE_WITH_KNOTS('',6,(#3044,#3045,#3046,#3047,#3048,
    #3049,#3050),.UNSPECIFIED.,.F.,.F.,(7,7),(0.,1.080210122553),
  .PIECEWISE_BEZIER_KNOTS.);
#3044 = CARTESIAN_POINT('',(13.265411403949,-3.803795510275,1.608));
#3045 = CARTESIAN_POINT('',(13.82971582729,-1.835832113592,
    1.710000005592));
#3046 = CARTESIAN_POINT('',(14.043676355634,0.232590802715,
    1.811999984282));
#3047 = CARTESIAN_POINT('',(13.884934369451,2.323541144273,
    1.914000000708));
#3048 = CARTESIAN_POINT('',(13.354281022362,4.352254868351,
    2.016000017134));
#3049 = CARTESIAN_POINT('',(12.478564736878,6.238328423579,
    2.117999995825));
#3050 = CARTESIAN_POINT('',(11.304298211227,7.915354821588,
    2.220000001416));
#3051 = PCURVE('',#2026,#3052);
#3052 = DEFINITIONAL_REPRESENTATION('',(#3053),#3056);
#3053 = B_SPLINE_CURVE_WITH_KNOTS('',1,(#3054,#3055),.UNSPECIFIED.,.F.,
  .F.,(2,2),(0.,1.080210122553),.PIECEWISE_BEZIER_KNOTS.);
#3054 = CARTESIAN_POINT('',(1.400151444174,0.));
#3055 = CARTESIAN_POINT('',(1.400151444174,1.080210122553));
#3056 = ( GEOMETRIC_REPRESENTATION_CONTEXT(2) 
PARAMETRIC_REPRESENTATION_CONTEXT() REPRESENTATION_CONTEXT('2D SPACE',''
  ) );
#3057 = PCURVE('',#2202,#3058);
#3058 = DEFINITIONAL_REPRESENTATION('',(#3059),#3063);
#3059 = LINE('',#3060,#3061);
#3060 = CARTESIAN_POINT('',(0.,0.));
#3061 = VECTOR('',#3062,1.);
#3062 = DIRECTION('',(0.,1.));
#3063 = ( GEOMETRIC_REPRESENTATION_CONTEXT(2) 
PARAMETRIC_REPRESENTATION_CONTEXT() REPRESENTATION_CONTEXT('2D SPACE',''
  ) );
#3064 = ORIENTED_EDGE('',*,*,#3065,.F.);
#3065 = EDGE_CURVE('',#1975,#567,#3066,.T.);
#3066 = SURFACE_CURVE('',#3067,(#3070,#3077),.PCURVE_S1.);
#3067 = B_SPLINE_CURVE_WITH_KNOTS('',1,(#3068,#3069),.UNSPECIFIED.,.F.,
  .F.,(2,2),(0.,1.400151444174),.PIECEWISE_BEZIER_KNOTS.);
#3068 = CARTESIAN_POINT('',(12.071183665948,8.389231009979,
    3.291331940657));
#3069 = CARTESIAN_POINT('',(11.304298211227,7.915354821588,
    2.220000001416));
#3070 = PCURVE('',#2026,#3071);
#3071 = DEFINITIONAL_REPRESENTATION('',(#3072),#3076);
#3072 = LINE('',#3073,#3074);
#3073 = CARTESIAN_POINT('',(0.,1.080210122553));
#3074 = VECTOR('',#3075,1.);
#3075 = DIRECTION('',(1.,0.));
#3076 = ( GEOMETRIC_REPRESENTATION_CONTEXT(2) 
PARAMETRIC_REPRESENTATION_CONTEXT() REPRESENTATION_CONTEXT('2D SPACE',''
  ) );
#3077 = PCURVE('',#2090,#3078);
#3078 = DEFINITIONAL_REPRESENTATION('',(#3079),#3082);
#3079 = B_SPLINE_CURVE_WITH_KNOTS('',1,(#3080,#3081),.UNSPECIFIED.,.F.,
  .F.,(2,2),(0.,1.400151444174),.PIECEWISE_BEZIER_KNOTS.);
#3080 = CARTESIAN_POINT('',(0.360164811184,1.179395812823));
#3081 = CARTESIAN_POINT('',(-0.539835192195,0.106817582323));
#3082 = ( GEOMETRIC_REPRESENTATION_CONTEXT(2) 
PARAMETRIC_REPRESENTATION_CONTEXT() REPRESENTATION_CONTEXT('2D SPACE',''
  ) );
#3083 = ADVANCED_FACE('',(#3084),#2090,.F.);
#3084 = FACE_BOUND('',#3085,.F.);
#3085 = EDGE_LOOP('',(#3086,#3087,#3088));
#3086 = ORIENTED_EDGE('',*,*,#3065,.T.);
#3087 = ORIENTED_EDGE('',*,*,#2473,.T.);
#3088 = ORIENTED_EDGE('',*,*,#2070,.T.);
#3089 = ADVANCED_FACE('',(#3090),#2202,.F.);
#3090 = FACE_BOUND('',#3091,.F.);
#3091 = EDGE_LOOP('',(#3092,#3093,#3094,#3095));
#3092 = ORIENTED_EDGE('',*,*,#3041,.F.);
#3093 = ORIENTED_EDGE('',*,*,#3015,.T.);
#3094 = ORIENTED_EDGE('',*,*,#2944,.T.);
#3095 = ORIENTED_EDGE('',*,*,#2184,.T.);
#3096 = ADVANCED_FACE('',(#3097),#2246,.F.);
#3097 = FACE_BOUND('',#3098,.F.);
#3098 = EDGE_LOOP('',(#3099,#3100,#3121,#3122));
#3099 = ORIENTED_EDGE('',*,*,#2311,.T.);
#3100 = ORIENTED_EDGE('',*,*,#3101,.T.);
#3101 = EDGE_CURVE('',#2289,#2230,#3102,.T.);
#3102 = SEAM_CURVE('',#3103,(#3107,#3114),.PCURVE_S1.);
#3103 = LINE('',#3104,#3105);
#3104 = CARTESIAN_POINT('',(14.87,0.,3.9125));
#3105 = VECTOR('',#3106,1.);
#3106 = DIRECTION('',(0.,0.,1.));
#3107 = PCURVE('',#2246,#3108);
#3108 = DEFINITIONAL_REPRESENTATION('',(#3109),#3113);
#3109 = LINE('',#3110,#3111);
#3110 = CARTESIAN_POINT('',(0.,0.));
#3111 = VECTOR('',#3112,1.);
#3112 = DIRECTION('',(0.,1.));
#3113 = ( GEOMETRIC_REPRESENTATION_CONTEXT(2) 
PARAMETRIC_REPRESENTATION_CONTEXT() REPRESENTATION_CONTEXT('2D SPACE',''
  ) );
#3114 = PCURVE('',#2246,#3115);
#3115 = DEFINITIONAL_REPRESENTATION('',(#3116),#3120);
#3116 = LINE('',#3117,#3118);
#3117 = CARTESIAN_POINT('',(6.28318530718,0.));
#3118 = VECTOR('',#3119,1.);
#3119 = DIRECTION('',(0.,1.));
#3120 = ( GEOMETRIC_REPRESENTATION_CONTEXT(2) 
PARAMETRIC_REPRESENTATION_CONTEXT() REPRESENTATION_CONTEXT('2D SPACE',''
  ) );
#3121 = ORIENTED_EDGE('',*,*,#2229,.F.);
#3122 = ORIENTED_EDGE('',*,*,#3101,.F.);
#3123 = ( GEOMETRIC_REPRESENTATION_CONTEXT(3) 
GLOBAL_UNCERTAINTY_ASSIGNED_CONTEXT((#3127)) 
GLOBAL_UNIT_ASSIGNED_CONTEXT((#3124,#3125,#3126)) REPRESENTATION_CONTEXT
('Context #1','3D Context with UNIT and UNCERTAINTY') );
#3124 = ( LENGTH_UNIT() NAMED_UNIT(*) SI_UNIT(.MILLI.,.METRE.) );
#3125 = ( NAMED_UNIT(*) PLANE_ANGLE_UNIT() SI_UNIT($,.RADIAN.) );
#3126 = ( NAMED_UNIT(*) SI_UNIT($,.STERADIAN.) SOLID_ANGLE_UNIT() );
#3127 = UNCERTAINTY_MEASURE_WITH_UNIT(LENGTH_MEASURE(2.E-06),#3124,
  'distance_accuracy_value','confusion accuracy');
#3128 = PRODUCT_RELATED_PRODUCT_CATEGORY('part',$,(#7));
ENDSEC;
END-ISO-10303-21;
