ISO-10303-21;
HEADER;
FILE_DESCRIPTION(('Open CASCADE Model'),'2;1');
FILE_NAME('Open CASCADE Shape Model','2026-09-24T15:22:10',('Author'),(
    'Open CASCADE'),'Open CASCADE STEP processor 8.0','build123d',
  'Unknown');
FILE_SCHEMA(('AUTOMOTIVE_DESIGN { 1 0 10303 214 1 1 1 1 }'));
ENDSEC;
DATA;
#1 = APPLICATION_PROTOCOL_DEFINITION('international standard',
  'automotive_design',2000,#2);
#2 = APPLICATION_CONTEXT(
  'core data for automotive mechanical design processes');
#3 = SHAPE_DEFINITION_REPRESENTATION(#4,#10);
#4 = PRODUCT_DEFINITION_SHAPE('','',#5);
#5 = PRODUCT_DEFINITION('design','',#6,#9);
#6 = PRODUCT_DEFINITION_FORMATION('','',#7);
#7 = PRODUCT('COMPOUND','COMPOUND','',(#8));
#8 = PRODUCT_CONTEXT('',#2,'mechanical');
#9 = PRODUCT_DEFINITION_CONTEXT('part definition',#2,'design');
#10 = ADVANCED_BREP_SHAPE_REPRESENTATION('',(#11,#15),#1820);
#11 = AXIS2_PLACEMENT_3D('',#12,#13,#14);
#12 = CARTESIAN_POINT('',(0.,0.,0.));
#13 = DIRECTION('',(0.,0.,1.));
#14 = DIRECTION('',(1.,0.,-0.));
#15 = MANIFOLD_SOLID_BREP('',#16);
#16 = CLOSED_SHELL('',(#17,#105,#140,#144,#755,#869,#948,#998,#1044,
    #1079,#1161,#1240,#1320,#1366,#1448,#1527,#1607,#1653,#1682,#1689,
    #1744,#1773,#1780,#1809,#1816));
#17 = ADVANCED_FACE('',(#18),#31,.T.);
#18 = FACE_BOUND('',#19,.T.);
#19 = EDGE_LOOP('',(#20,#54,#77,#104));
#20 = ORIENTED_EDGE('',*,*,#21,.F.);
#21 = EDGE_CURVE('',#22,#22,#24,.T.);
#22 = VERTEX_POINT('',#23);
#23 = CARTESIAN_POINT('',(15.97,-3.911521876477E-15,0.2));
#24 = SURFACE_CURVE('',#25,(#30,#42),.PCURVE_S1.);
#25 = CIRCLE('',#26,15.97);
#26 = AXIS2_PLACEMENT_3D('',#27,#28,#29);
#27 = CARTESIAN_POINT('',(0.,0.,0.2));
#28 = DIRECTION('',(0.,0.,1.));
#29 = DIRECTION('',(1.,0.,-0.));
#30 = PCURVE('',#31,#36);
#31 = CYLINDRICAL_SURFACE('',#32,15.97);
#32 = AXIS2_PLACEMENT_3D('',#33,#34,#35);
#33 = CARTESIAN_POINT('',(0.,0.,-1.));
#34 = DIRECTION('',(0.,0.,1.));
#35 = DIRECTION('',(1.,0.,-0.));
#36 = DEFINITIONAL_REPRESENTATION('',(#37),#41);
#37 = LINE('',#38,#39);
#38 = CARTESIAN_POINT('',(0.,1.2));
#39 = VECTOR('',#40,1.);
#40 = DIRECTION('',(1.,0.));
#41 = ( GEOMETRIC_REPRESENTATION_CONTEXT(2) 
PARAMETRIC_REPRESENTATION_CONTEXT() REPRESENTATION_CONTEXT('2D SPACE',''
  ) );
#42 = PCURVE('',#43,#48);
#43 = PLANE('',#44);
#44 = AXIS2_PLACEMENT_3D('',#45,#46,#47);
#45 = CARTESIAN_POINT('',(0.,0.,0.2));
#46 = DIRECTION('',(0.,0.,1.));
#47 = DIRECTION('',(1.,0.,-0.));
#48 = DEFINITIONAL_REPRESENTATION('',(#49),#53);
#49 = CIRCLE('',#50,15.97);
#50 = AXIS2_PLACEMENT_2D('',#51,#52);
#51 = CARTESIAN_POINT('',(0.,0.));
#52 = DIRECTION('',(1.,0.));
#53 = ( GEOMETRIC_REPRESENTATION_CONTEXT(2) 
PARAMETRIC_REPRESENTATION_CONTEXT() REPRESENTATION_CONTEXT('2D SPACE',''
  ) );
#54 = ORIENTED_EDGE('',*,*,#55,.F.);
#55 = EDGE_CURVE('',#56,#22,#58,.T.);
#56 = VERTEX_POINT('',#57);
#57 = CARTESIAN_POINT('',(15.97,-3.911521876477E-15,-1.));
#58 = SEAM_CURVE('',#59,(#63,#70),.PCURVE_S1.);
#59 = LINE('',#60,#61);
#60 = CARTESIAN_POINT('',(15.97,-3.911521876477E-15,-1.));
#61 = VECTOR('',#62,1.);
#62 = DIRECTION('',(0.,0.,1.));
#63 = PCURVE('',#31,#64);
#64 = DEFINITIONAL_REPRESENTATION('',(#65),#69);
#65 = LINE('',#66,#67);
#66 = CARTESIAN_POINT('',(6.28318530718,-0.));
#67 = VECTOR('',#68,1.);
#68 = DIRECTION('',(0.,1.));
#69 = ( GEOMETRIC_REPRESENTATION_CONTEXT(2) 
PARAMETRIC_REPRESENTATION_CONTEXT() REPRESENTATION_CONTEXT('2D SPACE',''
  ) );
#70 = PCURVE('',#31,#71);
#71 = DEFINITIONAL_REPRESENTATION('',(#72),#76);
#72 = LINE('',#73,#74);
#73 = CARTESIAN_POINT('',(0.,-0.));
#74 = VECTOR('',#75,1.);
#75 = DIRECTION('',(0.,1.));
#76 = ( GEOMETRIC_REPRESENTATION_CONTEXT(2) 
PARAMETRIC_REPRESENTATION_CONTEXT() REPRESENTATION_CONTEXT('2D SPACE',''
  ) );
#77 = ORIENTED_EDGE('',*,*,#78,.T.);
#78 = EDGE_CURVE('',#56,#56,#79,.T.);
#79 = SURFACE_CURVE('',#80,(#85,#92),.PCURVE_S1.);
#80 = CIRCLE('',#81,15.97);
#81 = AXIS2_PLACEMENT_3D('',#82,#83,#84);
#82 = CARTESIAN_POINT('',(0.,0.,-1.));
#83 = DIRECTION('',(0.,0.,1.));
#84 = DIRECTION('',(1.,0.,-0.));
#85 = PCURVE('',#31,#86);
#86 = DEFINITIONAL_REPRESENTATION('',(#87),#91);
#87 = LINE('',#88,#89);
#88 = CARTESIAN_POINT('',(0.,0.));
#89 = VECTOR('',#90,1.);
#90 = DIRECTION('',(1.,0.));
#91 = ( GEOMETRIC_REPRESENTATION_CONTEXT(2) 
PARAMETRIC_REPRESENTATION_CONTEXT() REPRESENTATION_CONTEXT('2D SPACE',''
  ) );
#92 = PCURVE('',#93,#98);
#93 = PLANE('',#94);
#94 = AXIS2_PLACEMENT_3D('',#95,#96,#97);
#95 = CARTESIAN_POINT('',(0.,0.,-1.));
#96 = DIRECTION('',(0.,0.,1.));
#97 = DIRECTION('',(1.,0.,-0.));
#98 = DEFINITIONAL_REPRESENTATION('',(#99),#103);
#99 = CIRCLE('',#100,15.97);
#100 = AXIS2_PLACEMENT_2D('',#101,#102);
#101 = CARTESIAN_POINT('',(0.,0.));
#102 = DIRECTION('',(1.,0.));
#103 = ( GEOMETRIC_REPRESENTATION_CONTEXT(2) 
PARAMETRIC_REPRESENTATION_CONTEXT() REPRESENTATION_CONTEXT('2D SPACE',''
  ) );
#104 = ORIENTED_EDGE('',*,*,#55,.T.);
#105 = ADVANCED_FACE('',(#106,#109),#43,.T.);
#106 = FACE_BOUND('',#107,.T.);
#107 = EDGE_LOOP('',(#108));
#108 = ORIENTED_EDGE('',*,*,#21,.T.);
#109 = FACE_BOUND('',#110,.T.);
#110 = EDGE_LOOP('',(#111));
#111 = ORIENTED_EDGE('',*,*,#112,.F.);
#112 = EDGE_CURVE('',#113,#113,#115,.T.);
#113 = VERTEX_POINT('',#114);
#114 = CARTESIAN_POINT('',(13.7,-3.355532229664E-15,0.2));
#115 = SURFACE_CURVE('',#116,(#121,#128),.PCURVE_S1.);
#116 = CIRCLE('',#117,13.7);
#117 = AXIS2_PLACEMENT_3D('',#118,#119,#120);
#118 = CARTESIAN_POINT('',(0.,0.,0.2));
#119 = DIRECTION('',(0.,0.,1.));
#120 = DIRECTION('',(1.,0.,-0.));
#121 = PCURVE('',#43,#122);
#122 = DEFINITIONAL_REPRESENTATION('',(#123),#127);
#123 = CIRCLE('',#124,13.7);
#124 = AXIS2_PLACEMENT_2D('',#125,#126);
#125 = CARTESIAN_POINT('',(0.,0.));
#126 = DIRECTION('',(1.,0.));
#127 = ( GEOMETRIC_REPRESENTATION_CONTEXT(2) 
PARAMETRIC_REPRESENTATION_CONTEXT() REPRESENTATION_CONTEXT('2D SPACE',''
  ) );
#128 = PCURVE('',#129,#134);
#129 = CYLINDRICAL_SURFACE('',#130,13.7);
#130 = AXIS2_PLACEMENT_3D('',#131,#132,#133);
#131 = CARTESIAN_POINT('',(0.,0.,0.2));
#132 = DIRECTION('',(0.,0.,1.));
#133 = DIRECTION('',(1.,0.,-0.));
#134 = DEFINITIONAL_REPRESENTATION('',(#135),#139);
#135 = LINE('',#136,#137);
#136 = CARTESIAN_POINT('',(0.,0.));
#137 = VECTOR('',#138,1.);
#138 = DIRECTION('',(1.,0.));
#139 = ( GEOMETRIC_REPRESENTATION_CONTEXT(2) 
PARAMETRIC_REPRESENTATION_CONTEXT() REPRESENTATION_CONTEXT('2D SPACE',''
  ) );
#140 = ADVANCED_FACE('',(#141),#93,.F.);
#141 = FACE_BOUND('',#142,.T.);
#142 = EDGE_LOOP('',(#143));
#143 = ORIENTED_EDGE('',*,*,#78,.F.);
#144 = ADVANCED_FACE('',(#145,#427,#591),#129,.T.);
#145 = FACE_BOUND('',#146,.T.);
#146 = EDGE_LOOP('',(#147,#172,#199,#200,#229,#261,#312,#333,#334,#335,
    #373,#405));
#147 = ORIENTED_EDGE('',*,*,#148,.T.);
#148 = EDGE_CURVE('',#149,#151,#153,.T.);
#149 = VERTEX_POINT('',#150);
#150 = CARTESIAN_POINT('',(13.7,-3.355532229664E-15,3.1));
#151 = VERTEX_POINT('',#152);
#152 = CARTESIAN_POINT('',(13.7,-3.355532229664E-15,6.45));
#153 = SEAM_CURVE('',#154,(#158,#165),.PCURVE_S1.);
#154 = LINE('',#155,#156);
#155 = CARTESIAN_POINT('',(13.7,-3.355532229664E-15,0.2));
#156 = VECTOR('',#157,1.);
#157 = DIRECTION('',(0.,0.,1.));
#158 = PCURVE('',#129,#159);
#159 = DEFINITIONAL_REPRESENTATION('',(#160),#164);
#160 = LINE('',#161,#162);
#161 = CARTESIAN_POINT('',(6.28318530718,-0.));
#162 = VECTOR('',#163,1.);
#163 = DIRECTION('',(0.,1.));
#164 = ( GEOMETRIC_REPRESENTATION_CONTEXT(2) 
PARAMETRIC_REPRESENTATION_CONTEXT() REPRESENTATION_CONTEXT('2D SPACE',''
  ) );
#165 = PCURVE('',#129,#166);
#166 = DEFINITIONAL_REPRESENTATION('',(#167),#171);
#167 = LINE('',#168,#169);
#168 = CARTESIAN_POINT('',(0.,-0.));
#169 = VECTOR('',#170,1.);
#170 = DIRECTION('',(0.,1.));
#171 = ( GEOMETRIC_REPRESENTATION_CONTEXT(2) 
PARAMETRIC_REPRESENTATION_CONTEXT() REPRESENTATION_CONTEXT('2D SPACE',''
  ) );
#172 = ORIENTED_EDGE('',*,*,#173,.F.);
#173 = EDGE_CURVE('',#151,#151,#174,.T.);
#174 = SURFACE_CURVE('',#175,(#180,#187),.PCURVE_S1.);
#175 = CIRCLE('',#176,13.7);
#176 = AXIS2_PLACEMENT_3D('',#177,#178,#179);
#177 = CARTESIAN_POINT('',(0.,0.,6.45));
#178 = DIRECTION('',(0.,0.,1.));
#179 = DIRECTION('',(1.,0.,-0.));
#180 = PCURVE('',#129,#181);
#181 = DEFINITIONAL_REPRESENTATION('',(#182),#186);
#182 = LINE('',#183,#184);
#183 = CARTESIAN_POINT('',(0.,6.25));
#184 = VECTOR('',#185,1.);
#185 = DIRECTION('',(1.,0.));
#186 = ( GEOMETRIC_REPRESENTATION_CONTEXT(2) 
PARAMETRIC_REPRESENTATION_CONTEXT() REPRESENTATION_CONTEXT('2D SPACE',''
  ) );
#187 = PCURVE('',#188,#193);
#188 = PLANE('',#189);
#189 = AXIS2_PLACEMENT_3D('',#190,#191,#192);
#190 = CARTESIAN_POINT('',(0.,0.,6.45));
#191 = DIRECTION('',(0.,0.,1.));
#192 = DIRECTION('',(1.,0.,-0.));
#193 = DEFINITIONAL_REPRESENTATION('',(#194),#198);
#194 = CIRCLE('',#195,13.7);
#195 = AXIS2_PLACEMENT_2D('',#196,#197);
#196 = CARTESIAN_POINT('',(0.,0.));
#197 = DIRECTION('',(1.,0.));
#198 = ( GEOMETRIC_REPRESENTATION_CONTEXT(2) 
PARAMETRIC_REPRESENTATION_CONTEXT() REPRESENTATION_CONTEXT('2D SPACE',''
  ) );
#199 = ORIENTED_EDGE('',*,*,#148,.F.);
#200 = ORIENTED_EDGE('',*,*,#201,.T.);
#201 = EDGE_CURVE('',#149,#202,#204,.T.);
#202 = VERTEX_POINT('',#203);
#203 = CARTESIAN_POINT('',(13.501738864353,2.322293615981,3.1));
#204 = SURFACE_CURVE('',#205,(#210,#217),.PCURVE_S1.);
#205 = CIRCLE('',#206,13.7);
#206 = AXIS2_PLACEMENT_3D('',#207,#208,#209);
#207 = CARTESIAN_POINT('',(0.,0.,3.1));
#208 = DIRECTION('',(0.,0.,1.));
#209 = DIRECTION('',(1.,0.,-0.));
#210 = PCURVE('',#129,#211);
#211 = DEFINITIONAL_REPRESENTATION('',(#212),#216);
#212 = LINE('',#213,#214);
#213 = CARTESIAN_POINT('',(0.,2.9));
#214 = VECTOR('',#215,1.);
#215 = DIRECTION('',(1.,0.));
#216 = ( GEOMETRIC_REPRESENTATION_CONTEXT(2) 
PARAMETRIC_REPRESENTATION_CONTEXT() REPRESENTATION_CONTEXT('2D SPACE',''
  ) );
#217 = PCURVE('',#218,#223);
#218 = PLANE('',#219);
#219 = AXIS2_PLACEMENT_3D('',#220,#221,#222);
#220 = CARTESIAN_POINT('',(0.,0.,3.1));
#221 = DIRECTION('',(0.,0.,1.));
#222 = DIRECTION('',(1.,0.,-0.));
#223 = DEFINITIONAL_REPRESENTATION('',(#224),#228);
#224 = CIRCLE('',#225,13.7);
#225 = AXIS2_PLACEMENT_2D('',#226,#227);
#226 = CARTESIAN_POINT('',(0.,0.));
#227 = DIRECTION('',(1.,0.));
#228 = ( GEOMETRIC_REPRESENTATION_CONTEXT(2) 
PARAMETRIC_REPRESENTATION_CONTEXT() REPRESENTATION_CONTEXT('2D SPACE',''
  ) );
#229 = ORIENTED_EDGE('',*,*,#230,.F.);
#230 = EDGE_CURVE('',#231,#202,#233,.T.);
#231 = VERTEX_POINT('',#232);
#232 = CARTESIAN_POINT('',(13.491866216203,2.378980034401,1.919999992408
    ));
#233 = SURFACE_CURVE('',#234,(#239,#249),.PCURVE_S1.);
#234 = ELLIPSE('',#235,281.28820022263,13.7);
#235 = AXIS2_PLACEMENT_3D('',#236,#237,#238);
#236 = CARTESIAN_POINT('',(0.,0.,1.919999999982));
#237 = DIRECTION('',(0.173442097537,-0.983639014517,-4.870449591969E-02)
  );
#238 = DIRECTION('',(8.457446960644E-03,-4.796456518826E-02,
    0.998813231829));
#239 = PCURVE('',#129,#240);
#240 = DEFINITIONAL_REPRESENTATION('',(#241),#248);
#241 = B_SPLINE_CURVE_WITH_KNOTS('',5,(#242,#243,#244,#245,#246,#247),
  .UNSPECIFIED.,.F.,.F.,(6,6),(4.711968983303,4.717008964012),
  .PIECEWISE_BEZIER_KNOTS.);
#242 = CARTESIAN_POINT('',(0.174952922281,1.601999985386));
#243 = CARTESIAN_POINT('',(0.173944926139,1.885200887787));
#244 = CARTESIAN_POINT('',(0.172936929997,2.168401940057));
#245 = CARTESIAN_POINT('',(0.171928933855,2.451602542719));
#246 = CARTESIAN_POINT('',(0.170920937714,2.7348020963));
#247 = CARTESIAN_POINT('',(0.169912941572,3.018000001329));
#248 = ( GEOMETRIC_REPRESENTATION_CONTEXT(2) 
PARAMETRIC_REPRESENTATION_CONTEXT() REPRESENTATION_CONTEXT('2D SPACE',''
  ) );
#249 = PCURVE('',#250,#255);
#250 = PLANE('',#251);
#251 = AXIS2_PLACEMENT_3D('',#252,#253,#254);
#252 = CARTESIAN_POINT('',(13.683196926038,2.357521891983,3.034719787238
    ));
#253 = DIRECTION('',(0.173442097537,-0.983639014517,-4.870449591969E-02)
  );
#254 = DIRECTION('',(-0.984807753012,-0.173648177667,4.463095719284E-19)
  );
#255 = DEFINITIONAL_REPRESENTATION('',(#256),#260);
#256 = ELLIPSE('',#257,281.28820022263,13.7);
#257 = AXIS2_PLACEMENT_2D('',#258,#259);
#258 = CARTESIAN_POINT('',(13.884697799108,1.116044273076));
#259 = DIRECTION('',(5.917675227523E-19,-1.));
#260 = ( GEOMETRIC_REPRESENTATION_CONTEXT(2) 
PARAMETRIC_REPRESENTATION_CONTEXT() REPRESENTATION_CONTEXT('2D SPACE',''
  ) );
#261 = ORIENTED_EDGE('',*,*,#262,.F.);
#262 = EDGE_CURVE('',#263,#231,#265,.T.);
#263 = VERTEX_POINT('',#264);
#264 = CARTESIAN_POINT('',(13.7,-3.355532229664E-15,1.799999996195));
#265 = SURFACE_CURVE('',#266,(#275,#287),.PCURVE_S1.);
#266 = B_SPLINE_CURVE_WITH_KNOTS('',4,(#267,#268,#269,#270,#271,#272,
    #273,#274),.UNSPECIFIED.,.F.,.F.,(5,3,5),(0.,0.500000008528,1.),
  .UNSPECIFIED.);
#267 = CARTESIAN_POINT('',(13.7,-3.400257167255E-15,1.799999996195));
#268 = CARTESIAN_POINT('',(13.7,0.298887627885,1.814999994646));
#269 = CARTESIAN_POINT('',(13.691305709924,0.597775327585,1.829999994196
    ));
#270 = CARTESIAN_POINT('',(13.673917135681,0.896283426382,1.844999995446
    ));
#271 = CARTESIAN_POINT('',(13.621817589322,1.491783955884,1.874999996471
    ));
#272 = CARTESIAN_POINT('',(13.587106605275,1.788776529698,1.889999998553
    ));
#273 = CARTESIAN_POINT('',(13.543767506426,2.08463319079,1.904999999782)
  );
#274 = CARTESIAN_POINT('',(13.491866216203,2.378980034401,1.919999992408
    ));
#275 = PCURVE('',#129,#276);
#276 = DEFINITIONAL_REPRESENTATION('',(#277),#286);
#277 = B_SPLINE_CURVE_WITH_KNOTS('',4,(#278,#279,#280,#281,#282,#283,
    #284,#285),.UNSPECIFIED.,.F.,.F.,(5,3,5),(0.,0.500000008528,1.),
  .UNSPECIFIED.);
#278 = CARTESIAN_POINT('',(0.,1.599999996195));
#279 = CARTESIAN_POINT('',(2.18166151741E-02,1.614999994646));
#280 = CARTESIAN_POINT('',(4.363323207559E-02,1.629999994196));
#281 = CARTESIAN_POINT('',(6.544984895873E-02,1.644999995446));
#282 = CARTESIAN_POINT('',(0.109083078511,1.674999996471));
#283 = CARTESIAN_POINT('',(0.130899694632,1.689999998553));
#284 = CARTESIAN_POINT('',(0.152716310764,1.704999999782));
#285 = CARTESIAN_POINT('',(0.174532925226,1.719999992408));
#286 = ( GEOMETRIC_REPRESENTATION_CONTEXT(2) 
PARAMETRIC_REPRESENTATION_CONTEXT() REPRESENTATION_CONTEXT('2D SPACE',''
  ) );
#287 = PCURVE('',#288,#301);
#288 = B_SPLINE_SURFACE_WITH_KNOTS('',1,5,(
    (#289,#290,#291,#292,#293,#294)
    ,(#295,#296,#297,#298,#299,#300
    )),.UNSPECIFIED.,.F.,.F.,.F.,(2,2),(6,6),(0.,0.4),(0.,0.423611812766
    ),.PIECEWISE_BEZIER_KNOTS.);
#289 = CARTESIAN_POINT('',(13.196423890364,-2.326885580737,1.68));
#290 = CARTESIAN_POINT('',(13.358871149739,-1.405601391992,
    1.727999963446));
#291 = CARTESIAN_POINT('',(13.440921193272,-0.47014103985,1.776000049128
    ));
#292 = CARTESIAN_POINT('',(13.440921193249,0.4701410405,1.823999937586)
  );
#293 = CARTESIAN_POINT('',(13.358871149672,1.405601392638,1.872000023268
    ));
#294 = CARTESIAN_POINT('',(13.196423890251,2.326885581375,1.919999986714
    ));
#295 = CARTESIAN_POINT('',(13.590346991568,-2.396344851804,1.68));
#296 = CARTESIAN_POINT('',(13.757643422522,-1.447559644449,
    1.727999984334));
#297 = CARTESIAN_POINT('',(13.842142722933,-0.484175093747,
    1.776000021055));
#298 = CARTESIAN_POINT('',(13.842142722923,0.484175094025,1.823999973251
    ));
#299 = CARTESIAN_POINT('',(13.757643422493,1.447559644725,1.872000009972
    ));
#300 = CARTESIAN_POINT('',(13.59034699152,2.396344852077,1.919999994306)
  );
#301 = DEFINITIONAL_REPRESENTATION('',(#302),#311);
#302 = B_SPLINE_CURVE_WITH_KNOTS('',4,(#303,#304,#305,#306,#307,#308,
    #309,#310),.UNSPECIFIED.,.F.,.F.,(5,3,5),(0.,0.500000008528,1.),
  .UNSPECIFIED.);
#303 = CARTESIAN_POINT('',(0.300000537945,0.211805906366));
#304 = CARTESIAN_POINT('',(0.300000537945,0.238281643051));
#305 = CARTESIAN_POINT('',(0.30000046854,0.264757381793));
#306 = CARTESIAN_POINT('',(0.300000339576,0.291233121473));
#307 = CARTESIAN_POINT('',(0.300000112553,0.344184596772));
#308 = CARTESIAN_POINT('',(0.30000000614,0.370660336698));
#309 = CARTESIAN_POINT('',(0.3,0.397136075962));
#310 = CARTESIAN_POINT('',(0.3,0.423611812766));
#311 = ( GEOMETRIC_REPRESENTATION_CONTEXT(2) 
PARAMETRIC_REPRESENTATION_CONTEXT() REPRESENTATION_CONTEXT('2D SPACE',''
  ) );
#312 = ORIENTED_EDGE('',*,*,#313,.F.);
#313 = EDGE_CURVE('',#113,#263,#314,.T.);
#314 = SEAM_CURVE('',#315,(#319,#326),.PCURVE_S1.);
#315 = LINE('',#316,#317);
#316 = CARTESIAN_POINT('',(13.7,-3.355532229664E-15,0.2));
#317 = VECTOR('',#318,1.);
#318 = DIRECTION('',(0.,0.,1.));
#319 = PCURVE('',#129,#320);
#320 = DEFINITIONAL_REPRESENTATION('',(#321),#325);
#321 = LINE('',#322,#323);
#322 = CARTESIAN_POINT('',(6.28318530718,-0.));
#323 = VECTOR('',#324,1.);
#324 = DIRECTION('',(0.,1.));
#325 = ( GEOMETRIC_REPRESENTATION_CONTEXT(2) 
PARAMETRIC_REPRESENTATION_CONTEXT() REPRESENTATION_CONTEXT('2D SPACE',''
  ) );
#326 = PCURVE('',#129,#327);
#327 = DEFINITIONAL_REPRESENTATION('',(#328),#332);
#328 = LINE('',#329,#330);
#329 = CARTESIAN_POINT('',(0.,-0.));
#330 = VECTOR('',#331,1.);
#331 = DIRECTION('',(0.,1.));
#332 = ( GEOMETRIC_REPRESENTATION_CONTEXT(2) 
PARAMETRIC_REPRESENTATION_CONTEXT() REPRESENTATION_CONTEXT('2D SPACE',''
  ) );
#333 = ORIENTED_EDGE('',*,*,#112,.T.);
#334 = ORIENTED_EDGE('',*,*,#313,.T.);
#335 = ORIENTED_EDGE('',*,*,#336,.F.);
#336 = EDGE_CURVE('',#337,#263,#339,.T.);
#337 = VERTEX_POINT('',#338);
#338 = CARTESIAN_POINT('',(13.491866216267,-2.378980034037,1.68));
#339 = SURFACE_CURVE('',#340,(#349,#361),.PCURVE_S1.);
#340 = B_SPLINE_CURVE_WITH_KNOTS('',4,(#341,#342,#343,#344,#345,#346,
    #347,#348),.UNSPECIFIED.,.F.,.F.,(5,3,5),(0.,0.499999991549,1.),
  .UNSPECIFIED.);
#341 = CARTESIAN_POINT('',(13.491866216267,-2.378980034037,1.68));
#342 = CARTESIAN_POINT('',(13.543767506483,-2.084633190424,
    1.694999992626));
#343 = CARTESIAN_POINT('',(13.587106605323,-1.788776529331,
    1.709999993855));
#344 = CARTESIAN_POINT('',(13.621817589362,-1.491783955516,
    1.724999995937));
#345 = CARTESIAN_POINT('',(13.673917135698,-0.896283426104,
    1.754999996957));
#346 = CARTESIAN_POINT('',(13.69130570993,-0.5977753274,1.769999998203)
  );
#347 = CARTESIAN_POINT('',(13.7,-0.298887627793,1.784999997749));
#348 = CARTESIAN_POINT('',(13.7,-3.552713678801E-15,1.799999996195));
#349 = PCURVE('',#129,#350);
#350 = DEFINITIONAL_REPRESENTATION('',(#351),#360);
#351 = B_SPLINE_CURVE_WITH_KNOTS('',4,(#352,#353,#354,#355,#356,#357,
    #358,#359),.UNSPECIFIED.,.F.,.F.,(5,3,5),(0.,0.499999991549,1.),
  .UNSPECIFIED.);
#352 = CARTESIAN_POINT('',(6.10865238198,1.48));
#353 = CARTESIAN_POINT('',(6.130468996442,1.494999992626));
#354 = CARTESIAN_POINT('',(6.152285612574,1.509999993855));
#355 = CARTESIAN_POINT('',(6.174102228696,1.524999995937));
#356 = CARTESIAN_POINT('',(6.217735458241,1.554999996957));
#357 = CARTESIAN_POINT('',(6.239552075118,1.569999998203));
#358 = CARTESIAN_POINT('',(6.261368692012,1.584999997749));
#359 = CARTESIAN_POINT('',(6.28318530718,1.599999996195));
#360 = ( GEOMETRIC_REPRESENTATION_CONTEXT(2) 
PARAMETRIC_REPRESENTATION_CONTEXT() REPRESENTATION_CONTEXT('2D SPACE',''
  ) );
#361 = PCURVE('',#288,#362);
#362 = DEFINITIONAL_REPRESENTATION('',(#363),#372);
#363 = B_SPLINE_CURVE_WITH_KNOTS('',4,(#364,#365,#366,#367,#368,#369,
    #370,#371),.UNSPECIFIED.,.F.,.F.,(5,3,5),(0.,0.499999991549,1.),
  .UNSPECIFIED.);
#364 = CARTESIAN_POINT('',(0.3,0.));
#365 = CARTESIAN_POINT('',(0.3,2.647573680413E-02));
#366 = CARTESIAN_POINT('',(0.30000000614,5.29514760676E-02));
#367 = CARTESIAN_POINT('',(0.300000112553,7.942721599358E-02));
#368 = CARTESIAN_POINT('',(0.300000339576,0.132378691284));
#369 = CARTESIAN_POINT('',(0.30000046854,0.158854430956));
#370 = CARTESIAN_POINT('',(0.300000537945,0.18533016969));
#371 = CARTESIAN_POINT('',(0.300000537945,0.211805906366));
#372 = ( GEOMETRIC_REPRESENTATION_CONTEXT(2) 
PARAMETRIC_REPRESENTATION_CONTEXT() REPRESENTATION_CONTEXT('2D SPACE',''
  ) );
#373 = ORIENTED_EDGE('',*,*,#374,.T.);
#374 = EDGE_CURVE('',#337,#375,#377,.T.);
#375 = VERTEX_POINT('',#376);
#376 = CARTESIAN_POINT('',(13.479670046432,-2.447140257389,3.1));
#377 = SURFACE_CURVE('',#378,(#383,#393),.PCURVE_S1.);
#378 = ELLIPSE('',#379,281.28820022261,13.7);
#379 = AXIS2_PLACEMENT_3D('',#380,#381,#382);
#380 = CARTESIAN_POINT('',(0.,0.,1.680000000016));
#381 = DIRECTION('',(-0.173442097537,-0.983639014517,-4.870449591969E-02
    ));
#382 = DIRECTION('',(-8.457446960644E-03,-4.796456518826E-02,
    0.998813231829));
#383 = PCURVE('',#129,#384);
#384 = DEFINITIONAL_REPRESENTATION('',(#385),#392);
#385 = B_SPLINE_CURVE_WITH_KNOTS('',5,(#386,#387,#388,#389,#390,#391),
  .UNSPECIFIED.,.F.,.F.,(6,6),(4.711883560224,4.717948630557),
  .PIECEWISE_BEZIER_KNOTS.);
#386 = CARTESIAN_POINT('',(6.109157802141,1.338));
#387 = CARTESIAN_POINT('',(6.107944788074,1.678801567052));
#388 = CARTESIAN_POINT('',(6.106731774008,2.019603395278));
#389 = CARTESIAN_POINT('',(6.105518759941,2.360404439976));
#390 = CARTESIAN_POINT('',(6.104305745874,2.701203656445));
#391 = CARTESIAN_POINT('',(6.103092731808,3.042));
#392 = ( GEOMETRIC_REPRESENTATION_CONTEXT(2) 
PARAMETRIC_REPRESENTATION_CONTEXT() REPRESENTATION_CONTEXT('2D SPACE',''
  ) );
#393 = PCURVE('',#394,#399);
#394 = PLANE('',#395);
#395 = AXIS2_PLACEMENT_3D('',#396,#397,#398);
#396 = CARTESIAN_POINT('',(13.664319176398,-2.464583052438,
    2.794719791324));
#397 = DIRECTION('',(-0.173442097537,-0.983639014517,-4.870449591969E-02
    ));
#398 = DIRECTION('',(8.457446960641E-03,4.796456518826E-02,
    -0.998813231829));
#399 = DEFINITIONAL_REPRESENTATION('',(#400),#404);
#400 = ELLIPSE('',#401,281.28820022261,13.7);
#401 = AXIS2_PLACEMENT_2D('',#402,#403);
#402 = CARTESIAN_POINT('',(1.116044277134,-13.88469782031));
#403 = DIRECTION('',(-1.,-2.634184954659E-15));
#404 = ( GEOMETRIC_REPRESENTATION_CONTEXT(2) 
PARAMETRIC_REPRESENTATION_CONTEXT() REPRESENTATION_CONTEXT('2D SPACE',''
  ) );
#405 = ORIENTED_EDGE('',*,*,#406,.T.);
#406 = EDGE_CURVE('',#375,#149,#407,.T.);
#407 = SURFACE_CURVE('',#408,(#413,#420),.PCURVE_S1.);
#408 = CIRCLE('',#409,13.7);
#409 = AXIS2_PLACEMENT_3D('',#410,#411,#412);
#410 = CARTESIAN_POINT('',(0.,0.,3.1));
#411 = DIRECTION('',(0.,0.,1.));
#412 = DIRECTION('',(1.,0.,-0.));
#413 = PCURVE('',#129,#414);
#414 = DEFINITIONAL_REPRESENTATION('',(#415),#419);
#415 = LINE('',#416,#417);
#416 = CARTESIAN_POINT('',(0.,2.9));
#417 = VECTOR('',#418,1.);
#418 = DIRECTION('',(1.,0.));
#419 = ( GEOMETRIC_REPRESENTATION_CONTEXT(2) 
PARAMETRIC_REPRESENTATION_CONTEXT() REPRESENTATION_CONTEXT('2D SPACE',''
  ) );
#420 = PCURVE('',#218,#421);
#421 = DEFINITIONAL_REPRESENTATION('',(#422),#426);
#422 = CIRCLE('',#423,13.7);
#423 = AXIS2_PLACEMENT_2D('',#424,#425);
#424 = CARTESIAN_POINT('',(0.,0.));
#425 = DIRECTION('',(1.,0.));
#426 = ( GEOMETRIC_REPRESENTATION_CONTEXT(2) 
PARAMETRIC_REPRESENTATION_CONTEXT() REPRESENTATION_CONTEXT('2D SPACE',''
  ) );
#427 = FACE_BOUND('',#428,.T.);
#428 = EDGE_LOOP('',(#429,#500,#532,#561));
#429 = ORIENTED_EDGE('',*,*,#430,.F.);
#430 = EDGE_CURVE('',#431,#433,#435,.T.);
#431 = VERTEX_POINT('',#432);
#432 = CARTESIAN_POINT('',(-4.685675963562,12.873788904767,1.68));
#433 = VERTEX_POINT('',#434);
#434 = CARTESIAN_POINT('',(-8.806190252989,10.494808870492,
    1.919999992408));
#435 = SURFACE_CURVE('',#436,(#451,#469),.PCURVE_S1.);
#436 = B_SPLINE_CURVE_WITH_KNOTS('',4,(#437,#438,#439,#440,#441,#442,
    #443,#444,#445,#446,#447,#448,#449,#450),.UNSPECIFIED.,.F.,.F.,(5,3,
    3,3,5),(0.,0.249999995755,0.5,0.750000004245,1.),.UNSPECIFIED.);
#437 = CARTESIAN_POINT('',(-4.685675963562,12.873788904767,1.68));
#438 = CARTESIAN_POINT('',(-4.966538452762,12.771563318776,
    1.694999992626));
#439 = CARTESIAN_POINT('',(-5.244427386568,12.661167748803,
    1.709999993855));
#440 = CARTESIAN_POINT('',(-5.518985992246,12.542732055864,
    1.724999995937));
#441 = CARTESIAN_POINT('',(-6.060754351894,12.29010132179,1.754999996959
    ));
#442 = CARTESIAN_POINT('',(-6.327964235764,12.155906219437,
    1.769999998208));
#443 = CARTESIAN_POINT('',(-6.591155721577,12.013991845677,
    1.784999997756));
#444 = CARTESIAN_POINT('',(-7.108844278744,11.715104217831,
    1.814999994653));
#445 = CARTESIAN_POINT('',(-7.363341474484,11.55813089193,1.8299999942)
  );
#446 = CARTESIAN_POINT('',(-7.613162784116,11.393817895526,
    1.844999995449));
#447 = CARTESIAN_POINT('',(-8.102831597415,11.050948100128,
    1.874999996471));
#448 = CARTESIAN_POINT('',(-8.34267921905,10.872391219246,1.889999998553
    ));
#449 = CARTESIAN_POINT('',(-8.57722905401,10.68693012812,1.904999999782)
  );
#450 = CARTESIAN_POINT('',(-8.806190252989,10.494808870492,
    1.919999992408));
#451 = PCURVE('',#129,#452);
#452 = DEFINITIONAL_REPRESENTATION('',(#453),#468);
#453 = B_SPLINE_CURVE_WITH_KNOTS('',4,(#454,#455,#456,#457,#458,#459,
    #460,#461,#462,#463,#464,#465,#466,#467),.UNSPECIFIED.,.F.,.F.,(5,3,
    3,3,5),(0.,0.249999995755,0.5,0.750000004245,1.),.UNSPECIFIED.);
#454 = CARTESIAN_POINT('',(1.919862177194,1.48));
#455 = CARTESIAN_POINT('',(1.941678791656,1.494999992626));
#456 = CARTESIAN_POINT('',(1.963495407788,1.509999993855));
#457 = CARTESIAN_POINT('',(1.98531202391,1.524999995937));
#458 = CARTESIAN_POINT('',(2.028945253458,1.554999996959));
#459 = CARTESIAN_POINT('',(2.050761870338,1.569999998208));
#460 = CARTESIAN_POINT('',(2.072578487236,1.584999997756));
#461 = CARTESIAN_POINT('',(2.116211717577,1.614999994653));
#462 = CARTESIAN_POINT('',(2.138028334476,1.6299999942));
#463 = CARTESIAN_POINT('',(2.159844951355,1.644999995449));
#464 = CARTESIAN_POINT('',(2.203478180904,1.674999996471));
#465 = CARTESIAN_POINT('',(2.225294797025,1.689999998553));
#466 = CARTESIAN_POINT('',(2.247111413158,1.704999999782));
#467 = CARTESIAN_POINT('',(2.26892802762,1.719999992408));
#468 = ( GEOMETRIC_REPRESENTATION_CONTEXT(2) 
PARAMETRIC_REPRESENTATION_CONTEXT() REPRESENTATION_CONTEXT('2D SPACE',''
  ) );
#469 = PCURVE('',#470,#483);
#470 = B_SPLINE_SURFACE_WITH_KNOTS('',1,5,(
    (#471,#472,#473,#474,#475,#476)
    ,(#477,#478,#479,#480,#481,#482
    )),.UNSPECIFIED.,.F.,.F.,.F.,(2,2),(6,6),(0.,0.4),(0.,0.423611812766
    ),.PIECEWISE_BEZIER_KNOTS.);
#471 = CARTESIAN_POINT('',(-4.583069920564,12.591881118531,1.68));
#472 = CARTESIAN_POINT('',(-5.46214906181,12.271922477553,1.727999963446
    ));
#473 = CARTESIAN_POINT('',(-6.313306512764,11.875249723563,
    1.776000049128));
#474 = CARTESIAN_POINT('',(-7.127614681059,11.405108683368,
    1.823999937586));
#475 = CARTESIAN_POINT('',(-7.896722088455,10.86632108518,1.872000023268
    ));
#476 = CARTESIAN_POINT('',(-8.613353970296,10.264995537378,
    1.919999986714));
#477 = CARTESIAN_POINT('',(-4.719877977894,12.967758166846,1.68));
#478 = CARTESIAN_POINT('',(-5.625198285675,12.638248522336,
    1.727999984334));
#479 = CARTESIAN_POINT('',(-6.501763430402,12.229734787743,
    1.776000021055));
#480 = CARTESIAN_POINT('',(-7.340379292767,11.745559693848,
    1.823999973251));
#481 = CARTESIAN_POINT('',(-8.132445137072,11.190688877724,
    1.872000009972));
#482 = CARTESIAN_POINT('',(-8.870469013887,10.571413314863,
    1.919999994306));
#483 = DEFINITIONAL_REPRESENTATION('',(#484),#499);
#484 = B_SPLINE_CURVE_WITH_KNOTS('',4,(#485,#486,#487,#488,#489,#490,
    #491,#492,#493,#494,#495,#496,#497,#498),.UNSPECIFIED.,.F.,.F.,(5,3,
    3,3,5),(0.,0.249999995755,0.5,0.750000004245,1.),.UNSPECIFIED.);
#485 = CARTESIAN_POINT('',(0.3,0.));
#486 = CARTESIAN_POINT('',(0.3,2.647573680413E-02));
#487 = CARTESIAN_POINT('',(0.30000000614,5.295147606761E-02));
#488 = CARTESIAN_POINT('',(0.300000112553,7.942721599358E-02));
#489 = CARTESIAN_POINT('',(0.300000339576,0.132378691288));
#490 = CARTESIAN_POINT('',(0.30000046854,0.158854430965));
#491 = CARTESIAN_POINT('',(0.300000537945,0.185330169703));
#492 = CARTESIAN_POINT('',(0.300000537945,0.238281643063));
#493 = CARTESIAN_POINT('',(0.30000046854,0.264757381801));
#494 = CARTESIAN_POINT('',(0.300000339576,0.291233121477));
#495 = CARTESIAN_POINT('',(0.300000112553,0.344184596772));
#496 = CARTESIAN_POINT('',(0.30000000614,0.370660336698));
#497 = CARTESIAN_POINT('',(0.3,0.397136075962));
#498 = CARTESIAN_POINT('',(0.3,0.423611812766));
#499 = ( GEOMETRIC_REPRESENTATION_CONTEXT(2) 
PARAMETRIC_REPRESENTATION_CONTEXT() REPRESENTATION_CONTEXT('2D SPACE',''
  ) );
#500 = ORIENTED_EDGE('',*,*,#501,.T.);
#501 = EDGE_CURVE('',#431,#502,#504,.T.);
#502 = VERTEX_POINT('',#503);
#503 = CARTESIAN_POINT('',(-4.620549393693,12.897306823537,3.1));
#504 = SURFACE_CURVE('',#505,(#510,#520),.PCURVE_S1.);
#505 = ELLIPSE('',#506,281.28820022261,13.7);
#506 = AXIS2_PLACEMENT_3D('',#507,#508,#509);
#507 = CARTESIAN_POINT('',(0.,0.,1.680000000016));
#508 = DIRECTION('',(0.938577423493,0.341614244706,-4.870449591969E-02)
  );
#509 = DIRECTION('',(4.576725541483E-02,1.665791867506E-02,
    0.998813231829));
#510 = PCURVE('',#129,#511);
#511 = DEFINITIONAL_REPRESENTATION('',(#512),#519);
#512 = B_SPLINE_CURVE_WITH_KNOTS('',5,(#513,#514,#515,#516,#517,#518),
  .UNSPECIFIED.,.F.,.F.,(6,6),(4.711883560224,4.717948630557),
  .PIECEWISE_BEZIER_KNOTS.);
#513 = CARTESIAN_POINT('',(1.920367597354,1.338));
#514 = CARTESIAN_POINT('',(1.919154583288,1.678801567052));
#515 = CARTESIAN_POINT('',(1.917941569221,2.019603395278));
#516 = CARTESIAN_POINT('',(1.916728555155,2.360404439976));
#517 = CARTESIAN_POINT('',(1.915515541088,2.701203656445));
#518 = CARTESIAN_POINT('',(1.914302527021,3.042));
#519 = ( GEOMETRIC_REPRESENTATION_CONTEXT(2) 
PARAMETRIC_REPRESENTATION_CONTEXT() REPRESENTATION_CONTEXT('2D SPACE',''
  ) );
#520 = PCURVE('',#521,#526);
#521 = PLANE('',#522);
#522 = AXIS2_PLACEMENT_3D('',#523,#524,#525);
#523 = CARTESIAN_POINT('',(-4.697768055051,13.065939058399,
    2.794719791324));
#524 = DIRECTION('',(0.938577423493,0.341614244706,-4.870449591969E-02)
  );
#525 = DIRECTION('',(-4.576725541483E-02,-1.665791867506E-02,
    -0.998813231829));
#526 = DEFINITIONAL_REPRESENTATION('',(#527),#531);
#527 = ELLIPSE('',#528,281.28820022261,13.7);
#528 = AXIS2_PLACEMENT_2D('',#529,#530);
#529 = CARTESIAN_POINT('',(1.116044277134,-13.88469782031));
#530 = DIRECTION('',(-1.,-2.639677448618E-15));
#531 = ( GEOMETRIC_REPRESENTATION_CONTEXT(2) 
PARAMETRIC_REPRESENTATION_CONTEXT() REPRESENTATION_CONTEXT('2D SPACE',''
  ) );
#532 = ORIENTED_EDGE('',*,*,#533,.T.);
#533 = EDGE_CURVE('',#502,#534,#536,.T.);
#534 = VERTEX_POINT('',#535);
#535 = CARTESIAN_POINT('',(-8.762034698662,10.531702043803,3.1));
#536 = SURFACE_CURVE('',#537,(#542,#549),.PCURVE_S1.);
#537 = CIRCLE('',#538,13.7);
#538 = AXIS2_PLACEMENT_3D('',#539,#540,#541);
#539 = CARTESIAN_POINT('',(0.,0.,3.1));
#540 = DIRECTION('',(0.,0.,1.));
#541 = DIRECTION('',(1.,0.,-0.));
#542 = PCURVE('',#129,#543);
#543 = DEFINITIONAL_REPRESENTATION('',(#544),#548);
#544 = LINE('',#545,#546);
#545 = CARTESIAN_POINT('',(0.,2.9));
#546 = VECTOR('',#547,1.);
#547 = DIRECTION('',(1.,0.));
#548 = ( GEOMETRIC_REPRESENTATION_CONTEXT(2) 
PARAMETRIC_REPRESENTATION_CONTEXT() REPRESENTATION_CONTEXT('2D SPACE',''
  ) );
#549 = PCURVE('',#550,#555);
#550 = PLANE('',#551);
#551 = AXIS2_PLACEMENT_3D('',#552,#553,#554);
#552 = CARTESIAN_POINT('',(0.,0.,3.1));
#553 = DIRECTION('',(0.,0.,1.));
#554 = DIRECTION('',(1.,0.,-0.));
#555 = DEFINITIONAL_REPRESENTATION('',(#556),#560);
#556 = CIRCLE('',#557,13.7);
#557 = AXIS2_PLACEMENT_2D('',#558,#559);
#558 = CARTESIAN_POINT('',(0.,0.));
#559 = DIRECTION('',(1.,0.));
#560 = ( GEOMETRIC_REPRESENTATION_CONTEXT(2) 
PARAMETRIC_REPRESENTATION_CONTEXT() REPRESENTATION_CONTEXT('2D SPACE',''
  ) );
#561 = ORIENTED_EDGE('',*,*,#562,.F.);
#562 = EDGE_CURVE('',#433,#534,#563,.T.);
#563 = SURFACE_CURVE('',#564,(#569,#579),.PCURVE_S1.);
#564 = ELLIPSE('',#565,281.28820022263,13.7);
#565 = AXIS2_PLACEMENT_3D('',#566,#567,#568);
#566 = CARTESIAN_POINT('',(0.,0.,1.919999999982));
#567 = DIRECTION('',(0.765135325956,0.642024769811,-4.870449591969E-02)
  );
#568 = DIRECTION('',(3.730980845419E-02,3.130664651321E-02,
    0.998813231829));
#569 = PCURVE('',#129,#570);
#570 = DEFINITIONAL_REPRESENTATION('',(#571),#578);
#571 = B_SPLINE_CURVE_WITH_KNOTS('',5,(#572,#573,#574,#575,#576,#577),
  .UNSPECIFIED.,.F.,.F.,(6,6),(4.711968983303,4.717008964012),
  .PIECEWISE_BEZIER_KNOTS.);
#572 = CARTESIAN_POINT('',(2.269348024674,1.601999985386));
#573 = CARTESIAN_POINT('',(2.268340028532,1.885200887787));
#574 = CARTESIAN_POINT('',(2.26733203239,2.168401940057));
#575 = CARTESIAN_POINT('',(2.266324036249,2.451602542719));
#576 = CARTESIAN_POINT('',(2.265316040107,2.7348020963));
#577 = CARTESIAN_POINT('',(2.264308043965,3.018000001329));
#578 = ( GEOMETRIC_REPRESENTATION_CONTEXT(2) 
PARAMETRIC_REPRESENTATION_CONTEXT() REPRESENTATION_CONTEXT('2D SPACE',''
  ) );
#579 = PCURVE('',#580,#585);
#580 = PLANE('',#581);
#581 = AXIS2_PLACEMENT_3D('',#582,#583,#584);
#582 = CARTESIAN_POINT('',(-8.883272311454,10.671235196943,
    3.034719787238));
#583 = DIRECTION('',(0.765135325956,0.642024769811,-4.870449591969E-02)
  );
#584 = DIRECTION('',(0.642787609687,-0.766044443119,4.463095719284E-19)
  );
#585 = DEFINITIONAL_REPRESENTATION('',(#586),#590);
#586 = ELLIPSE('',#587,281.28820022263,13.7);
#587 = AXIS2_PLACEMENT_2D('',#588,#589);
#588 = CARTESIAN_POINT('',(13.884697799108,1.116044273076));
#589 = DIRECTION('',(-2.610391747334E-18,-1.));
#590 = ( GEOMETRIC_REPRESENTATION_CONTEXT(2) 
PARAMETRIC_REPRESENTATION_CONTEXT() REPRESENTATION_CONTEXT('2D SPACE',''
  ) );
#591 = FACE_BOUND('',#592,.T.);
#592 = EDGE_LOOP('',(#593,#664,#696,#725));
#593 = ORIENTED_EDGE('',*,*,#594,.F.);
#594 = EDGE_CURVE('',#595,#597,#599,.T.);
#595 = VERTEX_POINT('',#596);
#596 = CARTESIAN_POINT('',(-8.806190252706,-10.49480887073,1.68));
#597 = VERTEX_POINT('',#598);
#598 = CARTESIAN_POINT('',(-4.685675963214,-12.87378890489,
    1.919999992408));
#599 = SURFACE_CURVE('',#600,(#615,#633),.PCURVE_S1.);
#600 = B_SPLINE_CURVE_WITH_KNOTS('',4,(#601,#602,#603,#604,#605,#606,
    #607,#608,#609,#610,#611,#612,#613,#614),.UNSPECIFIED.,.F.,.F.,(5,3,
    3,3,5),(0.,0.249999995755,0.5,0.750000004245,1.),.UNSPECIFIED.);
#601 = CARTESIAN_POINT('',(-8.806190252706,-10.49480887073,1.68));
#602 = CARTESIAN_POINT('',(-8.577229053721,-10.68693012835,
    1.694999992626));
#603 = CARTESIAN_POINT('',(-8.342679218756,-10.87239121947,
    1.709999993855));
#604 = CARTESIAN_POINT('',(-8.102831597116,-11.05094810034,
    1.724999995937));
#605 = CARTESIAN_POINT('',(-7.613162783808,-11.39381789573,
    1.754999996959));
#606 = CARTESIAN_POINT('',(-7.363341474172,-11.55813089212,
    1.769999998208));
#607 = CARTESIAN_POINT('',(-7.108844278427,-11.71510421802,
    1.784999997756));
#608 = CARTESIAN_POINT('',(-6.591155721252,-12.01399184585,
    1.814999994653));
#609 = CARTESIAN_POINT('',(-6.327964235435,-12.1559062196,1.8299999942)
  );
#610 = CARTESIAN_POINT('',(-6.060754351561,-12.29010132195,
    1.844999995449));
#611 = CARTESIAN_POINT('',(-5.518985991907,-12.54273205601,
    1.874999996471));
#612 = CARTESIAN_POINT('',(-5.244427386225,-12.66116774894,
    1.889999998553));
#613 = CARTESIAN_POINT('',(-4.966538452417,-12.77156331891,
    1.904999999782));
#614 = CARTESIAN_POINT('',(-4.685675963214,-12.87378890489,
    1.919999992408));
#615 = PCURVE('',#129,#616);
#616 = DEFINITIONAL_REPRESENTATION('',(#617),#632);
#617 = B_SPLINE_CURVE_WITH_KNOTS('',4,(#618,#619,#620,#621,#622,#623,
    #624,#625,#626,#627,#628,#629,#630,#631),.UNSPECIFIED.,.F.,.F.,(5,3,
    3,3,5),(0.,0.249999995755,0.5,0.750000004245,1.),.UNSPECIFIED.);
#618 = CARTESIAN_POINT('',(4.014257279587,1.48));
#619 = CARTESIAN_POINT('',(4.036073894049,1.494999992626));
#620 = CARTESIAN_POINT('',(4.057890510181,1.509999993855));
#621 = CARTESIAN_POINT('',(4.079707126303,1.524999995937));
#622 = CARTESIAN_POINT('',(4.123340355851,1.554999996959));
#623 = CARTESIAN_POINT('',(4.145156972731,1.569999998208));
#624 = CARTESIAN_POINT('',(4.166973589629,1.584999997756));
#625 = CARTESIAN_POINT('',(4.210606819971,1.614999994653));
#626 = CARTESIAN_POINT('',(4.232423436869,1.6299999942));
#627 = CARTESIAN_POINT('',(4.254240053748,1.644999995449));
#628 = CARTESIAN_POINT('',(4.297873283297,1.674999996471));
#629 = CARTESIAN_POINT('',(4.319689899419,1.689999998553));
#630 = CARTESIAN_POINT('',(4.341506515551,1.704999999782));
#631 = CARTESIAN_POINT('',(4.363323130013,1.719999992408));
#632 = ( GEOMETRIC_REPRESENTATION_CONTEXT(2) 
PARAMETRIC_REPRESENTATION_CONTEXT() REPRESENTATION_CONTEXT('2D SPACE',''
  ) );
#633 = PCURVE('',#634,#647);
#634 = B_SPLINE_SURFACE_WITH_KNOTS('',1,5,(
    (#635,#636,#637,#638,#639,#640)
    ,(#641,#642,#643,#644,#645,#646
    )),.UNSPECIFIED.,.F.,.F.,.F.,(2,2),(6,6),(0.,0.4),(0.,0.423611812766
    ),.PIECEWISE_BEZIER_KNOTS.);
#635 = CARTESIAN_POINT('',(-8.6133539698,-10.26499553779,1.68));
#636 = CARTESIAN_POINT('',(-7.89672208793,-10.86632108556,1.727999963446
    ));
#637 = CARTESIAN_POINT('',(-7.127614680507,-11.40510868371,
    1.776000049128));
#638 = CARTESIAN_POINT('',(-6.31330651219,-11.87524972386,1.823999937586
    ));
#639 = CARTESIAN_POINT('',(-5.462149061217,-12.27192247781,
    1.872000023268));
#640 = CARTESIAN_POINT('',(-4.583069919955,-12.59188111875,
    1.919999986714));
#641 = CARTESIAN_POINT('',(-8.870469013674,-10.57141331504,1.68));
#642 = CARTESIAN_POINT('',(-8.132445136847,-11.19068887788,
    1.727999984334));
#643 = CARTESIAN_POINT('',(-7.340379292531,-11.74555969399,
    1.776000021055));
#644 = CARTESIAN_POINT('',(-6.501763430156,-12.22973478787,
    1.823999973251));
#645 = CARTESIAN_POINT('',(-5.625198285421,-12.63824852245,
    1.872000009972));
#646 = CARTESIAN_POINT('',(-4.719877977633,-12.96775816694,
    1.919999994306));
#647 = DEFINITIONAL_REPRESENTATION('',(#648),#663);
#648 = B_SPLINE_CURVE_WITH_KNOTS('',4,(#649,#650,#651,#652,#653,#654,
    #655,#656,#657,#658,#659,#660,#661,#662),.UNSPECIFIED.,.F.,.F.,(5,3,
    3,3,5),(0.,0.249999995755,0.5,0.750000004245,1.),.UNSPECIFIED.);
#649 = CARTESIAN_POINT('',(0.3,0.));
#650 = CARTESIAN_POINT('',(0.3,2.647573680413E-02));
#651 = CARTESIAN_POINT('',(0.30000000614,5.295147606761E-02));
#652 = CARTESIAN_POINT('',(0.300000112553,7.942721599358E-02));
#653 = CARTESIAN_POINT('',(0.300000339576,0.132378691288));
#654 = CARTESIAN_POINT('',(0.30000046854,0.158854430965));
#655 = CARTESIAN_POINT('',(0.300000537945,0.185330169703));
#656 = CARTESIAN_POINT('',(0.300000537945,0.238281643063));
#657 = CARTESIAN_POINT('',(0.30000046854,0.264757381801));
#658 = CARTESIAN_POINT('',(0.300000339576,0.291233121477));
#659 = CARTESIAN_POINT('',(0.300000112553,0.344184596772));
#660 = CARTESIAN_POINT('',(0.30000000614,0.370660336698));
#661 = CARTESIAN_POINT('',(0.3,0.397136075962));
#662 = CARTESIAN_POINT('',(0.3,0.423611812766));
#663 = ( GEOMETRIC_REPRESENTATION_CONTEXT(2) 
PARAMETRIC_REPRESENTATION_CONTEXT() REPRESENTATION_CONTEXT('2D SPACE',''
  ) );
#664 = ORIENTED_EDGE('',*,*,#665,.T.);
#665 = EDGE_CURVE('',#595,#666,#668,.T.);
#666 = VERTEX_POINT('',#667);
#667 = CARTESIAN_POINT('',(-8.859120652739,-10.45016656614,3.1));
#668 = SURFACE_CURVE('',#669,(#674,#684),.PCURVE_S1.);
#669 = ELLIPSE('',#670,281.28820022261,13.7);
#670 = AXIS2_PLACEMENT_3D('',#671,#672,#673);
#671 = CARTESIAN_POINT('',(0.,0.,1.680000000016));
#672 = DIRECTION('',(-0.765135325956,0.642024769811,-4.870449591969E-02)
  );
#673 = DIRECTION('',(-3.730980845419E-02,3.130664651321E-02,
    0.998813231829));
#674 = PCURVE('',#129,#675);
#675 = DEFINITIONAL_REPRESENTATION('',(#676),#683);
#676 = B_SPLINE_CURVE_WITH_KNOTS('',5,(#677,#678,#679,#680,#681,#682),
  .UNSPECIFIED.,.F.,.F.,(6,6),(4.711883560224,4.717948630557),
  .PIECEWISE_BEZIER_KNOTS.);
#677 = CARTESIAN_POINT('',(4.014762699748,1.338));
#678 = CARTESIAN_POINT('',(4.013549685681,1.678801567052));
#679 = CARTESIAN_POINT('',(4.012336671614,2.019603395278));
#680 = CARTESIAN_POINT('',(4.011123657548,2.360404439976));
#681 = CARTESIAN_POINT('',(4.009910643481,2.701203656445));
#682 = CARTESIAN_POINT('',(4.008697629415,3.042));
#683 = ( GEOMETRIC_REPRESENTATION_CONTEXT(2) 
PARAMETRIC_REPRESENTATION_CONTEXT() REPRESENTATION_CONTEXT('2D SPACE',''
  ) );
#684 = PCURVE('',#685,#690);
#685 = PLANE('',#686);
#686 = AXIS2_PLACEMENT_3D('',#687,#688,#689);
#687 = CARTESIAN_POINT('',(-8.966551121347,-10.60135600596,
    2.794719791324));
#688 = DIRECTION('',(-0.765135325956,0.642024769811,-4.870449591969E-02)
  );
#689 = DIRECTION('',(3.730980845419E-02,-3.130664651321E-02,
    -0.998813231829));
#690 = DEFINITIONAL_REPRESENTATION('',(#691),#695);
#691 = ELLIPSE('',#692,281.28820022261,13.7);
#692 = AXIS2_PLACEMENT_2D('',#693,#694);
#693 = CARTESIAN_POINT('',(1.116044277134,-13.88469782031));
#694 = DIRECTION('',(-1.,-2.6307074921E-15));
#695 = ( GEOMETRIC_REPRESENTATION_CONTEXT(2) 
PARAMETRIC_REPRESENTATION_CONTEXT() REPRESENTATION_CONTEXT('2D SPACE',''
  ) );
#696 = ORIENTED_EDGE('',*,*,#697,.T.);
#697 = EDGE_CURVE('',#666,#698,#700,.T.);
#698 = VERTEX_POINT('',#699);
#699 = CARTESIAN_POINT('',(-4.73970416569,-12.85399565978,3.1));
#700 = SURFACE_CURVE('',#701,(#706,#713),.PCURVE_S1.);
#701 = CIRCLE('',#702,13.7);
#702 = AXIS2_PLACEMENT_3D('',#703,#704,#705);
#703 = CARTESIAN_POINT('',(0.,0.,3.1));
#704 = DIRECTION('',(0.,0.,1.));
#705 = DIRECTION('',(1.,0.,-0.));
#706 = PCURVE('',#129,#707);
#707 = DEFINITIONAL_REPRESENTATION('',(#708),#712);
#708 = LINE('',#709,#710);
#709 = CARTESIAN_POINT('',(0.,2.9));
#710 = VECTOR('',#711,1.);
#711 = DIRECTION('',(1.,0.));
#712 = ( GEOMETRIC_REPRESENTATION_CONTEXT(2) 
PARAMETRIC_REPRESENTATION_CONTEXT() REPRESENTATION_CONTEXT('2D SPACE',''
  ) );
#713 = PCURVE('',#714,#719);
#714 = PLANE('',#715);
#715 = AXIS2_PLACEMENT_3D('',#716,#717,#718);
#716 = CARTESIAN_POINT('',(0.,0.,3.1));
#717 = DIRECTION('',(0.,0.,1.));
#718 = DIRECTION('',(1.,0.,-0.));
#719 = DEFINITIONAL_REPRESENTATION('',(#720),#724);
#720 = CIRCLE('',#721,13.7);
#721 = AXIS2_PLACEMENT_2D('',#722,#723);
#722 = CARTESIAN_POINT('',(0.,0.));
#723 = DIRECTION('',(1.,0.));
#724 = ( GEOMETRIC_REPRESENTATION_CONTEXT(2) 
PARAMETRIC_REPRESENTATION_CONTEXT() REPRESENTATION_CONTEXT('2D SPACE',''
  ) );
#725 = ORIENTED_EDGE('',*,*,#726,.F.);
#726 = EDGE_CURVE('',#597,#698,#727,.T.);
#727 = SURFACE_CURVE('',#728,(#733,#743),.PCURVE_S1.);
#728 = ELLIPSE('',#729,281.28820022263,13.7);
#729 = AXIS2_PLACEMENT_3D('',#730,#731,#732);
#730 = CARTESIAN_POINT('',(0.,0.,1.919999999982));
#731 = DIRECTION('',(-0.938577423493,0.341614244706,-4.870449591969E-02)
  );
#732 = DIRECTION('',(-4.576725541483E-02,1.665791867505E-02,
    0.998813231829));
#733 = PCURVE('',#129,#734);
#734 = DEFINITIONAL_REPRESENTATION('',(#735),#742);
#735 = B_SPLINE_CURVE_WITH_KNOTS('',5,(#736,#737,#738,#739,#740,#741),
  .UNSPECIFIED.,.F.,.F.,(6,6),(4.711968983303,4.717008964012),
  .PIECEWISE_BEZIER_KNOTS.);
#736 = CARTESIAN_POINT('',(4.363743127067,1.601999985386));
#737 = CARTESIAN_POINT('',(4.362735130925,1.885200887787));
#738 = CARTESIAN_POINT('',(4.361727134784,2.168401940057));
#739 = CARTESIAN_POINT('',(4.360719138642,2.451602542719));
#740 = CARTESIAN_POINT('',(4.3597111425,2.7348020963));
#741 = CARTESIAN_POINT('',(4.358703146358,3.018000001329));
#742 = ( GEOMETRIC_REPRESENTATION_CONTEXT(2) 
PARAMETRIC_REPRESENTATION_CONTEXT() REPRESENTATION_CONTEXT('2D SPACE',''
  ) );
#743 = PCURVE('',#744,#749);
#744 = PLANE('',#745);
#745 = AXIS2_PLACEMENT_3D('',#746,#747,#748);
#746 = CARTESIAN_POINT('',(-4.799924614584,-13.02875708892,
    3.034719787238));
#747 = DIRECTION('',(-0.938577423493,0.341614244706,-4.870449591969E-02)
  );
#748 = DIRECTION('',(0.342020143326,0.939692620786,4.463095719284E-19));
#749 = DEFINITIONAL_REPRESENTATION('',(#750),#754);
#750 = ELLIPSE('',#751,281.28820022263,13.7);
#751 = AXIS2_PLACEMENT_2D('',#752,#753);
#752 = CARTESIAN_POINT('',(13.884697799108,1.116044273076));
#753 = DIRECTION('',(1.76994913445E-18,-1.));
#754 = ( GEOMETRIC_REPRESENTATION_CONTEXT(2) 
PARAMETRIC_REPRESENTATION_CONTEXT() REPRESENTATION_CONTEXT('2D SPACE',''
  ) );
#755 = ADVANCED_FACE('',(#756),#218,.T.);
#756 = FACE_BOUND('',#757,.T.);
#757 = EDGE_LOOP('',(#758,#779,#848,#867,#868));
#758 = ORIENTED_EDGE('',*,*,#759,.F.);
#759 = EDGE_CURVE('',#760,#375,#762,.T.);
#760 = VERTEX_POINT('',#761);
#761 = CARTESIAN_POINT('',(14.267688574477,-2.586089185182,3.1));
#762 = SURFACE_CURVE('',#763,(#767,#773),.PCURVE_S1.);
#763 = LINE('',#764,#765);
#764 = CARTESIAN_POINT('',(6.824855186639,-1.273716845988,3.1));
#765 = VECTOR('',#766,1.);
#766 = DIRECTION('',(-0.984807753012,0.173648177667,0.));
#767 = PCURVE('',#218,#768);
#768 = DEFINITIONAL_REPRESENTATION('',(#769),#772);
#769 = B_SPLINE_CURVE_WITH_KNOTS('',1,(#770,#771),.UNSPECIFIED.,.F.,.F.,
  (2,2),(-7.557651089842,-6.457651089842),.PIECEWISE_BEZIER_KNOTS.);
#770 = CARTESIAN_POINT('',(14.267688574477,-2.586089185182));
#771 = CARTESIAN_POINT('',(13.184400046164,-2.395076189748));
#772 = ( GEOMETRIC_REPRESENTATION_CONTEXT(2) 
PARAMETRIC_REPRESENTATION_CONTEXT() REPRESENTATION_CONTEXT('2D SPACE',''
  ) );
#773 = PCURVE('',#394,#774);
#774 = DEFINITIONAL_REPRESENTATION('',(#775),#778);
#775 = B_SPLINE_CURVE_WITH_KNOTS('',1,(#776,#777),.UNSPECIFIED.,.F.,.F.,
  (2,2),(-7.557651089842,-6.457651089842),.PIECEWISE_BEZIER_KNOTS.);
#776 = CARTESIAN_POINT('',(-0.305642935984,0.615302179685));
#777 = CARTESIAN_POINT('',(-0.305642935984,-0.484697820315));
#778 = ( GEOMETRIC_REPRESENTATION_CONTEXT(2) 
PARAMETRIC_REPRESENTATION_CONTEXT() REPRESENTATION_CONTEXT('2D SPACE',''
  ) );
#779 = ORIENTED_EDGE('',*,*,#780,.T.);
#780 = EDGE_CURVE('',#760,#781,#783,.T.);
#781 = VERTEX_POINT('',#782);
#782 = CARTESIAN_POINT('',(14.289704041749,2.461233136615,3.1));
#783 = SURFACE_CURVE('',#784,(#799,#817),.PCURVE_S1.);
#784 = B_SPLINE_CURVE_WITH_KNOTS('',4,(#785,#786,#787,#788,#789,#790,
    #791,#792,#793,#794,#795,#796,#797,#798),.UNSPECIFIED.,.F.,.F.,(5,3,
    3,3,5),(0.,0.250000329045,0.50000043261,0.750000321464,1.),
  .UNSPECIFIED.);
#785 = CARTESIAN_POINT('',(14.267688574477,-2.586089185182,3.1));
#786 = CARTESIAN_POINT('',(14.324235247566,-2.274096346711,3.1));
#787 = CARTESIAN_POINT('',(14.371685518055,-1.960454766629,3.1));
#788 = CARTESIAN_POINT('',(14.409967102321,-1.64556257707,3.1));
#789 = CARTESIAN_POINT('',(14.468118828373,-1.014083174963,3.1));
#790 = CARTESIAN_POINT('',(14.487988991947,-0.697495807024,3.1));
#791 = CARTESIAN_POINT('',(14.498616442555,-0.380463567608,3.1));
#792 = CARTESIAN_POINT('',(14.501382396118,0.253681126062,3.1));
#793 = CARTESIAN_POINT('',(14.493520915191,0.570793734559,3.1));
#794 = CARTESIAN_POINT('',(14.476413208143,0.887542114829,3.1));
#795 = CARTESIAN_POINT('',(14.423772358479,1.519503660144,3.1));
#796 = CARTESIAN_POINT('',(14.388239226798,1.83471698295,3.1));
#797 = CARTESIAN_POINT('',(14.343526868871,2.14875972806,3.1));
#798 = CARTESIAN_POINT('',(14.289704041749,2.461233136615,3.1));
#799 = PCURVE('',#218,#800);
#800 = DEFINITIONAL_REPRESENTATION('',(#801),#816);
#801 = B_SPLINE_CURVE_WITH_KNOTS('',4,(#802,#803,#804,#805,#806,#807,
    #808,#809,#810,#811,#812,#813,#814,#815),.UNSPECIFIED.,.F.,.F.,(5,3,
    3,3,5),(0.,0.250000329045,0.50000043261,0.750000321464,1.),
  .UNSPECIFIED.);
#802 = CARTESIAN_POINT('',(14.267688574477,-2.586089185182));
#803 = CARTESIAN_POINT('',(14.324235247566,-2.274096346711));
#804 = CARTESIAN_POINT('',(14.371685518055,-1.960454766629));
#805 = CARTESIAN_POINT('',(14.409967102321,-1.64556257707));
#806 = CARTESIAN_POINT('',(14.468118828373,-1.014083174963));
#807 = CARTESIAN_POINT('',(14.487988991947,-0.697495807024));
#808 = CARTESIAN_POINT('',(14.498616442555,-0.380463567608));
#809 = CARTESIAN_POINT('',(14.501382396118,0.253681126062));
#810 = CARTESIAN_POINT('',(14.493520915191,0.570793734559));
#811 = CARTESIAN_POINT('',(14.476413208143,0.887542114829));
#812 = CARTESIAN_POINT('',(14.423772358479,1.519503660144));
#813 = CARTESIAN_POINT('',(14.388239226798,1.83471698295));
#814 = CARTESIAN_POINT('',(14.343526868871,2.14875972806));
#815 = CARTESIAN_POINT('',(14.289704041749,2.461233136615));
#816 = ( GEOMETRIC_REPRESENTATION_CONTEXT(2) 
PARAMETRIC_REPRESENTATION_CONTEXT() REPRESENTATION_CONTEXT('2D SPACE',''
  ) );
#817 = PCURVE('',#818,#831);
#818 = B_SPLINE_SURFACE_WITH_KNOTS('',1,5,(
    (#819,#820,#821,#822,#823,#824)
    ,(#825,#826,#827,#828,#829,#830
    )),.UNSPECIFIED.,.F.,.F.,.F.,(2,2),(6,6),(0.,1.205772485184),(0.,
    0.423611812766),.PIECEWISE_BEZIER_KNOTS.);
#819 = CARTESIAN_POINT('',(14.272656983717,-2.557911936187,
    2.513237480154));
#820 = CARTESIAN_POINT('',(14.451232881307,-1.5614925015,2.561237501015)
  );
#821 = CARTESIAN_POINT('',(14.542854925525,-0.549489412457,
    2.609237452212));
#822 = CARTESIAN_POINT('',(14.545705858266,0.467979962749,2.657237515951
    ));
#823 = CARTESIAN_POINT('',(14.459756902713,1.480480668964,2.705237466831
    ));
#824 = CARTESIAN_POINT('',(14.28676783809,2.477885213037,2.753237487746)
  );
#825 = CARTESIAN_POINT('',(14.262459226877,-2.615746289155,
    3.717578992932));
#826 = CARTESIAN_POINT('',(14.445072661642,-1.620038782017,
    3.765579013754));
#827 = CARTESIAN_POINT('',(14.540794579066,-0.60839531575,3.813578965179
    ));
#828 = CARTESIAN_POINT('',(14.547766181743,0.409074058652,3.861579028918
    ));
#829 = CARTESIAN_POINT('',(14.465917099537,1.421934386043,3.90957897957)
  );
#830 = CARTESIAN_POINT('',(14.296965572366,2.420050856091,3.957579000524
    ));
#831 = DEFINITIONAL_REPRESENTATION('',(#832),#847);
#832 = B_SPLINE_CURVE_WITH_KNOTS('',4,(#833,#834,#835,#836,#837,#838,
    #839,#840,#841,#842,#843,#844,#845,#846),.UNSPECIFIED.,.F.,.F.,(5,3,
    3,3,5),(0.,0.250000329045,0.50000043261,0.750000321464,1.),
  .UNSPECIFIED.);
#833 = CARTESIAN_POINT('',(0.587459698317,0.));
#834 = CARTESIAN_POINT('',(0.572441877122,2.647572419486E-02));
#835 = CARTESIAN_POINT('',(0.557424057043,5.295145908861E-02));
#836 = CARTESIAN_POINT('',(0.542406232063,7.94272034491E-02));
#837 = CARTESIAN_POINT('',(0.512370588959,0.132378679106));
#838 = CARTESIAN_POINT('',(0.497352768137,0.158854414924));
#839 = CARTESIAN_POINT('',(0.482334942061,0.185330157963));
#840 = CARTESIAN_POINT('',(0.452299296835,0.238281632105));
#841 = CARTESIAN_POINT('',(0.437281475123,0.264757367492));
#842 = CARTESIAN_POINT('',(0.422263650095,0.291233110808));
#843 = CARTESIAN_POINT('',(0.392228007286,0.344184586119));
#844 = CARTESIAN_POINT('',(0.377210186831,0.370660322594));
#845 = CARTESIAN_POINT('',(0.362192362332,0.397136065341));
#846 = CARTESIAN_POINT('',(0.347174527933,0.423611812766));
#847 = ( GEOMETRIC_REPRESENTATION_CONTEXT(2) 
PARAMETRIC_REPRESENTATION_CONTEXT() REPRESENTATION_CONTEXT('2D SPACE',''
  ) );
#848 = ORIENTED_EDGE('',*,*,#849,.T.);
#849 = EDGE_CURVE('',#781,#202,#850,.T.);
#850 = SURFACE_CURVE('',#851,(#855,#861),.PCURVE_S1.);
#851 = LINE('',#852,#853);
#852 = CARTESIAN_POINT('',(6.846870665577,1.148860799478,3.1));
#853 = VECTOR('',#854,1.);
#854 = DIRECTION('',(-0.984807753012,-0.173648177667,0.));
#855 = PCURVE('',#218,#856);
#856 = DEFINITIONAL_REPRESENTATION('',(#857),#860);
#857 = B_SPLINE_CURVE_WITH_KNOTS('',1,(#858,#859),.UNSPECIFIED.,.F.,.F.,
  (2,2),(-7.557651084594,-6.457651061682),.PIECEWISE_BEZIER_KNOTS.);
#858 = CARTESIAN_POINT('',(14.289704048246,2.46123313776));
#859 = CARTESIAN_POINT('',(13.206415497368,2.270220138348));
#860 = ( GEOMETRIC_REPRESENTATION_CONTEXT(2) 
PARAMETRIC_REPRESENTATION_CONTEXT() REPRESENTATION_CONTEXT('2D SPACE',''
  ) );
#861 = PCURVE('',#250,#862);
#862 = DEFINITIONAL_REPRESENTATION('',(#863),#866);
#863 = B_SPLINE_CURVE_WITH_KNOTS('',1,(#864,#865),.UNSPECIFIED.,.F.,.F.,
  (2,2),(-7.557651084594,-6.457651061682),.PIECEWISE_BEZIER_KNOTS.);
#864 = CARTESIAN_POINT('',(-0.61530218504,-6.535777729165E-02));
#865 = CARTESIAN_POINT('',(0.484697837872,-6.535777729165E-02));
#866 = ( GEOMETRIC_REPRESENTATION_CONTEXT(2) 
PARAMETRIC_REPRESENTATION_CONTEXT() REPRESENTATION_CONTEXT('2D SPACE',''
  ) );
#867 = ORIENTED_EDGE('',*,*,#201,.F.);
#868 = ORIENTED_EDGE('',*,*,#406,.F.);
#869 = ADVANCED_FACE('',(#870),#394,.T.);
#870 = FACE_BOUND('',#871,.T.);
#871 = EDGE_LOOP('',(#872,#873,#874,#895,#929));
#872 = ORIENTED_EDGE('',*,*,#759,.T.);
#873 = ORIENTED_EDGE('',*,*,#374,.F.);
#874 = ORIENTED_EDGE('',*,*,#875,.T.);
#875 = EDGE_CURVE('',#337,#876,#878,.T.);
#876 = VERTEX_POINT('',#877);
#877 = CARTESIAN_POINT('',(13.590346991568,-2.396344851804,1.68));
#878 = SURFACE_CURVE('',#879,(#882,#888),.PCURVE_S1.);
#879 = B_SPLINE_CURVE_WITH_KNOTS('',1,(#880,#881),.UNSPECIFIED.,.F.,.F.,
  (2,2),(0.,0.4),.PIECEWISE_BEZIER_KNOTS.);
#880 = CARTESIAN_POINT('',(13.196423890364,-2.326885580737,1.68));
#881 = CARTESIAN_POINT('',(13.590346991568,-2.396344851804,1.68));
#882 = PCURVE('',#394,#883);
#883 = DEFINITIONAL_REPRESENTATION('',(#884),#887);
#884 = B_SPLINE_CURVE_WITH_KNOTS('',1,(#885,#886),.UNSPECIFIED.,.F.,.F.,
  (2,2),(0.,0.4),.PIECEWISE_BEZIER_KNOTS.);
#885 = CARTESIAN_POINT('',(1.11604427715,-0.484697820315));
#886 = CARTESIAN_POINT('',(1.11604427715,-8.469782031511E-02));
#887 = ( GEOMETRIC_REPRESENTATION_CONTEXT(2) 
PARAMETRIC_REPRESENTATION_CONTEXT() REPRESENTATION_CONTEXT('2D SPACE',''
  ) );
#888 = PCURVE('',#288,#889);
#889 = DEFINITIONAL_REPRESENTATION('',(#890),#894);
#890 = LINE('',#891,#892);
#891 = CARTESIAN_POINT('',(0.,0.));
#892 = VECTOR('',#893,1.);
#893 = DIRECTION('',(1.,0.));
#894 = ( GEOMETRIC_REPRESENTATION_CONTEXT(2) 
PARAMETRIC_REPRESENTATION_CONTEXT() REPRESENTATION_CONTEXT('2D SPACE',''
  ) );
#895 = ORIENTED_EDGE('',*,*,#896,.T.);
#896 = EDGE_CURVE('',#876,#897,#899,.T.);
#897 = VERTEX_POINT('',#898);
#898 = CARTESIAN_POINT('',(14.272656983717,-2.557911936187,
    2.513237480154));
#899 = SURFACE_CURVE('',#900,(#903,#909),.PCURVE_S1.);
#900 = B_SPLINE_CURVE_WITH_KNOTS('',1,(#901,#902),.UNSPECIFIED.,.F.,.F.,
  (2,2),(0.,1.089006678802),.PIECEWISE_BEZIER_KNOTS.);
#901 = CARTESIAN_POINT('',(13.590346991568,-2.396344851804,1.68));
#902 = CARTESIAN_POINT('',(14.272656983717,-2.557911936187,
    2.513237480154));
#903 = PCURVE('',#394,#904);
#904 = DEFINITIONAL_REPRESENTATION('',(#905),#908);
#905 = B_SPLINE_CURVE_WITH_KNOTS('',1,(#906,#907),.UNSPECIFIED.,.F.,.F.,
  (2,2),(0.,1.089006678802),.PIECEWISE_BEZIER_KNOTS.);
#906 = CARTESIAN_POINT('',(1.11604427715,-8.469782031511E-02));
#907 = CARTESIAN_POINT('',(0.281816762334,0.615302179685));
#908 = ( GEOMETRIC_REPRESENTATION_CONTEXT(2) 
PARAMETRIC_REPRESENTATION_CONTEXT() REPRESENTATION_CONTEXT('2D SPACE',''
  ) );
#909 = PCURVE('',#910,#923);
#910 = B_SPLINE_SURFACE_WITH_KNOTS('',1,5,(
    (#911,#912,#913,#914,#915,#916)
    ,(#917,#918,#919,#920,#921,#922
    )),.UNSPECIFIED.,.F.,.F.,.F.,(2,2),(6,6),(0.,1.089006678802),(0.,
    0.423611812766),.PIECEWISE_BEZIER_KNOTS.);
#911 = CARTESIAN_POINT('',(13.590346991568,-2.396344851804,1.68));
#912 = CARTESIAN_POINT('',(13.757643422522,-1.447559644449,
    1.727999984334));
#913 = CARTESIAN_POINT('',(13.842142722933,-0.484175093747,
    1.776000021055));
#914 = CARTESIAN_POINT('',(13.842142722923,0.484175094025,1.823999973251
    ));
#915 = CARTESIAN_POINT('',(13.757643422493,1.447559644725,1.872000009972
    ));
#916 = CARTESIAN_POINT('',(13.59034699152,2.396344852077,1.919999994306)
  );
#917 = CARTESIAN_POINT('',(14.272656983717,-2.557911936187,
    2.513237480154));
#918 = CARTESIAN_POINT('',(14.451232881307,-1.5614925015,2.561237501015)
  );
#919 = CARTESIAN_POINT('',(14.542854925525,-0.549489412457,
    2.609237452212));
#920 = CARTESIAN_POINT('',(14.545705858266,0.467979962749,2.657237515951
    ));
#921 = CARTESIAN_POINT('',(14.459756902713,1.480480668964,2.705237466831
    ));
#922 = CARTESIAN_POINT('',(14.28676783809,2.477885213037,2.753237487746)
  );
#923 = DEFINITIONAL_REPRESENTATION('',(#924),#928);
#924 = LINE('',#925,#926);
#925 = CARTESIAN_POINT('',(0.,0.));
#926 = VECTOR('',#927,1.);
#927 = DIRECTION('',(1.,0.));
#928 = ( GEOMETRIC_REPRESENTATION_CONTEXT(2) 
PARAMETRIC_REPRESENTATION_CONTEXT() REPRESENTATION_CONTEXT('2D SPACE',''
  ) );
#929 = ORIENTED_EDGE('',*,*,#930,.T.);
#930 = EDGE_CURVE('',#897,#760,#931,.T.);
#931 = SURFACE_CURVE('',#932,(#935,#941),.PCURVE_S1.);
#932 = B_SPLINE_CURVE_WITH_KNOTS('',1,(#933,#934),.UNSPECIFIED.,.F.,.F.,
  (2,2),(0.,1.205772485184),.PIECEWISE_BEZIER_KNOTS.);
#933 = CARTESIAN_POINT('',(14.272656983717,-2.557911936187,
    2.513237480154));
#934 = CARTESIAN_POINT('',(14.262459226877,-2.615746289155,
    3.717578992932));
#935 = PCURVE('',#394,#936);
#936 = DEFINITIONAL_REPRESENTATION('',(#937),#940);
#937 = B_SPLINE_CURVE_WITH_KNOTS('',1,(#938,#939),.UNSPECIFIED.,.F.,.F.,
  (2,2),(0.,1.205772485184),.PIECEWISE_BEZIER_KNOTS.);
#938 = CARTESIAN_POINT('',(0.281816762334,0.615302179685));
#939 = CARTESIAN_POINT('',(-0.92395572285,0.615302179685));
#940 = ( GEOMETRIC_REPRESENTATION_CONTEXT(2) 
PARAMETRIC_REPRESENTATION_CONTEXT() REPRESENTATION_CONTEXT('2D SPACE',''
  ) );
#941 = PCURVE('',#818,#942);
#942 = DEFINITIONAL_REPRESENTATION('',(#943),#947);
#943 = LINE('',#944,#945);
#944 = CARTESIAN_POINT('',(0.,0.));
#945 = VECTOR('',#946,1.);
#946 = DIRECTION('',(1.,0.));
#947 = ( GEOMETRIC_REPRESENTATION_CONTEXT(2) 
PARAMETRIC_REPRESENTATION_CONTEXT() REPRESENTATION_CONTEXT('2D SPACE',''
  ) );
#948 = ADVANCED_FACE('',(#949),#288,.F.);
#949 = FACE_BOUND('',#950,.F.);
#950 = EDGE_LOOP('',(#951,#952,#953,#978,#997));
#951 = ORIENTED_EDGE('',*,*,#336,.F.);
#952 = ORIENTED_EDGE('',*,*,#875,.T.);
#953 = ORIENTED_EDGE('',*,*,#954,.T.);
#954 = EDGE_CURVE('',#876,#955,#957,.T.);
#955 = VERTEX_POINT('',#956);
#956 = CARTESIAN_POINT('',(13.59034699152,2.396344852077,1.919999994306)
  );
#957 = SURFACE_CURVE('',#958,(#965,#972),.PCURVE_S1.);
#958 = B_SPLINE_CURVE_WITH_KNOTS('',5,(#959,#960,#961,#962,#963,#964),
  .UNSPECIFIED.,.F.,.F.,(6,6),(0.,0.423611812766),
  .PIECEWISE_BEZIER_KNOTS.);
#959 = CARTESIAN_POINT('',(13.590346991568,-2.396344851804,1.68));
#960 = CARTESIAN_POINT('',(13.757643422522,-1.447559644449,
    1.727999984334));
#961 = CARTESIAN_POINT('',(13.842142722933,-0.484175093747,
    1.776000021055));
#962 = CARTESIAN_POINT('',(13.842142722923,0.484175094025,1.823999973251
    ));
#963 = CARTESIAN_POINT('',(13.757643422493,1.447559644725,1.872000009972
    ));
#964 = CARTESIAN_POINT('',(13.59034699152,2.396344852077,1.919999994306)
  );
#965 = PCURVE('',#288,#966);
#966 = DEFINITIONAL_REPRESENTATION('',(#967),#971);
#967 = LINE('',#968,#969);
#968 = CARTESIAN_POINT('',(0.4,0.));
#969 = VECTOR('',#970,1.);
#970 = DIRECTION('',(0.,1.));
#971 = ( GEOMETRIC_REPRESENTATION_CONTEXT(2) 
PARAMETRIC_REPRESENTATION_CONTEXT() REPRESENTATION_CONTEXT('2D SPACE',''
  ) );
#972 = PCURVE('',#910,#973);
#973 = DEFINITIONAL_REPRESENTATION('',(#974),#977);
#974 = B_SPLINE_CURVE_WITH_KNOTS('',1,(#975,#976),.UNSPECIFIED.,.F.,.F.,
  (2,2),(0.,0.423611812766),.PIECEWISE_BEZIER_KNOTS.);
#975 = CARTESIAN_POINT('',(0.,0.));
#976 = CARTESIAN_POINT('',(0.,0.423611812766));
#977 = ( GEOMETRIC_REPRESENTATION_CONTEXT(2) 
PARAMETRIC_REPRESENTATION_CONTEXT() REPRESENTATION_CONTEXT('2D SPACE',''
  ) );
#978 = ORIENTED_EDGE('',*,*,#979,.F.);
#979 = EDGE_CURVE('',#231,#955,#980,.T.);
#980 = SURFACE_CURVE('',#981,(#984,#991),.PCURVE_S1.);
#981 = B_SPLINE_CURVE_WITH_KNOTS('',1,(#982,#983),.UNSPECIFIED.,.F.,.F.,
  (2,2),(0.,0.4),.PIECEWISE_BEZIER_KNOTS.);
#982 = CARTESIAN_POINT('',(13.196423890251,2.326885581375,1.919999986714
    ));
#983 = CARTESIAN_POINT('',(13.59034699152,2.396344852077,1.919999994306)
  );
#984 = PCURVE('',#288,#985);
#985 = DEFINITIONAL_REPRESENTATION('',(#986),#990);
#986 = LINE('',#987,#988);
#987 = CARTESIAN_POINT('',(0.,0.423611812766));
#988 = VECTOR('',#989,1.);
#989 = DIRECTION('',(1.,0.));
#990 = ( GEOMETRIC_REPRESENTATION_CONTEXT(2) 
PARAMETRIC_REPRESENTATION_CONTEXT() REPRESENTATION_CONTEXT('2D SPACE',''
  ) );
#991 = PCURVE('',#250,#992);
#992 = DEFINITIONAL_REPRESENTATION('',(#993),#996);
#993 = B_SPLINE_CURVE_WITH_KNOTS('',1,(#994,#995),.UNSPECIFIED.,.F.,.F.,
  (2,2),(0.,0.4),.PIECEWISE_BEZIER_KNOTS.);
#994 = CARTESIAN_POINT('',(0.484697799108,1.11604428636));
#995 = CARTESIAN_POINT('',(8.469779910787E-02,1.116044278759));
#996 = ( GEOMETRIC_REPRESENTATION_CONTEXT(2) 
PARAMETRIC_REPRESENTATION_CONTEXT() REPRESENTATION_CONTEXT('2D SPACE',''
  ) );
#997 = ORIENTED_EDGE('',*,*,#262,.F.);
#998 = ADVANCED_FACE('',(#999),#250,.F.);
#999 = FACE_BOUND('',#1000,.F.);
#1000 = EDGE_LOOP('',(#1001,#1002,#1003,#1004,#1025));
#1001 = ORIENTED_EDGE('',*,*,#849,.T.);
#1002 = ORIENTED_EDGE('',*,*,#230,.F.);
#1003 = ORIENTED_EDGE('',*,*,#979,.T.);
#1004 = ORIENTED_EDGE('',*,*,#1005,.T.);
#1005 = EDGE_CURVE('',#955,#1006,#1008,.T.);
#1006 = VERTEX_POINT('',#1007);
#1007 = CARTESIAN_POINT('',(14.28676783809,2.477885213037,2.753237487746
    ));
#1008 = SURFACE_CURVE('',#1009,(#1012,#1018),.PCURVE_S1.);
#1009 = B_SPLINE_CURVE_WITH_KNOTS('',1,(#1010,#1011),.UNSPECIFIED.,.F.,
  .F.,(2,2),(0.,1.089006678802),.PIECEWISE_BEZIER_KNOTS.);
#1010 = CARTESIAN_POINT('',(13.59034699152,2.396344852077,1.919999994306
    ));
#1011 = CARTESIAN_POINT('',(14.28676783809,2.477885213037,2.753237487746
    ));
#1012 = PCURVE('',#250,#1013);
#1013 = DEFINITIONAL_REPRESENTATION('',(#1014),#1017);
#1014 = B_SPLINE_CURVE_WITH_KNOTS('',1,(#1015,#1016),.UNSPECIFIED.,.F.,
  .F.,(2,2),(0.,1.089006678802),.PIECEWISE_BEZIER_KNOTS.);
#1015 = CARTESIAN_POINT('',(8.469779910787E-02,1.116044278759));
#1016 = CARTESIAN_POINT('',(-0.61530218504,0.281816750642));
#1017 = ( GEOMETRIC_REPRESENTATION_CONTEXT(2) 
PARAMETRIC_REPRESENTATION_CONTEXT() REPRESENTATION_CONTEXT('2D SPACE',''
  ) );
#1018 = PCURVE('',#910,#1019);
#1019 = DEFINITIONAL_REPRESENTATION('',(#1020),#1024);
#1020 = LINE('',#1021,#1022);
#1021 = CARTESIAN_POINT('',(0.,0.423611812766));
#1022 = VECTOR('',#1023,1.);
#1023 = DIRECTION('',(1.,0.));
#1024 = ( GEOMETRIC_REPRESENTATION_CONTEXT(2) 
PARAMETRIC_REPRESENTATION_CONTEXT() REPRESENTATION_CONTEXT('2D SPACE',''
  ) );
#1025 = ORIENTED_EDGE('',*,*,#1026,.T.);
#1026 = EDGE_CURVE('',#1006,#781,#1027,.T.);
#1027 = SURFACE_CURVE('',#1028,(#1031,#1037),.PCURVE_S1.);
#1028 = B_SPLINE_CURVE_WITH_KNOTS('',1,(#1029,#1030),.UNSPECIFIED.,.F.,
  .F.,(2,2),(0.,1.205772485184),.PIECEWISE_BEZIER_KNOTS.);
#1029 = CARTESIAN_POINT('',(14.28676783809,2.477885213037,2.753237487746
    ));
#1030 = CARTESIAN_POINT('',(14.296965572366,2.420050856091,
    3.957579000524));
#1031 = PCURVE('',#250,#1032);
#1032 = DEFINITIONAL_REPRESENTATION('',(#1033),#1036);
#1033 = B_SPLINE_CURVE_WITH_KNOTS('',1,(#1034,#1035),.UNSPECIFIED.,.F.,
  .F.,(2,2),(0.,1.205772485184),.PIECEWISE_BEZIER_KNOTS.);
#1034 = CARTESIAN_POINT('',(-0.61530218504,0.281816750642));
#1035 = CARTESIAN_POINT('',(-0.615302162128,-0.923955734542));
#1036 = ( GEOMETRIC_REPRESENTATION_CONTEXT(2) 
PARAMETRIC_REPRESENTATION_CONTEXT() REPRESENTATION_CONTEXT('2D SPACE',''
  ) );
#1037 = PCURVE('',#818,#1038);
#1038 = DEFINITIONAL_REPRESENTATION('',(#1039),#1043);
#1039 = LINE('',#1040,#1041);
#1040 = CARTESIAN_POINT('',(0.,0.423611812766));
#1041 = VECTOR('',#1042,1.);
#1042 = DIRECTION('',(1.,0.));
#1043 = ( GEOMETRIC_REPRESENTATION_CONTEXT(2) 
PARAMETRIC_REPRESENTATION_CONTEXT() REPRESENTATION_CONTEXT('2D SPACE',''
  ) );
#1044 = ADVANCED_FACE('',(#1045,#1048),#188,.T.);
#1045 = FACE_BOUND('',#1046,.T.);
#1046 = EDGE_LOOP('',(#1047));
#1047 = ORIENTED_EDGE('',*,*,#173,.T.);
#1048 = FACE_BOUND('',#1049,.T.);
#1049 = EDGE_LOOP('',(#1050));
#1050 = ORIENTED_EDGE('',*,*,#1051,.F.);
#1051 = EDGE_CURVE('',#1052,#1052,#1054,.T.);
#1052 = VERTEX_POINT('',#1053);
#1053 = CARTESIAN_POINT('',(12.8,-3.135095805817E-15,6.45));
#1054 = SURFACE_CURVE('',#1055,(#1060,#1067),.PCURVE_S1.);
#1055 = CIRCLE('',#1056,12.8);
#1056 = AXIS2_PLACEMENT_3D('',#1057,#1058,#1059);
#1057 = CARTESIAN_POINT('',(0.,0.,6.45));
#1058 = DIRECTION('',(0.,0.,1.));
#1059 = DIRECTION('',(1.,0.,-0.));
#1060 = PCURVE('',#188,#1061);
#1061 = DEFINITIONAL_REPRESENTATION('',(#1062),#1066);
#1062 = CIRCLE('',#1063,12.8);
#1063 = AXIS2_PLACEMENT_2D('',#1064,#1065);
#1064 = CARTESIAN_POINT('',(0.,0.));
#1065 = DIRECTION('',(1.,0.));
#1066 = ( GEOMETRIC_REPRESENTATION_CONTEXT(2) 
PARAMETRIC_REPRESENTATION_CONTEXT() REPRESENTATION_CONTEXT('2D SPACE',''
  ) );
#1067 = PCURVE('',#1068,#1073);
#1068 = CYLINDRICAL_SURFACE('',#1069,12.8);
#1069 = AXIS2_PLACEMENT_3D('',#1070,#1071,#1072);
#1070 = CARTESIAN_POINT('',(0.,0.,0.));
#1071 = DIRECTION('',(0.,0.,1.));
#1072 = DIRECTION('',(1.,0.,-0.));
#1073 = DEFINITIONAL_REPRESENTATION('',(#1074),#1078);
#1074 = LINE('',#1075,#1076);
#1075 = CARTESIAN_POINT('',(0.,6.45));
#1076 = VECTOR('',#1077,1.);
#1077 = DIRECTION('',(1.,0.));
#1078 = ( GEOMETRIC_REPRESENTATION_CONTEXT(2) 
PARAMETRIC_REPRESENTATION_CONTEXT() REPRESENTATION_CONTEXT('2D SPACE',''
  ) );
#1079 = ADVANCED_FACE('',(#1080),#470,.F.);
#1080 = FACE_BOUND('',#1081,.F.);
#1081 = EDGE_LOOP('',(#1082,#1083,#1104,#1142));
#1082 = ORIENTED_EDGE('',*,*,#430,.F.);
#1083 = ORIENTED_EDGE('',*,*,#1084,.T.);
#1084 = EDGE_CURVE('',#431,#1085,#1087,.T.);
#1085 = VERTEX_POINT('',#1086);
#1086 = CARTESIAN_POINT('',(-4.719877977894,12.967758166846,1.68));
#1087 = SURFACE_CURVE('',#1088,(#1091,#1098),.PCURVE_S1.);
#1088 = B_SPLINE_CURVE_WITH_KNOTS('',1,(#1089,#1090),.UNSPECIFIED.,.F.,
  .F.,(2,2),(0.,0.4),.PIECEWISE_BEZIER_KNOTS.);
#1089 = CARTESIAN_POINT('',(-4.583069920564,12.591881118531,1.68));
#1090 = CARTESIAN_POINT('',(-4.719877977894,12.967758166846,1.68));
#1091 = PCURVE('',#470,#1092);
#1092 = DEFINITIONAL_REPRESENTATION('',(#1093),#1097);
#1093 = LINE('',#1094,#1095);
#1094 = CARTESIAN_POINT('',(0.,0.));
#1095 = VECTOR('',#1096,1.);
#1096 = DIRECTION('',(1.,0.));
#1097 = ( GEOMETRIC_REPRESENTATION_CONTEXT(2) 
PARAMETRIC_REPRESENTATION_CONTEXT() REPRESENTATION_CONTEXT('2D SPACE',''
  ) );
#1098 = PCURVE('',#521,#1099);
#1099 = DEFINITIONAL_REPRESENTATION('',(#1100),#1103);
#1100 = B_SPLINE_CURVE_WITH_KNOTS('',1,(#1101,#1102),.UNSPECIFIED.,.F.,
  .F.,(2,2),(0.,0.4),.PIECEWISE_BEZIER_KNOTS.);
#1101 = CARTESIAN_POINT('',(1.11604427715,-0.484697820315));
#1102 = CARTESIAN_POINT('',(1.11604427715,-8.469782031511E-02));
#1103 = ( GEOMETRIC_REPRESENTATION_CONTEXT(2) 
PARAMETRIC_REPRESENTATION_CONTEXT() REPRESENTATION_CONTEXT('2D SPACE',''
  ) );
#1104 = ORIENTED_EDGE('',*,*,#1105,.T.);
#1105 = EDGE_CURVE('',#1085,#1106,#1108,.T.);
#1106 = VERTEX_POINT('',#1107);
#1107 = CARTESIAN_POINT('',(-8.870469013887,10.571413314863,
    1.919999994306));
#1108 = SURFACE_CURVE('',#1109,(#1116,#1123),.PCURVE_S1.);
#1109 = B_SPLINE_CURVE_WITH_KNOTS('',5,(#1110,#1111,#1112,#1113,#1114,
    #1115),.UNSPECIFIED.,.F.,.F.,(6,6),(0.,0.423611812766),
  .PIECEWISE_BEZIER_KNOTS.);
#1110 = CARTESIAN_POINT('',(-4.719877977894,12.967758166846,1.68));
#1111 = CARTESIAN_POINT('',(-5.625198285675,12.638248522336,
    1.727999984334));
#1112 = CARTESIAN_POINT('',(-6.501763430402,12.229734787743,
    1.776000021055));
#1113 = CARTESIAN_POINT('',(-7.340379292767,11.745559693848,
    1.823999973251));
#1114 = CARTESIAN_POINT('',(-8.132445137072,11.190688877724,
    1.872000009972));
#1115 = CARTESIAN_POINT('',(-8.870469013887,10.571413314863,
    1.919999994306));
#1116 = PCURVE('',#470,#1117);
#1117 = DEFINITIONAL_REPRESENTATION('',(#1118),#1122);
#1118 = LINE('',#1119,#1120);
#1119 = CARTESIAN_POINT('',(0.4,0.));
#1120 = VECTOR('',#1121,1.);
#1121 = DIRECTION('',(0.,1.));
#1122 = ( GEOMETRIC_REPRESENTATION_CONTEXT(2) 
PARAMETRIC_REPRESENTATION_CONTEXT() REPRESENTATION_CONTEXT('2D SPACE',''
  ) );
#1123 = PCURVE('',#1124,#1137);
#1124 = B_SPLINE_SURFACE_WITH_KNOTS('',1,5,(
    (#1125,#1126,#1127,#1128,#1129,#1130)
    ,(#1131,#1132,#1133,#1134,#1135,#1136
    )),.UNSPECIFIED.,.F.,.F.,.F.,(2,2),(6,6),(0.,1.089006678802),(0.,
    0.423611812766),.PIECEWISE_BEZIER_KNOTS.);
#1125 = CARTESIAN_POINT('',(-4.719877977894,12.967758166846,1.68));
#1126 = CARTESIAN_POINT('',(-5.625198285675,12.638248522336,
    1.727999984334));
#1127 = CARTESIAN_POINT('',(-6.501763430402,12.229734787743,
    1.776000021055));
#1128 = CARTESIAN_POINT('',(-7.340379292767,11.745559693848,
    1.823999973251));
#1129 = CARTESIAN_POINT('',(-8.132445137072,11.190688877724,
    1.872000009972));
#1130 = CARTESIAN_POINT('',(-8.870469013887,10.571413314863,
    1.919999994306));
#1131 = CARTESIAN_POINT('',(-4.921111774478,13.639439495494,
    2.513237480154));
#1132 = CARTESIAN_POINT('',(-5.873324266536,13.295881041966,
    2.561237501015));
#1133 = CARTESIAN_POINT('',(-6.795555672464,12.869226515285,
    2.609237452212));
#1134 = CARTESIAN_POINT('',(-7.678135465335,12.36296080786,
    2.657237515951));
#1135 = CARTESIAN_POINT('',(-8.512012320491,11.782276475815,
    2.705237466831));
#1136 = CARTESIAN_POINT('',(-9.289295461197,11.133761279238,
    2.753237487746));
#1137 = DEFINITIONAL_REPRESENTATION('',(#1138),#1141);
#1138 = B_SPLINE_CURVE_WITH_KNOTS('',1,(#1139,#1140),.UNSPECIFIED.,.F.,
  .F.,(2,2),(0.,0.423611812766),.PIECEWISE_BEZIER_KNOTS.);
#1139 = CARTESIAN_POINT('',(0.,0.));
#1140 = CARTESIAN_POINT('',(0.,0.423611812766));
#1141 = ( GEOMETRIC_REPRESENTATION_CONTEXT(2) 
PARAMETRIC_REPRESENTATION_CONTEXT() REPRESENTATION_CONTEXT('2D SPACE',''
  ) );
#1142 = ORIENTED_EDGE('',*,*,#1143,.F.);
#1143 = EDGE_CURVE('',#433,#1106,#1144,.T.);
#1144 = SURFACE_CURVE('',#1145,(#1148,#1155),.PCURVE_S1.);
#1145 = B_SPLINE_CURVE_WITH_KNOTS('',1,(#1146,#1147),.UNSPECIFIED.,.F.,
  .F.,(2,2),(0.,0.4),.PIECEWISE_BEZIER_KNOTS.);
#1146 = CARTESIAN_POINT('',(-8.613353970296,10.264995537378,
    1.919999986714));
#1147 = CARTESIAN_POINT('',(-8.870469013887,10.571413314863,
    1.919999994306));
#1148 = PCURVE('',#470,#1149);
#1149 = DEFINITIONAL_REPRESENTATION('',(#1150),#1154);
#1150 = LINE('',#1151,#1152);
#1151 = CARTESIAN_POINT('',(0.,0.423611812766));
#1152 = VECTOR('',#1153,1.);
#1153 = DIRECTION('',(1.,0.));
#1154 = ( GEOMETRIC_REPRESENTATION_CONTEXT(2) 
PARAMETRIC_REPRESENTATION_CONTEXT() REPRESENTATION_CONTEXT('2D SPACE',''
  ) );
#1155 = PCURVE('',#580,#1156);
#1156 = DEFINITIONAL_REPRESENTATION('',(#1157),#1160);
#1157 = B_SPLINE_CURVE_WITH_KNOTS('',1,(#1158,#1159),.UNSPECIFIED.,.F.,
  .F.,(2,2),(0.,0.4),.PIECEWISE_BEZIER_KNOTS.);
#1158 = CARTESIAN_POINT('',(0.484697799108,1.11604428636));
#1159 = CARTESIAN_POINT('',(8.469779910787E-02,1.116044278759));
#1160 = ( GEOMETRIC_REPRESENTATION_CONTEXT(2) 
PARAMETRIC_REPRESENTATION_CONTEXT() REPRESENTATION_CONTEXT('2D SPACE',''
  ) );
#1161 = ADVANCED_FACE('',(#1162),#580,.F.);
#1162 = FACE_BOUND('',#1163,.F.);
#1163 = EDGE_LOOP('',(#1164,#1185,#1186,#1187,#1208));
#1164 = ORIENTED_EDGE('',*,*,#1165,.T.);
#1165 = EDGE_CURVE('',#1166,#534,#1168,.T.);
#1166 = VERTEX_POINT('',#1167);
#1167 = CARTESIAN_POINT('',(-9.276342441819,11.144630144408,3.1));
#1168 = SURFACE_CURVE('',#1169,(#1173,#1179),.PCURVE_S1.);
#1169 = LINE('',#1170,#1171);
#1170 = CARTESIAN_POINT('',(-4.418377970548,5.355133533077,3.1));
#1171 = VECTOR('',#1172,1.);
#1172 = DIRECTION('',(0.642787609687,-0.766044443119,0.));
#1173 = PCURVE('',#580,#1174);
#1174 = DEFINITIONAL_REPRESENTATION('',(#1175),#1178);
#1175 = B_SPLINE_CURVE_WITH_KNOTS('',1,(#1176,#1177),.UNSPECIFIED.,.F.,
  .F.,(2,2),(-7.557651084594,-6.457651061682),.PIECEWISE_BEZIER_KNOTS.);
#1176 = CARTESIAN_POINT('',(-0.61530218504,-6.535777729165E-02));
#1177 = CARTESIAN_POINT('',(0.484697837872,-6.535777729165E-02));
#1178 = ( GEOMETRIC_REPRESENTATION_CONTEXT(2) 
PARAMETRIC_REPRESENTATION_CONTEXT() REPRESENTATION_CONTEXT('2D SPACE',''
  ) );
#1179 = PCURVE('',#550,#1180);
#1180 = DEFINITIONAL_REPRESENTATION('',(#1181),#1184);
#1181 = B_SPLINE_CURVE_WITH_KNOTS('',1,(#1182,#1183),.UNSPECIFIED.,.F.,
  .F.,(2,2),(-7.557651084594,-6.457651061682),.PIECEWISE_BEZIER_KNOTS.);
#1182 = CARTESIAN_POINT('',(-9.276342446059,11.144630149462));
#1183 = CARTESIAN_POINT('',(-8.569276060676,10.301981244479));
#1184 = ( GEOMETRIC_REPRESENTATION_CONTEXT(2) 
PARAMETRIC_REPRESENTATION_CONTEXT() REPRESENTATION_CONTEXT('2D SPACE',''
  ) );
#1185 = ORIENTED_EDGE('',*,*,#562,.F.);
#1186 = ORIENTED_EDGE('',*,*,#1143,.T.);
#1187 = ORIENTED_EDGE('',*,*,#1188,.T.);
#1188 = EDGE_CURVE('',#1106,#1189,#1191,.T.);
#1189 = VERTEX_POINT('',#1190);
#1190 = CARTESIAN_POINT('',(-9.289295461197,11.133761279238,
    2.753237487746));
#1191 = SURFACE_CURVE('',#1192,(#1195,#1201),.PCURVE_S1.);
#1192 = B_SPLINE_CURVE_WITH_KNOTS('',1,(#1193,#1194),.UNSPECIFIED.,.F.,
  .F.,(2,2),(0.,1.089006678802),.PIECEWISE_BEZIER_KNOTS.);
#1193 = CARTESIAN_POINT('',(-8.870469013887,10.571413314863,
    1.919999994306));
#1194 = CARTESIAN_POINT('',(-9.289295461197,11.133761279238,
    2.753237487746));
#1195 = PCURVE('',#580,#1196);
#1196 = DEFINITIONAL_REPRESENTATION('',(#1197),#1200);
#1197 = B_SPLINE_CURVE_WITH_KNOTS('',1,(#1198,#1199),.UNSPECIFIED.,.F.,
  .F.,(2,2),(0.,1.089006678802),.PIECEWISE_BEZIER_KNOTS.);
#1198 = CARTESIAN_POINT('',(8.469779910787E-02,1.116044278759));
#1199 = CARTESIAN_POINT('',(-0.61530218504,0.281816750642));
#1200 = ( GEOMETRIC_REPRESENTATION_CONTEXT(2) 
PARAMETRIC_REPRESENTATION_CONTEXT() REPRESENTATION_CONTEXT('2D SPACE',''
  ) );
#1201 = PCURVE('',#1124,#1202);
#1202 = DEFINITIONAL_REPRESENTATION('',(#1203),#1207);
#1203 = LINE('',#1204,#1205);
#1204 = CARTESIAN_POINT('',(0.,0.423611812766));
#1205 = VECTOR('',#1206,1.);
#1206 = DIRECTION('',(1.,0.));
#1207 = ( GEOMETRIC_REPRESENTATION_CONTEXT(2) 
PARAMETRIC_REPRESENTATION_CONTEXT() REPRESENTATION_CONTEXT('2D SPACE',''
  ) );
#1208 = ORIENTED_EDGE('',*,*,#1209,.T.);
#1209 = EDGE_CURVE('',#1189,#1166,#1210,.T.);
#1210 = SURFACE_CURVE('',#1211,(#1214,#1220),.PCURVE_S1.);
#1211 = B_SPLINE_CURVE_WITH_KNOTS('',1,(#1212,#1213),.UNSPECIFIED.,.F.,
  .F.,(2,2),(0.,1.205772485184),.PIECEWISE_BEZIER_KNOTS.);
#1212 = CARTESIAN_POINT('',(-9.289295461197,11.133761279238,
    2.753237487746));
#1213 = CARTESIAN_POINT('',(-9.244308306007,11.171509954655,
    3.957579000524));
#1214 = PCURVE('',#580,#1215);
#1215 = DEFINITIONAL_REPRESENTATION('',(#1216),#1219);
#1216 = B_SPLINE_CURVE_WITH_KNOTS('',1,(#1217,#1218),.UNSPECIFIED.,.F.,
  .F.,(2,2),(0.,1.205772485184),.PIECEWISE_BEZIER_KNOTS.);
#1217 = CARTESIAN_POINT('',(-0.61530218504,0.281816750642));
#1218 = CARTESIAN_POINT('',(-0.615302162128,-0.923955734542));
#1219 = ( GEOMETRIC_REPRESENTATION_CONTEXT(2) 
PARAMETRIC_REPRESENTATION_CONTEXT() REPRESENTATION_CONTEXT('2D SPACE',''
  ) );
#1220 = PCURVE('',#1221,#1234);
#1221 = B_SPLINE_SURFACE_WITH_KNOTS('',1,5,(
    (#1222,#1223,#1224,#1225,#1226,#1227)
    ,(#1228,#1229,#1230,#1231,#1232,#1233
    )),.UNSPECIFIED.,.F.,.F.,.F.,(2,2),(6,6),(0.,1.205772485184),(0.,
    0.423611812766),.PIECEWISE_BEZIER_KNOTS.);
#1222 = CARTESIAN_POINT('',(-4.921111774478,13.639439495494,
    2.513237480154));
#1223 = CARTESIAN_POINT('',(-5.873324266536,13.295881041966,
    2.561237501015));
#1224 = CARTESIAN_POINT('',(-6.795555672464,12.869226515285,
    2.609237452212));
#1225 = CARTESIAN_POINT('',(-7.678135465335,12.36296080786,
    2.657237515951));
#1226 = CARTESIAN_POINT('',(-8.512012320491,11.782276475815,
    2.705237466831));
#1227 = CARTESIAN_POINT('',(-9.289295461197,11.133761279238,
    2.753237487746));
#1228 = CARTESIAN_POINT('',(-4.865926877176,13.659525155493,
    3.717578992932));
#1229 = CARTESIAN_POINT('',(-5.819541590478,13.319819275502,
    3.765579013754));
#1230 = CARTESIAN_POINT('',(-6.74351149055,12.896895154557,
    3.813578965179));
#1231 = CARTESIAN_POINT('',(-7.628151617693,12.394198052379,
    3.861579028918));
#1232 = CARTESIAN_POINT('',(-8.464389850596,11.816884504217,
    3.90957897957));
#1233 = CARTESIAN_POINT('',(-9.244308306007,11.171509954655,
    3.957579000524));
#1234 = DEFINITIONAL_REPRESENTATION('',(#1235),#1239);
#1235 = LINE('',#1236,#1237);
#1236 = CARTESIAN_POINT('',(0.,0.423611812766));
#1237 = VECTOR('',#1238,1.);
#1238 = DIRECTION('',(1.,0.));
#1239 = ( GEOMETRIC_REPRESENTATION_CONTEXT(2) 
PARAMETRIC_REPRESENTATION_CONTEXT() REPRESENTATION_CONTEXT('2D SPACE',''
  ) );
#1240 = ADVANCED_FACE('',(#1241),#550,.T.);
#1241 = FACE_BOUND('',#1242,.T.);
#1242 = EDGE_LOOP('',(#1243,#1264,#1318,#1319));
#1243 = ORIENTED_EDGE('',*,*,#1244,.F.);
#1244 = EDGE_CURVE('',#1245,#502,#1247,.T.);
#1245 = VERTEX_POINT('',#1246);
#1246 = CARTESIAN_POINT('',(-4.894225356419,13.649225351373,3.1));
#1247 = SURFACE_CURVE('',#1248,(#1252,#1258),.PCURVE_S1.);
#1248 = LINE('',#1249,#1250);
#1249 = CARTESIAN_POINT('',(-2.309356447466,6.547356391774,3.1));
#1250 = VECTOR('',#1251,1.);
#1251 = DIRECTION('',(0.342020143326,-0.939692620786,0.));
#1252 = PCURVE('',#550,#1253);
#1253 = DEFINITIONAL_REPRESENTATION('',(#1254),#1257);
#1254 = B_SPLINE_CURVE_WITH_KNOTS('',1,(#1255,#1256),.UNSPECIFIED.,.F.,
  .F.,(2,2),(-7.557651089842,-6.457651089842),.PIECEWISE_BEZIER_KNOTS.);
#1255 = CARTESIAN_POINT('',(-4.894225356419,13.649225351373));
#1256 = CARTESIAN_POINT('',(-4.518003198761,12.615563468509));
#1257 = ( GEOMETRIC_REPRESENTATION_CONTEXT(2) 
PARAMETRIC_REPRESENTATION_CONTEXT() REPRESENTATION_CONTEXT('2D SPACE',''
  ) );
#1258 = PCURVE('',#521,#1259);
#1259 = DEFINITIONAL_REPRESENTATION('',(#1260),#1263);
#1260 = B_SPLINE_CURVE_WITH_KNOTS('',1,(#1261,#1262),.UNSPECIFIED.,.F.,
  .F.,(2,2),(-7.557651089842,-6.457651089842),.PIECEWISE_BEZIER_KNOTS.);
#1261 = CARTESIAN_POINT('',(-0.305642935984,0.615302179685));
#1262 = CARTESIAN_POINT('',(-0.305642935984,-0.484697820315));
#1263 = ( GEOMETRIC_REPRESENTATION_CONTEXT(2) 
PARAMETRIC_REPRESENTATION_CONTEXT() REPRESENTATION_CONTEXT('2D SPACE',''
  ) );
#1264 = ORIENTED_EDGE('',*,*,#1265,.T.);
#1265 = EDGE_CURVE('',#1245,#1166,#1266,.T.);
#1266 = SURFACE_CURVE('',#1267,(#1282,#1300),.PCURVE_S1.);
#1267 = B_SPLINE_CURVE_WITH_KNOTS('',4,(#1268,#1269,#1270,#1271,#1272,
    #1273,#1274,#1275,#1276,#1277,#1278,#1279,#1280,#1281),
  .UNSPECIFIED.,.F.,.F.,(5,3,3,3,5),(0.,0.250000329045,0.50000043261,
    0.750000321464,1.),.UNSPECIFIED.);
#1268 = CARTESIAN_POINT('',(-4.894225356419,13.649225351373,3.1));
#1269 = CARTESIAN_POINT('',(-5.192692416878,13.542199787532,3.1));
#1270 = CARTESIAN_POINT('',(-5.488039128157,13.426472137151,3.1));
#1271 = CARTESIAN_POINT('',(-5.779884555901,13.302178866843,3.1));
#1272 = CARTESIAN_POINT('',(-6.355837623118,13.036800037825,3.1));
#1273 = CARTESIAN_POINT('',(-6.639945408058,12.895714420288,3.1));
#1274 = CARTESIAN_POINT('',(-6.919817106514,12.746401942783,3.1));
#1275 = CARTESIAN_POINT('',(-7.470385497689,12.431724982,3.1));
#1276 = CARTESIAN_POINT('',(-7.741082332045,12.266360435557,3.1));
#1277 = CARTESIAN_POINT('',(-8.006840622442,12.093170536518,3.1));
#1278 = CARTESIAN_POINT('',(-8.527814950067,11.731601450774,3.1));
#1279 = CARTESIAN_POINT('',(-8.783031129389,11.54322219466,3.1));
#1280 = CARTESIAN_POINT('',(-9.032643945564,11.347478784277,3.1));
#1281 = CARTESIAN_POINT('',(-9.276342441819,11.144630144408,3.1));
#1282 = PCURVE('',#550,#1283);
#1283 = DEFINITIONAL_REPRESENTATION('',(#1284),#1299);
#1284 = B_SPLINE_CURVE_WITH_KNOTS('',4,(#1285,#1286,#1287,#1288,#1289,
    #1290,#1291,#1292,#1293,#1294,#1295,#1296,#1297,#1298),
  .UNSPECIFIED.,.F.,.F.,(5,3,3,3,5),(0.,0.250000329045,0.50000043261,
    0.750000321464,1.),.UNSPECIFIED.);
#1285 = CARTESIAN_POINT('',(-4.894225356419,13.649225351373));
#1286 = CARTESIAN_POINT('',(-5.192692416878,13.542199787532));
#1287 = CARTESIAN_POINT('',(-5.488039128157,13.426472137151));
#1288 = CARTESIAN_POINT('',(-5.779884555901,13.302178866843));
#1289 = CARTESIAN_POINT('',(-6.355837623118,13.036800037825));
#1290 = CARTESIAN_POINT('',(-6.639945408058,12.895714420288));
#1291 = CARTESIAN_POINT('',(-6.919817106514,12.746401942783));
#1292 = CARTESIAN_POINT('',(-7.470385497689,12.431724982));
#1293 = CARTESIAN_POINT('',(-7.741082332045,12.266360435557));
#1294 = CARTESIAN_POINT('',(-8.006840622442,12.093170536518));
#1295 = CARTESIAN_POINT('',(-8.527814950067,11.731601450774));
#1296 = CARTESIAN_POINT('',(-8.783031129389,11.54322219466));
#1297 = CARTESIAN_POINT('',(-9.032643945564,11.347478784277));
#1298 = CARTESIAN_POINT('',(-9.276342441819,11.144630144408));
#1299 = ( GEOMETRIC_REPRESENTATION_CONTEXT(2) 
PARAMETRIC_REPRESENTATION_CONTEXT() REPRESENTATION_CONTEXT('2D SPACE',''
  ) );
#1300 = PCURVE('',#1221,#1301);
#1301 = DEFINITIONAL_REPRESENTATION('',(#1302),#1317);
#1302 = B_SPLINE_CURVE_WITH_KNOTS('',4,(#1303,#1304,#1305,#1306,#1307,
    #1308,#1309,#1310,#1311,#1312,#1313,#1314,#1315,#1316),
  .UNSPECIFIED.,.F.,.F.,(5,3,3,3,5),(0.,0.250000329045,0.50000043261,
    0.750000321464,1.),.UNSPECIFIED.);
#1303 = CARTESIAN_POINT('',(0.587459698317,0.));
#1304 = CARTESIAN_POINT('',(0.572441877122,2.647572419485E-02));
#1305 = CARTESIAN_POINT('',(0.557424057043,5.295145908861E-02));
#1306 = CARTESIAN_POINT('',(0.542406232063,7.942720344909E-02));
#1307 = CARTESIAN_POINT('',(0.512370588959,0.132378679106));
#1308 = CARTESIAN_POINT('',(0.497352768137,0.158854414924));
#1309 = CARTESIAN_POINT('',(0.482334942061,0.185330157963));
#1310 = CARTESIAN_POINT('',(0.452299296835,0.238281632105));
#1311 = CARTESIAN_POINT('',(0.437281475123,0.264757367492));
#1312 = CARTESIAN_POINT('',(0.422263650095,0.291233110808));
#1313 = CARTESIAN_POINT('',(0.392228007286,0.344184586119));
#1314 = CARTESIAN_POINT('',(0.377210186831,0.370660322594));
#1315 = CARTESIAN_POINT('',(0.362192362332,0.397136065341));
#1316 = CARTESIAN_POINT('',(0.347174527933,0.423611812766));
#1317 = ( GEOMETRIC_REPRESENTATION_CONTEXT(2) 
PARAMETRIC_REPRESENTATION_CONTEXT() REPRESENTATION_CONTEXT('2D SPACE',''
  ) );
#1318 = ORIENTED_EDGE('',*,*,#1165,.T.);
#1319 = ORIENTED_EDGE('',*,*,#533,.F.);
#1320 = ADVANCED_FACE('',(#1321),#521,.T.);
#1321 = FACE_BOUND('',#1322,.T.);
#1322 = EDGE_LOOP('',(#1323,#1324,#1325,#1326,#1347));
#1323 = ORIENTED_EDGE('',*,*,#1244,.T.);
#1324 = ORIENTED_EDGE('',*,*,#501,.F.);
#1325 = ORIENTED_EDGE('',*,*,#1084,.T.);
#1326 = ORIENTED_EDGE('',*,*,#1327,.T.);
#1327 = EDGE_CURVE('',#1085,#1328,#1330,.T.);
#1328 = VERTEX_POINT('',#1329);
#1329 = CARTESIAN_POINT('',(-4.921111774478,13.639439495494,
    2.513237480154));
#1330 = SURFACE_CURVE('',#1331,(#1334,#1340),.PCURVE_S1.);
#1331 = B_SPLINE_CURVE_WITH_KNOTS('',1,(#1332,#1333),.UNSPECIFIED.,.F.,
  .F.,(2,2),(0.,1.089006678802),.PIECEWISE_BEZIER_KNOTS.);
#1332 = CARTESIAN_POINT('',(-4.719877977894,12.967758166846,1.68));
#1333 = CARTESIAN_POINT('',(-4.921111774478,13.639439495494,
    2.513237480154));
#1334 = PCURVE('',#521,#1335);
#1335 = DEFINITIONAL_REPRESENTATION('',(#1336),#1339);
#1336 = B_SPLINE_CURVE_WITH_KNOTS('',1,(#1337,#1338),.UNSPECIFIED.,.F.,
  .F.,(2,2),(0.,1.089006678802),.PIECEWISE_BEZIER_KNOTS.);
#1337 = CARTESIAN_POINT('',(1.11604427715,-8.469782031511E-02));
#1338 = CARTESIAN_POINT('',(0.281816762334,0.615302179685));
#1339 = ( GEOMETRIC_REPRESENTATION_CONTEXT(2) 
PARAMETRIC_REPRESENTATION_CONTEXT() REPRESENTATION_CONTEXT('2D SPACE',''
  ) );
#1340 = PCURVE('',#1124,#1341);
#1341 = DEFINITIONAL_REPRESENTATION('',(#1342),#1346);
#1342 = LINE('',#1343,#1344);
#1343 = CARTESIAN_POINT('',(0.,0.));
#1344 = VECTOR('',#1345,1.);
#1345 = DIRECTION('',(1.,0.));
#1346 = ( GEOMETRIC_REPRESENTATION_CONTEXT(2) 
PARAMETRIC_REPRESENTATION_CONTEXT() REPRESENTATION_CONTEXT('2D SPACE',''
  ) );
#1347 = ORIENTED_EDGE('',*,*,#1348,.T.);
#1348 = EDGE_CURVE('',#1328,#1245,#1349,.T.);
#1349 = SURFACE_CURVE('',#1350,(#1353,#1359),.PCURVE_S1.);
#1350 = B_SPLINE_CURVE_WITH_KNOTS('',1,(#1351,#1352),.UNSPECIFIED.,.F.,
  .F.,(2,2),(0.,1.205772485184),.PIECEWISE_BEZIER_KNOTS.);
#1351 = CARTESIAN_POINT('',(-4.921111774478,13.639439495494,
    2.513237480154));
#1352 = CARTESIAN_POINT('',(-4.865926877176,13.659525155493,
    3.717578992932));
#1353 = PCURVE('',#521,#1354);
#1354 = DEFINITIONAL_REPRESENTATION('',(#1355),#1358);
#1355 = B_SPLINE_CURVE_WITH_KNOTS('',1,(#1356,#1357),.UNSPECIFIED.,.F.,
  .F.,(2,2),(0.,1.205772485184),.PIECEWISE_BEZIER_KNOTS.);
#1356 = CARTESIAN_POINT('',(0.281816762334,0.615302179685));
#1357 = CARTESIAN_POINT('',(-0.92395572285,0.615302179685));
#1358 = ( GEOMETRIC_REPRESENTATION_CONTEXT(2) 
PARAMETRIC_REPRESENTATION_CONTEXT() REPRESENTATION_CONTEXT('2D SPACE',''
  ) );
#1359 = PCURVE('',#1221,#1360);
#1360 = DEFINITIONAL_REPRESENTATION('',(#1361),#1365);
#1361 = LINE('',#1362,#1363);
#1362 = CARTESIAN_POINT('',(0.,0.));
#1363 = VECTOR('',#1364,1.);
#1364 = DIRECTION('',(1.,0.));
#1365 = ( GEOMETRIC_REPRESENTATION_CONTEXT(2) 
PARAMETRIC_REPRESENTATION_CONTEXT() REPRESENTATION_CONTEXT('2D SPACE',''
  ) );
#1366 = ADVANCED_FACE('',(#1367),#634,.F.);
#1367 = FACE_BOUND('',#1368,.F.);
#1368 = EDGE_LOOP('',(#1369,#1370,#1391,#1429));
#1369 = ORIENTED_EDGE('',*,*,#594,.F.);
#1370 = ORIENTED_EDGE('',*,*,#1371,.T.);
#1371 = EDGE_CURVE('',#595,#1372,#1374,.T.);
#1372 = VERTEX_POINT('',#1373);
#1373 = CARTESIAN_POINT('',(-8.870469013674,-10.57141331504,1.68));
#1374 = SURFACE_CURVE('',#1375,(#1378,#1385),.PCURVE_S1.);
#1375 = B_SPLINE_CURVE_WITH_KNOTS('',1,(#1376,#1377),.UNSPECIFIED.,.F.,
  .F.,(2,2),(0.,0.4),.PIECEWISE_BEZIER_KNOTS.);
#1376 = CARTESIAN_POINT('',(-8.6133539698,-10.26499553779,1.68));
#1377 = CARTESIAN_POINT('',(-8.870469013674,-10.57141331504,1.68));
#1378 = PCURVE('',#634,#1379);
#1379 = DEFINITIONAL_REPRESENTATION('',(#1380),#1384);
#1380 = LINE('',#1381,#1382);
#1381 = CARTESIAN_POINT('',(0.,0.));
#1382 = VECTOR('',#1383,1.);
#1383 = DIRECTION('',(1.,0.));
#1384 = ( GEOMETRIC_REPRESENTATION_CONTEXT(2) 
PARAMETRIC_REPRESENTATION_CONTEXT() REPRESENTATION_CONTEXT('2D SPACE',''
  ) );
#1385 = PCURVE('',#685,#1386);
#1386 = DEFINITIONAL_REPRESENTATION('',(#1387),#1390);
#1387 = B_SPLINE_CURVE_WITH_KNOTS('',1,(#1388,#1389),.UNSPECIFIED.,.F.,
  .F.,(2,2),(0.,0.4),.PIECEWISE_BEZIER_KNOTS.);
#1388 = CARTESIAN_POINT('',(1.11604427715,-0.484697820315));
#1389 = CARTESIAN_POINT('',(1.11604427715,-8.469782031511E-02));
#1390 = ( GEOMETRIC_REPRESENTATION_CONTEXT(2) 
PARAMETRIC_REPRESENTATION_CONTEXT() REPRESENTATION_CONTEXT('2D SPACE',''
  ) );
#1391 = ORIENTED_EDGE('',*,*,#1392,.T.);
#1392 = EDGE_CURVE('',#1372,#1393,#1395,.T.);
#1393 = VERTEX_POINT('',#1394);
#1394 = CARTESIAN_POINT('',(-4.719877977633,-12.96775816694,
    1.919999994306));
#1395 = SURFACE_CURVE('',#1396,(#1403,#1410),.PCURVE_S1.);
#1396 = B_SPLINE_CURVE_WITH_KNOTS('',5,(#1397,#1398,#1399,#1400,#1401,
    #1402),.UNSPECIFIED.,.F.,.F.,(6,6),(0.,0.423611812766),
  .PIECEWISE_BEZIER_KNOTS.);
#1397 = CARTESIAN_POINT('',(-8.870469013674,-10.57141331504,1.68));
#1398 = CARTESIAN_POINT('',(-8.132445136847,-11.19068887788,
    1.727999984334));
#1399 = CARTESIAN_POINT('',(-7.340379292531,-11.74555969399,
    1.776000021055));
#1400 = CARTESIAN_POINT('',(-6.501763430156,-12.22973478787,
    1.823999973251));
#1401 = CARTESIAN_POINT('',(-5.625198285421,-12.63824852245,
    1.872000009972));
#1402 = CARTESIAN_POINT('',(-4.719877977633,-12.96775816694,
    1.919999994306));
#1403 = PCURVE('',#634,#1404);
#1404 = DEFINITIONAL_REPRESENTATION('',(#1405),#1409);
#1405 = LINE('',#1406,#1407);
#1406 = CARTESIAN_POINT('',(0.4,0.));
#1407 = VECTOR('',#1408,1.);
#1408 = DIRECTION('',(0.,1.));
#1409 = ( GEOMETRIC_REPRESENTATION_CONTEXT(2) 
PARAMETRIC_REPRESENTATION_CONTEXT() REPRESENTATION_CONTEXT('2D SPACE',''
  ) );
#1410 = PCURVE('',#1411,#1424);
#1411 = B_SPLINE_SURFACE_WITH_KNOTS('',1,5,(
    (#1412,#1413,#1414,#1415,#1416,#1417)
    ,(#1418,#1419,#1420,#1421,#1422,#1423
    )),.UNSPECIFIED.,.F.,.F.,.F.,(2,2),(6,6),(0.,1.089006678802),(0.,
    0.423611812766),.PIECEWISE_BEZIER_KNOTS.);
#1412 = CARTESIAN_POINT('',(-8.870469013674,-10.57141331504,1.68));
#1413 = CARTESIAN_POINT('',(-8.132445136847,-11.19068887788,
    1.727999984334));
#1414 = CARTESIAN_POINT('',(-7.340379292531,-11.74555969399,
    1.776000021055));
#1415 = CARTESIAN_POINT('',(-6.501763430156,-12.22973478787,
    1.823999973251));
#1416 = CARTESIAN_POINT('',(-5.625198285421,-12.63824852245,
    1.872000009972));
#1417 = CARTESIAN_POINT('',(-4.719877977633,-12.96775816694,
    1.919999994306));
#1418 = CARTESIAN_POINT('',(-9.35154520924,-11.0815275593,2.513237480154
    ));
#1419 = CARTESIAN_POINT('',(-8.577908614771,-11.73438854046,
    2.561237501015));
#1420 = CARTESIAN_POINT('',(-7.747299253061,-12.31973710282,
    2.609237452212));
#1421 = CARTESIAN_POINT('',(-6.867570392931,-12.8309407706,
    2.657237515951));
#1422 = CARTESIAN_POINT('',(-5.947744582222,-13.26275714477,
    2.705237466831));
#1423 = CARTESIAN_POINT('',(-4.997472376893,-13.61164649227,
    2.753237487746));
#1424 = DEFINITIONAL_REPRESENTATION('',(#1425),#1428);
#1425 = B_SPLINE_CURVE_WITH_KNOTS('',1,(#1426,#1427),.UNSPECIFIED.,.F.,
  .F.,(2,2),(0.,0.423611812766),.PIECEWISE_BEZIER_KNOTS.);
#1426 = CARTESIAN_POINT('',(0.,0.));
#1427 = CARTESIAN_POINT('',(0.,0.423611812766));
#1428 = ( GEOMETRIC_REPRESENTATION_CONTEXT(2) 
PARAMETRIC_REPRESENTATION_CONTEXT() REPRESENTATION_CONTEXT('2D SPACE',''
  ) );
#1429 = ORIENTED_EDGE('',*,*,#1430,.F.);
#1430 = EDGE_CURVE('',#597,#1393,#1431,.T.);
#1431 = SURFACE_CURVE('',#1432,(#1435,#1442),.PCURVE_S1.);
#1432 = B_SPLINE_CURVE_WITH_KNOTS('',1,(#1433,#1434),.UNSPECIFIED.,.F.,
  .F.,(2,2),(0.,0.4),.PIECEWISE_BEZIER_KNOTS.);
#1433 = CARTESIAN_POINT('',(-4.583069919955,-12.59188111875,
    1.919999986714));
#1434 = CARTESIAN_POINT('',(-4.719877977633,-12.96775816694,
    1.919999994306));
#1435 = PCURVE('',#634,#1436);
#1436 = DEFINITIONAL_REPRESENTATION('',(#1437),#1441);
#1437 = LINE('',#1438,#1439);
#1438 = CARTESIAN_POINT('',(0.,0.423611812766));
#1439 = VECTOR('',#1440,1.);
#1440 = DIRECTION('',(1.,0.));
#1441 = ( GEOMETRIC_REPRESENTATION_CONTEXT(2) 
PARAMETRIC_REPRESENTATION_CONTEXT() REPRESENTATION_CONTEXT('2D SPACE',''
  ) );
#1442 = PCURVE('',#744,#1443);
#1443 = DEFINITIONAL_REPRESENTATION('',(#1444),#1447);
#1444 = B_SPLINE_CURVE_WITH_KNOTS('',1,(#1445,#1446),.UNSPECIFIED.,.F.,
  .F.,(2,2),(0.,0.4),.PIECEWISE_BEZIER_KNOTS.);
#1445 = CARTESIAN_POINT('',(0.484697799108,1.11604428636));
#1446 = CARTESIAN_POINT('',(8.469779910787E-02,1.116044278759));
#1447 = ( GEOMETRIC_REPRESENTATION_CONTEXT(2) 
PARAMETRIC_REPRESENTATION_CONTEXT() REPRESENTATION_CONTEXT('2D SPACE',''
  ) );
#1448 = ADVANCED_FACE('',(#1449),#744,.F.);
#1449 = FACE_BOUND('',#1450,.F.);
#1450 = EDGE_LOOP('',(#1451,#1472,#1473,#1474,#1495));
#1451 = ORIENTED_EDGE('',*,*,#1452,.T.);
#1452 = EDGE_CURVE('',#1453,#698,#1455,.T.);
#1453 = VERTEX_POINT('',#1454);
#1454 = CARTESIAN_POINT('',(-5.01336159993,-13.60586328102,3.1));
#1455 = SURFACE_CURVE('',#1456,(#1460,#1466),.PCURVE_S1.);
#1456 = LINE('',#1457,#1458);
#1457 = CARTESIAN_POINT('',(-2.428492695029,-6.503994332555,3.1));
#1458 = VECTOR('',#1459,1.);
#1459 = DIRECTION('',(0.342020143326,0.939692620786,-0.));
#1460 = PCURVE('',#744,#1461);
#1461 = DEFINITIONAL_REPRESENTATION('',(#1462),#1465);
#1462 = B_SPLINE_CURVE_WITH_KNOTS('',1,(#1463,#1464),.UNSPECIFIED.,.F.,
  .F.,(2,2),(-7.557651084594,-6.457651061682),.PIECEWISE_BEZIER_KNOTS.);
#1463 = CARTESIAN_POINT('',(-0.61530218504,-6.535777729165E-02));
#1464 = CARTESIAN_POINT('',(0.484697837872,-6.535777729165E-02));
#1465 = ( GEOMETRIC_REPRESENTATION_CONTEXT(2) 
PARAMETRIC_REPRESENTATION_CONTEXT() REPRESENTATION_CONTEXT('2D SPACE',''
  ) );
#1466 = PCURVE('',#714,#1467);
#1467 = DEFINITIONAL_REPRESENTATION('',(#1468),#1471);
#1468 = B_SPLINE_CURVE_WITH_KNOTS('',1,(#1469,#1470),.UNSPECIFIED.,.F.,
  .F.,(2,2),(-7.557651084594,-6.457651061682),.PIECEWISE_BEZIER_KNOTS.);
#1469 = CARTESIAN_POINT('',(-5.013361602186,-13.60586328722));
#1470 = CARTESIAN_POINT('',(-4.637139436692,-12.57220138282));
#1471 = ( GEOMETRIC_REPRESENTATION_CONTEXT(2) 
PARAMETRIC_REPRESENTATION_CONTEXT() REPRESENTATION_CONTEXT('2D SPACE',''
  ) );
#1472 = ORIENTED_EDGE('',*,*,#726,.F.);
#1473 = ORIENTED_EDGE('',*,*,#1430,.T.);
#1474 = ORIENTED_EDGE('',*,*,#1475,.T.);
#1475 = EDGE_CURVE('',#1393,#1476,#1478,.T.);
#1476 = VERTEX_POINT('',#1477);
#1477 = CARTESIAN_POINT('',(-4.997472376893,-13.61164649227,
    2.753237487746));
#1478 = SURFACE_CURVE('',#1479,(#1482,#1488),.PCURVE_S1.);
#1479 = B_SPLINE_CURVE_WITH_KNOTS('',1,(#1480,#1481),.UNSPECIFIED.,.F.,
  .F.,(2,2),(0.,1.089006678802),.PIECEWISE_BEZIER_KNOTS.);
#1480 = CARTESIAN_POINT('',(-4.719877977633,-12.96775816694,
    1.919999994306));
#1481 = CARTESIAN_POINT('',(-4.997472376893,-13.61164649227,
    2.753237487746));
#1482 = PCURVE('',#744,#1483);
#1483 = DEFINITIONAL_REPRESENTATION('',(#1484),#1487);
#1484 = B_SPLINE_CURVE_WITH_KNOTS('',1,(#1485,#1486),.UNSPECIFIED.,.F.,
  .F.,(2,2),(0.,1.089006678802),.PIECEWISE_BEZIER_KNOTS.);
#1485 = CARTESIAN_POINT('',(8.469779910787E-02,1.116044278759));
#1486 = CARTESIAN_POINT('',(-0.61530218504,0.281816750642));
#1487 = ( GEOMETRIC_REPRESENTATION_CONTEXT(2) 
PARAMETRIC_REPRESENTATION_CONTEXT() REPRESENTATION_CONTEXT('2D SPACE',''
  ) );
#1488 = PCURVE('',#1411,#1489);
#1489 = DEFINITIONAL_REPRESENTATION('',(#1490),#1494);
#1490 = LINE('',#1491,#1492);
#1491 = CARTESIAN_POINT('',(0.,0.423611812766));
#1492 = VECTOR('',#1493,1.);
#1493 = DIRECTION('',(1.,0.));
#1494 = ( GEOMETRIC_REPRESENTATION_CONTEXT(2) 
PARAMETRIC_REPRESENTATION_CONTEXT() REPRESENTATION_CONTEXT('2D SPACE',''
  ) );
#1495 = ORIENTED_EDGE('',*,*,#1496,.T.);
#1496 = EDGE_CURVE('',#1476,#1453,#1497,.T.);
#1497 = SURFACE_CURVE('',#1498,(#1501,#1507),.PCURVE_S1.);
#1498 = B_SPLINE_CURVE_WITH_KNOTS('',1,(#1499,#1500),.UNSPECIFIED.,.F.,
  .F.,(2,2),(0.,1.205772485184),.PIECEWISE_BEZIER_KNOTS.);
#1499 = CARTESIAN_POINT('',(-4.997472376893,-13.61164649227,
    2.753237487746));
#1500 = CARTESIAN_POINT('',(-5.052657266358,-13.59156081074,
    3.957579000524));
#1501 = PCURVE('',#744,#1502);
#1502 = DEFINITIONAL_REPRESENTATION('',(#1503),#1506);
#1503 = B_SPLINE_CURVE_WITH_KNOTS('',1,(#1504,#1505),.UNSPECIFIED.,.F.,
  .F.,(2,2),(0.,1.205772485184),.PIECEWISE_BEZIER_KNOTS.);
#1504 = CARTESIAN_POINT('',(-0.61530218504,0.281816750642));
#1505 = CARTESIAN_POINT('',(-0.615302162128,-0.923955734542));
#1506 = ( GEOMETRIC_REPRESENTATION_CONTEXT(2) 
PARAMETRIC_REPRESENTATION_CONTEXT() REPRESENTATION_CONTEXT('2D SPACE',''
  ) );
#1507 = PCURVE('',#1508,#1521);
#1508 = B_SPLINE_SURFACE_WITH_KNOTS('',1,5,(
    (#1509,#1510,#1511,#1512,#1513,#1514)
    ,(#1515,#1516,#1517,#1518,#1519,#1520
    )),.UNSPECIFIED.,.F.,.F.,.F.,(2,2),(6,6),(0.,1.205772485184),(0.,
    0.423611812766),.PIECEWISE_BEZIER_KNOTS.);
#1509 = CARTESIAN_POINT('',(-9.35154520924,-11.0815275593,2.513237480154
    ));
#1510 = CARTESIAN_POINT('',(-8.577908614771,-11.73438854046,
    2.561237501015));
#1511 = CARTESIAN_POINT('',(-7.747299253061,-12.31973710282,
    2.609237452212));
#1512 = CARTESIAN_POINT('',(-6.867570392931,-12.8309407706,
    2.657237515951));
#1513 = CARTESIAN_POINT('',(-5.947744582222,-13.26275714477,
    2.705237466831));
#1514 = CARTESIAN_POINT('',(-4.997472376893,-13.61164649227,
    2.753237487746));
#1515 = CARTESIAN_POINT('',(-9.396532349701,-11.04377886633,
    3.717578992932));
#1516 = CARTESIAN_POINT('',(-8.625531071164,-11.69978049348,
    3.765579013754));
#1517 = CARTESIAN_POINT('',(-7.797283088516,-12.2884998388,
    3.813578965179));
#1518 = CARTESIAN_POINT('',(-6.919614564049,-12.80327211103,
    3.861579028918));
#1519 = CARTESIAN_POINT('',(-6.00152724894,-13.23881889026,3.90957897957
    ));
#1520 = CARTESIAN_POINT('',(-5.052657266358,-13.59156081074,
    3.957579000524));
#1521 = DEFINITIONAL_REPRESENTATION('',(#1522),#1526);
#1522 = LINE('',#1523,#1524);
#1523 = CARTESIAN_POINT('',(0.,0.423611812766));
#1524 = VECTOR('',#1525,1.);
#1525 = DIRECTION('',(1.,0.));
#1526 = ( GEOMETRIC_REPRESENTATION_CONTEXT(2) 
PARAMETRIC_REPRESENTATION_CONTEXT() REPRESENTATION_CONTEXT('2D SPACE',''
  ) );
#1527 = ADVANCED_FACE('',(#1528),#714,.T.);
#1528 = FACE_BOUND('',#1529,.T.);
#1529 = EDGE_LOOP('',(#1530,#1551,#1605,#1606));
#1530 = ORIENTED_EDGE('',*,*,#1531,.F.);
#1531 = EDGE_CURVE('',#1532,#666,#1534,.T.);
#1532 = VERTEX_POINT('',#1533);
#1533 = CARTESIAN_POINT('',(-9.373463218059,-11.06313616619,3.1));
#1534 = SURFACE_CURVE('',#1535,(#1539,#1545),.PCURVE_S1.);
#1535 = LINE('',#1536,#1537);
#1536 = CARTESIAN_POINT('',(-4.515498739174,-5.273639545786,3.1));
#1537 = VECTOR('',#1538,1.);
#1538 = DIRECTION('',(0.642787609687,0.766044443119,-0.));
#1539 = PCURVE('',#714,#1540);
#1540 = DEFINITIONAL_REPRESENTATION('',(#1541),#1544);
#1541 = B_SPLINE_CURVE_WITH_KNOTS('',1,(#1542,#1543),.UNSPECIFIED.,.F.,
  .F.,(2,2),(-7.557651089842,-6.457651089842),.PIECEWISE_BEZIER_KNOTS.);
#1542 = CARTESIAN_POINT('',(-9.373463218059,-11.06313616619));
#1543 = CARTESIAN_POINT('',(-8.666396847403,-10.22048727876));
#1544 = ( GEOMETRIC_REPRESENTATION_CONTEXT(2) 
PARAMETRIC_REPRESENTATION_CONTEXT() REPRESENTATION_CONTEXT('2D SPACE',''
  ) );
#1545 = PCURVE('',#685,#1546);
#1546 = DEFINITIONAL_REPRESENTATION('',(#1547),#1550);
#1547 = B_SPLINE_CURVE_WITH_KNOTS('',1,(#1548,#1549),.UNSPECIFIED.,.F.,
  .F.,(2,2),(-7.557651089842,-6.457651089842),.PIECEWISE_BEZIER_KNOTS.);
#1548 = CARTESIAN_POINT('',(-0.305642935984,0.615302179685));
#1549 = CARTESIAN_POINT('',(-0.305642935984,-0.484697820315));
#1550 = ( GEOMETRIC_REPRESENTATION_CONTEXT(2) 
PARAMETRIC_REPRESENTATION_CONTEXT() REPRESENTATION_CONTEXT('2D SPACE',''
  ) );
#1551 = ORIENTED_EDGE('',*,*,#1552,.T.);
#1552 = EDGE_CURVE('',#1532,#1453,#1553,.T.);
#1553 = SURFACE_CURVE('',#1554,(#1569,#1587),.PCURVE_S1.);
#1554 = B_SPLINE_CURVE_WITH_KNOTS('',4,(#1555,#1556,#1557,#1558,#1559,
    #1560,#1561,#1562,#1563,#1564,#1565,#1566,#1567,#1568),
  .UNSPECIFIED.,.F.,.F.,(5,3,3,3,5),(0.,0.250000329045,0.50000043261,
    0.750000321464,1.),.UNSPECIFIED.);
#1555 = CARTESIAN_POINT('',(-9.373463218059,-11.06313616619,3.1));
#1556 = CARTESIAN_POINT('',(-9.131542830688,-11.26810344082,3.1));
#1557 = CARTESIAN_POINT('',(-8.883646389899,-11.46601737052,3.1));
#1558 = CARTESIAN_POINT('',(-8.63008254642,-11.65661628977,3.1));
#1559 = CARTESIAN_POINT('',(-8.112281205255,-12.02271686286,3.1));
#1560 = CARTESIAN_POINT('',(-7.84804358389,-12.19821861326,3.1));
#1561 = CARTESIAN_POINT('',(-7.57879933604,-12.36593837517,3.1));
#1562 = CARTESIAN_POINT('',(-7.030996898429,-12.68540610806,3.1));
#1563 = CARTESIAN_POINT('',(-6.752438583146,-12.83715417011,3.1));
#1564 = CARTESIAN_POINT('',(-6.469572585701,-12.98071265134,3.1));
#1565 = CARTESIAN_POINT('',(-5.895957408411,-13.25110511091,3.1));
#1566 = CARTESIAN_POINT('',(-5.60520809741,-13.37793917761,3.1));
#1567 = CARTESIAN_POINT('',(-5.310882923307,-13.49623851233,3.1));
#1568 = CARTESIAN_POINT('',(-5.01336159993,-13.60586328102,3.1));
#1569 = PCURVE('',#714,#1570);
#1570 = DEFINITIONAL_REPRESENTATION('',(#1571),#1586);
#1571 = B_SPLINE_CURVE_WITH_KNOTS('',4,(#1572,#1573,#1574,#1575,#1576,
    #1577,#1578,#1579,#1580,#1581,#1582,#1583,#1584,#1585),
  .UNSPECIFIED.,.F.,.F.,(5,3,3,3,5),(0.,0.250000329045,0.50000043261,
    0.750000321464,1.),.UNSPECIFIED.);
#1572 = CARTESIAN_POINT('',(-9.373463218059,-11.06313616619));
#1573 = CARTESIAN_POINT('',(-9.131542830688,-11.26810344082));
#1574 = CARTESIAN_POINT('',(-8.883646389899,-11.46601737052));
#1575 = CARTESIAN_POINT('',(-8.63008254642,-11.65661628977));
#1576 = CARTESIAN_POINT('',(-8.112281205255,-12.02271686286));
#1577 = CARTESIAN_POINT('',(-7.84804358389,-12.19821861326));
#1578 = CARTESIAN_POINT('',(-7.57879933604,-12.36593837517));
#1579 = CARTESIAN_POINT('',(-7.030996898429,-12.68540610806));
#1580 = CARTESIAN_POINT('',(-6.752438583146,-12.83715417011));
#1581 = CARTESIAN_POINT('',(-6.469572585701,-12.98071265134));
#1582 = CARTESIAN_POINT('',(-5.895957408411,-13.25110511091));
#1583 = CARTESIAN_POINT('',(-5.60520809741,-13.37793917761));
#1584 = CARTESIAN_POINT('',(-5.310882923307,-13.49623851233));
#1585 = CARTESIAN_POINT('',(-5.01336159993,-13.60586328102));
#1586 = ( GEOMETRIC_REPRESENTATION_CONTEXT(2) 
PARAMETRIC_REPRESENTATION_CONTEXT() REPRESENTATION_CONTEXT('2D SPACE',''
  ) );
#1587 = PCURVE('',#1508,#1588);
#1588 = DEFINITIONAL_REPRESENTATION('',(#1589),#1604);
#1589 = B_SPLINE_CURVE_WITH_KNOTS('',4,(#1590,#1591,#1592,#1593,#1594,
    #1595,#1596,#1597,#1598,#1599,#1600,#1601,#1602,#1603),
  .UNSPECIFIED.,.F.,.F.,(5,3,3,3,5),(0.,0.250000329045,0.50000043261,
    0.750000321464,1.),.UNSPECIFIED.);
#1590 = CARTESIAN_POINT('',(0.587459698317,0.));
#1591 = CARTESIAN_POINT('',(0.572441877122,2.647572419486E-02));
#1592 = CARTESIAN_POINT('',(0.557424057043,5.295145908861E-02));
#1593 = CARTESIAN_POINT('',(0.542406232063,7.94272034491E-02));
#1594 = CARTESIAN_POINT('',(0.512370588959,0.132378679106));
#1595 = CARTESIAN_POINT('',(0.497352768137,0.158854414924));
#1596 = CARTESIAN_POINT('',(0.482334942061,0.185330157963));
#1597 = CARTESIAN_POINT('',(0.452299296835,0.238281632105));
#1598 = CARTESIAN_POINT('',(0.437281475123,0.264757367492));
#1599 = CARTESIAN_POINT('',(0.422263650095,0.291233110808));
#1600 = CARTESIAN_POINT('',(0.392228007286,0.344184586119));
#1601 = CARTESIAN_POINT('',(0.377210186831,0.370660322594));
#1602 = CARTESIAN_POINT('',(0.362192362332,0.397136065341));
#1603 = CARTESIAN_POINT('',(0.347174527933,0.423611812766));
#1604 = ( GEOMETRIC_REPRESENTATION_CONTEXT(2) 
PARAMETRIC_REPRESENTATION_CONTEXT() REPRESENTATION_CONTEXT('2D SPACE',''
  ) );
#1605 = ORIENTED_EDGE('',*,*,#1452,.T.);
#1606 = ORIENTED_EDGE('',*,*,#697,.F.);
#1607 = ADVANCED_FACE('',(#1608),#685,.T.);
#1608 = FACE_BOUND('',#1609,.T.);
#1609 = EDGE_LOOP('',(#1610,#1611,#1612,#1613,#1634));
#1610 = ORIENTED_EDGE('',*,*,#1531,.T.);
#1611 = ORIENTED_EDGE('',*,*,#665,.F.);
#1612 = ORIENTED_EDGE('',*,*,#1371,.T.);
#1613 = ORIENTED_EDGE('',*,*,#1614,.T.);
#1614 = EDGE_CURVE('',#1372,#1615,#1617,.T.);
#1615 = VERTEX_POINT('',#1616);
#1616 = CARTESIAN_POINT('',(-9.35154520924,-11.0815275593,2.513237480154
    ));
#1617 = SURFACE_CURVE('',#1618,(#1621,#1627),.PCURVE_S1.);
#1618 = B_SPLINE_CURVE_WITH_KNOTS('',1,(#1619,#1620),.UNSPECIFIED.,.F.,
  .F.,(2,2),(0.,1.089006678802),.PIECEWISE_BEZIER_KNOTS.);
#1619 = CARTESIAN_POINT('',(-8.870469013674,-10.57141331504,1.68));
#1620 = CARTESIAN_POINT('',(-9.35154520924,-11.0815275593,2.513237480154
    ));
#1621 = PCURVE('',#685,#1622);
#1622 = DEFINITIONAL_REPRESENTATION('',(#1623),#1626);
#1623 = B_SPLINE_CURVE_WITH_KNOTS('',1,(#1624,#1625),.UNSPECIFIED.,.F.,
  .F.,(2,2),(0.,1.089006678802),.PIECEWISE_BEZIER_KNOTS.);
#1624 = CARTESIAN_POINT('',(1.11604427715,-8.469782031511E-02));
#1625 = CARTESIAN_POINT('',(0.281816762334,0.615302179685));
#1626 = ( GEOMETRIC_REPRESENTATION_CONTEXT(2) 
PARAMETRIC_REPRESENTATION_CONTEXT() REPRESENTATION_CONTEXT('2D SPACE',''
  ) );
#1627 = PCURVE('',#1411,#1628);
#1628 = DEFINITIONAL_REPRESENTATION('',(#1629),#1633);
#1629 = LINE('',#1630,#1631);
#1630 = CARTESIAN_POINT('',(0.,0.));
#1631 = VECTOR('',#1632,1.);
#1632 = DIRECTION('',(1.,0.));
#1633 = ( GEOMETRIC_REPRESENTATION_CONTEXT(2) 
PARAMETRIC_REPRESENTATION_CONTEXT() REPRESENTATION_CONTEXT('2D SPACE',''
  ) );
#1634 = ORIENTED_EDGE('',*,*,#1635,.T.);
#1635 = EDGE_CURVE('',#1615,#1532,#1636,.T.);
#1636 = SURFACE_CURVE('',#1637,(#1640,#1646),.PCURVE_S1.);
#1637 = B_SPLINE_CURVE_WITH_KNOTS('',1,(#1638,#1639),.UNSPECIFIED.,.F.,
  .F.,(2,2),(0.,1.205772485184),.PIECEWISE_BEZIER_KNOTS.);
#1638 = CARTESIAN_POINT('',(-9.35154520924,-11.0815275593,2.513237480154
    ));
#1639 = CARTESIAN_POINT('',(-9.396532349701,-11.04377886633,
    3.717578992932));
#1640 = PCURVE('',#685,#1641);
#1641 = DEFINITIONAL_REPRESENTATION('',(#1642),#1645);
#1642 = B_SPLINE_CURVE_WITH_KNOTS('',1,(#1643,#1644),.UNSPECIFIED.,.F.,
  .F.,(2,2),(0.,1.205772485184),.PIECEWISE_BEZIER_KNOTS.);
#1643 = CARTESIAN_POINT('',(0.281816762334,0.615302179685));
#1644 = CARTESIAN_POINT('',(-0.92395572285,0.615302179685));
#1645 = ( GEOMETRIC_REPRESENTATION_CONTEXT(2) 
PARAMETRIC_REPRESENTATION_CONTEXT() REPRESENTATION_CONTEXT('2D SPACE',''
  ) );
#1646 = PCURVE('',#1508,#1647);
#1647 = DEFINITIONAL_REPRESENTATION('',(#1648),#1652);
#1648 = LINE('',#1649,#1650);
#1649 = CARTESIAN_POINT('',(0.,0.));
#1650 = VECTOR('',#1651,1.);
#1651 = DIRECTION('',(1.,0.));
#1652 = ( GEOMETRIC_REPRESENTATION_CONTEXT(2) 
PARAMETRIC_REPRESENTATION_CONTEXT() REPRESENTATION_CONTEXT('2D SPACE',''
  ) );
#1653 = ADVANCED_FACE('',(#1654),#818,.F.);
#1654 = FACE_BOUND('',#1655,.F.);
#1655 = EDGE_LOOP('',(#1656,#1679,#1680,#1681));
#1656 = ORIENTED_EDGE('',*,*,#1657,.F.);
#1657 = EDGE_CURVE('',#897,#1006,#1658,.T.);
#1658 = SURFACE_CURVE('',#1659,(#1666,#1672),.PCURVE_S1.);
#1659 = B_SPLINE_CURVE_WITH_KNOTS('',5,(#1660,#1661,#1662,#1663,#1664,
    #1665),.UNSPECIFIED.,.F.,.F.,(6,6),(0.,0.423611812766),
  .PIECEWISE_BEZIER_KNOTS.);
#1660 = CARTESIAN_POINT('',(14.272656983717,-2.557911936187,
    2.513237480154));
#1661 = CARTESIAN_POINT('',(14.451232881307,-1.5614925015,2.561237501015
    ));
#1662 = CARTESIAN_POINT('',(14.542854925525,-0.549489412457,
    2.609237452212));
#1663 = CARTESIAN_POINT('',(14.545705858266,0.467979962749,
    2.657237515951));
#1664 = CARTESIAN_POINT('',(14.459756902713,1.480480668964,
    2.705237466831));
#1665 = CARTESIAN_POINT('',(14.28676783809,2.477885213037,2.753237487746
    ));
#1666 = PCURVE('',#818,#1667);
#1667 = DEFINITIONAL_REPRESENTATION('',(#1668),#1671);
#1668 = B_SPLINE_CURVE_WITH_KNOTS('',1,(#1669,#1670),.UNSPECIFIED.,.F.,
  .F.,(2,2),(0.,0.423611812766),.PIECEWISE_BEZIER_KNOTS.);
#1669 = CARTESIAN_POINT('',(0.,0.));
#1670 = CARTESIAN_POINT('',(0.,0.423611812766));
#1671 = ( GEOMETRIC_REPRESENTATION_CONTEXT(2) 
PARAMETRIC_REPRESENTATION_CONTEXT() REPRESENTATION_CONTEXT('2D SPACE',''
  ) );
#1672 = PCURVE('',#910,#1673);
#1673 = DEFINITIONAL_REPRESENTATION('',(#1674),#1678);
#1674 = LINE('',#1675,#1676);
#1675 = CARTESIAN_POINT('',(1.089006678802,0.));
#1676 = VECTOR('',#1677,1.);
#1677 = DIRECTION('',(0.,1.));
#1678 = ( GEOMETRIC_REPRESENTATION_CONTEXT(2) 
PARAMETRIC_REPRESENTATION_CONTEXT() REPRESENTATION_CONTEXT('2D SPACE',''
  ) );
#1679 = ORIENTED_EDGE('',*,*,#930,.T.);
#1680 = ORIENTED_EDGE('',*,*,#780,.T.);
#1681 = ORIENTED_EDGE('',*,*,#1026,.F.);
#1682 = ADVANCED_FACE('',(#1683),#910,.F.);
#1683 = FACE_BOUND('',#1684,.F.);
#1684 = EDGE_LOOP('',(#1685,#1686,#1687,#1688));
#1685 = ORIENTED_EDGE('',*,*,#954,.F.);
#1686 = ORIENTED_EDGE('',*,*,#896,.T.);
#1687 = ORIENTED_EDGE('',*,*,#1657,.T.);
#1688 = ORIENTED_EDGE('',*,*,#1005,.F.);
#1689 = ADVANCED_FACE('',(#1690),#1068,.F.);
#1690 = FACE_BOUND('',#1691,.F.);
#1691 = EDGE_LOOP('',(#1692,#1693,#1716,#1743));
#1692 = ORIENTED_EDGE('',*,*,#1051,.F.);
#1693 = ORIENTED_EDGE('',*,*,#1694,.F.);
#1694 = EDGE_CURVE('',#1695,#1052,#1697,.T.);
#1695 = VERTEX_POINT('',#1696);
#1696 = CARTESIAN_POINT('',(12.8,-3.135095805817E-15,0.));
#1697 = SEAM_CURVE('',#1698,(#1702,#1709),.PCURVE_S1.);
#1698 = LINE('',#1699,#1700);
#1699 = CARTESIAN_POINT('',(12.8,-3.135095805817E-15,0.));
#1700 = VECTOR('',#1701,1.);
#1701 = DIRECTION('',(0.,0.,1.));
#1702 = PCURVE('',#1068,#1703);
#1703 = DEFINITIONAL_REPRESENTATION('',(#1704),#1708);
#1704 = LINE('',#1705,#1706);
#1705 = CARTESIAN_POINT('',(6.28318530718,-0.));
#1706 = VECTOR('',#1707,1.);
#1707 = DIRECTION('',(0.,1.));
#1708 = ( GEOMETRIC_REPRESENTATION_CONTEXT(2) 
PARAMETRIC_REPRESENTATION_CONTEXT() REPRESENTATION_CONTEXT('2D SPACE',''
  ) );
#1709 = PCURVE('',#1068,#1710);
#1710 = DEFINITIONAL_REPRESENTATION('',(#1711),#1715);
#1711 = LINE('',#1712,#1713);
#1712 = CARTESIAN_POINT('',(0.,-0.));
#1713 = VECTOR('',#1714,1.);
#1714 = DIRECTION('',(0.,1.));
#1715 = ( GEOMETRIC_REPRESENTATION_CONTEXT(2) 
PARAMETRIC_REPRESENTATION_CONTEXT() REPRESENTATION_CONTEXT('2D SPACE',''
  ) );
#1716 = ORIENTED_EDGE('',*,*,#1717,.T.);
#1717 = EDGE_CURVE('',#1695,#1695,#1718,.T.);
#1718 = SURFACE_CURVE('',#1719,(#1724,#1731),.PCURVE_S1.);
#1719 = CIRCLE('',#1720,12.8);
#1720 = AXIS2_PLACEMENT_3D('',#1721,#1722,#1723);
#1721 = CARTESIAN_POINT('',(0.,0.,0.));
#1722 = DIRECTION('',(0.,0.,1.));
#1723 = DIRECTION('',(1.,0.,-0.));
#1724 = PCURVE('',#1068,#1725);
#1725 = DEFINITIONAL_REPRESENTATION('',(#1726),#1730);
#1726 = LINE('',#1727,#1728);
#1727 = CARTESIAN_POINT('',(0.,0.));
#1728 = VECTOR('',#1729,1.);
#1729 = DIRECTION('',(1.,0.));
#1730 = ( GEOMETRIC_REPRESENTATION_CONTEXT(2) 
PARAMETRIC_REPRESENTATION_CONTEXT() REPRESENTATION_CONTEXT('2D SPACE',''
  ) );
#1731 = PCURVE('',#1732,#1737);
#1732 = PLANE('',#1733);
#1733 = AXIS2_PLACEMENT_3D('',#1734,#1735,#1736);
#1734 = CARTESIAN_POINT('',(0.,0.,0.));
#1735 = DIRECTION('',(0.,0.,1.));
#1736 = DIRECTION('',(1.,0.,-0.));
#1737 = DEFINITIONAL_REPRESENTATION('',(#1738),#1742);
#1738 = CIRCLE('',#1739,12.8);
#1739 = AXIS2_PLACEMENT_2D('',#1740,#1741);
#1740 = CARTESIAN_POINT('',(0.,0.));
#1741 = DIRECTION('',(1.,0.));
#1742 = ( GEOMETRIC_REPRESENTATION_CONTEXT(2) 
PARAMETRIC_REPRESENTATION_CONTEXT() REPRESENTATION_CONTEXT('2D SPACE',''
  ) );
#1743 = ORIENTED_EDGE('',*,*,#1694,.T.);
#1744 = ADVANCED_FACE('',(#1745),#1124,.F.);
#1745 = FACE_BOUND('',#1746,.F.);
#1746 = EDGE_LOOP('',(#1747,#1748,#1749,#1772));
#1747 = ORIENTED_EDGE('',*,*,#1105,.F.);
#1748 = ORIENTED_EDGE('',*,*,#1327,.T.);
#1749 = ORIENTED_EDGE('',*,*,#1750,.T.);
#1750 = EDGE_CURVE('',#1328,#1189,#1751,.T.);
#1751 = SURFACE_CURVE('',#1752,(#1759,#1766),.PCURVE_S1.);
#1752 = B_SPLINE_CURVE_WITH_KNOTS('',5,(#1753,#1754,#1755,#1756,#1757,
    #1758),.UNSPECIFIED.,.F.,.F.,(6,6),(0.,0.423611812766),
  .PIECEWISE_BEZIER_KNOTS.);
#1753 = CARTESIAN_POINT('',(-4.921111774478,13.639439495494,
    2.513237480154));
#1754 = CARTESIAN_POINT('',(-5.873324266536,13.295881041966,
    2.561237501015));
#1755 = CARTESIAN_POINT('',(-6.795555672464,12.869226515285,
    2.609237452212));
#1756 = CARTESIAN_POINT('',(-7.678135465335,12.36296080786,
    2.657237515951));
#1757 = CARTESIAN_POINT('',(-8.512012320491,11.782276475815,
    2.705237466831));
#1758 = CARTESIAN_POINT('',(-9.289295461197,11.133761279238,
    2.753237487746));
#1759 = PCURVE('',#1124,#1760);
#1760 = DEFINITIONAL_REPRESENTATION('',(#1761),#1765);
#1761 = LINE('',#1762,#1763);
#1762 = CARTESIAN_POINT('',(1.089006678802,0.));
#1763 = VECTOR('',#1764,1.);
#1764 = DIRECTION('',(0.,1.));
#1765 = ( GEOMETRIC_REPRESENTATION_CONTEXT(2) 
PARAMETRIC_REPRESENTATION_CONTEXT() REPRESENTATION_CONTEXT('2D SPACE',''
  ) );
#1766 = PCURVE('',#1221,#1767);
#1767 = DEFINITIONAL_REPRESENTATION('',(#1768),#1771);
#1768 = B_SPLINE_CURVE_WITH_KNOTS('',1,(#1769,#1770),.UNSPECIFIED.,.F.,
  .F.,(2,2),(0.,0.423611812766),.PIECEWISE_BEZIER_KNOTS.);
#1769 = CARTESIAN_POINT('',(0.,0.));
#1770 = CARTESIAN_POINT('',(0.,0.423611812766));
#1771 = ( GEOMETRIC_REPRESENTATION_CONTEXT(2) 
PARAMETRIC_REPRESENTATION_CONTEXT() REPRESENTATION_CONTEXT('2D SPACE',''
  ) );
#1772 = ORIENTED_EDGE('',*,*,#1188,.F.);
#1773 = ADVANCED_FACE('',(#1774),#1221,.F.);
#1774 = FACE_BOUND('',#1775,.F.);
#1775 = EDGE_LOOP('',(#1776,#1777,#1778,#1779));
#1776 = ORIENTED_EDGE('',*,*,#1750,.F.);
#1777 = ORIENTED_EDGE('',*,*,#1348,.T.);
#1778 = ORIENTED_EDGE('',*,*,#1265,.T.);
#1779 = ORIENTED_EDGE('',*,*,#1209,.F.);
#1780 = ADVANCED_FACE('',(#1781),#1411,.F.);
#1781 = FACE_BOUND('',#1782,.F.);
#1782 = EDGE_LOOP('',(#1783,#1784,#1785,#1808));
#1783 = ORIENTED_EDGE('',*,*,#1392,.F.);
#1784 = ORIENTED_EDGE('',*,*,#1614,.T.);
#1785 = ORIENTED_EDGE('',*,*,#1786,.T.);
#1786 = EDGE_CURVE('',#1615,#1476,#1787,.T.);
#1787 = SURFACE_CURVE('',#1788,(#1795,#1802),.PCURVE_S1.);
#1788 = B_SPLINE_CURVE_WITH_KNOTS('',5,(#1789,#1790,#1791,#1792,#1793,
    #1794),.UNSPECIFIED.,.F.,.F.,(6,6),(0.,0.423611812766),
  .PIECEWISE_BEZIER_KNOTS.);
#1789 = CARTESIAN_POINT('',(-9.35154520924,-11.0815275593,2.513237480154
    ));
#1790 = CARTESIAN_POINT('',(-8.577908614771,-11.73438854046,
    2.561237501015));
#1791 = CARTESIAN_POINT('',(-7.747299253061,-12.31973710282,
    2.609237452212));
#1792 = CARTESIAN_POINT('',(-6.867570392931,-12.8309407706,
    2.657237515951));
#1793 = CARTESIAN_POINT('',(-5.947744582222,-13.26275714477,
    2.705237466831));
#1794 = CARTESIAN_POINT('',(-4.997472376893,-13.61164649227,
    2.753237487746));
#1795 = PCURVE('',#1411,#1796);
#1796 = DEFINITIONAL_REPRESENTATION('',(#1797),#1801);
#1797 = LINE('',#1798,#1799);
#1798 = CARTESIAN_POINT('',(1.089006678802,0.));
#1799 = VECTOR('',#1800,1.);
#1800 = DIRECTION('',(0.,1.));
#1801 = ( GEOMETRIC_REPRESENTATION_CONTEXT(2) 
PARAMETRIC_REPRESENTATION_CONTEXT() REPRESENTATION_CONTEXT('2D SPACE',''
  ) );
#1802 = PCURVE('',#1508,#1803);
#1803 = DEFINITIONAL_REPRESENTATION('',(#1804),#1807);
#1804 = B_SPLINE_CURVE_WITH_KNOTS('',1,(#1805,#1806),.UNSPECIFIED.,.F.,
  .F.,(2,2),(0.,0.423611812766),.PIECEWISE_BEZIER_KNOTS.);
#1805 = CARTESIAN_POINT('',(0.,0.));
#1806 = CARTESIAN_POINT('',(0.,0.423611812766));
#1807 = ( GEOMETRIC_REPRESENTATION_CONTEXT(2) 
PARAMETRIC_REPRESENTATION_CONTEXT() REPRESENTATION_CONTEXT('2D SPACE',''
  ) );
#1808 = ORIENTED_EDGE('',*,*,#1475,.F.);
#1809 = ADVANCED_FACE('',(#1810),#1508,.F.);
#1810 = FACE_BOUND('',#1811,.F.);
#1811 = EDGE_LOOP('',(#1812,#1813,#1814,#1815));
#1812 = ORIENTED_EDGE('',*,*,#1786,.F.);
#1813 = ORIENTED_EDGE('',*,*,#1635,.T.);
#1814 = ORIENTED_EDGE('',*,*,#1552,.T.);
#1815 = ORIENTED_EDGE('',*,*,#1496,.F.);
#1816 = ADVANCED_FACE('',(#1817),#1732,.T.);
#1817 = FACE_BOUND('',#1818,.F.);
#1818 = EDGE_LOOP('',(#1819));
#1819 = ORIENTED_EDGE('',*,*,#1717,.F.);
#1820 = ( GEOMETRIC_REPRESENTATION_CONTEXT(3) 
GLOBAL_UNCERTAINTY_ASSIGNED_CONTEXT((#1824)) 
GLOBAL_UNIT_ASSIGNED_CONTEXT((#1821,#1822,#1823)) REPRESENTATION_CONTEXT
('Context #1','3D Context with UNIT and UNCERTAINTY') );
#1821 = ( LENGTH_UNIT() NAMED_UNIT(*) SI_UNIT(.MILLI.,.METRE.) );
#1822 = ( NAMED_UNIT(*) PLANE_ANGLE_UNIT() SI_UNIT($,.RADIAN.) );
#1823 = ( NAMED_UNIT(*) SI_UNIT($,.STERADIAN.) SOLID_ANGLE_UNIT() );
#1824 = UNCERTAINTY_MEASURE_WITH_UNIT(LENGTH_MEASURE(2.E-06),#1821,
  'distance_accuracy_value','confusion accuracy');
#1825 = PRODUCT_RELATED_PRODUCT_CATEGORY('part',$,(#7));
ENDSEC;
END-ISO-10303-21;
